"Longitude (x)","Latitude (y)","Station Name","Climate ID","Date/Time (LST)","Year","Month","Day","Time (LST)","Flag","Temp (°C)","Temp Flag","Dew Point Temp (°C)","Dew Point Temp Flag","Rel Hum (%)","Rel Hum Flag","Precip. Amount (mm)","Precip. Amount Flag","Wind Dir (10s deg)","Wind Dir Flag","Wind Spd (km/h)","Wind Spd Flag","Visibility (km)","Visibility Flag","Stn Press (kPa)","Stn Press Flag","Hmdx","Hmdx Flag","Wind Chill","Wind Chill Flag","Weather"
"-114.01","51.12","CALGARY INTL A","3031092","2025-08-01 00:00","2025","08","01","00:00","","16.9","","11.6","","71","","","","15","","12","","24.1","","89.55","","","","","","NA"
"-114.01","51.12","CALGARY INTL A","3031092","2025-08-01 01:00","2025","08","01","01:00","","15.7","","11.4","","75","","","","14","","7","","24.1","","89.53","","","","","","NA"
"-114.01","51.12","CALGARY INTL A","3031092","2025-08-01 02:00","2025","08","01","02:00","","16.3","","11.0","","71","","","","14","","4","","24.1","","89.48","","","","","","Clear"
"-114.01","51.12","CALGARY INTL A","3031092","2025-08-01 03:00","2025","08","01","03:00","","15.1","","11.1","","77","","","","","","0","","24.1","","89.44","","","","","","NA"
"-114.01","51.12","CALGARY INTL A","3031092","2025-08-01 04:00","2025","08","01","04:00","","14.5","","10.9","","79","","","","13","","3","","24.1","","89.41","","","","","","NA"
"-114.01","51.12","CALGARY INTL A","3031092","2025-08-01 05:00","2025","08","01","05:00","","14.0","","10.9","","82","","","","","","0","","24.1","","89.45","","","","","","Mainly Clear"
"-114.01","51.12","CALGARY INTL A","3031092","2025-08-01 06:00","2025","08","01","06:00","","14.0","","11.8","","86","","","","16","","4","","16.1","","89.49","","","","","","NA"
"-114.01","51.12","CALGARY INTL A","3031092","2025-08-01 07:00","2025","08","01","07:00","","16.0","","12.4","","79","","","","19","","5","","14.5","","89.49","","","","","","NA"
"-114.01","51.12","CALGARY INTL A","3031092","2025-08-01 08:00","2025","08","01","08:00","","17.9","","12.9","","72","","","","20","","7","","16.1","","89.52","","","","","","Clear"
"-114.01","51.12","CALGARY INTL A","3031092","2025-08-01 09:00","2025","08","01","09:00","","19.6","","13.1","","66","","","","20","","6","","14.5","","89.51","","","","","","NA"
"-114.01","51.12","CALGARY INTL A","3031092","2025-08-01 10:00","2025","08","01","10:00","","22.1","","14.5","","61","","","","16","","15","","14.5","","89.49","","26","","","","NA"
"-114.01","51.12","CALGARY INTL A","3031092","2025-08-01 11:00","2025","08","01","11:00","","23.3","","15.4","","61","","","","16","","19","","16.1","","89.45","","28","","","","Mainly Clear"
"-114.01","51.12","CALGARY INTL A","3031092","2025-08-01 12:00","2025","08","01","12:00","","25.0","","15.9","","56","","","","18","","18","","24.1","","89.42","","30","","","","NA"
"-114.01","51.12","CALGARY INTL A","3031092","2025-08-01 13:00","2025","08","01","13:00","","25.4","","15.2","","53","","","","17","","20","","24.1","","89.40","","29","","","","NA"
"-114.01","51.12","CALGARY INTL A","3031092","2025-08-01 14:00","2025","08","01","14:00","","25.6","","14.9","","51","","","","14","","18","","24.1","","89.40","","30","","","","Mostly Cloudy"
"-114.01","51.12","CALGARY INTL A","3031092","2025-08-01 15:00","2025","08","01","15:00","","25.9","","13.2","","45","","","","14","","24","","24.1","","89.37","","29","","","","NA"
"-114.01","51.12","CALGARY INTL A","3031092","2025-08-01 16:00","2025","08","01","16:00","","25.8","","13.9","","47","","","","16","","23","","24.1","","89.37","","29","","","","NA"
"-114.01","51.12","CALGARY INTL A","3031092","2025-08-01 17:00","2025","08","01","17:00","","24.9","","14.1","","50","","","","13","","26","","24.1","","89.36","","28","","","","Mostly Cloudy"
"-114.01","51.12","CALGARY INTL A","3031092","2025-08-01 18:00","2025","08","01","18:00","","24.1","","14.3","","54","","","","14","","21","","24.1","","89.31","","28","","","","NA"
"-114.01","51.12","CALGARY INTL A","3031092","2025-08-01 19:00","2025","08","01","19:00","","23.6","","14.3","","55","","","","13","","18","","16.1","","89.35","","27","","","","NA"
"-114.01","51.12","CALGARY INTL A","3031092","2025-08-01 20:00","2025","08","01","20:00","","21.6","","15.3","","67","","","","10","","11","","16.1","","89.37","","26","","","","Mostly Cloudy"
"-114.01","51.12","CALGARY INTL A","3031092","2025-08-01 21:00","2025","08","01","21:00","","20.3","","14.7","","70","","","","10","","10","","16.1","","89.41","","","","","","NA"
"-114.01","51.12","CALGARY INTL A","3031092","2025-08-01 22:00","2025","08","01","22:00","","19.1","","15.6","","80","","","","36","","3","","24.1","","89.42","","","","","","NA"
"-114.01","51.12","CALGARY INTL A","3031092","2025-08-01 23:00","2025","08","01","23:00","","18.3","","14.9","","80","","","","34","","11","","24.1","","89.44","","","","","","Mainly Clear"
"-114.01","51.12","CALGARY INTL A","3031092","2025-08-02 00:00","2025","08","02","00:00","","17.4","","14.7","","84","","","","36","","9","","24.1","","89.44","","","","","","NA"
"-114.01","51.12","CALGARY INTL A","3031092","2025-08-02 01:00","2025","08","02","01:00","","17.1","","14.2","","83","","","","36","","6","","24.1","","89.40","","","","","","NA"
"-114.01","51.12","CALGARY INTL A","3031092","2025-08-02 02:00","2025","08","02","02:00","","16.9","","14.5","","85","","","","34","","9","","24.1","","89.41","","","","","","Mainly Clear"
"-114.01","51.12","CALGARY INTL A","3031092","2025-08-02 03:00","2025","08","02","03:00","","15.9","","13.8","","87","","","","35","","9","","24.1","","89.43","","","","","","NA"
"-114.01","51.12","CALGARY INTL A","3031092","2025-08-02 04:00","2025","08","02","04:00","","16.2","","13.1","","82","","","","35","","10","","24.1","","89.44","","","","","","NA"
"-114.01","51.12","CALGARY INTL A","3031092","2025-08-02 05:00","2025","08","02","05:00","","16.1","","12.5","","79","","","","35","","13","","24.1","","89.46","","","","","","Mostly Cloudy"
"-114.01","51.12","CALGARY INTL A","3031092","2025-08-02 06:00","2025","08","02","06:00","","16.3","","11.9","","75","","","","34","","10","","16.1","","89.43","","","","","","NA"
"-114.01","51.12","CALGARY INTL A","3031092","2025-08-02 07:00","2025","08","02","07:00","","17.7","","11.9","","69","","","","36","","12","","24.1","","89.45","","","","","","NA"
"-114.01","51.12","CALGARY INTL A","3031092","2025-08-02 08:00","2025","08","02","08:00","","19.4","","12.6","","64","","","","35","","20","","24.1","","89.46","","","","","","Mostly Cloudy"
"-114.01","51.12","CALGARY INTL A","3031092","2025-08-02 09:00","2025","08","02","09:00","","18.9","","13.0","","68","","","","36","","17","","24.1","","89.44","","","","","","NA"
"-114.01","51.12","CALGARY INTL A","3031092","2025-08-02 10:00","2025","08","02","10:00","","21.9","","13.5","","58","","","","23","","14","","24.1","","89.39","","25","","","","NA"
"-114.01","51.12","CALGARY INTL A","3031092","2025-08-02 11:00","2025","08","02","11:00","","22.8","","13.8","","57","","","","29","","7","","24.1","","89.39","","26","","","","Mostly Cloudy"
"-114.01","51.12","CALGARY INTL A","3031092","2025-08-02 12:00","2025","08","02","12:00","","23.9","","15.2","","58","","","","32","","10","","24.1","","89.36","","28","","","","NA"
"-114.01","51.12","CALGARY INTL A","3031092","2025-08-02 13:00","2025","08","02","13:00","","24.2","","15.2","","57","","","","6","","17","","24.1","","89.37","","28","","","","NA"
"-114.01","51.12","CALGARY INTL A","3031092","2025-08-02 14:00","2025","08","02","14:00","","23.1","","15.1","","60","","","","6","","16","","24.1","","89.32","","27","","","","Mostly Cloudy"
"-114.01","51.12","CALGARY INTL A","3031092","2025-08-02 15:00","2025","08","02","15:00","","24.1","","14.7","","55","","","","","","0","","24.1","","89.32","","28","","","","Thunderstorms"
"-114.01","51.12","CALGARY INTL A","3031092","2025-08-02 16:00","2025","08","02","16:00","","24.2","","14.4","","54","","","","21","","8","","24.1","","89.31","","28","","","","NA"
"-114.01","51.12","CALGARY INTL A","3031092","2025-08-02 17:00","2025","08","02","17:00","","24.0","","14.7","","55","","","","32","","5","","24.1","","89.25","","28","","","","Mostly Cloudy"
"-114.01","51.12","CALGARY INTL A","3031092","2025-08-02 18:00","2025","08","02","18:00","","23.5","","15.1","","59","","","","13","","9","","24.1","","89.26","","28","","","","NA"
"-114.01","51.12","CALGARY INTL A","3031092","2025-08-02 19:00","2025","08","02","19:00","","23.2","","14.6","","58","","","","","","0","","24.1","","89.26","","27","","","","NA"
"-114.01","51.12","CALGARY INTL A","3031092","2025-08-02 20:00","2025","08","02","20:00","","23.1","","13.0","","52","","","","28","","6","","24.1","","89.27","","26","","","","Mostly Cloudy"
"-114.01","51.12","CALGARY INTL A","3031092","2025-08-02 21:00","2025","08","02","21:00","","21.9","","14.3","","61","","","","30","","5","","16.1","","89.31","","25","","","","NA"
"-114.01","51.12","CALGARY INTL A","3031092","2025-08-02 22:00","2025","08","02","22:00","","20.0","","13.9","","68","","","","28","","11","","16.1","","89.32","","","","","","NA"
"-114.01","51.12","CALGARY INTL A","3031092","2025-08-02 23:00","2025","08","02","23:00","","18.3","","12.8","","70","","","","31","","4","","24.1","","89.30","","","","","","Mostly Cloudy"
"-114.01","51.12","CALGARY INTL A","3031092","2025-08-03 00:00","2025","08","03","00:00","","18.0","","12.4","","70","","","","4","","5","","24.1","","89.31","","","","","","NA"
"-114.01","51.12","CALGARY INTL A","3031092","2025-08-03 01:00","2025","08","03","01:00","","17.4","","12.0","","70","","","","33","","20","","24.1","","89.31","","","","","","NA"
"-114.01","51.12","CALGARY INTL A","3031092","2025-08-03 02:00","2025","08","03","02:00","","17.6","","12.4","","71","","","","2","","19","","12.9","","89.34","","","","","","Thunderstorms,Rain Showers"
"-114.01","51.12","CALGARY INTL A","3031092","2025-08-03 03:00","2025","08","03","03:00","","15.2","","13.1","","88","","","","33","","22","","12.9","","89.34","","","","","","Thunderstorms,Rain Showers"
"-114.01","51.12","CALGARY INTL A","3031092","2025-08-03 04:00","2025","08","03","04:00","","14.7","","13.2","","91","","","","32","","15","","6.4","","89.35","","","","","","Thunderstorms,Moderate Rain Showers,Fog"
"-114.01","51.12","CALGARY INTL A","3031092","2025-08-03 05:00","2025","08","03","05:00","","14.3","","12.2","","87","","","","32","","10","","12.9","","89.33","","","","","","Rain Showers"
"-114.01","51.12","CALGARY INTL A","3031092","2025-08-03 06:00","2025","08","03","06:00","","15.2","","13.0","","86","","","","2","","12","","16.1","","89.33","","","","","","NA"
"-114.01","51.12","CALGARY INTL A","3031092","2025-08-03 07:00","2025","08","03","07:00","","15.5","","13.2","","86","","","","","","0","","32.2","","89.32","","","","","","NA"
"-114.01","51.12","CALGARY INTL A","3031092","2025-08-03 08:00","2025","08","03","08:00","","16.2","","13.8","","85","","","","32","","7","","48.3","","89.35","","","","","","Cloudy"
"-114.01","51.12","CALGARY INTL A","3031092","2025-08-03 09:00","2025","08","03","09:00","","17.1","","13.4","","79","","","","32","","12","","64.4","","89.33","","","","","","NA"
"-114.01","51.12","CALGARY INTL A","3031092","2025-08-03 10:00","2025","08","03","10:00","","17.8","","14.1","","79","","","","35","","18","","32.2","","89.33","","","","","","NA"
"-114.01","51.12","CALGARY INTL A","3031092","2025-08-03 11:00","2025","08","03","11:00","","19.1","","14.1","","72","","","","36","","16","","32.2","","89.29","","","","","","Cloudy"
"-114.01","51.12","CALGARY INTL A","3031092","2025-08-03 12:00","2025","08","03","12:00","","19.6","","13.3","","67","","","","36","","19","","24.1","","89.27","","","","","","NA"
"-114.01","51.12","CALGARY INTL A","3031092","2025-08-03 13:00","2025","08","03","13:00","","19.7","","13.4","","67","","","","1","","22","","24.1","","89.22","","","","","","NA"
"-114.01","51.12","CALGARY INTL A","3031092","2025-08-03 14:00","2025","08","03","14:00","","19.9","","13.5","","67","","","","2","","21","","24.1","","89.22","","","","","","Cloudy"
"-114.01","51.12","CALGARY INTL A","3031092","2025-08-03 15:00","2025","08","03","15:00","","19.9","","13.2","","65","","","","36","","16","","32.2","","89.18","","","","","","NA"
"-114.01","51.12","CALGARY INTL A","3031092","2025-08-03 16:00","2025","08","03","16:00","","19.2","","12.8","","66","","","","36","","10","","48.3","","89.17","","","","","","NA"
"-114.01","51.12","CALGARY INTL A","3031092","2025-08-03 17:00","2025","08","03","17:00","","19.2","","12.1","","63","","","","30","","10","","48.3","","89.13","","","","","","Rain Showers"
"-114.01","51.12","CALGARY INTL A","3031092","2025-08-03 18:00","2025","08","03","18:00","","19.5","","12.1","","62","","","","33","","6","","48.3","","89.09","","","","","","NA"
"-114.01","51.12","CALGARY INTL A","3031092","2025-08-03 19:00","2025","08","03","19:00","","19.4","","12.3","","63","","","","30","","8","","56.3","","89.07","","","","","","NA"
"-114.01","51.12","CALGARY INTL A","3031092","2025-08-03 20:00","2025","08","03","20:00","","18.6","","13.4","","71","","","","35","","5","","48.3","","89.07","","","","","","Cloudy"
"-114.01","51.12","CALGARY INTL A","3031092","2025-08-03 21:00","2025","08","03","21:00","","18.5","","12.6","","68","","","","27","","6","","24.1","","89.08","","","","","","NA"
"-114.01","51.12","CALGARY INTL A","3031092","2025-08-03 22:00","2025","08","03","22:00","","17.6","","11.7","","68","","","","15","","3","","24.1","","88.97","","","","","","NA"
"-114.01","51.12","CALGARY INTL A","3031092","2025-08-03 23:00","2025","08","03","23:00","","17.1","","9.9","","62","","","","26","","10","","24.1","","88.99","","","","","","Mostly Cloudy"
"-114.01","51.12","CALGARY INTL A","3031092","2025-08-04 00:00","2025","08","04","00:00","","16.6","","10.5","","67","","","","31","","7","","24.1","","88.98","","","","","","NA"
"-114.01","51.12","CALGARY INTL A","3031092","2025-08-04 01:00","2025","08","04","01:00","","15.8","","11.2","","74","","","","24","","5","","24.1","","88.95","","","","","","NA"
"-114.01","51.12","CALGARY INTL A","3031092","2025-08-04 02:00","2025","08","04","02:00","","14.8","","11.0","","78","","","","25","","5","","24.1","","88.92","","","","","","Mainly Clear"
"-114.01","51.12","CALGARY INTL A","3031092","2025-08-04 03:00","2025","08","04","03:00","","14.3","","10.4","","77","","","","31","","5","","24.1","","88.95","","","","","","NA"
"-114.01","51.12","CALGARY INTL A","3031092","2025-08-04 04:00","2025","08","04","04:00","","13.6","","11.1","","84","","","","10","","5","","24.1","","88.97","","","","","","NA"
"-114.01","51.12","CALGARY INTL A","3031092","2025-08-04 05:00","2025","08","04","05:00","","13.3","","10.6","","83","","","","33","","12","","48.3","","88.97","","","","","","Mainly Clear"
"-114.01","51.12","CALGARY INTL A","3031092","2025-08-04 06:00","2025","08","04","06:00","","14.5","","10.8","","79","","","","31","","7","","48.3","","88.97","","","","","","NA"
"-114.01","51.12","CALGARY INTL A","3031092","2025-08-04 07:00","2025","08","04","07:00","","16.4","","12.0","","75","","","","2","","3","","48.3","","88.97","","","","","","NA"
"-114.01","51.12","CALGARY INTL A","3031092","2025-08-04 08:00","2025","08","04","08:00","","17.8","","11.8","","68","","","","36","","6","","48.3","","88.96","","","","","","Mainly Clear"
"-114.01","51.12","CALGARY INTL A","3031092","2025-08-04 09:00","2025","08","04","09:00","","18.8","","11.7","","63","","","","","","0","","32.2","","88.95","","","","","","NA"
"-114.01","51.12","CALGARY INTL A","3031092","2025-08-04 10:00","2025","08","04","10:00","","20.2","","12.8","","62","","","","","","0","","32.2","","88.96","","","","","","NA"
"-114.01","51.12","CALGARY INTL A","3031092","2025-08-04 11:00","2025","08","04","11:00","","21.5","","12.6","","57","","","","","","0","","32.2","","88.92","","","","","","Mainly Clear"
"-114.01","51.12","CALGARY INTL A","3031092","2025-08-04 12:00","2025","08","04","12:00","","22.9","","13.1","","53","","","","12","","10","","32.2","","88.87","","26","","","","NA"
"-114.01","51.12","CALGARY INTL A","3031092","2025-08-04 13:00","2025","08","04","13:00","","21.6","","12.5","","56","","","","11","","10","","24.1","","88.91","","","","","","NA"
"-114.01","51.12","CALGARY INTL A","3031092","2025-08-04 14:00","2025","08","04","14:00","","14.5","","10.8","","78","","","","36","","27","","12.9","","89.02","","","","","","Thunderstorms,Moderate Rain Showers"
"-114.01","51.12","CALGARY INTL A","3031092","2025-08-04 15:00","2025","08","04","15:00","","14.2","","10.3","","77","","","","9","","7","","48.3","","89.01","","","","","","Thunderstorms,Rain Showers"
"-114.01","51.12","CALGARY INTL A","3031092","2025-08-04 16:00","2025","08","04","16:00","","16.8","","11.3","","70","","","","32","","12","","48.3","","88.90","","","","","","NA"
"-114.01","51.12","CALGARY INTL A","3031092","2025-08-04 17:00","2025","08","04","17:00","","15.6","","12.3","","81","","","","19","","6","","32.2","","88.92","","","","","","Mostly Cloudy"
"-114.01","51.12","CALGARY INTL A","3031092","2025-08-04 18:00","2025","08","04","18:00","","18.0","","12.2","","69","","","","34","","4","","24.1","","88.92","","","","","","NA"
"-114.01","51.12","CALGARY INTL A","3031092","2025-08-04 19:00","2025","08","04","19:00","","18.1","","13.7","","75","","","","16","","5","","48.3","","88.94","","","","","","NA"
"-114.01","51.12","CALGARY INTL A","3031092","2025-08-04 20:00","2025","08","04","20:00","","16.0","","12.3","","79","","","","18","","16","","48.3","","88.99","","","","","","Mostly Cloudy"
"-114.01","51.12","CALGARY INTL A","3031092","2025-08-04 21:00","2025","08","04","21:00","","15.1","","11.9","","81","","","","20","","7","","40.2","","88.97","","","","","","NA"
"-114.01","51.12","CALGARY INTL A","3031092","2025-08-04 22:00","2025","08","04","22:00","","14.4","","12.1","","86","","","","6","","5","","24.1","","89.01","","","","","","NA"
"-114.01","51.12","CALGARY INTL A","3031092","2025-08-04 23:00","2025","08","04","23:00","","14.6","","11.9","","84","","","","22","","4","","24.1","","88.99","","","","","","Mainly Clear"
"-114.01","51.12","CALGARY INTL A","3031092","2025-08-05 00:00","2025","08","05","00:00","","14.0","","11.3","","84","","","","23","","5","","24.1","","88.98","","","","","","NA"
"-114.01","51.12","CALGARY INTL A","3031092","2025-08-05 01:00","2025","08","05","01:00","","12.4","","10.6","","89","","","","35","","5","","24.1","","88.96","","","","","","NA"
"-114.01","51.12","CALGARY INTL A","3031092","2025-08-05 02:00","2025","08","05","02:00","","11.8","","10.0","","88","","","","34","","4","","24.1","","88.94","","","","","","Mainly Clear"
"-114.01","51.12","CALGARY INTL A","3031092","2025-08-05 03:00","2025","08","05","03:00","","11.9","","10.5","","91","","","","16","","8","","24.1","","88.96","","","","","","NA"
"-114.01","51.12","CALGARY INTL A","3031092","2025-08-05 04:00","2025","08","05","04:00","","11.3","","9.5","","88","","","","26","","6","","24.1","","88.95","","","","","","NA"
"-114.01","51.12","CALGARY INTL A","3031092","2025-08-05 05:00","2025","08","05","05:00","","10.6","","9.0","","90","","","","31","","5","","24.1","","88.93","","","","","","Mainly Clear"
"-114.01","51.12","CALGARY INTL A","3031092","2025-08-05 06:00","2025","08","05","06:00","","10.8","","9.4","","91","","","","16","","4","","48.3","","88.95","","","","","","NA"
"-114.01","51.12","CALGARY INTL A","3031092","2025-08-05 07:00","2025","08","05","07:00","","13.0","","9.8","","81","","","","14","","3","","48.3","","88.96","","","","","","NA"
"-114.01","51.12","CALGARY INTL A","3031092","2025-08-05 08:00","2025","08","05","08:00","","14.5","","10.3","","76","","","","18","","4","","48.3","","88.96","","","","","","Mostly Cloudy"
"-114.01","51.12","CALGARY INTL A","3031092","2025-08-05 09:00","2025","08","05","09:00","","17.1","","10.8","","66","","","","","","0","","48.3","","88.97","","","","","","NA"
"-114.01","51.12","CALGARY INTL A","3031092","2025-08-05 10:00","2025","08","05","10:00","","","","","","","","","","","","","","","","","","","","","","NA"
"-114.01","51.12","CALGARY INTL A","3031092","2025-08-05 11:00","2025","08","05","11:00","","21.1","","9.8","","48","","","","3","","5","","48.3","","88.99","","","","","","Mainly Clear"
"-114.01","51.12","CALGARY INTL A","3031092","2025-08-05 12:00","2025","08","05","12:00","","22.3","","11.3","","49","","","","33","","3","","48.3","","88.99","","","","","","NA"
"-114.01","51.12","CALGARY INTL A","3031092","2025-08-05 13:00","2025","08","05","13:00","","23.1","","10.5","","44","","","","","","0","","32.2","","89.00","","25","","","","NA"
"-114.01","51.12","CALGARY INTL A","3031092","2025-08-05 14:00","2025","08","05","14:00","","22.9","","10.7","","46","","","","11","","14","","24.1","","88.98","","25","","","","Mostly Cloudy"
"-114.01","51.12","CALGARY INTL A","3031092","2025-08-05 15:00","2025","08","05","15:00","","21.8","","11.6","","52","","","","19","","13","","32.2","","88.98","","","","","","NA"
"-114.01","51.12","CALGARY INTL A","3031092","2025-08-05 16:00","2025","08","05","16:00","","20.7","","10.6","","52","","","","33","","32","","24.1","","89.01","","","","","","Thunderstorms"
"-114.01","51.12","CALGARY INTL A","3031092","2025-08-05 17:00","2025","08","05","17:00","","22.0","","11.4","","51","","","","6","","14","","32.2","","88.97","","","","","","Mostly Cloudy"
"-114.01","51.12","CALGARY INTL A","3031092","2025-08-05 18:00","2025","08","05","18:00","","22.5","","11.5","","49","","","","12","","15","","32.2","","88.95","","25","","","","NA"
"-114.01","51.12","CALGARY INTL A","3031092","2025-08-05 19:00","2025","08","05","19:00","","21.8","","10.2","","47","","","","23","","14","","48.3","","89.01","","","","","","NA"
"-114.01","51.12","CALGARY INTL A","3031092","2025-08-05 20:00","2025","08","05","20:00","","16.5","","8.3","","58","","","","33","","16","","48.3","","89.03","","","","","","Mostly Cloudy"
"-114.01","51.12","CALGARY INTL A","3031092","2025-08-05 21:00","2025","08","05","21:00","","17.4","","6.7","","49","","","","34","","19","","24.1","","89.05","","","","","","NA"
"-114.01","51.12","CALGARY INTL A","3031092","2025-08-05 22:00","2025","08","05","22:00","","17.3","","6.3","","48","","","","27","","3","","24.1","","89.04","","","","","","NA"
"-114.01","51.12","CALGARY INTL A","3031092","2025-08-05 23:00","2025","08","05","23:00","","17.5","","8.1","","54","","","","26","","4","","24.1","","89.05","","","","","","Mainly Clear"
"-114.01","51.12","CALGARY INTL A","3031092","2025-08-06 00:00","2025","08","06","00:00","","17.3","","9.0","","58","","","","29","","18","","24.1","","89.10","","","","","","NA"
"-114.01","51.12","CALGARY INTL A","3031092","2025-08-06 01:00","2025","08","06","01:00","","16.2","","9.4","","64","","","","33","","13","","24.1","","89.11","","","","","","NA"
"-114.01","51.12","CALGARY INTL A","3031092","2025-08-06 02:00","2025","08","06","02:00","","14.7","","9.7","","72","","","","12","","3","","24.1","","89.09","","","","","","Mostly Cloudy"
"-114.01","51.12","CALGARY INTL A","3031092","2025-08-06 03:00","2025","08","06","03:00","","13.8","","9.6","","76","","","","20","","7","","24.1","","89.08","","","","","","NA"
"-114.01","51.12","CALGARY INTL A","3031092","2025-08-06 04:00","2025","08","06","04:00","","13.7","","10.0","","78","","","","22","","9","","24.1","","89.07","","","","","","NA"
"-114.01","51.12","CALGARY INTL A","3031092","2025-08-06 05:00","2025","08","06","05:00","","13.8","","9.8","","76","","","","23","","8","","24.1","","89.06","","","","","","Mainly Clear"
"-114.01","51.12","CALGARY INTL A","3031092","2025-08-06 06:00","2025","08","06","06:00","","13.2","","10.0","","81","","","","18","","7","","48.3","","89.08","","","","","","NA"
"-114.01","51.12","CALGARY INTL A","3031092","2025-08-06 07:00","2025","08","06","07:00","","15.1","","10.5","","74","","","","20","","4","","48.3","","89.08","","","","","","NA"
"-114.01","51.12","CALGARY INTL A","3031092","2025-08-06 08:00","2025","08","06","08:00","","18.1","","10.0","","59","","","","22","","9","","48.3","","89.08","","","","","","Mostly Cloudy"
"-114.01","51.12","CALGARY INTL A","3031092","2025-08-06 09:00","2025","08","06","09:00","","19.2","","10.2","","55","","","","21","","7","","32.2","","89.08","","","","","","NA"
"-114.01","51.12","CALGARY INTL A","3031092","2025-08-06 10:00","2025","08","06","10:00","","20.9","","10.4","","51","","","","18","","10","","48.3","","89.07","","","","","","NA"
"-114.01","51.12","CALGARY INTL A","3031092","2025-08-06 11:00","2025","08","06","11:00","","21.8","","8.8","","43","","","","18","","5","","48.3","","89.06","","","","","","Cloudy"
"-114.01","51.12","CALGARY INTL A","3031092","2025-08-06 12:00","2025","08","06","12:00","","23.1","","7.0","","35","","","","13","","7","","48.3","","89.02","","","","","","NA"
"-114.01","51.12","CALGARY INTL A","3031092","2025-08-06 13:00","2025","08","06","13:00","","23.3","","10.4","","44","","","","31","","5","","32.2","","89.00","","25","","","","NA"
"-114.01","51.12","CALGARY INTL A","3031092","2025-08-06 14:00","2025","08","06","14:00","","24.2","","8.4","","36","","","","12","","10","","24.1","","88.94","","25","","","","Cloudy"
"-114.01","51.12","CALGARY INTL A","3031092","2025-08-06 15:00","2025","08","06","15:00","","22.9","","9.8","","43","","","","15","","19","","32.2","","88.92","","","","","","NA"
"-114.01","51.12","CALGARY INTL A","3031092","2025-08-06 16:00","2025","08","06","16:00","","22.9","","9.4","","42","","","","17","","16","","24.1","","88.87","","","","","","NA"
"-114.01","51.12","CALGARY INTL A","3031092","2025-08-06 17:00","2025","08","06","17:00","","23.1","","9.3","","41","","","","13","","21","","24.1","","88.80","","","","","","Cloudy"
"-114.01","51.12","CALGARY INTL A","3031092","2025-08-06 18:00","2025","08","06","18:00","","22.2","","9.4","","44","","","","19","","7","","32.2","","88.72","","","","","","NA"
"-114.01","51.12","CALGARY INTL A","3031092","2025-08-06 19:00","2025","08","06","19:00","","19.2","","9.6","","53","","","","30","","26","","48.3","","88.78","","","","","","NA"
"-114.01","51.12","CALGARY INTL A","3031092","2025-08-06 20:00","2025","08","06","20:00","","17.6","","9.9","","60","","","","32","","24","","32.2","","88.77","","","","","","Mostly Cloudy"
"-114.01","51.12","CALGARY INTL A","3031092","2025-08-06 21:00","2025","08","06","21:00","","17.4","","8.9","","57","","","","32","","21","","24.1","","88.81","","","","","","NA"
"-114.01","51.12","CALGARY INTL A","3031092","2025-08-06 22:00","2025","08","06","22:00","","16.3","","8.6","","60","","","","32","","10","","24.1","","88.83","","","","","","NA"
"-114.01","51.12","CALGARY INTL A","3031092","2025-08-06 23:00","2025","08","06","23:00","","16.2","","9.0","","62","","","","","","0","","24.1","","88.84","","","","","","Mostly Cloudy"
"-114.01","51.12","CALGARY INTL A","3031092","2025-08-07 00:00","2025","08","07","00:00","","15.0","","7.9","","62","","","","2","","3","","24.1","","88.84","","","","","","NA"
"-114.01","51.12","CALGARY INTL A","3031092","2025-08-07 01:00","2025","08","07","01:00","","15.0","","7.9","","62","","","","24","","5","","24.1","","88.83","","","","","","NA"
"-114.01","51.12","CALGARY INTL A","3031092","2025-08-07 02:00","2025","08","07","02:00","","13.0","","8.2","","73","","","","22","","9","","24.1","","88.84","","","","","","Mostly Cloudy"
"-114.01","51.12","CALGARY INTL A","3031092","2025-08-07 03:00","2025","08","07","03:00","","13.6","","7.9","","68","","","","34","","14","","24.1","","88.86","","","","","","NA"
"-114.01","51.12","CALGARY INTL A","3031092","2025-08-07 04:00","2025","08","07","04:00","","12.8","","8.4","","75","","","","36","","9","","24.1","","88.86","","","","","","NA"
"-114.01","51.12","CALGARY INTL A","3031092","2025-08-07 05:00","2025","08","07","05:00","","12.8","","8.9","","77","","","","35","","14","","32.2","","88.88","","","","","","Mostly Cloudy"
"-114.01","51.12","CALGARY INTL A","3031092","2025-08-07 06:00","2025","08","07","06:00","","12.8","","10.5","","86","","","","34","","18","","48.3","","88.92","","","","","","NA"
"-114.01","51.12","CALGARY INTL A","3031092","2025-08-07 07:00","2025","08","07","07:00","","14.3","","11.3","","82","","","","35","","14","","64.4","","88.90","","","","","","NA"
"-114.01","51.12","CALGARY INTL A","3031092","2025-08-07 08:00","2025","08","07","08:00","","14.8","","10.3","","74","","","","34","","15","","64.4","","88.92","","","","","","Mainly Clear"
"-114.01","51.12","CALGARY INTL A","3031092","2025-08-07 09:00","2025","08","07","09:00","","17.7","","10.1","","61","","","","35","","18","","64.4","","88.92","","","","","","NA"
"-114.01","51.12","CALGARY INTL A","3031092","2025-08-07 10:00","2025","08","07","10:00","","18.3","","10.4","","60","","","","1","","16","","64.4","","88.90","","","","","","NA"
"-114.01","51.12","CALGARY INTL A","3031092","2025-08-07 11:00","2025","08","07","11:00","","19.0","","9.6","","54","","","","2","","11","","48.3","","88.90","","","","","","Mostly Cloudy"
"-114.01","51.12","CALGARY INTL A","3031092","2025-08-07 12:00","2025","08","07","12:00","","18.8","","8.9","","52","","","","5","","11","","48.3","","88.84","","","","","","NA"
"-114.01","51.12","CALGARY INTL A","3031092","2025-08-07 13:00","2025","08","07","13:00","","18.7","","10.4","","58","","","","16","","13","","48.3","","88.83","","","","","","Rain Showers"
"-114.01","51.12","CALGARY INTL A","3031092","2025-08-07 14:00","2025","08","07","14:00","","18.6","","10.1","","57","","","","14","","16","","48.3","","88.83","","","","","","Thunderstorms"
"-114.01","51.12","CALGARY INTL A","3031092","2025-08-07 15:00","2025","08","07","15:00","","12.5","","10.2","","86","","","","3","","31","","48.3","","88.92","","","","","","Thunderstorms,Heavy Rain Showers"
"-114.01","51.12","CALGARY INTL A","3031092","2025-08-07 16:00","2025","08","07","16:00","","14.0","","10.3","","78","","","","3","","13","","32.2","","88.82","","","","","","NA"
"-114.01","51.12","CALGARY INTL A","3031092","2025-08-07 17:00","2025","08","07","17:00","","15.0","","10.9","","76","","","","35","","18","","24.1","","88.90","","","","","","Mostly Cloudy"
"-114.01","51.12","CALGARY INTL A","3031092","2025-08-07 18:00","2025","08","07","18:00","","15.9","","10.3","","69","","","","34","","16","","32.2","","88.86","","","","","","NA"
"-114.01","51.12","CALGARY INTL A","3031092","2025-08-07 19:00","2025","08","07","19:00","","15.4","","10.8","","74","","","","35","","13","","32.2","","88.92","","","","","","NA"
"-114.01","51.12","CALGARY INTL A","3031092","2025-08-07 20:00","2025","08","07","20:00","","15.8","","10.1","","69","","","","27","","9","","24.1","","88.97","","","","","","Mostly Cloudy"
"-114.01","51.12","CALGARY INTL A","3031092","2025-08-07 21:00","2025","08","07","21:00","","14.3","","10.8","","79","","","","1","","9","","24.1","","89.00","","","","","","NA"
"-114.01","51.12","CALGARY INTL A","3031092","2025-08-07 22:00","2025","08","07","22:00","","13.0","","10.1","","82","","","","36","","8","","24.1","","88.99","","","","","","NA"
"-114.01","51.12","CALGARY INTL A","3031092","2025-08-07 23:00","2025","08","07","23:00","","13.7","","8.2","","70","","","","30","","10","","24.1","","88.99","","","","","","Mostly Cloudy"
"-114.01","51.12","CALGARY INTL A","3031092","2025-08-08 00:00","2025","08","08","00:00","","13.2","","10.1","","81","","","","25","","7","","24.1","","88.93","","","","","","NA"
"-114.01","51.12","CALGARY INTL A","3031092","2025-08-08 01:00","2025","08","08","01:00","","13.7","","8.9","","72","","","","29","","14","","24.1","","88.92","","","","","","NA"
"-114.01","51.12","CALGARY INTL A","3031092","2025-08-08 02:00","2025","08","08","02:00","","12.6","","9.6","","82","","","","31","","16","","12.9","","88.90","","","","","","Rain"
"-114.01","51.12","CALGARY INTL A","3031092","2025-08-08 03:00","2025","08","08","03:00","","12.7","","9.9","","83","","","","30","","15","","12.9","","88.87","","","","","","Rain"
"-114.01","51.12","CALGARY INTL A","3031092","2025-08-08 04:00","2025","08","08","04:00","","11.4","","10.0","","91","","","","29","","20","","8.1","","88.86","","","","","","Rain Showers,Fog"
"-114.01","51.12","CALGARY INTL A","3031092","2025-08-08 05:00","2025","08","08","05:00","","11.8","","9.8","","87","","","","30","","22","","8.1","","88.86","","","","","","Rain,Fog"
"-114.01","51.12","CALGARY INTL A","3031092","2025-08-08 06:00","2025","08","08","06:00","","11.5","","9.5","","87","","","","31","","27","","8.1","","88.86","","","","","","Rain,Fog"
"-114.01","51.12","CALGARY INTL A","3031092","2025-08-08 07:00","2025","08","08","07:00","","11.6","","9.8","","89","","","","31","","24","","14.5","","88.90","","","","","","Rain"
"-114.01","51.12","CALGARY INTL A","3031092","2025-08-08 08:00","2025","08","08","08:00","","11.8","","10.2","","90","","","","31","","23","","14.5","","88.91","","","","","","Rain"
"-114.01","51.12","CALGARY INTL A","3031092","2025-08-08 09:00","2025","08","08","09:00","","13.3","","10.4","","82","","","","33","","27","","24.1","","88.89","","","","","","Rain"
"-114.01","51.12","CALGARY INTL A","3031092","2025-08-08 10:00","2025","08","08","10:00","","14.8","","10.6","","76","","","","33","","28","","24.1","","88.91","","","","","","NA"
"-114.01","51.12","CALGARY INTL A","3031092","2025-08-08 11:00","2025","08","08","11:00","","14.7","","10.1","","74","","","","33","","33","","48.3","","88.93","","","","","","Cloudy"
"-114.01","51.12","CALGARY INTL A","3031092","2025-08-08 12:00","2025","08","08","12:00","","14.6","","11.1","","79","","","","33","","35","","24.1","","88.92","","","","","","Rain"
"-114.01","51.12","CALGARY INTL A","3031092","2025-08-08 13:00","2025","08","08","13:00","","14.8","","11.2","","79","","","","33","","39","","24.1","","88.94","","","","","","Rain"
"-114.01","51.12","CALGARY INTL A","3031092","2025-08-08 14:00","2025","08","08","14:00","","15.4","","10.6","","73","","","","33","","36","","24.1","","88.95","","","","","","Cloudy"
"-114.01","51.12","CALGARY INTL A","3031092","2025-08-08 15:00","2025","08","08","15:00","","15.1","","11.3","","78","","","","33","","31","","24.1","","89.00","","","","","","Rain"
"-114.01","51.12","CALGARY INTL A","3031092","2025-08-08 16:00","2025","08","08","16:00","","17.2","","11.1","","67","","","","33","","40","","24.1","","88.96","","","","","","NA"
"-114.01","51.12","CALGARY INTL A","3031092","2025-08-08 17:00","2025","08","08","17:00","","17.2","","10.7","","65","","","","34","","30","","32.2","","89.00","","","","","","Mostly Cloudy"
"-114.01","51.12","CALGARY INTL A","3031092","2025-08-08 18:00","2025","08","08","18:00","","17.9","","10.3","","61","","","","34","","26","","24.1","","88.99","","","","","","NA"
"-114.01","51.12","CALGARY INTL A","3031092","2025-08-08 19:00","2025","08","08","19:00","","16.7","","10.8","","68","","","","32","","20","","32.2","","89.02","","","","","","NA"
"-114.01","51.12","CALGARY INTL A","3031092","2025-08-08 20:00","2025","08","08","20:00","","15.9","","10.7","","71","","","","34","","15","","32.2","","89.05","","","","","","Mostly Cloudy"
"-114.01","51.12","CALGARY INTL A","3031092","2025-08-08 21:00","2025","08","08","21:00","","15.7","","10.9","","73","","","","33","","10","","24.1","","89.10","","","","","","NA"
"-114.01","51.12","CALGARY INTL A","3031092","2025-08-08 22:00","2025","08","08","22:00","","15.6","","10.5","","72","","","","33","","12","","24.1","","89.10","","","","","","NA"
"-114.01","51.12","CALGARY INTL A","3031092","2025-08-08 23:00","2025","08","08","23:00","","15.1","","9.1","","67","","","","33","","15","","24.1","","89.09","","","","","","Mainly Clear"
"-114.01","51.12","CALGARY INTL A","3031092","2025-08-09 00:00","2025","08","09","00:00","","14.4","","9.0","","70","","","","33","","13","","24.1","","89.08","","","","","","NA"
"-114.01","51.12","CALGARY INTL A","3031092","2025-08-09 01:00","2025","08","09","01:00","","13.7","","8.7","","71","","","","32","","14","","24.1","","89.08","","","","","","NA"
"-114.01","51.12","CALGARY INTL A","3031092","2025-08-09 02:00","2025","08","09","02:00","","13.2","","7.9","","70","","","","33","","13","","24.1","","89.09","","","","","","Mostly Cloudy"
"-114.01","51.12","CALGARY INTL A","3031092","2025-08-09 03:00","2025","08","09","03:00","","13.0","","7.8","","71","","","","33","","16","","24.1","","89.12","","","","","","NA"
"-114.01","51.12","CALGARY INTL A","3031092","2025-08-09 04:00","2025","08","09","04:00","","11.8","","7.8","","76","","","","35","","12","","24.1","","89.13","","","","","","NA"
"-114.01","51.12","CALGARY INTL A","3031092","2025-08-09 05:00","2025","08","09","05:00","","12.7","","7.4","","70","","","","33","","15","","24.1","","89.16","","","","","","Mostly Cloudy"
"-114.01","51.12","CALGARY INTL A","3031092","2025-08-09 06:00","2025","08","09","06:00","","12.7","","7.4","","70","","","","33","","17","","32.2","","89.20","","","","","","NA"
"-114.01","51.12","CALGARY INTL A","3031092","2025-08-09 07:00","2025","08","09","07:00","","12.8","","7.9","","72","","","","35","","16","","64.4","","89.25","","","","","","NA"
"-114.01","51.12","CALGARY INTL A","3031092","2025-08-09 08:00","2025","08","09","08:00","","16.8","","9.6","","62","","","","34","","22","","64.4","","89.27","","","","","","Mainly Clear"
"-114.01","51.12","CALGARY INTL A","3031092","2025-08-09 09:00","2025","08","09","09:00","","18.4","","9.8","","57","","","","34","","19","","64.4","","89.28","","","","","","NA"
"-114.01","51.12","CALGARY INTL A","3031092","2025-08-09 10:00","2025","08","09","10:00","","19.1","","10.0","","55","","","","36","","21","","64.4","","89.28","","","","","","NA"
"-114.01","51.12","CALGARY INTL A","3031092","2025-08-09 11:00","2025","08","09","11:00","","19.9","","11.6","","58","","","","36","","15","","64.4","","89.27","","","","","","Mainly Clear"
"-114.01","51.12","CALGARY INTL A","3031092","2025-08-09 12:00","2025","08","09","12:00","","20.5","","11.0","","54","","","","35","","11","","64.4","","89.26","","","","","","NA"
"-114.01","51.12","CALGARY INTL A","3031092","2025-08-09 13:00","2025","08","09","13:00","","21.0","","9.2","","47","","","","2","","5","","64.4","","89.23","","","","","","NA"
"-114.01","51.12","CALGARY INTL A","3031092","2025-08-09 14:00","2025","08","09","14:00","","21.6","","10.1","","47","","","","10","","8","","64.4","","89.19","","","","","","Mostly Cloudy"
"-114.01","51.12","CALGARY INTL A","3031092","2025-08-09 15:00","2025","08","09","15:00","","22.2","","10.5","","47","","","","6","","12","","64.4","","89.17","","","","","","NA"
"-114.01","51.12","CALGARY INTL A","3031092","2025-08-09 16:00","2025","08","09","16:00","","22.4","","10.0","","45","","","","15","","8","","64.4","","89.13","","","","","","NA"
"-114.01","51.12","CALGARY INTL A","3031092","2025-08-09 17:00","2025","08","09","17:00","","22.2","","10.1","","45","","","","15","","15","","64.4","","89.07","","","","","","Mostly Cloudy"
"-114.01","51.12","CALGARY INTL A","3031092","2025-08-09 18:00","2025","08","09","18:00","","21.6","","11.0","","50","","","","14","","20","","48.3","","89.06","","","","","","NA"
"-114.01","51.12","CALGARY INTL A","3031092","2025-08-09 19:00","2025","08","09","19:00","","20.6","","11.3","","55","","","","14","","18","","32.2","","89.06","","","","","","NA"
"-114.01","51.12","CALGARY INTL A","3031092","2025-08-09 20:00","2025","08","09","20:00","","19.9","","11.4","","57","","","","15","","17","","32.2","","89.10","","","","","","Cloudy"
"-114.01","51.12","CALGARY INTL A","3031092","2025-08-09 21:00","2025","08","09","21:00","","19.9","","11.4","","58","","","","29","","13","","24.1","","89.11","","","","","","NA"
"-114.01","51.12","CALGARY INTL A","3031092","2025-08-09 22:00","2025","08","09","22:00","","19.2","","11.4","","60","","","","18","","14","","24.1","","89.12","","","","","","NA"
"-114.01","51.12","CALGARY INTL A","3031092","2025-08-09 23:00","2025","08","09","23:00","","16.6","","12.0","","74","","","","3","","21","","24.1","","89.21","","","","","","Mostly Cloudy"
"-114.01","51.12","CALGARY INTL A","3031092","2025-08-10 00:00","2025","08","10","00:00","","15.2","","12.6","","84","","","","1","","13","","24.1","","89.25","","","","","","NA"
"-114.01","51.12","CALGARY INTL A","3031092","2025-08-10 01:00","2025","08","10","01:00","","14.6","","12.9","","90","","","","35","","11","","24.1","","89.25","","","","","","NA"
"-114.01","51.12","CALGARY INTL A","3031092","2025-08-10 02:00","2025","08","10","02:00","","14.7","","12.8","","89","","","","","","0","","19.3","","89.23","","","","","","Mostly Cloudy"
"-114.01","51.12","CALGARY INTL A","3031092","2025-08-10 03:00","2025","08","10","03:00","","15.3","","12.7","","84","","","","23","","7","","24.1","","89.22","","","","","","NA"
"-114.01","51.12","CALGARY INTL A","3031092","2025-08-10 04:00","2025","08","10","04:00","","15.0","","12.3","","84","","","","22","","7","","24.1","","89.21","","","","","","NA"
"-114.01","51.12","CALGARY INTL A","3031092","2025-08-10 05:00","2025","08","10","05:00","","15.1","","12.3","","83","","","","24","","8","","24.1","","89.22","","","","","","Mostly Cloudy"
"-114.01","51.12","CALGARY INTL A","3031092","2025-08-10 06:00","2025","08","10","06:00","","15.3","","12.2","","82","","","","23","","8","","48.3","","89.23","","","","","","NA"
"-114.01","51.12","CALGARY INTL A","3031092","2025-08-10 07:00","2025","08","10","07:00","","16.2","","11.9","","75","","","","23","","9","","64.4","","89.24","","","","","","NA"
"-114.01","51.12","CALGARY INTL A","3031092","2025-08-10 08:00","2025","08","10","08:00","","17.7","","11.7","","68","","","","20","","10","","64.4","","89.24","","","","","","Mostly Cloudy"
"-114.01","51.12","CALGARY INTL A","3031092","2025-08-10 09:00","2025","08","10","09:00","","20.4","","10.4","","52","","","","22","","10","","64.4","","89.23","","","","","","NA"
"-114.01","51.12","CALGARY INTL A","3031092","2025-08-10 10:00","2025","08","10","10:00","","23.2","","9.7","","42","","","","28","","17","","64.4","","89.21","","","","","","NA"
"-114.01","51.12","CALGARY INTL A","3031092","2025-08-10 11:00","2025","08","10","11:00","","23.7","","10.3","","42","","","","29","","16","","64.4","","89.21","","25","","","","Mostly Cloudy"
"-114.01","51.12","CALGARY INTL A","3031092","2025-08-10 12:00","2025","08","10","12:00","","25.1","","10.0","","38","","","","25","","7","","64.4","","89.15","","26","","","","NA"
"-114.01","51.12","CALGARY INTL A","3031092","2025-08-10 13:00","2025","08","10","13:00","","26.2","","10.2","","36","","","","23","","14","","64.4","","89.09","","28","","","","NA"
"-114.01","51.12","CALGARY INTL A","3031092","2025-08-10 14:00","2025","08","10","14:00","","26.9","","10.8","","36","","","","","","0","","64.4","","88.98","","29","","","","Mainly Clear"
"-114.01","51.12","CALGARY INTL A","3031092","2025-08-10 15:00","2025","08","10","15:00","","27.6","","10.8","","34","","","","24","","14","","64.4","","88.92","","29","","","","NA"
"-114.01","51.12","CALGARY INTL A","3031092","2025-08-10 16:00","2025","08","10","16:00","","28.2","","8.5","","28","","","","28","","19","","64.4","","88.84","","29","","","","NA"
"-114.01","51.12","CALGARY INTL A","3031092","2025-08-10 17:00","2025","08","10","17:00","","28.2","","6.7","","25","","","","27","","26","","64.4","","88.79","","28","","","","Mostly Cloudy"
"-114.01","51.12","CALGARY INTL A","3031092","2025-08-10 18:00","2025","08","10","18:00","","27.8","","7.7","","28","","","","29","","34","","64.4","","88.78","","28","","","","NA"
"-114.01","51.12","CALGARY INTL A","3031092","2025-08-10 19:00","2025","08","10","19:00","","25.6","","10.7","","39","","","","33","","30","","32.2","","88.86","","27","","","","NA"
"-114.01","51.12","CALGARY INTL A","3031092","2025-08-10 20:00","2025","08","10","20:00","","21.9","","12.4","","54","","","","3","","16","","32.2","","88.98","","","","","","Mostly Cloudy"
"-114.01","51.12","CALGARY INTL A","3031092","2025-08-10 21:00","2025","08","10","21:00","","19.4","","13.6","","69","","","","1","","21","","24.1","","89.16","","","","","","Rain"
"-114.01","51.12","CALGARY INTL A","3031092","2025-08-10 22:00","2025","08","10","22:00","","17.6","","14.4","","81","","","","1","","20","","24.1","","89.25","","","","","","NA"
"-114.01","51.12","CALGARY INTL A","3031092","2025-08-10 23:00","2025","08","10","23:00","","16.8","","14.2","","84","","","","1","","7","","24.1","","89.23","","","","","","Mainly Clear"
"-114.01","51.12","CALGARY INTL A","3031092","2025-08-11 00:00","2025","08","11","00:00","","17.1","","14.3","","84","","","","32","","9","","24.1","","89.30","","","","","","Rain"
"-114.01","51.12","CALGARY INTL A","3031092","2025-08-11 01:00","2025","08","11","01:00","","17.4","","14.2","","81","","","","26","","8","","24.1","","89.32","","","","","","NA"
"-114.01","51.12","CALGARY INTL A","3031092","2025-08-11 02:00","2025","08","11","02:00","","17.3","","14.1","","81","","","","27","","8","","24.1","","89.35","","","","","","Mainly Clear"
"-114.01","51.12","CALGARY INTL A","3031092","2025-08-11 03:00","2025","08","11","03:00","","17.3","","14.6","","84","","","","25","","7","","24.1","","89.42","","","","","","NA"
"-114.01","51.12","CALGARY INTL A","3031092","2025-08-11 04:00","2025","08","11","04:00","","17.8","","12.5","","71","","","","28","","13","","24.1","","89.46","","","","","","NA"
"-114.01","51.12","CALGARY INTL A","3031092","2025-08-11 05:00","2025","08","11","05:00","","16.8","","11.4","","70","","","","33","","14","","24.1","","89.50","","","","","","Rain"
"-114.01","51.12","CALGARY INTL A","3031092","2025-08-11 06:00","2025","08","11","06:00","","15.1","","12.4","","84","","","","33","","17","","24.1","","89.53","","","","","","Rain"
"-114.01","51.12","CALGARY INTL A","3031092","2025-08-11 07:00","2025","08","11","07:00","","15.2","","12.1","","82","","","","30","","15","","32.2","","89.57","","","","","","Rain"
"-114.01","51.12","CALGARY INTL A","3031092","2025-08-11 08:00","2025","08","11","08:00","","16.2","","12.1","","76","","","","29","","9","","32.2","","89.62","","","","","","Mostly Cloudy"
"-114.01","51.12","CALGARY INTL A","3031092","2025-08-11 09:00","2025","08","11","09:00","","17.9","","11.6","","66","","","","31","","12","","32.2","","89.61","","","","","","NA"
"-114.01","51.12","CALGARY INTL A","3031092","2025-08-11 10:00","2025","08","11","10:00","","20.2","","11.7","","58","","","","35","","15","","48.3","","89.61","","","","","","NA"
"-114.01","51.12","CALGARY INTL A","3031092","2025-08-11 11:00","2025","08","11","11:00","","20.6","","10.1","","50","","","","36","","28","","64.4","","89.60","","","","","","Mostly Cloudy"
"-114.01","51.12","CALGARY INTL A","3031092","2025-08-11 12:00","2025","08","11","12:00","","20.5","","11.3","","55","","","","1","","15","","64.4","","89.58","","","","","","NA"
"-114.01","51.12","CALGARY INTL A","3031092","2025-08-11 13:00","2025","08","11","13:00","","20.9","","10.4","","51","","","","5","","15","","64.4","","89.58","","","","","","NA"
"-114.01","51.12","CALGARY INTL A","3031092","2025-08-11 14:00","2025","08","11","14:00","","20.9","","10.0","","49","","","","2","","15","","64.4","","89.55","","","","","","Mostly Cloudy"
"-114.01","51.12","CALGARY INTL A","3031092","2025-08-11 15:00","2025","08","11","15:00","","20.5","","10.7","","53","","","","4","","7","","64.4","","89.52","","","","","","NA"
"-114.01","51.12","CALGARY INTL A","3031092","2025-08-11 16:00","2025","08","11","16:00","","21.1","","10.2","","49","","","","7","","10","","64.4","","89.51","","","","","","NA"
"-114.01","51.12","CALGARY INTL A","3031092","2025-08-11 17:00","2025","08","11","17:00","","20.9","","11.2","","54","","","","6","","15","","64.4","","89.51","","","","","","Mostly Cloudy"
"-114.01","51.12","CALGARY INTL A","3031092","2025-08-11 18:00","2025","08","11","18:00","","20.4","","11.5","","56","","","","6","","9","","64.4","","89.50","","","","","","NA"
"-114.01","51.12","CALGARY INTL A","3031092","2025-08-11 19:00","2025","08","11","19:00","","20.2","","10.4","","53","","","","9","","7","","32.2","","89.49","","","","","","NA"
"-114.01","51.12","CALGARY INTL A","3031092","2025-08-11 20:00","2025","08","11","20:00","","19.8","","10.3","","54","","","","10","","7","","32.2","","89.49","","","","","","Mostly Cloudy"
"-114.01","51.12","CALGARY INTL A","3031092","2025-08-11 21:00","2025","08","11","21:00","","19.5","","11.2","","58","","","","12","","8","","24.1","","89.48","","","","","","NA"
"-114.01","51.12","CALGARY INTL A","3031092","2025-08-11 22:00","2025","08","11","22:00","","17.8","","11.2","","65","","","","16","","5","","24.1","","89.46","","","","","","NA"
"-114.01","51.12","CALGARY INTL A","3031092","2025-08-11 23:00","2025","08","11","23:00","","17.3","","11.5","","68","","","","15","","10","","24.1","","89.44","","","","","","Mainly Clear"
"-114.01","51.12","CALGARY INTL A","3031092","2025-08-12 00:00","2025","08","12","00:00","","16.8","","11.7","","72","","","","16","","8","","24.1","","89.42","","","","","","NA"
"-114.01","51.12","CALGARY INTL A","3031092","2025-08-12 01:00","2025","08","12","01:00","","15.7","","12.0","","79","","","","19","","8","","24.1","","89.37","","","","","","NA"
"-114.01","51.12","CALGARY INTL A","3031092","2025-08-12 02:00","2025","08","12","02:00","","14.8","","11.8","","82","","","","19","","8","","24.1","","89.32","","","","","","Clear"
"-114.01","51.12","CALGARY INTL A","3031092","2025-08-12 03:00","2025","08","12","03:00","","14.5","","11.3","","81","","","","19","","9","","24.1","","89.26","","","","","","NA"
"-114.01","51.12","CALGARY INTL A","3031092","2025-08-12 04:00","2025","08","12","04:00","","13.9","","11.0","","82","","","","20","","10","","24.1","","89.20","","","","","","NA"
"-114.01","51.12","CALGARY INTL A","3031092","2025-08-12 05:00","2025","08","12","05:00","","13.9","","10.5","","80","","","","20","","8","","24.1","","89.13","","","","","","Clear"
"-114.01","51.12","CALGARY INTL A","3031092","2025-08-12 06:00","2025","08","12","06:00","","14.1","","10.9","","81","","","","21","","9","","64.4","","89.10","","","","","","NA"
"-114.01","51.12","CALGARY INTL A","3031092","2025-08-12 07:00","2025","08","12","07:00","","15.1","","11.3","","78","","","","23","","8","","64.4","","89.08","","","","","","NA"
"-114.01","51.12","CALGARY INTL A","3031092","2025-08-12 08:00","2025","08","12","08:00","","16.8","","12.1","","73","","","","18","","8","","64.4","","89.03","","","","","","Clear"
"-114.01","51.12","CALGARY INTL A","3031092","2025-08-12 09:00","2025","08","12","09:00","","19.5","","12.7","","64","","","","21","","10","","64.4","","88.99","","","","","","NA"
"-114.01","51.12","CALGARY INTL A","3031092","2025-08-12 10:00","2025","08","12","10:00","","21.1","","12.8","","59","","","","18","","14","","64.4","","88.95","","","","","","NA"
"-114.01","51.12","CALGARY INTL A","3031092","2025-08-12 11:00","2025","08","12","11:00","","22.2","","12.1","","52","","","","15","","9","","64.4","","88.88","","25","","","","Clear"
"-114.01","51.12","CALGARY INTL A","3031092","2025-08-12 12:00","2025","08","12","12:00","","22.9","","13.0","","53","","","","","","0","","48.3","","88.85","","26","","","","NA"
"-114.01","51.12","CALGARY INTL A","3031092","2025-08-12 13:00","2025","08","12","13:00","","24.0","","13.6","","51","","","","8","","10","","48.3","","88.79","","27","","","","NA"
"-114.01","51.12","CALGARY INTL A","3031092","2025-08-12 14:00","2025","08","12","14:00","","24.7","","13.1","","48","","","","8","","14","","48.3","","88.75","","28","","","","Mainly Clear"
"-114.01","51.12","CALGARY INTL A","3031092","2025-08-12 15:00","2025","08","12","15:00","","24.9","","11.8","","44","","","","8","","9","","48.3","","88.70","","27","","","","NA"
"-114.01","51.12","CALGARY INTL A","3031092","2025-08-12 16:00","2025","08","12","16:00","","25.0","","12.9","","46","","","","11","","12","","48.3","","88.68","","28","","","","NA"
"-114.01","51.12","CALGARY INTL A","3031092","2025-08-12 17:00","2025","08","12","17:00","","25.1","","12.6","","45","","","","8","","11","","32.2","","88.67","","28","","","","Mainly Clear"
"-114.01","51.12","CALGARY INTL A","3031092","2025-08-12 18:00","2025","08","12","18:00","","24.4","","12.5","","47","","","","8","","16","","48.3","","88.63","","27","","","","NA"
"-114.01","51.12","CALGARY INTL A","3031092","2025-08-12 19:00","2025","08","12","19:00","","22.9","","12.4","","51","","","","9","","17","","32.2","","88.62","","25","","","","NA"
"-114.01","51.12","CALGARY INTL A","3031092","2025-08-12 20:00","2025","08","12","20:00","","22.5","","13.9","","58","","","","11","","14","","24.1","","88.63","","26","","","","Mostly Cloudy"
"-114.01","51.12","CALGARY INTL A","3031092","2025-08-12 21:00","2025","08","12","21:00","","21.5","","14.2","","63","","","","12","","10","","24.1","","88.64","","25","","","","NA"
"-114.01","51.12","CALGARY INTL A","3031092","2025-08-12 22:00","2025","08","12","22:00","","20.9","","14.2","","65","","","","15","","8","","24.1","","88.60","","","","","","NA"
"-114.01","51.12","CALGARY INTL A","3031092","2025-08-12 23:00","2025","08","12","23:00","","19.9","","14.1","","69","","","","17","","8","","24.1","","88.56","","","","","","Mainly Clear"
"-114.01","51.12","CALGARY INTL A","3031092","2025-08-13 00:00","2025","08","13","00:00","","19.7","","14.2","","70","","","","16","","8","","24.1","","88.52","","","","","","NA"
"-114.01","51.12","CALGARY INTL A","3031092","2025-08-13 01:00","2025","08","13","01:00","","18.1","","13.7","","75","","","","22","","9","","24.1","","88.44","","","","","","NA"
"-114.01","51.12","CALGARY INTL A","3031092","2025-08-13 02:00","2025","08","13","02:00","","18.9","","13.3","","69","","","","24","","5","","24.1","","88.39","","","","","","Mainly Clear"
"-114.01","51.12","CALGARY INTL A","3031092","2025-08-13 03:00","2025","08","13","03:00","","16.5","","13.7","","83","","","","35","","5","","24.1","","88.35","","","","","","NA"
"-114.01","51.12","CALGARY INTL A","3031092","2025-08-13 04:00","2025","08","13","04:00","","15.9","","13.3","","84","","","","2","","13","","24.1","","88.35","","","","","","NA"
"-114.01","51.12","CALGARY INTL A","3031092","2025-08-13 05:00","2025","08","13","05:00","","14.2","","12.5","","90","","","","36","","18","","24.1","","88.33","","","","","","Mainly Clear"
"-114.01","51.12","CALGARY INTL A","3031092","2025-08-13 06:00","2025","08","13","06:00","","13.3","","11.8","","91","","","","3","","12","","24.1","","88.25","","","","","","NA"
"-114.01","51.12","CALGARY INTL A","3031092","2025-08-13 07:00","2025","08","13","07:00","","14.5","","11.4","","82","","","","5","","5","","24.1","","88.26","","","","","","NA"
"-114.01","51.12","CALGARY INTL A","3031092","2025-08-13 08:00","2025","08","13","08:00","","16.0","","12.2","","78","","","","36","","9","","24.1","","88.21","","","","","","Mostly Cloudy"
"-114.01","51.12","CALGARY INTL A","3031092","2025-08-13 09:00","2025","08","13","09:00","","15.7","","12.5","","81","","","","35","","17","","24.1","","88.20","","","","","","NA"
"-114.01","51.12","CALGARY INTL A","3031092","2025-08-13 10:00","2025","08","13","10:00","","16.6","","13.3","","80","","","","36","","8","","24.1","","88.15","","","","","","NA"
"-114.01","51.12","CALGARY INTL A","3031092","2025-08-13 11:00","2025","08","13","11:00","","18.1","","13.3","","74","","","","1","","22","","24.1","","88.19","","","","","","Mostly Cloudy"
"-114.01","51.12","CALGARY INTL A","3031092","2025-08-13 12:00","2025","08","13","12:00","","19.9","","13.7","","67","","","","2","","17","","32.2","","88.17","","","","","","NA"
"-114.01","51.12","CALGARY INTL A","3031092","2025-08-13 13:00","2025","08","13","13:00","","20.9","","13.4","","62","","","","2","","24","","32.2","","88.18","","","","","","NA"
"-114.01","51.12","CALGARY INTL A","3031092","2025-08-13 14:00","2025","08","13","14:00","","21.7","","12.1","","54","","","","1","","31","","24.1","","88.24","","","","","","Mostly Cloudy"
"-114.01","51.12","CALGARY INTL A","3031092","2025-08-13 15:00","2025","08","13","15:00","","19.7","","12.3","","62","","","","36","","38","","24.1","","88.30","","","","","","NA"
"-114.01","51.12","CALGARY INTL A","3031092","2025-08-13 16:00","2025","08","13","16:00","","17.4","","10.2","","62","","","","35","","41","","24.1","","88.35","","","","","","NA"
"-114.01","51.12","CALGARY INTL A","3031092","2025-08-13 17:00","2025","08","13","17:00","","15.8","","9.5","","65","","","","36","","43","","24.1","","88.48","","","","","","Mostly Cloudy"
"-114.01","51.12","CALGARY INTL A","3031092","2025-08-13 18:00","2025","08","13","18:00","","14.4","","10.5","","77","","","","36","","37","","14.5","","88.60","","","","","","Thunderstorms,Rain Showers"
"-114.01","51.12","CALGARY INTL A","3031092","2025-08-13 19:00","2025","08","13","19:00","","12.9","","10.5","","85","","","","35","","35","","12.9","","88.75","","","","","","NA"
"-114.01","51.12","CALGARY INTL A","3031092","2025-08-13 20:00","2025","08","13","20:00","","11.9","","9.2","","84","","","","36","","29","","12.9","","88.74","","","","","","Mostly Cloudy"
"-114.01","51.12","CALGARY INTL A","3031092","2025-08-13 21:00","2025","08","13","21:00","","11.9","","8.7","","80","","","","33","","12","","24.1","","88.84","","","","","","NA"
"-114.01","51.12","CALGARY INTL A","3031092","2025-08-13 22:00","2025","08","13","22:00","","11.1","","9.2","","88","","","","34","","20","","11.3","","88.85","","","","","","Rain Showers"
"-114.01","51.12","CALGARY INTL A","3031092","2025-08-13 23:00","2025","08","13","23:00","","10.7","","8.2","","84","","","","34","","16","","24.1","","88.83","","","","","","Mostly Cloudy"
"-114.01","51.12","CALGARY INTL A","3031092","2025-08-14 00:00","2025","08","14","00:00","","10.3","","7.2","","81","","","","32","","14","","24.1","","88.84","","","","","","NA"
"-114.01","51.12","CALGARY INTL A","3031092","2025-08-14 01:00","2025","08","14","01:00","","9.5","","6.3","","80","","","","30","","14","","24.1","","88.90","","","","","","NA"
"-114.01","51.12","CALGARY INTL A","3031092","2025-08-14 02:00","2025","08","14","02:00","","9.9","","6.1","","77","","","","27","","6","","24.1","","88.94","","","","","","Mainly Clear"
"-114.01","51.12","CALGARY INTL A","3031092","2025-08-14 03:00","2025","08","14","03:00","","9.2","","6.1","","81","","","","22","","7","","24.1","","88.98","","","","","","NA"
"-114.01","51.12","CALGARY INTL A","3031092","2025-08-14 04:00","2025","08","14","04:00","","9.2","","5.9","","80","","","","25","","5","","24.1","","89.01","","","","","","NA"
"-114.01","51.12","CALGARY INTL A","3031092","2025-08-14 05:00","2025","08","14","05:00","","9.3","","5.7","","78","","","","27","","7","","24.1","","89.01","","","","","","Mainly Clear"
"-114.01","51.12","CALGARY INTL A","3031092","2025-08-14 06:00","2025","08","14","06:00","","9.4","","6.0","","79","","","","31","","5","","24.1","","89.03","","","","","","NA"
"-114.01","51.12","CALGARY INTL A","3031092","2025-08-14 07:00","2025","08","14","07:00","","9.7","","6.6","","81","","","","35","","15","","32.2","","89.02","","","","","","NA"
"-114.01","51.12","CALGARY INTL A","3031092","2025-08-14 08:00","2025","08","14","08:00","","10.1","","6.8","","80","","","","36","","16","","32.2","","89.06","","","","","","Mostly Cloudy"
"-114.01","51.12","CALGARY INTL A","3031092","2025-08-14 09:00","2025","08","14","09:00","","10.9","","6.5","","74","","","","36","","12","","32.2","","89.04","","","","","","NA"
"-114.01","51.12","CALGARY INTL A","3031092","2025-08-14 10:00","2025","08","14","10:00","","11.3","","6.3","","71","","","","3","","8","","24.1","","89.04","","","","","","NA"
"-114.01","51.12","CALGARY INTL A","3031092","2025-08-14 11:00","2025","08","14","11:00","","12.2","","6.8","","69","","","","","","0","","24.1","","89.03","","","","","","Mostly Cloudy"
"-114.01","51.12","CALGARY INTL A","3031092","2025-08-14 12:00","2025","08","14","12:00","","13.4","","7.3","","67","","","","","","0","","24.1","","88.99","","","","","","NA"
"-114.01","51.12","CALGARY INTL A","3031092","2025-08-14 13:00","2025","08","14","13:00","","14.8","","6.4","","57","","","","34","","7","","24.1","","88.95","","","","","","NA"
"-114.01","51.12","CALGARY INTL A","3031092","2025-08-14 14:00","2025","08","14","14:00","","15.6","","8.1","","61","","","","1","","4","","24.1","","88.93","","","","","","Mostly Cloudy"
"-114.01","51.12","CALGARY INTL A","3031092","2025-08-14 15:00","2025","08","14","15:00","","16.3","","7.5","","56","","","","12","","12","","24.1","","88.93","","","","","","NA"
"-114.01","51.12","CALGARY INTL A","3031092","2025-08-14 16:00","2025","08","14","16:00","","15.7","","7.7","","59","","","","10","","15","","24.1","","88.92","","","","","","NA"
"-114.01","51.12","CALGARY INTL A","3031092","2025-08-14 17:00","2025","08","14","17:00","","15.7","","7.9","","60","","","","11","","13","","24.1","","88.92","","","","","","Mostly Cloudy"
"-114.01","51.12","CALGARY INTL A","3031092","2025-08-14 18:00","2025","08","14","18:00","","15.4","","7.5","","59","","","","11","","12","","24.1","","88.95","","","","","","NA"
"-114.01","51.12","CALGARY INTL A","3031092","2025-08-14 19:00","2025","08","14","19:00","","15.1","","7.4","","60","","","","12","","12","","32.2","","88.96","","","","","","NA"
"-114.01","51.12","CALGARY INTL A","3031092","2025-08-14 20:00","2025","08","14","20:00","","14.7","","8.4","","66","","","","10","","7","","32.2","","88.99","","","","","","Mostly Cloudy"
"-114.01","51.12","CALGARY INTL A","3031092","2025-08-14 21:00","2025","08","14","21:00","","13.5","","7.6","","67","","","","10","","17","","24.1","","89.03","","","","","","NA"
"-114.01","51.12","CALGARY INTL A","3031092","2025-08-14 22:00","2025","08","14","22:00","","12.9","","7.8","","71","","","","13","","16","","24.1","","89.02","","","","","","NA"
"-114.01","51.12","CALGARY INTL A","3031092","2025-08-14 23:00","2025","08","14","23:00","","12.8","","7.7","","71","","","","13","","10","","24.1","","89.03","","","","","","Cloudy"
"-114.01","51.12","CALGARY INTL A","3031092","2025-08-15 00:00","2025","08","15","00:00","","12.8","","7.8","","72","","","","14","","16","","24.1","","88.99","","","","","","NA"
"-114.01","51.12","CALGARY INTL A","3031092","2025-08-15 01:00","2025","08","15","01:00","","12.9","","8.5","","74","","","","13","","15","","24.1","","88.95","","","","","","NA"
"-114.01","51.12","CALGARY INTL A","3031092","2025-08-15 02:00","2025","08","15","02:00","","12.6","","8.5","","76","","","","14","","20","","24.1","","88.91","","","","","","Cloudy"
"-114.01","51.12","CALGARY INTL A","3031092","2025-08-15 03:00","2025","08","15","03:00","","12.0","","8.9","","81","","","","14","","17","","24.1","","88.87","","","","","","NA"
"-114.01","51.12","CALGARY INTL A","3031092","2025-08-15 04:00","2025","08","15","04:00","","11.3","","8.7","","84","","","","15","","19","","24.1","","88.86","","","","","","Rain"
"-114.01","51.12","CALGARY INTL A","3031092","2025-08-15 05:00","2025","08","15","05:00","","11.0","","8.7","","86","","","","15","","19","","24.1","","88.84","","","","","","Mostly Cloudy"
"-114.01","51.12","CALGARY INTL A","3031092","2025-08-15 06:00","2025","08","15","06:00","","10.9","","8.9","","87","","","","15","","16","","19.3","","88.82","","","","","","Rain"
"-114.01","51.12","CALGARY INTL A","3031092","2025-08-15 07:00","2025","08","15","07:00","","11.6","","8.7","","82","","","","15","","18","","24.1","","88.80","","","","","","NA"
"-114.01","51.12","CALGARY INTL A","3031092","2025-08-15 08:00","2025","08","15","08:00","","11.9","","8.8","","81","","","","14","","19","","24.1","","88.78","","","","","","Cloudy"
"-114.01","51.12","CALGARY INTL A","3031092","2025-08-15 09:00","2025","08","15","09:00","","12.2","","9.2","","82","","","","15","","13","","24.1","","88.78","","","","","","NA"
"-114.01","51.12","CALGARY INTL A","3031092","2025-08-15 10:00","2025","08","15","10:00","","12.3","","10.5","","88","","","","14","","13","","16.1","","88.74","","","","","","Rain"
"-114.01","51.12","CALGARY INTL A","3031092","2025-08-15 11:00","2025","08","15","11:00","","13.3","","11.0","","85","","","","11","","7","","16.1","","88.73","","","","","","Cloudy"
"-114.01","51.12","CALGARY INTL A","3031092","2025-08-15 12:00","2025","08","15","12:00","","14.9","","11.2","","78","","","","15","","17","","24.1","","88.68","","","","","","NA"
"-114.01","51.12","CALGARY INTL A","3031092","2025-08-15 13:00","2025","08","15","13:00","","16.7","","11.7","","72","","","","15","","10","","24.1","","88.65","","","","","","NA"
"-114.01","51.12","CALGARY INTL A","3031092","2025-08-15 14:00","2025","08","15","14:00","","17.3","","12.5","","73","","","","16","","7","","24.1","","88.62","","","","","","Mostly Cloudy"
"-114.01","51.12","CALGARY INTL A","3031092","2025-08-15 15:00","2025","08","15","15:00","","20.1","","12.8","","62","","","","15","","18","","24.1","","88.57","","","","","","NA"
"-114.01","51.12","CALGARY INTL A","3031092","2025-08-15 16:00","2025","08","15","16:00","","21.0","","12.7","","58","","","","17","","8","","24.1","","88.55","","","","","","NA"
"-114.01","51.12","CALGARY INTL A","3031092","2025-08-15 17:00","2025","08","15","17:00","","21.0","","12.1","","56","","","","13","","9","","24.1","","88.52","","","","","","Cloudy"
"-114.01","51.12","CALGARY INTL A","3031092","2025-08-15 18:00","2025","08","15","18:00","","20.5","","12.4","","60","","","","12","","10","","24.1","","88.51","","","","","","NA"
"-114.01","51.12","CALGARY INTL A","3031092","2025-08-15 19:00","2025","08","15","19:00","","19.1","","10.9","","59","","","","18","","10","","24.1","","88.52","","","","","","NA"
"-114.01","51.12","CALGARY INTL A","3031092","2025-08-15 20:00","2025","08","15","20:00","","18.9","","9.9","","55","","","","23","","14","","24.1","","88.53","","","","","","Rain Showers"
"-114.01","51.12","CALGARY INTL A","3031092","2025-08-15 21:00","2025","08","15","21:00","","17.7","","10.9","","64","","","","20","","14","","24.1","","88.53","","","","","","NA"
"-114.01","51.12","CALGARY INTL A","3031092","2025-08-15 22:00","2025","08","15","22:00","","17.4","","10.5","","64","","","","20","","13","","24.1","","88.52","","","","","","NA"
"-114.01","51.12","CALGARY INTL A","3031092","2025-08-15 23:00","2025","08","15","23:00","","17.8","","9.5","","58","","","","23","","11","","24.1","","88.51","","","","","","Mostly Cloudy"
"-114.01","51.12","CALGARY INTL A","3031092","2025-08-16 00:00","2025","08","16","00:00","","17.3","","9.7","","60","","","","22","","10","","24.1","","88.47","","","","","","NA"
"-114.01","51.12","CALGARY INTL A","3031092","2025-08-16 01:00","2025","08","16","01:00","","17.3","","9.6","","60","","","","21","","9","","24.1","","88.45","","","","","","NA"
"-114.01","51.12","CALGARY INTL A","3031092","2025-08-16 02:00","2025","08","16","02:00","","17.1","","10.4","","65","","","","22","","10","","24.1","","88.42","","","","","","Mostly Cloudy"
"-114.01","51.12","CALGARY INTL A","3031092","2025-08-16 03:00","2025","08","16","03:00","","16.2","","10.5","","69","","","","19","","12","","24.1","","88.38","","","","","","NA"
"-114.01","51.12","CALGARY INTL A","3031092","2025-08-16 04:00","2025","08","16","04:00","","16.4","","10.5","","68","","","","20","","17","","24.1","","88.36","","","","","","NA"
"-114.01","51.12","CALGARY INTL A","3031092","2025-08-16 05:00","2025","08","16","05:00","","16.0","","10.3","","69","","","","22","","8","","24.1","","88.37","","","","","","Mostly Cloudy"
"-114.01","51.12","CALGARY INTL A","3031092","2025-08-16 06:00","2025","08","16","06:00","","15.3","","10.9","","75","","","","19","","7","","24.1","","88.40","","","","","","NA"
"-114.01","51.12","CALGARY INTL A","3031092","2025-08-16 07:00","2025","08","16","07:00","","16.2","","11.2","","72","","","","19","","11","","32.2","","88.39","","","","","","NA"
"-114.01","51.12","CALGARY INTL A","3031092","2025-08-16 08:00","2025","08","16","08:00","","16.4","","12.0","","75","","","","18","","14","","32.2","","88.37","","","","","","Mostly Cloudy"
"-114.01","51.12","CALGARY INTL A","3031092","2025-08-16 09:00","2025","08","16","09:00","","18.2","","11.9","","66","","","","27","","7","","24.1","","88.38","","","","","","NA"
"-114.01","51.12","CALGARY INTL A","3031092","2025-08-16 10:00","2025","08","16","10:00","","19.0","","11.2","","60","","","","25","","10","","48.3","","88.37","","","","","","NA"
"-114.01","51.12","CALGARY INTL A","3031092","2025-08-16 11:00","2025","08","16","11:00","","21.1","","10.1","","49","","","","24","","13","","48.3","","88.37","","","","","","Mostly Cloudy"
"-114.01","51.12","CALGARY INTL A","3031092","2025-08-16 12:00","2025","08","16","12:00","","21.0","","8.3","","44","","","","25","","19","","48.3","","88.43","","","","","","NA"
"-114.01","51.12","CALGARY INTL A","3031092","2025-08-16 13:00","2025","08","16","13:00","","20.3","","8.3","","46","","","","25","","13","","64.4","","88.44","","","","","","Rain Showers"
"-114.01","51.12","CALGARY INTL A","3031092","2025-08-16 14:00","2025","08","16","14:00","","21.1","","8.7","","44","","","","25","","7","","64.4","","88.43","","","","","","Mostly Cloudy"
"-114.01","51.12","CALGARY INTL A","3031092","2025-08-16 15:00","2025","08","16","15:00","","22.1","","8.6","","41","","","","23","","17","","64.4","","88.44","","","","","","NA"
"-114.01","51.12","CALGARY INTL A","3031092","2025-08-16 16:00","2025","08","16","16:00","","21.9","","10.8","","49","","","","18","","18","","48.3","","88.45","","","","","","NA"
"-114.01","51.12","CALGARY INTL A","3031092","2025-08-16 17:00","2025","08","16","17:00","","22.9","","10.1","","44","","","","21","","11","","32.2","","88.44","","","","","","Mostly Cloudy"
"-114.01","51.12","CALGARY INTL A","3031092","2025-08-16 18:00","2025","08","16","18:00","","21.8","","9.5","","45","","","","20","","8","","32.2","","88.45","","","","","","NA"
"-114.01","51.12","CALGARY INTL A","3031092","2025-08-16 19:00","2025","08","16","19:00","","22.6","","8.1","","39","","","","29","","5","","32.2","","88.45","","","","","","NA"
"-114.01","51.12","CALGARY INTL A","3031092","2025-08-16 20:00","2025","08","16","20:00","","20.9","","8.9","","46","","","","30","","12","","32.2","","88.49","","","","","","Mainly Clear"
"-114.01","51.12","CALGARY INTL A","3031092","2025-08-16 21:00","2025","08","16","21:00","","19.2","","7.7","","47","","","","30","","22","","24.1","","88.53","","","","","","NA"
"-114.01","51.12","CALGARY INTL A","3031092","2025-08-16 22:00","2025","08","16","22:00","","18.6","","7.7","","49","","","","31","","17","","24.1","","88.59","","","","","","NA"
"-114.01","51.12","CALGARY INTL A","3031092","2025-08-16 23:00","2025","08","16","23:00","","19.0","","6.5","","44","","","","28","","11","","24.1","","88.64","","","","","","Mainly Clear"
"-114.01","51.12","CALGARY INTL A","3031092","2025-08-17 00:00","2025","08","17","00:00","","17.9","","6.6","","47","","","","30","","14","","24.1","","88.68","","","","","","NA"
"-114.01","51.12","CALGARY INTL A","3031092","2025-08-17 01:00","2025","08","17","01:00","","14.6","","8.5","","67","","","","35","","17","","24.1","","88.75","","","","","","NA"
"-114.01","51.12","CALGARY INTL A","3031092","2025-08-17 02:00","2025","08","17","02:00","","13.5","","8.9","","74","","","","34","","13","","24.1","","88.81","","","","","","Mainly Clear"
"-114.01","51.12","CALGARY INTL A","3031092","2025-08-17 03:00","2025","08","17","03:00","","13.2","","9.2","","76","","","","35","","11","","24.1","","88.82","","","","","","NA"
"-114.01","51.12","CALGARY INTL A","3031092","2025-08-17 04:00","2025","08","17","04:00","","12.5","","8.7","","77","","","","21","","7","","24.1","","88.84","","","","","","NA"
"-114.01","51.12","CALGARY INTL A","3031092","2025-08-17 05:00","2025","08","17","05:00","","12.5","","8.0","","74","","","","22","","5","","24.1","","88.85","","","","","","Mainly Clear"
"-114.01","51.12","CALGARY INTL A","3031092","2025-08-17 06:00","2025","08","17","06:00","","11.4","","8.1","","80","","","","23","","4","","48.3","","88.88","","","","","","NA"
"-114.01","51.12","CALGARY INTL A","3031092","2025-08-17 07:00","2025","08","17","07:00","","14.1","","9.7","","74","","","","19","","4","","64.4","","88.90","","","","","","NA"
"-114.01","51.12","CALGARY INTL A","3031092","2025-08-17 08:00","2025","08","17","08:00","","16.3","","9.0","","62","","","","21","","6","","64.4","","88.90","","","","","","Mainly Clear"
"-114.01","51.12","CALGARY INTL A","3031092","2025-08-17 09:00","2025","08","17","09:00","","18.4","","10.5","","60","","","","18","","7","","64.4","","88.89","","","","","","NA"
"-114.01","51.12","CALGARY INTL A","3031092","2025-08-17 10:00","2025","08","17","10:00","","19.4","","10.6","","56","","","","18","","13","","64.4","","88.86","","","","","","NA"
"-114.01","51.12","CALGARY INTL A","3031092","2025-08-17 11:00","2025","08","17","11:00","","20.9","","11.0","","53","","","","19","","13","","64.4","","88.86","","","","","","Mainly Clear"
"-114.01","51.12","CALGARY INTL A","3031092","2025-08-17 12:00","2025","08","17","12:00","","21.7","","8.2","","41","","","","18","","7","","64.4","","88.84","","","","","","NA"
"-114.01","51.12","CALGARY INTL A","3031092","2025-08-17 13:00","2025","08","17","13:00","","22.8","","7.8","","38","","","","3","","5","","64.4","","88.79","","","","","","NA"
"-114.01","51.12","CALGARY INTL A","3031092","2025-08-17 14:00","2025","08","17","14:00","","22.4","","5.4","","33","","","","29","","6","","64.4","","88.79","","","","","","Mostly Cloudy"
"-114.01","51.12","CALGARY INTL A","3031092","2025-08-17 15:00","2025","08","17","15:00","","23.6","","7.5","","35","","","","","","0","","48.3","","88.74","","","","","","NA"
"-114.01","51.12","CALGARY INTL A","3031092","2025-08-17 16:00","2025","08","17","16:00","","24.6","","6.7","","31","","","","23","","11","","48.3","","88.72","","","","","","NA"
"-114.01","51.12","CALGARY INTL A","3031092","2025-08-17 17:00","2025","08","17","17:00","","24.7","","5.2","","28","","","","26","","9","","32.2","","88.74","","","","","","Mostly Cloudy"
"-114.01","51.12","CALGARY INTL A","3031092","2025-08-17 18:00","2025","08","17","18:00","","23.6","","6.6","","33","","","","8","","8","","32.2","","88.74","","","","","","NA"
"-114.01","51.12","CALGARY INTL A","3031092","2025-08-17 19:00","2025","08","17","19:00","","22.0","","8.5","","42","","","","9","","14","","32.2","","88.76","","","","","","NA"
"-114.01","51.12","CALGARY INTL A","3031092","2025-08-17 20:00","2025","08","17","20:00","","19.3","","8.4","","49","","","","9","","11","","24.1","","88.80","","","","","","Mainly Clear"
"-114.01","51.12","CALGARY INTL A","3031092","2025-08-17 21:00","2025","08","17","21:00","","19.4","","9.1","","51","","","","12","","17","","24.1","","88.85","","","","","","NA"
"-114.01","51.12","CALGARY INTL A","3031092","2025-08-17 22:00","2025","08","17","22:00","","18.2","","9.2","","56","","","","13","","10","","24.1","","88.86","","","","","","NA"
"-114.01","51.12","CALGARY INTL A","3031092","2025-08-17 23:00","2025","08","17","23:00","","17.0","","8.8","","58","","","","","","0","","24.1","","88.86","","","","","","Mainly Clear"
"-114.01","51.12","CALGARY INTL A","3031092","2025-08-18 00:00","2025","08","18","00:00","","14.2","","8.9","","70","","","","34","","8","","24.1","","88.88","","","","","","NA"
"-114.01","51.12","CALGARY INTL A","3031092","2025-08-18 01:00","2025","08","18","01:00","","13.3","","8.7","","73","","","","33","","8","","24.1","","88.89","","","","","","NA"
"-114.01","51.12","CALGARY INTL A","3031092","2025-08-18 02:00","2025","08","18","02:00","","12.8","","8.3","","74","","","","34","","3","","24.1","","88.90","","","","","","Clear"
"-114.01","51.12","CALGARY INTL A","3031092","2025-08-18 03:00","2025","08","18","03:00","","12.4","","7.4","","71","","","","26","","4","","24.1","","88.90","","","","","","NA"
"-114.01","51.12","CALGARY INTL A","3031092","2025-08-18 04:00","2025","08","18","04:00","","11.6","","6.5","","71","","","","31","","6","","24.1","","88.90","","","","","","NA"
"-114.01","51.12","CALGARY INTL A","3031092","2025-08-18 05:00","2025","08","18","05:00","","11.1","","5.7","","69","","","","33","","6","","24.1","","88.94","","","","","","Mainly Clear"
"-114.01","51.12","CALGARY INTL A","3031092","2025-08-18 06:00","2025","08","18","06:00","","11.2","","6.4","","72","","","","32","","7","","32.2","","88.99","","","","","","NA"
"-114.01","51.12","CALGARY INTL A","3031092","2025-08-18 07:00","2025","08","18","07:00","","13.4","","6.8","","64","","","","","","0","","32.2","","89.04","","","","","","NA"
"-114.01","51.12","CALGARY INTL A","3031092","2025-08-18 08:00","2025","08","18","08:00","","14.7","","7.4","","61","","","","34","","13","","32.2","","89.03","","","","","","Mostly Cloudy"
"-114.01","51.12","CALGARY INTL A","3031092","2025-08-18 09:00","2025","08","18","09:00","","16.5","","9.3","","62","","","","30","","14","","48.3","","89.03","","","","","","NA"
"-114.01","51.12","CALGARY INTL A","3031092","2025-08-18 10:00","2025","08","18","10:00","","17.7","","9.6","","59","","","","33","","9","","48.3","","89.01","","","","","","NA"
"-114.01","51.12","CALGARY INTL A","3031092","2025-08-18 11:00","2025","08","18","11:00","","19.9","","9.1","","49","","","","34","","7","","48.3","","88.99","","","","","","Mostly Cloudy"
"-114.01","51.12","CALGARY INTL A","3031092","2025-08-18 12:00","2025","08","18","12:00","","21.2","","10.6","","50","","","","18","","8","","24.1","","88.98","","","","","","NA"
"-114.01","51.12","CALGARY INTL A","3031092","2025-08-18 13:00","2025","08","18","13:00","","22.0","","10.5","","47","","","","19","","8","","48.3","","88.95","","","","","","NA"
"-114.01","51.12","CALGARY INTL A","3031092","2025-08-18 14:00","2025","08","18","14:00","","21.7","","8.5","","42","","","","18","","15","","48.3","","88.98","","","","","","Cloudy"
"-114.01","51.12","CALGARY INTL A","3031092","2025-08-18 15:00","2025","08","18","15:00","","21.3","","9.4","","46","","","","18","","11","","48.3","","88.99","","","","","","NA"
"-114.01","51.12","CALGARY INTL A","3031092","2025-08-18 16:00","2025","08","18","16:00","","23.9","","5.3","","30","","","","18","","15","","48.3","","88.93","","","","","","NA"
"-114.01","51.12","CALGARY INTL A","3031092","2025-08-18 17:00","2025","08","18","17:00","","24.1","","6.4","","32","","","","17","","17","","48.3","","88.92","","","","","","Mainly Clear"
"-114.01","51.12","CALGARY INTL A","3031092","2025-08-18 18:00","2025","08","18","18:00","","23.8","","5.3","","30","","","","20","","19","","48.3","","88.92","","","","","","NA"
"-114.01","51.12","CALGARY INTL A","3031092","2025-08-18 19:00","2025","08","18","19:00","","23.2","","4.9","","30","","","","23","","14","","48.3","","88.96","","","","","","NA"
"-114.01","51.12","CALGARY INTL A","3031092","2025-08-18 20:00","2025","08","18","20:00","","21.5","","6.0","","36","","","","23","","13","","48.3","","88.99","","","","","","Mainly Clear"
"-114.01","51.12","CALGARY INTL A","3031092","2025-08-18 21:00","2025","08","18","21:00","","19.4","","6.6","","43","","","","23","","5","","24.1","","89.06","","","","","","NA"
"-114.01","51.12","CALGARY INTL A","3031092","2025-08-18 22:00","2025","08","18","22:00","","19.1","","4.3","","37","","","","22","","5","","24.1","","89.08","","","","","","NA"
"-114.01","51.12","CALGARY INTL A","3031092","2025-08-18 23:00","2025","08","18","23:00","","17.5","","4.0","","40","","","","22","","8","","24.1","","89.11","","","","","","Clear"
"-114.01","51.12","CALGARY INTL A","3031092","2025-08-19 00:00","2025","08","19","00:00","","16.0","","3.7","","44","","","","17","","5","","24.1","","89.16","","","","","","NA"
"-114.01","51.12","CALGARY INTL A","3031092","2025-08-19 01:00","2025","08","19","01:00","","16.3","","3.6","","43","","","","29","","9","","24.1","","89.19","","","","","","NA"
"-114.01","51.12","CALGARY INTL A","3031092","2025-08-19 02:00","2025","08","19","02:00","","14.3","","4.1","","50","","","","36","","3","","24.1","","89.22","","","","","","Clear"
"-114.01","51.12","CALGARY INTL A","3031092","2025-08-19 03:00","2025","08","19","03:00","","12.3","","5.6","","64","","","","33","","11","","24.1","","89.27","","","","","","NA"
"-114.01","51.12","CALGARY INTL A","3031092","2025-08-19 04:00","2025","08","19","04:00","","11.7","","6.1","","69","","","","34","","10","","24.1","","89.30","","","","","","NA"
"-114.01","51.12","CALGARY INTL A","3031092","2025-08-19 05:00","2025","08","19","05:00","","12.6","","6.2","","64","","","","25","","7","","24.1","","89.32","","","","","","Mainly Clear"
"-114.01","51.12","CALGARY INTL A","3031092","2025-08-19 06:00","2025","08","19","06:00","","10.9","","7.0","","77","","","","1","","6","","56.3","","89.33","","","","","","NA"
"-114.01","51.12","CALGARY INTL A","3031092","2025-08-19 07:00","2025","08","19","07:00","","13.0","","8.9","","76","","","","11","","4","","48.3","","89.35","","","","","","NA"
"-114.01","51.12","CALGARY INTL A","3031092","2025-08-19 08:00","2025","08","19","08:00","","16.4","","8.2","","58","","","","22","","9","","48.3","","89.36","","","","","","Mainly Clear"
"-114.01","51.12","CALGARY INTL A","3031092","2025-08-19 09:00","2025","08","19","09:00","","17.4","","8.5","","55","","","","23","","11","","48.3","","89.35","","","","","","NA"
"-114.01","51.12","CALGARY INTL A","3031092","2025-08-19 10:00","2025","08","19","10:00","","18.6","","7.6","","48","","","","22","","9","","48.3","","89.33","","","","","","NA"
"-114.01","51.12","CALGARY INTL A","3031092","2025-08-19 11:00","2025","08","19","11:00","","19.6","","7.9","","47","","","","22","","4","","48.3","","89.33","","","","","","Mostly Cloudy"
"-114.01","51.12","CALGARY INTL A","3031092","2025-08-19 12:00","2025","08","19","12:00","","21.6","","6.9","","38","","","","16","","8","","48.3","","89.28","","","","","","NA"
"-114.01","51.12","CALGARY INTL A","3031092","2025-08-19 13:00","2025","08","19","13:00","","23.8","","7.8","","35","","","","23","","6","","48.3","","89.24","","","","","","NA"
"-114.01","51.12","CALGARY INTL A","3031092","2025-08-19 14:00","2025","08","19","14:00","","25.0","","8.6","","35","","","","10","","13","","32.2","","89.21","","26","","","","Mainly Clear"
"-114.01","51.12","CALGARY INTL A","3031092","2025-08-19 15:00","2025","08","19","15:00","","26.1","","11.3","","39","","","","11","","17","","32.2","","89.17","","28","","","","NA"
"-114.01","51.12","CALGARY INTL A","3031092","2025-08-19 16:00","2025","08","19","16:00","","26.2","","12.4","","42","","","","9","","13","","48.3","","89.12","","29","","","","NA"
"-114.01","51.12","CALGARY INTL A","3031092","2025-08-19 17:00","2025","08","19","17:00","","25.5","","12.3","","43","","","","9","","14","","32.2","","89.12","","28","","","","Mainly Clear"
"-114.01","51.12","CALGARY INTL A","3031092","2025-08-19 18:00","2025","08","19","18:00","","24.9","","13.1","","47","","","","6","","15","","32.2","","89.09","","28","","","","NA"
"-114.01","51.12","CALGARY INTL A","3031092","2025-08-19 19:00","2025","08","19","19:00","","23.8","","12.4","","48","","","","10","","10","","32.2","","89.10","","26","","","","NA"
"-114.01","51.12","CALGARY INTL A","3031092","2025-08-19 20:00","2025","08","19","20:00","","21.5","","11.8","","53","","","","1","","4","","32.2","","89.13","","","","","","Mainly Clear"
"-114.01","51.12","CALGARY INTL A","3031092","2025-08-19 21:00","2025","08","19","21:00","","21.3","","11.1","","52","","","","30","","3","","24.1","","89.13","","","","","","NA"
"-114.01","51.12","CALGARY INTL A","3031092","2025-08-19 22:00","2025","08","19","22:00","","18.4","","11.3","","63","","","","35","","7","","24.1","","89.12","","","","","","NA"
"-114.01","51.12","CALGARY INTL A","3031092","2025-08-19 23:00","2025","08","19","23:00","","16.2","","11.7","","75","","","","31","","8","","24.1","","89.12","","","","","","Mainly Clear"
"-114.01","51.12","CALGARY INTL A","3031092","2025-08-20 00:00","2025","08","20","00:00","","15.8","","11.0","","73","","","","34","","10","","24.1","","89.17","","","","","","NA"
"-114.01","51.12","CALGARY INTL A","3031092","2025-08-20 01:00","2025","08","20","01:00","","15.8","","8.8","","63","","","","1","","7","","24.1","","89.14","","","","","","NA"
"-114.01","51.12","CALGARY INTL A","3031092","2025-08-20 02:00","2025","08","20","02:00","","15.5","","8.1","","61","","","","","","0","","24.1","","89.11","","","","","","Clear"
"-114.01","51.12","CALGARY INTL A","3031092","2025-08-20 03:00","2025","08","20","03:00","","14.6","","8.9","","69","","","","","","0","","24.1","","89.14","","","","","","NA"
"-114.01","51.12","CALGARY INTL A","3031092","2025-08-20 04:00","2025","08","20","04:00","","13.4","","8.5","","72","","","","22","","4","","24.1","","89.15","","","","","","NA"
"-114.01","51.12","CALGARY INTL A","3031092","2025-08-20 05:00","2025","08","20","05:00","","12.3","","7.9","","74","","","","3","","6","","24.1","","89.16","","","","","","Mainly Clear"
"-114.01","51.12","CALGARY INTL A","3031092","2025-08-20 06:00","2025","08","20","06:00","","12.8","","8.0","","72","","","","36","","7","","48.3","","89.20","","","","","","NA"
"-114.01","51.12","CALGARY INTL A","3031092","2025-08-20 07:00","2025","08","20","07:00","","17.0","","8.0","","55","","","","34","","28","","48.3","","89.26","","","","","","NA"
"-114.01","51.12","CALGARY INTL A","3031092","2025-08-20 08:00","2025","08","20","08:00","","15.3","","10.3","","72","","","","35","","31","","64.4","","89.29","","","","","","Mostly Cloudy"
"-114.01","51.12","CALGARY INTL A","3031092","2025-08-20 09:00","2025","08","20","09:00","","16.9","","9.9","","63","","","","35","","33","","32.2","","89.31","","","","","","NA"
"-114.01","51.12","CALGARY INTL A","3031092","2025-08-20 10:00","2025","08","20","10:00","","16.7","","9.2","","61","","","","34","","28","","32.2","","89.34","","","","","","NA"
"-114.01","51.12","CALGARY INTL A","3031092","2025-08-20 11:00","2025","08","20","11:00","","18.0","","9.4","","57","","","","35","","20","","32.2","","89.36","","","","","","Mostly Cloudy"
"-114.01","51.12","CALGARY INTL A","3031092","2025-08-20 12:00","2025","08","20","12:00","","18.1","","10.8","","62","","","","36","","16","","24.1","","89.33","","","","","","NA"
"-114.01","51.12","CALGARY INTL A","3031092","2025-08-20 13:00","2025","08","20","13:00","","17.1","","9.9","","62","","","","35","","17","","24.1","","89.38","","","","","","NA"
"-114.01","51.12","CALGARY INTL A","3031092","2025-08-20 14:00","2025","08","20","14:00","","15.4","","10.1","","71","","","","11","","17","","32.2","","89.25","","","","","","Rain Showers"
"-114.01","51.12","CALGARY INTL A","3031092","2025-08-20 15:00","2025","08","20","15:00","","16.6","","11.5","","72","","","","19","","13","","32.2","","89.26","","","","","","NA"
"-114.01","51.12","CALGARY INTL A","3031092","2025-08-20 16:00","2025","08","20","16:00","","18.3","","11.3","","63","","","","18","","21","","32.2","","89.21","","","","","","NA"
"-114.01","51.12","CALGARY INTL A","3031092","2025-08-20 17:00","2025","08","20","17:00","","18.8","","9.9","","56","","","","19","","13","","32.2","","89.22","","","","","","Mainly Clear"
"-114.01","51.12","CALGARY INTL A","3031092","2025-08-20 18:00","2025","08","20","18:00","","18.9","","9.4","","54","","","","","","0","","32.2","","89.26","","","","","","NA"
"-114.01","51.12","CALGARY INTL A","3031092","2025-08-20 19:00","2025","08","20","19:00","","16.4","","10.5","","68","","","","36","","25","","32.2","","89.40","","","","","","NA"
"-114.01","51.12","CALGARY INTL A","3031092","2025-08-20 20:00","2025","08","20","20:00","","13.3","","8.6","","73","","","","35","","38","","24.1","","89.54","","","","","","Mainly Clear"
"-114.01","51.12","CALGARY INTL A","3031092","2025-08-20 21:00","2025","08","20","21:00","","11.5","","8.4","","81","","","","35","","23","","24.1","","89.65","","","","","","NA"
"-114.01","51.12","CALGARY INTL A","3031092","2025-08-20 22:00","2025","08","20","22:00","","10.7","","7.3","","80","","","","34","","13","","24.1","","89.72","","","","","","NA"
"-114.01","51.12","CALGARY INTL A","3031092","2025-08-20 23:00","2025","08","20","23:00","","11.1","","6.8","","74","","","","34","","14","","24.1","","89.77","","","","","","Mostly Cloudy"
"-114.01","51.12","CALGARY INTL A","3031092","2025-08-21 00:00","2025","08","21","00:00","","11.1","","6.1","","71","","","","35","","12","","24.1","","89.80","","","","","","NA"
"-114.01","51.12","CALGARY INTL A","3031092","2025-08-21 01:00","2025","08","21","01:00","","11.1","","5.5","","68","","","","30","","5","","24.1","","89.83","","","","","","NA"
"-114.01","51.12","CALGARY INTL A","3031092","2025-08-21 02:00","2025","08","21","02:00","","10.5","","4.6","","67","","","","29","","5","","56.3","","89.83","","","","","","Clear"
"-114.01","51.12","CALGARY INTL A","3031092","2025-08-21 03:00","2025","08","21","03:00","","9.0","","4.8","","75","","","","","","0","","24.1","","89.84","","","","","","NA"
"-114.01","51.12","CALGARY INTL A","3031092","2025-08-21 04:00","2025","08","21","04:00","","7.8","","4.9","","82","","","","30","","3","","24.1","","89.87","","","","","","NA"
"-114.01","51.12","CALGARY INTL A","3031092","2025-08-21 05:00","2025","08","21","05:00","","6.8","","4.5","","85","","","","7","","7","","24.1","","89.88","","","","","","Clear"
"-114.01","51.12","CALGARY INTL A","3031092","2025-08-21 06:00","2025","08","21","06:00","","6.9","","4.1","","82","","","","","","0","","24.1","","89.87","","","","","","NA"
"-114.01","51.12","CALGARY INTL A","3031092","2025-08-21 07:00","2025","08","21","07:00","","8.8","","5.6","","80","","","","2","","11","","64.4","","89.89","","","","","","NA"
"-114.01","51.12","CALGARY INTL A","3031092","2025-08-21 08:00","2025","08","21","08:00","","11.5","","6.2","","70","","","","33","","5","","64.4","","89.90","","","","","","Clear"
"-114.01","51.12","CALGARY INTL A","3031092","2025-08-21 09:00","2025","08","21","09:00","","14.0","","5.3","","55","","","","16","","7","","64.4","","89.89","","","","","","NA"
"-114.01","51.12","CALGARY INTL A","3031092","2025-08-21 10:00","2025","08","21","10:00","","15.8","","3.8","","45","","","","22","","13","","64.4","","89.84","","","","","","NA"
"-114.01","51.12","CALGARY INTL A","3031092","2025-08-21 11:00","2025","08","21","11:00","","16.9","","7.2","","52","","","","19","","4","","64.4","","89.82","","","","","","Clear"
"-114.01","51.12","CALGARY INTL A","3031092","2025-08-21 12:00","2025","08","21","12:00","","17.9","","4.2","","40","","","","8","","9","","64.4","","89.78","","","","","","NA"
"-114.01","51.12","CALGARY INTL A","3031092","2025-08-21 13:00","2025","08","21","13:00","","18.9","","4.1","","37","","","","7","","10","","64.4","","89.77","","","","","","NA"
"-114.01","51.12","CALGARY INTL A","3031092","2025-08-21 14:00","2025","08","21","14:00","","19.9","","3.9","","34","","","","2","","16","","64.4","","89.74","","","","","","Clear"
"-114.01","51.12","CALGARY INTL A","3031092","2025-08-21 15:00","2025","08","21","15:00","","20.1","","3.4","","33","","","","6","","11","","48.3","","89.73","","","","","","NA"
"-114.01","51.12","CALGARY INTL A","3031092","2025-08-21 16:00","2025","08","21","16:00","","20.1","","4.6","","36","","","","4","","9","","48.3","","89.72","","","","","","NA"
"-114.01","51.12","CALGARY INTL A","3031092","2025-08-21 17:00","2025","08","21","17:00","","19.5","","3.5","","34","","","","4","","13","","48.3","","89.77","","","","","","Clear"
"-114.01","51.12","CALGARY INTL A","3031092","2025-08-21 18:00","2025","08","21","18:00","","18.6","","3.8","","37","","","","3","","25","","32.2","","89.81","","","","","","NA"
"-114.01","51.12","CALGARY INTL A","3031092","2025-08-21 19:00","2025","08","21","19:00","","16.9","","5.3","","46","","","","3","","18","","64.4","","89.88","","","","","","NA"
"-114.01","51.12","CALGARY INTL A","3031092","2025-08-21 20:00","2025","08","21","20:00","","16.0","","5.7","","50","","","","1","","16","","64.4","","89.94","","","","","","Mostly Cloudy"
"-114.01","51.12","CALGARY INTL A","3031092","2025-08-21 21:00","2025","08","21","21:00","","14.6","","6.3","","57","","","","36","","15","","24.1","","90.00","","","","","","NA"
"-114.01","51.12","CALGARY INTL A","3031092","2025-08-21 22:00","2025","08","21","22:00","","14.2","","5.8","","57","","","","1","","19","","24.1","","90.10","","","","","","NA"
"-114.01","51.12","CALGARY INTL A","3031092","2025-08-21 23:00","2025","08","21","23:00","","12.8","","5.3","","60","","","","35","","17","","24.1","","90.16","","","","","","Mainly Clear"
"-114.01","51.12","CALGARY INTL A","3031092","2025-08-22 00:00","2025","08","22","00:00","","11.9","","5.3","","64","","","","35","","18","","24.1","","90.22","","","","","","NA"
"-114.01","51.12","CALGARY INTL A","3031092","2025-08-22 01:00","2025","08","22","01:00","","11.1","","5.2","","67","","","","34","","16","","24.1","","90.23","","","","","","NA"
"-114.01","51.12","CALGARY INTL A","3031092","2025-08-22 02:00","2025","08","22","02:00","","9.7","","5.3","","74","","","","34","","12","","24.1","","90.25","","","","","","Clear"
"-114.01","51.12","CALGARY INTL A","3031092","2025-08-22 03:00","2025","08","22","03:00","","10.2","","5.2","","71","","","","33","","9","","24.1","","90.28","","","","","","NA"
"-114.01","51.12","CALGARY INTL A","3031092","2025-08-22 04:00","2025","08","22","04:00","","10.0","","4.9","","71","","","","30","","4","","24.1","","90.31","","","","","","NA"
"-114.01","51.12","CALGARY INTL A","3031092","2025-08-22 05:00","2025","08","22","05:00","","10.2","","5.0","","70","","","","27","","8","","32.2","","90.31","","","","","","Clear"
"-114.01","51.12","CALGARY INTL A","3031092","2025-08-22 06:00","2025","08","22","06:00","","9.4","","4.9","","73","","","","24","","3","","64.4","","90.34","","","","","","NA"
"-114.01","51.12","CALGARY INTL A","3031092","2025-08-22 07:00","2025","08","22","07:00","","11.1","","5.8","","70","","","","29","","7","","48.3","","90.37","","","","","","NA"
"-114.01","51.12","CALGARY INTL A","3031092","2025-08-22 08:00","2025","08","22","08:00","","12.6","","6.7","","67","","","","1","","6","","48.3","","90.38","","","","","","Clear"
"-114.01","51.12","CALGARY INTL A","3031092","2025-08-22 09:00","2025","08","22","09:00","","13.8","","7.2","","64","","","","34","","4","","48.3","","90.37","","","","","","NA"
"-114.01","51.12","CALGARY INTL A","3031092","2025-08-22 10:00","2025","08","22","10:00","","14.9","","6.2","","56","","","","3","","7","","48.3","","90.35","","","","","","NA"
"-114.01","51.12","CALGARY INTL A","3031092","2025-08-22 11:00","2025","08","22","11:00","","16.1","","6.5","","53","","","","","","0","","48.3","","90.32","","","","","","Mainly Clear"
"-114.01","51.12","CALGARY INTL A","3031092","2025-08-22 12:00","2025","08","22","12:00","","17.3","","6.5","","48","","","","2","","5","","48.3","","90.26","","","","","","NA"
"-114.01","51.12","CALGARY INTL A","3031092","2025-08-22 13:00","2025","08","22","13:00","","18.0","","5.0","","42","","","","19","","8","","32.2","","90.22","","","","","","NA"
"-114.01","51.12","CALGARY INTL A","3031092","2025-08-22 14:00","2025","08","22","14:00","","18.8","","5.7","","42","","","","22","","9","","32.2","","90.18","","","","","","Mostly Cloudy"
"-114.01","51.12","CALGARY INTL A","3031092","2025-08-22 15:00","2025","08","22","15:00","","19.3","","7.2","","45","","","","17","","17","","32.2","","90.14","","","","","","NA"
"-114.01","51.12","CALGARY INTL A","3031092","2025-08-22 16:00","2025","08","22","16:00","","19.7","","6.6","","42","","","","14","","15","","32.2","","90.07","","","","","","NA"
"-114.01","51.12","CALGARY INTL A","3031092","2025-08-22 17:00","2025","08","22","17:00","","19.6","","7.0","","44","","","","16","","18","","32.2","","90.06","","","","","","Clear"
"-114.01","51.12","CALGARY INTL A","3031092","2025-08-22 18:00","2025","08","22","18:00","","19.1","","6.4","","43","","","","16","","19","","32.2","","90.03","","","","","","NA"
"-114.01","51.12","CALGARY INTL A","3031092","2025-08-22 19:00","2025","08","22","19:00","","18.1","","6.7","","47","","","","15","","20","","64.4","","90.01","","","","","","NA"
"-114.01","51.12","CALGARY INTL A","3031092","2025-08-22 20:00","2025","08","22","20:00","","16.9","","6.8","","51","","","","13","","14","","64.4","","90.02","","","","","","Clear"
"-114.01","51.12","CALGARY INTL A","3031092","2025-08-22 21:00","2025","08","22","21:00","","15.7","","7.1","","57","","","","13","","17","","24.1","","90.03","","","","","","NA"
"-114.01","51.12","CALGARY INTL A","3031092","2025-08-22 22:00","2025","08","22","22:00","","14.7","","7.3","","61","","","","14","","18","","24.1","","90.03","","","","","","NA"
"-114.01","51.12","CALGARY INTL A","3031092","2025-08-22 23:00","2025","08","22","23:00","","13.7","","6.6","","62","","","","15","","17","","24.1","","90.00","","","","","","Clear"
"-114.01","51.12","CALGARY INTL A","3031092","2025-08-23 00:00","2025","08","23","00:00","","11.7","","6.8","","72","","","","16","","10","","24.1","","90.01","","","","","","NA"
"-114.01","51.12","CALGARY INTL A","3031092","2025-08-23 01:00","2025","08","23","01:00","","10.8","","6.4","","74","","","","17","","9","","24.1","","89.99","","","","","","NA"
"-114.01","51.12","CALGARY INTL A","3031092","2025-08-23 02:00","2025","08","23","02:00","","11.2","","6.7","","74","","","","17","","5","","24.1","","89.97","","","","","","Clear"
"-114.01","51.12","CALGARY INTL A","3031092","2025-08-23 03:00","2025","08","23","03:00","","10.4","","6.6","","77","","","","19","","8","","24.1","","89.95","","","","","","NA"
"-114.01","51.12","CALGARY INTL A","3031092","2025-08-23 04:00","2025","08","23","04:00","","10.5","","6.2","","75","","","","17","","8","","24.1","","89.95","","","","","","NA"
"-114.01","51.12","CALGARY INTL A","3031092","2025-08-23 05:00","2025","08","23","05:00","","9.3","","6.2","","81","","","","21","","6","","32.2","","89.94","","","","","","Clear"
"-114.01","51.12","CALGARY INTL A","3031092","2025-08-23 06:00","2025","08","23","06:00","","9.2","","6.5","","83","","","","19","","3","","48.3","","89.95","","","","","","NA"
"-114.01","51.12","CALGARY INTL A","3031092","2025-08-23 07:00","2025","08","23","07:00","","10.4","","7.1","","80","","","","","","0","","32.2","","89.98","","","","","","NA"
"-114.01","51.12","CALGARY INTL A","3031092","2025-08-23 08:00","2025","08","23","08:00","","12.7","","8.8","","77","","","","35","","7","","32.2","","90.00","","","","","","Clear"
"-114.01","51.12","CALGARY INTL A","3031092","2025-08-23 09:00","2025","08","23","09:00","","15.2","","6.8","","57","","","","16","","3","","24.1","","89.99","","","","","","NA"
"-114.01","51.12","CALGARY INTL A","3031092","2025-08-23 10:00","2025","08","23","10:00","","16.7","","8.0","","56","","","","","","0","","24.1","","89.99","","","","","","NA"
"-114.01","51.12","CALGARY INTL A","3031092","2025-08-23 11:00","2025","08","23","11:00","","18.1","","7.5","","50","","","","15","","8","","24.1","","89.99","","","","","","Clear"
"-114.01","51.12","CALGARY INTL A","3031092","2025-08-23 12:00","2025","08","23","12:00","","19.2","","8.3","","49","","","","13","","11","","24.1","","89.98","","","","","","NA"
"-114.01","51.12","CALGARY INTL A","3031092","2025-08-23 13:00","2025","08","23","13:00","","20.4","","7.8","","44","","","","15","","9","","24.1","","89.95","","","","","","NA"
"-114.01","51.12","CALGARY INTL A","3031092","2025-08-23 14:00","2025","08","23","14:00","","21.9","","7.7","","40","","","","21","","12","","24.1","","89.93","","","","","","Clear"
"-114.01","51.12","CALGARY INTL A","3031092","2025-08-23 15:00","2025","08","23","15:00","","22.7","","7.9","","38","","","","19","","7","","24.1","","89.88","","","","","","NA"
"-114.01","51.12","CALGARY INTL A","3031092","2025-08-23 16:00","2025","08","23","16:00","","22.9","","9.2","","41","","","","15","","11","","32.2","","89.85","","","","","","NA"
"-114.01","51.12","CALGARY INTL A","3031092","2025-08-23 17:00","2025","08","23","17:00","","22.7","","7.6","","38","","","","14","","10","","32.2","","89.83","","","","","","Clear"
"-114.01","51.12","CALGARY INTL A","3031092","2025-08-23 18:00","2025","08","23","18:00","","22.2","","7.6","","38","","","","14","","16","","24.1","","89.79","","","","","","NA"
"-114.01","51.12","CALGARY INTL A","3031092","2025-08-23 19:00","2025","08","23","19:00","","21.3","","6.7","","38","","","","14","","19","","64.4","","89.76","","","","","","NA"
"-114.01","51.12","CALGARY INTL A","3031092","2025-08-23 20:00","2025","08","23","20:00","","19.7","","8.0","","46","","","","13","","20","","64.4","","89.78","","","","","","Clear"
"-114.01","51.12","CALGARY INTL A","3031092","2025-08-23 21:00","2025","08","23","21:00","","17.6","","7.9","","53","","","","14","","24","","24.1","","89.79","","","","","","NA"
"-114.01","51.12","CALGARY INTL A","3031092","2025-08-23 22:00","2025","08","23","22:00","","15.5","","8.4","","62","","","","17","","17","","24.1","","89.80","","","","","","NA"
"-114.01","51.12","CALGARY INTL A","3031092","2025-08-23 23:00","2025","08","23","23:00","","14.2","","7.9","","66","","","","18","","13","","24.1","","89.80","","","","","","Clear"
"-114.01","51.12","CALGARY INTL A","3031092","2025-08-24 00:00","2025","08","24","00:00","","14.2","","7.1","","62","","","","17","","18","","24.1","","89.79","","","","","","NA"
"-114.01","51.12","CALGARY INTL A","3031092","2025-08-24 01:00","2025","08","24","01:00","","14.8","","6.8","","58","","","","18","","27","","24.1","","89.71","","","","","","NA"
"-114.01","51.12","CALGARY INTL A","3031092","2025-08-24 02:00","2025","08","24","02:00","","13.8","","6.7","","62","","","","18","","17","","24.1","","89.66","","","","","","Clear"
"-114.01","51.12","CALGARY INTL A","3031092","2025-08-24 03:00","2025","08","24","03:00","","12.8","","6.2","","64","","","","19","","12","","24.1","","89.62","","","","","","NA"
"-114.01","51.12","CALGARY INTL A","3031092","2025-08-24 04:00","2025","08","24","04:00","","12.5","","5.9","","64","","","","18","","9","","24.1","","89.60","","","","","","NA"
"-114.01","51.12","CALGARY INTL A","3031092","2025-08-24 05:00","2025","08","24","05:00","","10.9","","6.2","","72","","","","","","0","","32.2","","89.57","","","","","","Clear"
"-114.01","51.12","CALGARY INTL A","3031092","2025-08-24 06:00","2025","08","24","06:00","","11.0","","6.3","","73","","","","23","","5","","64.4","","89.56","","","","","","NA"
"-114.01","51.12","CALGARY INTL A","3031092","2025-08-24 07:00","2025","08","24","07:00","","11.9","","7.4","","73","","","","22","","4","","32.2","","89.57","","","","","","NA"
"-114.01","51.12","CALGARY INTL A","3031092","2025-08-24 08:00","2025","08","24","08:00","","14.3","","7.7","","64","","","","23","","12","","32.2","","89.55","","","","","","Clear"
"-114.01","51.12","CALGARY INTL A","3031092","2025-08-24 09:00","2025","08","24","09:00","","16.9","","8.6","","57","","","","23","","13","","32.2","","89.52","","","","","","NA"
"-114.01","51.12","CALGARY INTL A","3031092","2025-08-24 10:00","2025","08","24","10:00","","19.1","","9.9","","55","","","","16","","5","","32.2","","89.52","","","","","","NA"
"-114.01","51.12","CALGARY INTL A","3031092","2025-08-24 11:00","2025","08","24","11:00","","21.0","","11.2","","53","","","","16","","3","","24.1","","89.51","","","","","","Clear"
"-114.01","51.12","CALGARY INTL A","3031092","2025-08-24 12:00","2025","08","24","12:00","","22.8","","9.2","","41","","","","12","","11","","24.1","","89.48","","","","","","NA"
"-114.01","51.12","CALGARY INTL A","3031092","2025-08-24 13:00","2025","08","24","13:00","","23.8","","8.3","","37","","","","20","","16","","24.1","","89.48","","","","","","NA"
"-114.01","51.12","CALGARY INTL A","3031092","2025-08-24 14:00","2025","08","24","14:00","","24.6","","8.6","","36","","","","19","","15","","24.1","","89.46","","25","","","","Clear"
"-114.01","51.12","CALGARY INTL A","3031092","2025-08-24 15:00","2025","08","24","15:00","","25.2","","10.5","","39","","","","19","","12","","24.1","","89.43","","27","","","","NA"
"-114.01","51.12","CALGARY INTL A","3031092","2025-08-24 16:00","2025","08","24","16:00","","26.2","","8.4","","32","","","","11","","8","","24.1","","89.39","","27","","","","NA"
"-114.01","51.12","CALGARY INTL A","3031092","2025-08-24 17:00","2025","08","24","17:00","","25.7","","9.0","","34","","","","18","","12","","32.2","","89.37","","27","","","","Clear"
"-114.01","51.12","CALGARY INTL A","3031092","2025-08-24 18:00","2025","08","24","18:00","","24.9","","8.3","","34","","","","17","","17","","32.2","","89.36","","25","","","","NA"
"-114.01","51.12","CALGARY INTL A","3031092","2025-08-24 19:00","2025","08","24","19:00","","23.9","","7.7","","35","","","","14","","16","","32.2","","89.36","","","","","","NA"
"-114.01","51.12","CALGARY INTL A","3031092","2025-08-24 20:00","2025","08","24","20:00","","22.1","","9.0","","43","","","","13","","12","","32.2","","89.39","","","","","","Clear"
"-114.01","51.12","CALGARY INTL A","3031092","2025-08-24 21:00","2025","08","24","21:00","","20.1","","8.4","","46","","","","14","","8","","24.1","","89.41","","","","","","NA"
"-114.01","51.12","CALGARY INTL A","3031092","2025-08-24 22:00","2025","08","24","22:00","","19.5","","8.2","","48","","","","17","","4","","24.1","","89.45","","","","","","NA"
"-114.01","51.12","CALGARY INTL A","3031092","2025-08-24 23:00","2025","08","24","23:00","","17.5","","8.2","","54","","","","17","","6","","24.1","","89.48","","","","","","Clear"
"-114.01","51.12","CALGARY INTL A","3031092","2025-08-25 00:00","2025","08","25","00:00","","15.6","","9.8","","68","","","","32","","4","","24.1","","89.48","","","","","","NA"
"-114.01","51.12","CALGARY INTL A","3031092","2025-08-25 01:00","2025","08","25","01:00","","13.0","","8.7","","75","","","","35","","4","","24.1","","89.49","","","","","","NA"
"-114.01","51.12","CALGARY INTL A","3031092","2025-08-25 02:00","2025","08","25","02:00","","12.7","","8.3","","75","","","","3","","4","","24.1","","89.47","","","","","","Clear"
"-114.01","51.12","CALGARY INTL A","3031092","2025-08-25 03:00","2025","08","25","03:00","","12.3","","8.9","","79","","","","23","","5","","24.1","","89.45","","","","","","NA"
"-114.01","51.12","CALGARY INTL A","3031092","2025-08-25 04:00","2025","08","25","04:00","","11.2","","7.4","","77","","","","32","","5","","24.1","","89.45","","","","","","NA"
"-114.01","51.12","CALGARY INTL A","3031092","2025-08-25 05:00","2025","08","25","05:00","","11.2","","7.5","","78","","","","31","","7","","24.1","","89.46","","","","","","Clear"
"-114.01","51.12","CALGARY INTL A","3031092","2025-08-25 06:00","2025","08","25","06:00","","11.3","","8.3","","81","","","","15","","4","","32.2","","89.46","","","","","","NA"
"-114.01","51.12","CALGARY INTL A","3031092","2025-08-25 07:00","2025","08","25","07:00","","12.7","","8.3","","74","","","","32","","4","","48.3","","89.47","","","","","","NA"
"-114.01","51.12","CALGARY INTL A","3031092","2025-08-25 08:00","2025","08","25","08:00","","15.6","","9.7","","68","","","","32","","4","","32.2","","89.50","","","","","","Clear"
"-114.01","51.12","CALGARY INTL A","3031092","2025-08-25 09:00","2025","08","25","09:00","","18.8","","9.7","","55","","","","21","","3","","24.1","","89.52","","","","","","NA"
"-114.01","51.12","CALGARY INTL A","3031092","2025-08-25 10:00","2025","08","25","10:00","","21.0","","10.3","","50","","","","","","0","","24.1","","89.53","","","","","","NA"
"-114.01","51.12","CALGARY INTL A","3031092","2025-08-25 11:00","2025","08","25","11:00","","23.8","","10.5","","43","","","","12","","3","","24.1","","89.50","","25","","","","Clear"
"-114.01","51.12","CALGARY INTL A","3031092","2025-08-25 12:00","2025","08","25","12:00","","25.5","","9.0","","35","","","","12","","10","","24.1","","89.48","","26","","","","NA"
"-114.01","51.12","CALGARY INTL A","3031092","2025-08-25 13:00","2025","08","25","13:00","","26.3","","8.8","","33","","","","14","","14","","24.1","","89.47","","27","","","","NA"
"-114.01","51.12","CALGARY INTL A","3031092","2025-08-25 14:00","2025","08","25","14:00","","26.7","","8.7","","32","","","","10","","17","","24.1","","89.43","","27","","","","Clear"
"-114.01","51.12","CALGARY INTL A","3031092","2025-08-25 15:00","2025","08","25","15:00","","27.1","","7.5","","29","","","","18","","11","","24.1","","89.38","","27","","","","NA"
"-114.01","51.12","CALGARY INTL A","3031092","2025-08-25 16:00","2025","08","25","16:00","","27.5","","8.1","","29","","","","16","","13","","24.1","","89.34","","28","","","","NA"
"-114.01","51.12","CALGARY INTL A","3031092","2025-08-25 17:00","2025","08","25","17:00","","27.2","","8.5","","30","","","","11","","16","","24.1","","89.33","","28","","","","Mainly Clear"
"-114.01","51.12","CALGARY INTL A","3031092","2025-08-25 18:00","2025","08","25","18:00","","26.7","","8.9","","32","","","","14","","16","","24.1","","89.32","","27","","","","NA"
"-114.01","51.12","CALGARY INTL A","3031092","2025-08-25 19:00","2025","08","25","19:00","","23.9","","9.9","","41","","","","10","","13","","32.2","","89.33","","25","","","","NA"
"-114.01","51.12","CALGARY INTL A","3031092","2025-08-25 20:00","2025","08","25","20:00","","21.9","","8.8","","43","","","","10","","13","","32.2","","89.36","","","","","","Mainly Clear"
"-114.01","51.12","CALGARY INTL A","3031092","2025-08-25 21:00","2025","08","25","21:00","","21.8","","8.1","","41","","","","11","","11","","24.1","","89.37","","","","","","NA"
"-114.01","51.12","CALGARY INTL A","3031092","2025-08-25 22:00","2025","08","25","22:00","","20.2","","8.4","","46","","","","","","0","","24.1","","89.38","","","","","","NA"
"-114.01","51.12","CALGARY INTL A","3031092","2025-08-25 23:00","2025","08","25","23:00","","18.7","","8.9","","53","","","","1","","5","","24.1","","89.41","","","","","","Mainly Clear"
"-114.01","51.12","CALGARY INTL A","3031092","2025-08-26 00:00","2025","08","26","00:00","","15.5","","9.7","","68","","","","36","","5","","24.1","","89.41","","","","","","NA"
"-114.01","51.12","CALGARY INTL A","3031092","2025-08-26 01:00","2025","08","26","01:00","","14.0","","9.4","","74","","","","1","","9","","24.1","","89.41","","","","","","NA"
"-114.01","51.12","CALGARY INTL A","3031092","2025-08-26 02:00","2025","08","26","02:00","","15.5","","8.6","","63","","","","29","","6","","24.1","","89.36","","","","","","Clear"
"-114.01","51.12","CALGARY INTL A","3031092","2025-08-26 03:00","2025","08","26","03:00","","14.1","","8.7","","69","","","","21","","8","","24.1","","89.36","","","","","","NA"
"-114.01","51.12","CALGARY INTL A","3031092","2025-08-26 04:00","2025","08","26","04:00","","14.3","","8.3","","67","","","","23","","12","","24.1","","89.35","","","","","","NA"
"-114.01","51.12","CALGARY INTL A","3031092","2025-08-26 05:00","2025","08","26","05:00","","12.9","","8.2","","73","","","","22","","5","","24.1","","89.34","","","","","","Mainly Clear"
"-114.01","51.12","CALGARY INTL A","3031092","2025-08-26 06:00","2025","08","26","06:00","","11.9","","7.2","","73","","","","1","","4","","24.1","","89.34","","","","","","NA"
"-114.01","51.12","CALGARY INTL A","3031092","2025-08-26 07:00","2025","08","26","07:00","","13.2","","8.6","","74","","","","","","0","","24.1","","89.37","","","","","","NA"
"-114.01","51.12","CALGARY INTL A","3031092","2025-08-26 08:00","2025","08","26","08:00","","15.7","","9.6","","67","","","","2","","5","","24.1","","89.40","","","","","","Clear"
"-114.01","51.12","CALGARY INTL A","3031092","2025-08-26 09:00","2025","08","26","09:00","","18.7","","11.3","","62","","","","34","","5","","24.1","","89.40","","","","","","NA"
"-114.01","51.12","CALGARY INTL A","3031092","2025-08-26 10:00","2025","08","26","10:00","","21.7","","11.1","","50","","","","36","","5","","24.1","","89.40","","","","","","NA"
"-114.01","51.12","CALGARY INTL A","3031092","2025-08-26 11:00","2025","08","26","11:00","","23.6","","10.4","","43","","","","","","0","","24.1","","89.37","","25","","","","Clear"
"-114.01","51.12","CALGARY INTL A","3031092","2025-08-26 12:00","2025","08","26","12:00","","24.9","","9.5","","37","","","","3","","13","","24.1","","89.36","","26","","","","NA"
"-114.01","51.12","CALGARY INTL A","3031092","2025-08-26 13:00","2025","08","26","13:00","","25.8","","8.7","","33","","","","14","","4","","24.1","","89.33","","27","","","","NA"
"-114.01","51.12","CALGARY INTL A","3031092","2025-08-26 14:00","2025","08","26","14:00","","26.8","","9.7","","34","","","","6","","4","","24.1","","89.31","","28","","","","Mainly Clear"
"-114.01","51.12","CALGARY INTL A","3031092","2025-08-26 15:00","2025","08","26","15:00","","27.7","","9.6","","31","","","","10","","7","","24.1","","89.29","","29","","","","NA"
"-114.01","51.12","CALGARY INTL A","3031092","2025-08-26 16:00","2025","08","26","16:00","","27.9","","8.3","","29","","","","17","","8","","24.1","","89.26","","28","","","","NA"
"-114.01","51.12","CALGARY INTL A","3031092","2025-08-26 17:00","2025","08","26","17:00","","27.8","","8.1","","29","","","","22","","6","","24.1","","89.24","","28","","","","Mainly Clear"
"-114.01","51.12","CALGARY INTL A","3031092","2025-08-26 18:00","2025","08","26","18:00","","27.5","","7.3","","27","","","","18","","5","","24.1","","89.23","","28","","","","NA"
"-114.01","51.12","CALGARY INTL A","3031092","2025-08-26 19:00","2025","08","26","19:00","","26.5","","9.1","","33","","","","8","","5","","32.2","","89.23","","27","","","","NA"
"-114.01","51.12","CALGARY INTL A","3031092","2025-08-26 20:00","2025","08","26","20:00","","22.7","","9.8","","43","","","","9","","8","","24.1","","89.25","","","","","","Mainly Clear"
"-114.01","51.12","CALGARY INTL A","3031092","2025-08-26 21:00","2025","08","26","21:00","","20.9","","11.0","","53","","","","35","","9","","24.1","","89.32","","","","","","NA"
"-114.01","51.12","CALGARY INTL A","3031092","2025-08-26 22:00","2025","08","26","22:00","","18.7","","11.7","","63","","","","35","","12","","24.1","","89.34","","","","","","NA"
"-114.01","51.12","CALGARY INTL A","3031092","2025-08-26 23:00","2025","08","26","23:00","","17.1","","11.3","","69","","","","1","","9","","24.1","","89.37","","","","","","Mainly Clear"
"-114.01","51.12","CALGARY INTL A","3031092","2025-08-27 00:00","2025","08","27","00:00","","15.6","","11.0","","74","","","","2","","7","","24.1","","89.35","","","","","","NA"
"-114.01","51.12","CALGARY INTL A","3031092","2025-08-27 01:00","2025","08","27","01:00","","14.8","","10.1","","73","","","","34","","9","","24.1","","89.33","","","","","","NA"
"-114.01","51.12","CALGARY INTL A","3031092","2025-08-27 02:00","2025","08","27","02:00","","14.6","","10.3","","75","","","","21","","5","","24.1","","89.33","","","","","","Clear"
"-114.01","51.12","CALGARY INTL A","3031092","2025-08-27 03:00","2025","08","27","03:00","","13.6","","9.8","","78","","","","","","0","","24.1","","89.32","","","","","","NA"
"-114.01","51.12","CALGARY INTL A","3031092","2025-08-27 04:00","2025","08","27","04:00","","12.4","","8.6","","78","","","","","","0","","24.1","","89.32","","","","","","NA"
"-114.01","51.12","CALGARY INTL A","3031092","2025-08-27 05:00","2025","08","27","05:00","","11.8","","8.8","","81","","","","21","","5","","24.1","","89.31","","","","","","Clear"
"-114.01","51.12","CALGARY INTL A","3031092","2025-08-27 06:00","2025","08","27","06:00","","12.1","","8.5","","78","","","","31","","7","","24.1","","89.33","","","","","","NA"
"-114.01","51.12","CALGARY INTL A","3031092","2025-08-27 07:00","2025","08","27","07:00","","13.2","","8.8","","74","","","","1","","4","","24.1","","89.34","","","","","","NA"
"-114.01","51.12","CALGARY INTL A","3031092","2025-08-27 08:00","2025","08","27","08:00","","16.3","","9.3","","63","","","","","","0","","24.1","","89.36","","","","","","Mainly Clear"
"-114.01","51.12","CALGARY INTL A","3031092","2025-08-27 09:00","2025","08","27","09:00","","19.8","","11.1","","57","","","","18","","7","","24.1","","89.39","","","","","","NA"
"-114.01","51.12","CALGARY INTL A","3031092","2025-08-27 10:00","2025","08","27","10:00","","22.0","","11.2","","50","","","","19","","10","","24.1","","89.39","","","","","","NA"
"-114.01","51.12","CALGARY INTL A","3031092","2025-08-27 11:00","2025","08","27","11:00","","25.0","","9.8","","38","","","","20","","15","","24.1","","89.36","","26","","","","Mainly Clear"
"-114.01","51.12","CALGARY INTL A","3031092","2025-08-27 12:00","2025","08","27","12:00","","27.2","","9.1","","32","","","","18","","20","","24.1","","89.35","","28","","","","NA"
"-114.01","51.12","CALGARY INTL A","3031092","2025-08-27 13:00","2025","08","27","13:00","","28.8","","5.3","","22","","","","20","","26","","32.2","","89.32","","28","","","","NA"
"-114.01","51.12","CALGARY INTL A","3031092","2025-08-27 14:00","2025","08","27","14:00","","29.0","","5.3","","22","","","","19","","32","","32.2","","89.30","","28","","","","Mainly Clear"
"-114.01","51.12","CALGARY INTL A","3031092","2025-08-27 15:00","2025","08","27","15:00","","28.8","","4.6","","21","","","","19","","23","","32.2","","89.28","","28","","","","NA"
"-114.01","51.12","CALGARY INTL A","3031092","2025-08-27 16:00","2025","08","27","16:00","","28.7","","3.5","","19","","","","17","","30","","32.2","","89.27","","28","","","","NA"
"-114.01","51.12","CALGARY INTL A","3031092","2025-08-27 17:00","2025","08","27","17:00","","27.9","","4.7","","22","","","","17","","23","","32.2","","89.27","","27","","","","Mainly Clear"
"-114.01","51.12","CALGARY INTL A","3031092","2025-08-27 18:00","2025","08","27","18:00","","27.0","","3.6","","22","","","","18","","27","","32.2","","89.24","","26","","","","NA"
"-114.01","51.12","CALGARY INTL A","3031092","2025-08-27 19:00","2025","08","27","19:00","","24.8","","5.9","","29","","","","15","","15","","64.4","","89.24","","","","","","NA"
"-114.01","51.12","CALGARY INTL A","3031092","2025-08-27 20:00","2025","08","27","20:00","","23.9","","5.6","","30","","","","14","","16","","48.3","","89.27","","","","","","Clear"
"-114.01","51.12","CALGARY INTL A","3031092","2025-08-27 21:00","2025","08","27","21:00","","21.7","","6.6","","37","","","","16","","7","","24.1","","89.31","","","","","","NA"
"-114.01","51.12","CALGARY INTL A","3031092","2025-08-27 22:00","2025","08","27","22:00","","20.0","","7.2","","43","","","","17","","8","","24.1","","89.33","","","","","","NA"
"-114.01","51.12","CALGARY INTL A","3031092","2025-08-27 23:00","2025","08","27","23:00","","19.0","","7.5","","47","","","","19","","4","","24.1","","89.31","","","","","","Clear"
"-114.01","51.12","CALGARY INTL A","3031092","2025-08-28 00:00","2025","08","28","00:00","","16.2","","7.7","","57","","","","","","0","","24.1","","89.33","","","","","","NA"
"-114.01","51.12","CALGARY INTL A","3031092","2025-08-28 01:00","2025","08","28","01:00","","15.2","","7.8","","61","","","","24","","3","","24.1","","89.30","","","","","","NA"
"-114.01","51.12","CALGARY INTL A","3031092","2025-08-28 02:00","2025","08","28","02:00","","13.7","","7.9","","68","","","","20","","10","","24.1","","89.29","","","","","","Clear"
"-114.01","51.12","CALGARY INTL A","3031092","2025-08-28 03:00","2025","08","28","03:00","","13.4","","7.2","","66","","","","19","","9","","24.1","","89.30","","","","","","NA"
"-114.01","51.12","CALGARY INTL A","3031092","2025-08-28 04:00","2025","08","28","04:00","","13.0","","7.6","","69","","","","20","","6","","24.1","","89.30","","","","","","NA"
"-114.01","51.12","CALGARY INTL A","3031092","2025-08-28 05:00","2025","08","28","05:00","","12.2","","7.2","","71","","","","19","","7","","32.2","","89.30","","","","","","Mainly Clear"
"-114.01","51.12","CALGARY INTL A","3031092","2025-08-28 06:00","2025","08","28","06:00","","11.5","","6.0","","69","","","","","","0","","48.3","","89.32","","","","","","NA"
"-114.01","51.12","CALGARY INTL A","3031092","2025-08-28 07:00","2025","08","28","07:00","","12.8","","7.3","","69","","","","22","","4","","64.4","","89.32","","","","","","NA"
"-114.01","51.12","CALGARY INTL A","3031092","2025-08-28 08:00","2025","08","28","08:00","","14.6","","7.3","","61","","","","21","","8","","64.4","","89.34","","","","","","Mostly Cloudy"
"-114.01","51.12","CALGARY INTL A","3031092","2025-08-28 09:00","2025","08","28","09:00","","18.7","","8.4","","51","","","","18","","9","","48.3","","89.36","","","","","","NA"
"-114.01","51.12","CALGARY INTL A","3031092","2025-08-28 10:00","2025","08","28","10:00","","20.5","","9.0","","47","","","","18","","6","","48.3","","89.35","","","","","","NA"
"-114.01","51.12","CALGARY INTL A","3031092","2025-08-28 11:00","2025","08","28","11:00","","22.9","","8.1","","38","","","","17","","11","","48.3","","89.35","","","","","","Mostly Cloudy"
"-114.01","51.12","CALGARY INTL A","3031092","2025-08-28 12:00","2025","08","28","12:00","","25.6","","8.7","","34","","","","15","","19","","32.2","","89.33","","26","","","","NA"
"-114.01","51.12","CALGARY INTL A","3031092","2025-08-28 13:00","2025","08","28","13:00","","25.6","","7.8","","32","","","","18","","21","","32.2","","89.31","","26","","","","NA"
"-114.01","51.12","CALGARY INTL A","3031092","2025-08-28 14:00","2025","08","28","14:00","","27.4","","7.5","","28","","","","20","","18","","32.2","","89.31","","28","","","","Mostly Cloudy"
"-114.01","51.12","CALGARY INTL A","3031092","2025-08-28 15:00","2025","08","28","15:00","","27.3","","6.1","","25","","","","18","","22","","32.2","","89.30","","27","","","","NA"
"-114.01","51.12","CALGARY INTL A","3031092","2025-08-28 16:00","2025","08","28","16:00","","27.0","","6.9","","27","","","","18","","21","","32.2","","89.29","","27","","","","NA"
"-114.01","51.12","CALGARY INTL A","3031092","2025-08-28 17:00","2025","08","28","17:00","","25.5","","7.0","","30","","","","17","","20","","32.2","","89.28","","26","","","","Mostly Cloudy"
"-114.01","51.12","CALGARY INTL A","3031092","2025-08-28 18:00","2025","08","28","18:00","","24.3","","8.4","","36","","","","18","","18","","32.2","","89.31","","25","","","","NA"
"-114.01","51.12","CALGARY INTL A","3031092","2025-08-28 19:00","2025","08","28","19:00","","22.2","","8.6","","41","","","","19","","11","","32.2","","89.32","","","","","","NA"
"-114.01","51.12","CALGARY INTL A","3031092","2025-08-28 20:00","2025","08","28","20:00","","21.1","","8.8","","45","","","","18","","9","","24.1","","89.38","","","","","","Mostly Cloudy"
"-114.01","51.12","CALGARY INTL A","3031092","2025-08-28 21:00","2025","08","28","21:00","","20.2","","9.9","","51","","","","18","","8","","24.1","","89.40","","","","","","NA"
"-114.01","51.12","CALGARY INTL A","3031092","2025-08-28 22:00","2025","08","28","22:00","","18.6","","10.5","","59","","","","18","","8","","24.1","","89.42","","","","","","NA"
"-114.01","51.12","CALGARY INTL A","3031092","2025-08-28 23:00","2025","08","28","23:00","","18.0","","10.6","","61","","","","20","","4","","24.1","","89.41","","","","","","Clear"
"-114.01","51.12","CALGARY INTL A","3031092","2025-08-29 00:00","2025","08","29","00:00","","15.7","","10.3","","70","","","","18","","9","","24.1","","89.41","","","","","","NA"
"-114.01","51.12","CALGARY INTL A","3031092","2025-08-29 01:00","2025","08","29","01:00","","14.7","","9.5","","71","","","","","","0","","24.1","","89.42","","","","","","NA"
"-114.01","51.12","CALGARY INTL A","3031092","2025-08-29 02:00","2025","08","29","02:00","","12.8","","8.9","","77","","","","22","","8","","24.1","","89.43","","","","","","Clear"
"-114.01","51.12","CALGARY INTL A","3031092","2025-08-29 03:00","2025","08","29","03:00","","12.1","","8.5","","78","","","","21","","5","","24.1","","89.45","","","","","","NA"
"-114.01","51.12","CALGARY INTL A","3031092","2025-08-29 04:00","2025","08","29","04:00","","12.4","","8.2","","75","","","","","","0","","24.1","","89.46","","","","","","NA"
"-114.01","51.12","CALGARY INTL A","3031092","2025-08-29 05:00","2025","08","29","05:00","","12.0","","7.9","","76","","","","","","0","","32.2","","89.47","","","","","","Mainly Clear"
"-114.01","51.12","CALGARY INTL A","3031092","2025-08-29 06:00","2025","08","29","06:00","","11.3","","8.0","","79","","","","22","","4","","32.2","","89.48","","","","","","NA"
"-114.01","51.12","CALGARY INTL A","3031092","2025-08-29 07:00","2025","08","29","07:00","","13.3","","8.7","","73","","","","","","0","","48.3","","89.51","","","","","","NA"
"-114.01","51.12","CALGARY INTL A","3031092","2025-08-29 08:00","2025","08","29","08:00","","15.9","","8.6","","62","","","","21","","3","","32.2","","89.53","","","","","","Mainly Clear"
"-114.01","51.12","CALGARY INTL A","3031092","2025-08-29 09:00","2025","08","29","09:00","","19.4","","10.2","","55","","","","","","0","","32.2","","89.55","","","","","","NA"
"-114.01","51.12","CALGARY INTL A","3031092","2025-08-29 10:00","2025","08","29","10:00","","21.9","","10.2","","47","","","","21","","5","","32.2","","89.56","","","","","","NA"
"-114.01","51.12","CALGARY INTL A","3031092","2025-08-29 11:00","2025","08","29","11:00","","23.9","","8.8","","38","","","","18","","12","","48.3","","89.55","","25","","","","Mainly Clear"
"-114.01","51.12","CALGARY INTL A","3031092","2025-08-29 12:00","2025","08","29","12:00","","24.9","","7.0","","31","","","","23","","10","","48.3","","89.54","","25","","","","NA"
"-114.01","51.12","CALGARY INTL A","3031092","2025-08-29 13:00","2025","08","29","13:00","","25.7","","6.9","","30","","","","36","","4","","48.3","","89.53","","26","","","","NA"
"-114.01","51.12","CALGARY INTL A","3031092","2025-08-29 14:00","2025","08","29","14:00","","26.4","","6.4","","28","","","","16","","9","","48.3","","89.51","","26","","","","Mainly Clear"
"-114.01","51.12","CALGARY INTL A","3031092","2025-08-29 15:00","2025","08","29","15:00","","26.6","","6.5","","27","","","","20","","9","","48.3","","89.47","","26","","","","NA"
"-114.01","51.12","CALGARY INTL A","3031092","2025-08-29 16:00","2025","08","29","16:00","","27.0","","7.5","","29","","","","14","","11","","48.3","","89.43","","27","","","","NA"
"-114.01","51.12","CALGARY INTL A","3031092","2025-08-29 17:00","2025","08","29","17:00","","26.5","","6.0","","27","","","","14","","14","","32.2","","89.42","","26","","","","Mainly Clear"
"-114.01","51.12","CALGARY INTL A","3031092","2025-08-29 18:00","2025","08","29","18:00","","25.2","","5.4","","27","","","","13","","16","","32.2","","89.41","","25","","","","NA"
"-114.01","51.12","CALGARY INTL A","3031092","2025-08-29 19:00","2025","08","29","19:00","","23.1","","6.1","","33","","","","16","","11","","48.3","","89.41","","","","","","NA"
"-114.01","51.12","CALGARY INTL A","3031092","2025-08-29 20:00","2025","08","29","20:00","","21.9","","6.6","","37","","","","15","","14","","32.2","","89.43","","","","","","Mainly Clear"
"-114.01","51.12","CALGARY INTL A","3031092","2025-08-29 21:00","2025","08","29","21:00","","21.7","","6.0","","36","","","","19","","13","","24.1","","89.45","","","","","","NA"
"-114.01","51.12","CALGARY INTL A","3031092","2025-08-29 22:00","2025","08","29","22:00","","19.3","","7.9","","47","","","","20","","10","","24.1","","89.42","","","","","","NA"
"-114.01","51.12","CALGARY INTL A","3031092","2025-08-29 23:00","2025","08","29","23:00","","16.8","","8.5","","58","","","","18","","11","","24.1","","89.40","","","","","","Mainly Clear"
"-114.01","51.12","CALGARY INTL A","3031092","2025-08-30 00:00","2025","08","30","00:00","","16.5","","8.9","","60","","","","19","","9","","24.1","","89.39","","","","","","NA"
"-114.01","51.12","CALGARY INTL A","3031092","2025-08-30 01:00","2025","08","30","01:00","","15.8","","8.7","","63","","","","20","","8","","24.1","","89.35","","","","","","NA"
"-114.01","51.12","CALGARY INTL A","3031092","2025-08-30 02:00","2025","08","30","02:00","","15.0","","8.7","","66","","","","21","","7","","24.1","","89.33","","","","","","Clear"
"-114.01","51.12","CALGARY INTL A","3031092","2025-08-30 03:00","2025","08","30","03:00","","15.5","","7.1","","57","","","","22","","8","","24.1","","89.31","","","","","","NA"
"-114.01","51.12","CALGARY INTL A","3031092","2025-08-30 04:00","2025","08","30","04:00","","14.2","","6.7","","60","","","","20","","8","","24.1","","89.29","","","","","","NA"
"-114.01","51.12","CALGARY INTL A","3031092","2025-08-30 05:00","2025","08","30","05:00","","13.2","","7.3","","67","","","","20","","7","","24.1","","89.27","","","","","","Mainly Clear"
"-114.01","51.12","CALGARY INTL A","3031092","2025-08-30 06:00","2025","08","30","06:00","","10.8","","7.6","","80","","","","19","","12","","32.2","","89.29","","","","","","NA"
"-114.01","51.12","CALGARY INTL A","3031092","2025-08-30 07:00","2025","08","30","07:00","","13.5","","8.2","","70","","","","21","","10","","32.2","","89.31","","","","","","NA"
"-114.01","51.12","CALGARY INTL A","3031092","2025-08-30 08:00","2025","08","30","08:00","","16.4","","8.2","","58","","","","20","","9","","32.2","","89.29","","","","","","Mainly Clear"
"-114.01","51.12","CALGARY INTL A","3031092","2025-08-30 09:00","2025","08","30","09:00","","19.5","","9.5","","52","","","","19","","9","","32.2","","89.27","","","","","","NA"
"-114.01","51.12","CALGARY INTL A","3031092","2025-08-30 10:00","2025","08","30","10:00","","21.2","","9.1","","45","","","","19","","15","","32.2","","89.26","","","","","","NA"
"-114.01","51.12","CALGARY INTL A","3031092","2025-08-30 11:00","2025","08","30","11:00","","23.8","","9.2","","39","","","","16","","26","","24.1","","89.24","","25","","","","Mostly Cloudy"
"-114.01","51.12","CALGARY INTL A","3031092","2025-08-30 12:00","2025","08","30","12:00","","24.8","","10.0","","39","","","","18","","18","","24.1","","89.20","","26","","","","NA"
"-114.01","51.12","CALGARY INTL A","3031092","2025-08-30 13:00","2025","08","30","13:00","","26.4","","8.9","","33","","","","14","","21","","24.1","","89.15","","27","","","","NA"
"-114.01","51.12","CALGARY INTL A","3031092","2025-08-30 14:00","2025","08","30","14:00","","26.9","","7.9","","30","","","","17","","14","","24.1","","89.12","","27","","","","Mainly Clear"
"-114.01","51.12","CALGARY INTL A","3031092","2025-08-30 15:00","2025","08","30","15:00","","27.2","","8.5","","30","","","","18","","19","","32.2","","89.13","","28","","","","NA"
"-114.01","51.12","CALGARY INTL A","3031092","2025-08-30 16:00","2025","08","30","16:00","","24.7","","9.4","","37","","","","18","","14","","32.2","","89.15","","26","","","","NA"
"-114.01","51.12","CALGARY INTL A","3031092","2025-08-30 17:00","2025","08","30","17:00","","22.7","","6.9","","36","","","","33","","31","","24.1","","89.28","","","","","","Thunderstorms"
"-114.01","51.12","CALGARY INTL A","3031092","2025-08-30 18:00","2025","08","30","18:00","","19.1","","9.5","","53","","","","33","","33","","24.1","","89.33","","","","","","NA"
"-114.01","51.12","CALGARY INTL A","3031092","2025-08-30 19:00","2025","08","30","19:00","","19.1","","9.0","","52","","","","34","","9","","32.2","","89.33","","","","","","NA"
"-114.01","51.12","CALGARY INTL A","3031092","2025-08-30 20:00","2025","08","30","20:00","","17.9","","9.2","","56","","","","22","","10","","32.2","","89.38","","","","","","Mostly Cloudy"
"-114.01","51.12","CALGARY INTL A","3031092","2025-08-30 21:00","2025","08","30","21:00","","17.4","","9.4","","59","","","","24","","4","","24.1","","89.38","","","","","","NA"
"-114.01","51.12","CALGARY INTL A","3031092","2025-08-30 22:00","2025","08","30","22:00","","15.8","","8.8","","63","","","","20","","8","","24.1","","89.37","","","","","","NA"
"-114.01","51.12","CALGARY INTL A","3031092","2025-08-30 23:00","2025","08","30","23:00","","14.8","","8.6","","66","","","","21","","5","","24.1","","89.38","","","","","","Mainly Clear"
"-114.01","51.12","CALGARY INTL A","3031092","2025-08-31 00:00","2025","08","31","00:00","","14.4","","9.3","","71","","","","22","","9","","24.1","","89.38","","","","","","NA"
"-114.01","51.12","CALGARY INTL A","3031092","2025-08-31 01:00","2025","08","31","01:00","","13.5","","8.5","","71","","","","33","","4","","24.1","","89.37","","","","","","NA"
"-114.01","51.12","CALGARY INTL A","3031092","2025-08-31 02:00","2025","08","31","02:00","","13.0","","8.4","","73","","","","30","","6","","24.1","","89.37","","","","","","Clear"
"-114.01","51.12","CALGARY INTL A","3031092","2025-08-31 03:00","2025","08","31","03:00","","12.0","","8.3","","78","","","","","","0","","24.1","","89.38","","","","","","NA"
"-114.01","51.12","CALGARY INTL A","3031092","2025-08-31 04:00","2025","08","31","04:00","","10.9","","7.9","","82","","","","21","","8","","24.1","","89.38","","","","","","NA"
"-114.01","51.12","CALGARY INTL A","3031092","2025-08-31 05:00","2025","08","31","05:00","","11.3","","7.4","","77","","","","","","0","","32.2","","89.38","","","","","","Clear"
"-114.01","51.12","CALGARY INTL A","3031092","2025-08-31 06:00","2025","08","31","06:00","","11.7","","7.5","","75","","","","6","","3","","24.1","","89.43","","","","","","NA"
"-114.01","51.12","CALGARY INTL A","3031092","2025-08-31 07:00","2025","08","31","07:00","","13.2","","8.0","","71","","","","31","","7","","32.2","","89.48","","","","","","NA"
"-114.01","51.12","CALGARY INTL A","3031092","2025-08-31 08:00","2025","08","31","08:00","","16.1","","9.1","","63","","","","21","","8","","32.2","","89.51","","","","","","Mainly Clear"
"-114.01","51.12","CALGARY INTL A","3031092","2025-08-31 09:00","2025","08","31","09:00","","20.1","","9.3","","49","","","","20","","4","","32.2","","89.53","","","","","","NA"
"-114.01","51.12","CALGARY INTL A","3031092","2025-08-31 10:00","2025","08","31","10:00","","22.6","","9.7","","43","","","","19","","6","","24.1","","89.54","","","","","","NA"
"-114.01","51.12","CALGARY INTL A","3031092","2025-08-31 11:00","2025","08","31","11:00","","24.6","","9.4","","37","","","","","","0","","24.1","","89.52","","26","","","","Mainly Clear"
"-114.01","51.12","CALGARY INTL A","3031092","2025-08-31 12:00","2025","08","31","12:00","","26.2","","6.5","","28","","","","32","","16","","24.1","","89.52","","26","","","","NA"
"-114.01","51.12","CALGARY INTL A","3031092","2025-08-31 13:00","2025","08","31","13:00","","26.4","","6.0","","27","","","","32","","13","","24.1","","89.51","","26","","","","NA"
"-114.01","51.12","CALGARY INTL A","3031092","2025-08-31 14:00","2025","08","31","14:00","","26.8","","6.9","","28","","","","33","","14","","24.1","","89.54","","27","","","","Mostly Cloudy"
"-114.01","51.12","CALGARY INTL A","3031092","2025-08-31 15:00","2025","08","31","15:00","","27.8","","7.0","","26","","","","35","","13","","24.1","","89.49","","28","","","","NA"
"-114.01","51.12","CALGARY INTL A","3031092","2025-08-31 16:00","2025","08","31","16:00","","27.3","","6.6","","26","","","","1","","15","","24.1","","89.50","","27","","","","NA"
"-114.01","51.12","CALGARY INTL A","3031092","2025-08-31 17:00","2025","08","31","17:00","","26.7","","6.7","","27","","","","3","","8","","24.1","","89.49","","27","","","","Mostly Cloudy"
"-114.01","51.12","CALGARY INTL A","3031092","2025-08-31 18:00","2025","08","31","18:00","","25.7","","7.4","","31","","","","1","","10","","24.1","","89.51","","26","","","","NA"
"-114.01","51.12","CALGARY INTL A","3031092","2025-08-31 19:00","2025","08","31","19:00","","23.1","","9.0","","40","","","","5","","10","","24.1","","89.53","","","","","","NA"
"-114.01","51.12","CALGARY INTL A","3031092","2025-08-31 20:00","2025","08","31","20:00","","20.3","","8.7","","47","","","","5","","5","","24.1","","89.59","","","","","","Mostly Cloudy"
"-114.01","51.12","CALGARY INTL A","3031092","2025-08-31 21:00","2025","08","31","21:00","","19.5","","8.9","","50","","","","35","","9","","24.1","","89.65","","","","","","NA"
"-114.01","51.12","CALGARY INTL A","3031092","2025-08-31 22:00","2025","08","31","22:00","","18.1","","8.8","","54","","","","35","","9","","24.1","","89.69","","","","","","NA"
"-114.01","51.12","CALGARY INTL A","3031092","2025-08-31 23:00","2025","08","31","23:00","","17.1","","8.7","","57","","","","35","","6","","24.1","","89.69","","","","","","Clear"
