"Longitude (x)","Latitude (y)","Station Name","Climate ID","Date/Time (LST)","Year","Month","Day","Time (LST)","Flag","Temp (°C)","Temp Flag","Dew Point Temp (°C)","Dew Point Temp Flag","Rel Hum (%)","Rel Hum Flag","Precip. Amount (mm)","Precip. Amount Flag","Wind Dir (10s deg)","Wind Dir Flag","Wind Spd (km/h)","Wind Spd Flag","Visibility (km)","Visibility Flag","Stn Press (kPa)","Stn Press Flag","Hmdx","Hmdx Flag","Wind Chill","Wind Chill Flag","Weather"
"-114.01","51.12","CALGARY INTL A","3031092","2025-04-01 00:00","2025","04","01","00:00","","-0.9","","-2.8","","87","","","","9","","7","","24.1","","87.62","","","","-3","","NA"
"-114.01","51.12","CALGARY INTL A","3031092","2025-04-01 01:00","2025","04","01","01:00","","-0.8","","-3.1","","84","","","","14","","6","","16.1","","87.60","","","","-3","","NA"
"-114.01","51.12","CALGARY INTL A","3031092","2025-04-01 02:00","2025","04","01","02:00","","-1.0","","-3.0","","86","","","","17","","5","","19.3","","87.56","","","","-3","","Cloudy"
"-114.01","51.12","CALGARY INTL A","3031092","2025-04-01 03:00","2025","04","01","03:00","","-1.2","","-3.0","","88","","","","18","","5","","16.1","","87.55","","","","-3","","NA"
"-114.01","51.12","CALGARY INTL A","3031092","2025-04-01 04:00","2025","04","01","04:00","","-1.4","","-3.1","","88","","","","19","","8","","16.1","","87.52","","","","-4","","NA"
"-114.01","51.12","CALGARY INTL A","3031092","2025-04-01 05:00","2025","04","01","05:00","","-1.5","","-3.0","","89","","","","20","","5","","19.3","","87.53","","","","-3","","Mostly Cloudy"
"-114.01","51.12","CALGARY INTL A","3031092","2025-04-01 06:00","2025","04","01","06:00","","-1.8","","-3.0","","91","","","","18","","6","","32.2","","87.52","","","","-4","","NA"
"-114.01","51.12","CALGARY INTL A","3031092","2025-04-01 07:00","2025","04","01","07:00","","-1.4","","-2.9","","90","","","","21","","4","","32.2","","87.54","","","","-3","","NA"
"-114.01","51.12","CALGARY INTL A","3031092","2025-04-01 08:00","2025","04","01","08:00","","0.2","","-2.1","","85","","","","17","","8","","56.3","","87.54","","","","","","Mainly Clear"
"-114.01","51.12","CALGARY INTL A","3031092","2025-04-01 09:00","2025","04","01","09:00","","2.2","","-1.9","","74","","","","18","","10","","64.4","","87.52","","","","","","NA"
"-114.01","51.12","CALGARY INTL A","3031092","2025-04-01 10:00","2025","04","01","10:00","","3.9","","-1.5","","68","","","","17","","12","","64.4","","87.52","","","","","","NA"
"-114.01","51.12","CALGARY INTL A","3031092","2025-04-01 11:00","2025","04","01","11:00","","5.2","","-1.3","","63","","","","16","","14","","64.4","","87.53","","","","","","Mainly Clear"
"-114.01","51.12","CALGARY INTL A","3031092","2025-04-01 12:00","2025","04","01","12:00","","6.3","","-2.0","","55","","","","15","","8","","48.3","","87.52","","","","","","NA"
"-114.01","51.12","CALGARY INTL A","3031092","2025-04-01 13:00","2025","04","01","13:00","","7.7","","-0.6","","56","","","","24","","5","","32.2","","87.50","","","","","","NA"
"-114.01","51.12","CALGARY INTL A","3031092","2025-04-01 14:00","2025","04","01","14:00","","7.6","","-2.6","","48","","","","6","","10","","24.1","","87.50","","","","","","Mostly Cloudy"
"-114.01","51.12","CALGARY INTL A","3031092","2025-04-01 15:00","2025","04","01","15:00","","8.0","","-2.4","","48","","","","2","","14","","24.1","","87.51","","","","","","NA"
"-114.01","51.12","CALGARY INTL A","3031092","2025-04-01 16:00","2025","04","01","16:00","","8.0","","-2.1","","49","","","","7","","17","","24.1","","87.50","","","","","","NA"
"-114.01","51.12","CALGARY INTL A","3031092","2025-04-01 17:00","2025","04","01","17:00","","4.4","","-0.2","","72","","","","36","","29","","16.1","","87.58","","","","","","Rain Showers,Snow Showers"
"-114.01","51.12","CALGARY INTL A","3031092","2025-04-01 18:00","2025","04","01","18:00","","2.2","","0.7","","90","","","","3","","14","","8.1","","87.66","","","","","","Rain Showers,Snow Showers"
"-114.01","51.12","CALGARY INTL A","3031092","2025-04-01 19:00","2025","04","01","19:00","","1.6","","0.5","","92","","","","1","","16","","8.1","","87.66","","","","","","Rain Showers,Fog"
"-114.01","51.12","CALGARY INTL A","3031092","2025-04-01 20:00","2025","04","01","20:00","","1.6","","0.6","","93","","","","1","","14","","11.3","","87.76","","","","","","Cloudy"
"-114.01","51.12","CALGARY INTL A","3031092","2025-04-01 21:00","2025","04","01","21:00","","-0.3","","-0.9","","95","","","","1","","30","","1.2","","87.83","","","","-7","","Snow Showers,Snow Pellets,Fog"
"-114.01","51.12","CALGARY INTL A","3031092","2025-04-01 22:00","2025","04","01","22:00","","-1.2","","-1.9","","94","","","","36","","36","","1.2","","87.89","","","","-9","","Snow Showers,Fog"
"-114.01","51.12","CALGARY INTL A","3031092","2025-04-01 23:00","2025","04","01","23:00","","-1.9","","-2.7","","94","","","","36","","31","","1.2","","87.93","","","","-9","","Snow Showers,Fog"
"-114.01","51.12","CALGARY INTL A","3031092","2025-04-02 00:00","2025","04","02","00:00","","-2.2","","-3.0","","94","","","","35","","23","","1.6","","87.97","","","","-8","","Snow"
"-114.01","51.12","CALGARY INTL A","3031092","2025-04-02 01:00","2025","04","02","01:00","","-2.5","","-3.5","","93","","","","34","","21","","1.2","","88.00","","","","-9","","Snow"
"-114.01","51.12","CALGARY INTL A","3031092","2025-04-02 02:00","2025","04","02","02:00","","-2.8","","-3.9","","92","","","","35","","21","","1.6","","88.01","","","","-9","","Snow"
"-114.01","51.12","CALGARY INTL A","3031092","2025-04-02 03:00","2025","04","02","03:00","","-3.2","","-4.3","","92","","","","2","","23","","4.0","","88.04","","","","-10","","Snow,Fog"
"-114.01","51.12","CALGARY INTL A","3031092","2025-04-02 04:00","2025","04","02","04:00","","-4.0","","-5.3","","91","","","","36","","22","","4.0","","88.07","","","","-11","","Snow,Fog"
"-114.01","51.12","CALGARY INTL A","3031092","2025-04-02 05:00","2025","04","02","05:00","","-4.9","","-6.4","","89","","","","1","","20","","11.3","","88.08","","","","-11","","Snow,Blowing Snow,Drifting Snow"
"-114.01","51.12","CALGARY INTL A","3031092","2025-04-02 06:00","2025","04","02","06:00","","-4.7","","-6.3","","88","","","","36","","17","","9.7","","88.15","","","","-11","","Fog"
"-114.01","51.12","CALGARY INTL A","3031092","2025-04-02 07:00","2025","04","02","07:00","","-4.7","","-6.6","","87","","","","1","","19","","9.7","","88.19","","","","-11","","Snow,Fog"
"-114.01","51.12","CALGARY INTL A","3031092","2025-04-02 08:00","2025","04","02","08:00","","-5.0","","-6.8","","87","","","","36","","19","","3.6","","88.25","","","","-11","","Snow"
"-114.01","51.12","CALGARY INTL A","3031092","2025-04-02 09:00","2025","04","02","09:00","","-4.5","","-6.8","","84","","","","1","","11","","11.3","","88.28","","","","-9","","Snow"
"-114.01","51.12","CALGARY INTL A","3031092","2025-04-02 10:00","2025","04","02","10:00","","-4.2","","-7.0","","81","","","","1","","12","","24.1","","88.31","","","","-9","","Snow"
"-114.01","51.12","CALGARY INTL A","3031092","2025-04-02 11:00","2025","04","02","11:00","","-3.7","","-7.0","","78","","","","3","","8","","24.1","","88.32","","","","-7","","Snow"
"-114.01","51.12","CALGARY INTL A","3031092","2025-04-02 12:00","2025","04","02","12:00","","-2.7","","-7.6","","70","","","","","","0","","24.1","","88.31","","","","","","Snow"
"-114.01","51.12","CALGARY INTL A","3031092","2025-04-02 13:00","2025","04","02","13:00","","-1.6","","-7.9","","63","","","","16","","5","","24.1","","88.27","","","","-3","","NA"
"-114.01","51.12","CALGARY INTL A","3031092","2025-04-02 14:00","2025","04","02","14:00","","-0.8","","-6.2","","67","","","","18","","15","","24.1","","88.21","","","","-5","","Mostly Cloudy"
"-114.01","51.12","CALGARY INTL A","3031092","2025-04-02 15:00","2025","04","02","15:00","","-0.1","","-6.2","","64","","","","18","","13","","32.2","","88.17","","","","-4","","NA"
"-114.01","51.12","CALGARY INTL A","3031092","2025-04-02 16:00","2025","04","02","16:00","","0.7","","-5.9","","61","","","","18","","12","","24.1","","88.17","","","","","","NA"
"-114.01","51.12","CALGARY INTL A","3031092","2025-04-02 17:00","2025","04","02","17:00","","0.0","","-5.7","","65","","","","17","","10","","24.1","","88.15","","","","-3","","Mostly Cloudy"
"-114.01","51.12","CALGARY INTL A","3031092","2025-04-02 18:00","2025","04","02","18:00","","-0.2","","-5.8","","66","","","","17","","16","","32.2","","88.15","","","","-5","","NA"
"-114.01","51.12","CALGARY INTL A","3031092","2025-04-02 19:00","2025","04","02","19:00","","-1.0","","-5.5","","72","","","","17","","13","","32.2","","88.16","","","","-5","","NA"
"-114.01","51.12","CALGARY INTL A","3031092","2025-04-02 20:00","2025","04","02","20:00","","-1.4","","-4.6","","79","","","","15","","16","","24.1","","88.22","","","","-6","","Mainly Clear"
"-114.01","51.12","CALGARY INTL A","3031092","2025-04-02 21:00","2025","04","02","21:00","","-2.0","","-4.9","","81","","","","16","","17","","24.1","","88.26","","","","-7","","NA"
"-114.01","51.12","CALGARY INTL A","3031092","2025-04-02 22:00","2025","04","02","22:00","","-2.1","","-5.0","","80","","","","13","","7","","6.4","","88.33","","","","-5","","Snow,Fog"
"-114.01","51.12","CALGARY INTL A","3031092","2025-04-02 23:00","2025","04","02","23:00","","-2.6","","-3.9","","91","","","","35","","4","","2.4","","88.44","","","","-4","","Snow"
"-114.01","51.12","CALGARY INTL A","3031092","2025-04-03 00:00","2025","04","03","00:00","","-2.6","","-3.5","","94","","","","32","","9","","1.2","","88.55","","","","-6","","Snow"
"-114.01","51.12","CALGARY INTL A","3031092","2025-04-03 01:00","2025","04","03","01:00","","-3.5","","-4.6","","92","","","","5","","13","","2.4","","88.61","","","","-8","","Snow"
"-114.01","51.12","CALGARY INTL A","3031092","2025-04-03 02:00","2025","04","03","02:00","","-4.1","","-5.3","","92","","","","36","","11","","6.4","","88.69","","","","-9","","Fog"
"-114.01","51.12","CALGARY INTL A","3031092","2025-04-03 03:00","2025","04","03","03:00","","-4.0","","-5.3","","91","","","","34","","8","","11.3","","88.74","","","","-7","","NA"
"-114.01","51.12","CALGARY INTL A","3031092","2025-04-03 04:00","2025","04","03","04:00","","-3.6","","-6.8","","78","","","","35","","17","","16.1","","88.80","","","","-9","","NA"
"-114.01","51.12","CALGARY INTL A","3031092","2025-04-03 05:00","2025","04","03","05:00","","-4.2","","-7.8","","76","","","","36","","23","","24.1","","88.87","","","","-11","","Mostly Cloudy"
"-114.01","51.12","CALGARY INTL A","3031092","2025-04-03 06:00","2025","04","03","06:00","","-5.5","","-8.8","","78","","","","36","","23","","24.1","","88.92","","","","-13","","NA"
"-114.01","51.12","CALGARY INTL A","3031092","2025-04-03 07:00","2025","04","03","07:00","","-6.0","","-9.7","","75","","","","36","","23","","24.1","","89.02","","","","-13","","NA"
"-114.01","51.12","CALGARY INTL A","3031092","2025-04-03 08:00","2025","04","03","08:00","","-5.7","","-9.8","","73","","","","35","","19","","24.1","","89.07","","","","-12","","Mostly Cloudy"
"-114.01","51.12","CALGARY INTL A","3031092","2025-04-03 09:00","2025","04","03","09:00","","-4.7","","-10.2","","66","","","","34","","21","","24.1","","89.13","","","","-11","","NA"
"-114.01","51.12","CALGARY INTL A","3031092","2025-04-03 10:00","2025","04","03","10:00","","-4.3","","-11.2","","59","","","","34","","18","","32.2","","89.20","","","","-10","","NA"
"-114.01","51.12","CALGARY INTL A","3031092","2025-04-03 11:00","2025","04","03","11:00","","-3.0","","-10.5","","57","","","","34","","16","","48.3","","89.22","","","","-8","","Clear"
"-114.01","51.12","CALGARY INTL A","3031092","2025-04-03 12:00","2025","04","03","12:00","","-2.0","","-11.3","","49","","","","36","","18","","48.3","","89.23","","","","-7","","NA"
"-114.01","51.12","CALGARY INTL A","3031092","2025-04-03 13:00","2025","04","03","13:00","","-1.4","","-11.9","","45","","","","2","","5","","24.1","","89.22","","","","-3","","NA"
"-114.01","51.12","CALGARY INTL A","3031092","2025-04-03 14:00","2025","04","03","14:00","","-0.2","","-12.8","","38","","","","35","","12","","32.2","","89.22","","","","-4","","Mainly Clear"
"-114.01","51.12","CALGARY INTL A","3031092","2025-04-03 15:00","2025","04","03","15:00","","0.0","","-12.6","","38","","","","3","","15","","32.2","","89.24","","","","-4","","NA"
"-114.01","51.12","CALGARY INTL A","3031092","2025-04-03 16:00","2025","04","03","16:00","","0.9","","-9.5","","46","","","","34","","20","","32.2","","89.26","","","","","","NA"
"-114.01","51.12","CALGARY INTL A","3031092","2025-04-03 17:00","2025","04","03","17:00","","0.9","","-10.1","","44","","","","34","","20","","32.2","","89.27","","","","","","Mostly Cloudy"
"-114.01","51.12","CALGARY INTL A","3031092","2025-04-03 18:00","2025","04","03","18:00","","0.3","","-9.8","","47","","","","35","","20","","32.2","","89.33","","","","","","NA"
"-114.01","51.12","CALGARY INTL A","3031092","2025-04-03 19:00","2025","04","03","19:00","","-0.7","","-9.0","","53","","","","32","","15","","32.2","","89.37","","","","-5","","NA"
"-114.01","51.12","CALGARY INTL A","3031092","2025-04-03 20:00","2025","04","03","20:00","","-1.4","","-8.6","","58","","","","35","","4","","24.1","","89.45","","","","-3","","Mostly Cloudy"
"-114.01","51.12","CALGARY INTL A","3031092","2025-04-03 21:00","2025","04","03","21:00","","-1.8","","-8.5","","60","","","","21","","6","","24.1","","89.50","","","","-4","","NA"
"-114.01","51.12","CALGARY INTL A","3031092","2025-04-03 22:00","2025","04","03","22:00","","-1.3","","-9.2","","55","","","","","","0","","24.1","","89.54","","","","","","NA"
"-114.01","51.12","CALGARY INTL A","3031092","2025-04-03 23:00","2025","04","03","23:00","","-2.4","","-6.4","","74","","","","2","","4","","24.1","","89.62","","","","-4","","Mostly Cloudy"
"-114.01","51.12","CALGARY INTL A","3031092","2025-04-04 00:00","2025","04","04","00:00","","-3.4","","-6.6","","79","","","","7","","13","","24.1","","89.68","","","","-8","","NA"
"-114.01","51.12","CALGARY INTL A","3031092","2025-04-04 01:00","2025","04","04","01:00","","-4.7","","-7.4","","82","","","","8","","10","","24.1","","89.71","","","","-9","","NA"
"-114.01","51.12","CALGARY INTL A","3031092","2025-04-04 02:00","2025","04","04","02:00","","-4.5","","-6.8","","84","","","","","","0","","24.1","","89.75","","","","","","Mainly Clear"
"-114.01","51.12","CALGARY INTL A","3031092","2025-04-04 03:00","2025","04","04","03:00","","-5.4","","-7.3","","87","","","","21","","4","","24.1","","89.82","","","","-7","","NA"
"-114.01","51.12","CALGARY INTL A","3031092","2025-04-04 04:00","2025","04","04","04:00","","-5.5","","-7.4","","87","","","","30","","5","","24.1","","89.86","","","","-8","","NA"
"-114.01","51.12","CALGARY INTL A","3031092","2025-04-04 05:00","2025","04","04","05:00","","-4.7","","-7.3","","82","","","","26","","7","","24.1","","89.92","","","","-8","","Clear"
"-114.01","51.12","CALGARY INTL A","3031092","2025-04-04 06:00","2025","04","04","06:00","","-5.4","","-7.9","","83","","","","24","","7","","48.3","","89.95","","","","-9","","NA"
"-114.01","51.12","CALGARY INTL A","3031092","2025-04-04 07:00","2025","04","04","07:00","","-5.1","","-8.9","","75","","","","23","","7","","64.4","","89.97","","","","-8","","NA"
"-114.01","51.12","CALGARY INTL A","3031092","2025-04-04 08:00","2025","04","04","08:00","","-3.2","","-8.4","","68","","","","23","","7","","64.4","","90.02","","","","-6","","Mainly Clear"
"-114.01","51.12","CALGARY INTL A","3031092","2025-04-04 09:00","2025","04","04","09:00","","-1.9","","-9.6","","56","","","","25","","9","","64.4","","90.02","","","","-5","","NA"
"-114.01","51.12","CALGARY INTL A","3031092","2025-04-04 10:00","2025","04","04","10:00","","0.2","","-9.6","","48","","","","23","","9","","64.4","","90.03","","","","","","NA"
"-114.01","51.12","CALGARY INTL A","3031092","2025-04-04 11:00","2025","04","04","11:00","","2.9","","-10.2","","38","","","","18","","3","","64.4","","90.01","","","","","","Mainly Clear"
"-114.01","51.12","CALGARY INTL A","3031092","2025-04-04 12:00","2025","04","04","12:00","","5.0","","-10.4","","32","","","","32","","10","","64.4","","89.98","","","","","","NA"
"-114.01","51.12","CALGARY INTL A","3031092","2025-04-04 13:00","2025","04","04","13:00","","5.9","","-12.5","","25","","","","31","","10","","64.4","","89.96","","","","","","NA"
"-114.01","51.12","CALGARY INTL A","3031092","2025-04-04 14:00","2025","04","04","14:00","","6.4","","-10.1","","30","","","","15","","3","","64.4","","89.93","","","","","","Mostly Cloudy"
"-114.01","51.12","CALGARY INTL A","3031092","2025-04-04 15:00","2025","04","04","15:00","","6.8","","-12.9","","23","","","","19","","6","","64.4","","89.92","","","","","","NA"
"-114.01","51.12","CALGARY INTL A","3031092","2025-04-04 16:00","2025","04","04","16:00","","8.0","","-10.7","","25","","","","14","","9","","48.3","","89.88","","","","","","NA"
"-114.01","51.12","CALGARY INTL A","3031092","2025-04-04 17:00","2025","04","04","17:00","","8.0","","-12.1","","23","","","","14","","10","","48.3","","89.86","","","","","","Clear"
"-114.01","51.12","CALGARY INTL A","3031092","2025-04-04 18:00","2025","04","04","18:00","","7.3","","-10.1","","28","","","","16","","17","","48.3","","89.83","","","","","","NA"
"-114.01","51.12","CALGARY INTL A","3031092","2025-04-04 19:00","2025","04","04","19:00","","5.1","","-6.9","","42","","","","15","","21","","64.4","","89.80","","","","","","NA"
"-114.01","51.12","CALGARY INTL A","3031092","2025-04-04 20:00","2025","04","04","20:00","","3.1","","-6.2","","50","","","","17","","14","","32.2","","89.81","","","","","","Clear"
"-114.01","51.12","CALGARY INTL A","3031092","2025-04-04 21:00","2025","04","04","21:00","","2.0","","-7.6","","49","","","","19","","12","","24.1","","89.84","","","","","","NA"
"-114.01","51.12","CALGARY INTL A","3031092","2025-04-04 22:00","2025","04","04","22:00","","2.2","","-8.2","","46","","","","18","","7","","24.1","","89.81","","","","","","NA"
"-114.01","51.12","CALGARY INTL A","3031092","2025-04-04 23:00","2025","04","04","23:00","","1.6","","-7.9","","50","","","","21","","4","","24.1","","89.79","","","","","","Clear"
"-114.01","51.12","CALGARY INTL A","3031092","2025-04-05 00:00","2025","04","05","00:00","","-0.6","","-7.7","","59","","","","19","","9","","24.1","","89.76","","","","-4","","NA"
"-114.01","51.12","CALGARY INTL A","3031092","2025-04-05 01:00","2025","04","05","01:00","","0.0","","-8.1","","55","","","","21","","7","","24.1","","89.74","","","","-2","","NA"
"-114.01","51.12","CALGARY INTL A","3031092","2025-04-05 02:00","2025","04","05","02:00","","0.9","","-8.4","","50","","","","26","","8","","24.1","","89.71","","","","","","Clear"
"-114.01","51.12","CALGARY INTL A","3031092","2025-04-05 03:00","2025","04","05","03:00","","0.0","","-8.7","","52","","","","21","","10","","24.1","","89.70","","","","-3","","NA"
"-114.01","51.12","CALGARY INTL A","3031092","2025-04-05 04:00","2025","04","05","04:00","","0.1","","-8.8","","51","","","","21","","7","","24.1","","89.68","","","","","","NA"
"-114.01","51.12","CALGARY INTL A","3031092","2025-04-05 05:00","2025","04","05","05:00","","-0.4","","-9.0","","53","","","","20","","3","","24.1","","89.70","","","","-1","","Clear"
"-114.01","51.12","CALGARY INTL A","3031092","2025-04-05 06:00","2025","04","05","06:00","","4.0","","-10.6","","34","","","","29","","9","","64.4","","89.70","","","","","","NA"
"-114.01","51.12","CALGARY INTL A","3031092","2025-04-05 07:00","2025","04","05","07:00","","3.8","","-10.0","","36","","","","30","","9","","64.4","","89.67","","","","","","NA"
"-114.01","51.12","CALGARY INTL A","3031092","2025-04-05 08:00","2025","04","05","08:00","","5.8","","-8.7","","35","","","","21","","5","","64.4","","89.64","","","","","","Clear"
"-114.01","51.12","CALGARY INTL A","3031092","2025-04-05 09:00","2025","04","05","09:00","","6.9","","-8.1","","34","","","","24","","9","","64.4","","89.60","","","","","","NA"
"-114.01","51.12","CALGARY INTL A","3031092","2025-04-05 10:00","2025","04","05","10:00","","8.3","","-8.5","","30","","","","26","","11","","64.4","","89.58","","","","","","NA"
"-114.01","51.12","CALGARY INTL A","3031092","2025-04-05 11:00","2025","04","05","11:00","","11.0","","-8.6","","24","","","","23","","8","","64.4","","89.55","","","","","","Clear"
"-114.01","51.12","CALGARY INTL A","3031092","2025-04-05 12:00","2025","04","05","12:00","","12.4","","-9.0","","22","","","","19","","7","","64.4","","89.49","","","","","","NA"
"-114.01","51.12","CALGARY INTL A","3031092","2025-04-05 13:00","2025","04","05","13:00","","14.0","","-8.2","","20","","","","","","0","","64.4","","89.41","","","","","","NA"
"-114.01","51.12","CALGARY INTL A","3031092","2025-04-05 14:00","2025","04","05","14:00","","14.9","","-8.4","","19","","","","29","","13","","64.4","","89.34","","","","","","Mainly Clear"
"-114.01","51.12","CALGARY INTL A","3031092","2025-04-05 15:00","2025","04","05","15:00","","16.1","","-9.1","","17","","","","33","","8","","64.4","","89.28","","","","","","NA"
"-114.01","51.12","CALGARY INTL A","3031092","2025-04-05 16:00","2025","04","05","16:00","","16.1","","-5.4","","22","","","","7","","12","","64.4","","89.25","","","","","","NA"
"-114.01","51.12","CALGARY INTL A","3031092","2025-04-05 17:00","2025","04","05","17:00","","15.3","","-4.8","","24","","","","7","","16","","64.4","","89.25","","","","","","Clear"
"-114.01","51.12","CALGARY INTL A","3031092","2025-04-05 18:00","2025","04","05","18:00","","14.2","","-4.4","","27","","","","8","","12","","64.4","","89.25","","","","","","NA"
"-114.01","51.12","CALGARY INTL A","3031092","2025-04-05 19:00","2025","04","05","19:00","","10.7","","-2.9","","38","","","","13","","14","","64.4","","89.26","","","","","","NA"
"-114.01","51.12","CALGARY INTL A","3031092","2025-04-05 20:00","2025","04","05","20:00","","8.6","","-3.2","","43","","","","","","0","","32.2","","89.28","","","","","","Clear"
"-114.01","51.12","CALGARY INTL A","3031092","2025-04-05 21:00","2025","04","05","21:00","","8.8","","-4.5","","39","","","","30","","3","","24.1","","89.27","","","","","","NA"
"-114.01","51.12","CALGARY INTL A","3031092","2025-04-05 22:00","2025","04","05","22:00","","9.0","","-7.7","","30","","","","23","","10","","24.1","","89.28","","","","","","NA"
"-114.01","51.12","CALGARY INTL A","3031092","2025-04-05 23:00","2025","04","05","23:00","","7.5","","-7.9","","33","","","","19","","7","","24.1","","89.29","","","","","","Clear"
"-114.01","51.12","CALGARY INTL A","3031092","2025-04-06 00:00","2025","04","06","00:00","","5.2","","-7.4","","40","","","","20","","5","","24.1","","89.28","","","","","","NA"
"-114.01","51.12","CALGARY INTL A","3031092","2025-04-06 01:00","2025","04","06","01:00","","5.9","","-7.6","","37","","","","23","","10","","24.1","","89.27","","","","","","NA"
"-114.01","51.12","CALGARY INTL A","3031092","2025-04-06 02:00","2025","04","06","02:00","","6.2","","-7.9","","36","","","","27","","6","","24.1","","89.25","","","","","","Clear"
"-114.01","51.12","CALGARY INTL A","3031092","2025-04-06 03:00","2025","04","06","03:00","","8.1","","-8.7","","29","","","","31","","7","","24.1","","89.24","","","","","","NA"
"-114.01","51.12","CALGARY INTL A","3031092","2025-04-06 04:00","2025","04","06","04:00","","7.9","","-9.2","","29","","","","27","","3","","24.1","","89.21","","","","","","NA"
"-114.01","51.12","CALGARY INTL A","3031092","2025-04-06 05:00","2025","04","06","05:00","","5.5","","-8.5","","36","","","","7","","5","","24.1","","89.22","","","","","","Clear"
"-114.01","51.12","CALGARY INTL A","3031092","2025-04-06 06:00","2025","04","06","06:00","","5.6","","-8.9","","35","","","","33","","9","","64.4","","89.20","","","","","","NA"
"-114.01","51.12","CALGARY INTL A","3031092","2025-04-06 07:00","2025","04","06","07:00","","5.6","","-6.4","","42","","","","1","","3","","64.4","","89.19","","","","","","NA"
"-114.01","51.12","CALGARY INTL A","3031092","2025-04-06 08:00","2025","04","06","08:00","","9.4","","-7.5","","29","","","","22","","3","","64.4","","89.20","","","","","","Mainly Clear"
"-114.01","51.12","CALGARY INTL A","3031092","2025-04-06 09:00","2025","04","06","09:00","","11.1","","-6.4","","29","","","","21","","8","","64.4","","89.17","","","","","","NA"
"-114.01","51.12","CALGARY INTL A","3031092","2025-04-06 10:00","2025","04","06","10:00","","13.5","","-5.4","","26","","","","22","","9","","64.4","","89.16","","","","","","NA"
"-114.01","51.12","CALGARY INTL A","3031092","2025-04-06 11:00","2025","04","06","11:00","","15.2","","-9.1","","18","","","","18","","10","","64.4","","89.15","","","","","","Mainly Clear"
"-114.01","51.12","CALGARY INTL A","3031092","2025-04-06 12:00","2025","04","06","12:00","","16.0","","-8.2","","18","","","","19","","14","","64.4","","89.10","","","","","","NA"
"-114.01","51.12","CALGARY INTL A","3031092","2025-04-06 13:00","2025","04","06","13:00","","17.2","","-7.8","","17","","","","15","","13","","64.4","","89.04","","","","","","NA"
"-114.01","51.12","CALGARY INTL A","3031092","2025-04-06 14:00","2025","04","06","14:00","","18.1","","-5.4","","20","","","","15","","13","","64.4","","88.98","","","","","","Mainly Clear"
"-114.01","51.12","CALGARY INTL A","3031092","2025-04-06 15:00","2025","04","06","15:00","","19.0","","-6.7","","17","","","","18","","18","","64.4","","88.91","","","","","","NA"
"-114.01","51.12","CALGARY INTL A","3031092","2025-04-06 16:00","2025","04","06","16:00","","18.4","","-6.2","","18","","","","19","","15","","64.4","","88.85","","","","","","NA"
"-114.01","51.12","CALGARY INTL A","3031092","2025-04-06 17:00","2025","04","06","17:00","","18.5","","-5.5","","19","","","","15","","23","","64.4","","88.80","","","","","","Mostly Cloudy"
"-114.01","51.12","CALGARY INTL A","3031092","2025-04-06 18:00","2025","04","06","18:00","","17.5","","-5.7","","20","","","","16","","23","","64.4","","88.74","","","","","","NA"
"-114.01","51.12","CALGARY INTL A","3031092","2025-04-06 19:00","2025","04","06","19:00","","14.7","","-5.2","","25","","","","16","","14","","64.4","","88.68","","","","","","NA"
"-114.01","51.12","CALGARY INTL A","3031092","2025-04-06 20:00","2025","04","06","20:00","","12.8","","-4.6","","29","","","","14","","10","","32.2","","88.65","","","","","","Mainly Clear"
"-114.01","51.12","CALGARY INTL A","3031092","2025-04-06 21:00","2025","04","06","21:00","","12.3","","-4.7","","30","","","","16","","5","","24.1","","88.62","","","","","","NA"
"-114.01","51.12","CALGARY INTL A","3031092","2025-04-06 22:00","2025","04","06","22:00","","7.8","","-4.2","","42","","","","","","0","","24.1","","88.55","","","","","","NA"
"-114.01","51.12","CALGARY INTL A","3031092","2025-04-06 23:00","2025","04","06","23:00","","7.5","","-3.3","","46","","","","22","","7","","24.1","","88.49","","","","","","Clear"
"-114.01","51.12","CALGARY INTL A","3031092","2025-04-07 00:00","2025","04","07","00:00","","5.8","","-2.8","","54","","","","18","","4","","24.1","","88.44","","","","","","NA"
"-114.01","51.12","CALGARY INTL A","3031092","2025-04-07 01:00","2025","04","07","01:00"
"-114.01","51.12","CALGARY INTL A","3031092","2025-04-07 02:00","2025","04","07","02:00","","6.0","","-4.1","","48","","","","19","","3","","24.1","","88.33","","","","","","Mainly Clear"
"-114.01","51.12","CALGARY INTL A","3031092","2025-04-07 03:00","2025","04","07","03:00","","5.4","","-3.3","","53","","","","20","","11","","24.1","","88.27","","","","","","NA"
"-114.01","51.12","CALGARY INTL A","3031092","2025-04-07 04:00","2025","04","07","04:00","","6.6","","-3.2","","50","","","","25","","10","","24.1","","88.22","","","","","","NA"
"-114.01","51.12","CALGARY INTL A","3031092","2025-04-07 05:00","2025","04","07","05:00","","4.7","","-2.5","","60","","","","18","","8","","24.1","","88.18","","","","","","Mostly Cloudy"
"-114.01","51.12","CALGARY INTL A","3031092","2025-04-07 06:00","2025","04","07","06:00","","6.3","","-2.0","","55","","","","19","","12","","48.3","","88.13","","","","","","NA"
"-114.01","51.12","CALGARY INTL A","3031092","2025-04-07 07:00","2025","04","07","07:00","","6.3","","-1.1","","59","","","","19","","15","","64.4","","88.11","","","","","","NA"
"-114.01","51.12","CALGARY INTL A","3031092","2025-04-07 08:00","2025","04","07","08:00","","9.3","","-0.7","","50","","","","21","","6","","64.4","","88.11","","","","","","Cloudy"
"-114.01","51.12","CALGARY INTL A","3031092","2025-04-07 09:00","2025","04","07","09:00","","11.9","","0.0","","44","","","","21","","7","","64.4","","88.05","","","","","","NA"
"-114.01","51.12","CALGARY INTL A","3031092","2025-04-07 10:00","2025","04","07","10:00","","15.9","","0.0","","34","","","","20","","13","","64.4","","87.97","","","","","","NA"
"-114.01","51.12","CALGARY INTL A","3031092","2025-04-07 11:00","2025","04","07","11:00","","16.4","","-3.3","","26","","","","19","","24","","64.4","","87.92","","","","","","Mostly Cloudy"
"-114.01","51.12","CALGARY INTL A","3031092","2025-04-07 12:00","2025","04","07","12:00","","16.5","","-2.4","","27","","","","21","","18","","64.4","","87.86","","","","","","NA"
"-114.01","51.12","CALGARY INTL A","3031092","2025-04-07 13:00","2025","04","07","13:00","","16.8","","-0.7","","30","","","","20","","23","","64.4","","87.78","","","","","","NA"
"-114.01","51.12","CALGARY INTL A","3031092","2025-04-07 14:00","2025","04","07","14:00","","17.9","","-0.6","","28","","","","20","","20","","64.4","","87.71","","","","","","Mostly Cloudy"
"-114.01","51.12","CALGARY INTL A","3031092","2025-04-07 15:00","2025","04","07","15:00","","17.6","","-1.9","","26","","","","25","","18","","64.4","","87.66","","","","","","NA"
"-114.01","51.12","CALGARY INTL A","3031092","2025-04-07 16:00","2025","04","07","16:00","","16.3","","-0.6","","31","","","","21","","19","","64.4","","87.67","","","","","","NA"
"-114.01","51.12","CALGARY INTL A","3031092","2025-04-07 17:00","2025","04","07","17:00","","15.3","","-2.0","","30","","","","23","","20","","64.4","","87.62","","","","","","Mostly Cloudy"
"-114.01","51.12","CALGARY INTL A","3031092","2025-04-07 18:00","2025","04","07","18:00","","15.6","","-1.8","","30","","","","22","","18","","48.3","","87.61","","","","","","NA"
"-114.01","51.12","CALGARY INTL A","3031092","2025-04-07 19:00","2025","04","07","19:00","","13.7","","-1.5","","35","","","","29","","26","","32.2","","87.60","","","","","","NA"
"-114.01","51.12","CALGARY INTL A","3031092","2025-04-07 20:00","2025","04","07","20:00","","12.2","","-2.8","","35","","","","27","","23","","24.1","","87.65","","","","","","Mainly Clear"
"-114.01","51.12","CALGARY INTL A","3031092","2025-04-07 21:00","2025","04","07","21:00","","10.1","","-1.6","","44","","","","26","","19","","24.1","","87.71","","","","","","NA"
"-114.01","51.12","CALGARY INTL A","3031092","2025-04-07 22:00","2025","04","07","22:00","","9.3","","-1.4","","47","","","","28","","14","","24.1","","87.74","","","","","","NA"
"-114.01","51.12","CALGARY INTL A","3031092","2025-04-07 23:00","2025","04","07","23:00","","7.6","","-2.1","","50","","","","31","","6","","24.1","","87.79","","","","","","Clear"
"-114.01","51.12","CALGARY INTL A","3031092","2025-04-08 00:00","2025","04","08","00:00","","8.7","","-3.2","","43","","","","27","","18","","24.1","","87.82","","","","","","NA"
"-114.01","51.12","CALGARY INTL A","3031092","2025-04-08 01:00","2025","04","08","01:00","","4.5","","0.9","","77","","","","32","","7","","24.1","","87.89","","","","","","NA"
"-114.01","51.12","CALGARY INTL A","3031092","2025-04-08 02:00","2025","04","08","02:00","","3.1","","-0.2","","79","","","","3","","5","","24.1","","87.83","","","","","","Mostly Cloudy"
"-114.01","51.12","CALGARY INTL A","3031092","2025-04-08 03:00","2025","04","08","03:00","","2.7","","0.7","","86","","","","16","","14","","24.1","","87.88","","","","","","NA"
"-114.01","51.12","CALGARY INTL A","3031092","2025-04-08 04:00","2025","04","08","04:00","","3.5","","-1.0","","72","","","","20","","10","","24.1","","87.85","","","","","","NA"
"-114.01","51.12","CALGARY INTL A","3031092","2025-04-08 05:00","2025","04","08","05:00","","3.1","","-0.9","","75","","","","13","","6","","24.1","","87.84","","","","","","Mostly Cloudy"
"-114.01","51.12","CALGARY INTL A","3031092","2025-04-08 06:00","2025","04","08","06:00","","3.7","","-0.4","","75","","","","20","","7","","32.2","","87.82","","","","","","NA"
"-114.01","51.12","CALGARY INTL A","3031092","2025-04-08 07:00","2025","04","08","07:00","","5.5","","-1.3","","61","","","","23","","6","","64.4","","87.81","","","","","","NA"
"-114.01","51.12","CALGARY INTL A","3031092","2025-04-08 08:00","2025","04","08","08:00","","8.6","","-3.8","","41","","","","28","","18","","64.4","","87.85","","","","","","Mostly Cloudy"
"-114.01","51.12","CALGARY INTL A","3031092","2025-04-08 09:00","2025","04","08","09:00","","8.8","","-3.0","","43","","","","30","","25","","64.4","","87.88","","","","","","NA"
"-114.01","51.12","CALGARY INTL A","3031092","2025-04-08 10:00","2025","04","08","10:00","","9.5","","-4.0","","38","","","","30","","30","","56.3","","87.93","","","","","","NA"
"-114.01","51.12","CALGARY INTL A","3031092","2025-04-08 11:00","2025","04","08","11:00","","8.4","","-1.6","","49","","","","33","","36","","64.4","","88.01","","","","","","Rain"
"-114.01","51.12","CALGARY INTL A","3031092","2025-04-08 12:00","2025","04","08","12:00","","9.4","","-3.3","","41","","","","31","","26","","64.4","","88.07","","","","","","NA"
"-114.01","51.12","CALGARY INTL A","3031092","2025-04-08 13:00","2025","04","08","13:00","","10.5","","-8.1","","26","","","","28","","25","","64.4","","88.07","","","","","","NA"
"-114.01","51.12","CALGARY INTL A","3031092","2025-04-08 14:00","2025","04","08","14:00","","11.0","","-9.6","","23","","","","29","","25","","64.4","","88.10","","","","","","Mostly Cloudy"
"-114.01","51.12","CALGARY INTL A","3031092","2025-04-08 15:00","2025","04","08","15:00","","13.1","","-8.8","","21","","","","31","","25","","64.4","","88.09","","","","","","NA"
"-114.01","51.12","CALGARY INTL A","3031092","2025-04-08 16:00","2025","04","08","16:00","","12.9","","-10.7","","18","","","","27","","27","","64.4","","88.12","","","","","","NA"
"-114.01","51.12","CALGARY INTL A","3031092","2025-04-08 17:00","2025","04","08","17:00","","12.2","","-11.6","","18","","","","27","","31","","64.4","","88.17","","","","","","Mainly Clear"
"-114.01","51.12","CALGARY INTL A","3031092","2025-04-08 18:00","2025","04","08","18:00","","11.8","","-11.1","","19","","","","28","","28","","48.3","","88.24","","","","","","NA"
"-114.01","51.12","CALGARY INTL A","3031092","2025-04-08 19:00","2025","04","08","19:00","","7.8","","-0.6","","55","","","","5","","18","","32.2","","88.32","","","","","","NA"
"-114.01","51.12","CALGARY INTL A","3031092","2025-04-08 20:00","2025","04","08","20:00","","4.8","","-1.6","","63","","","","8","","7","","24.1","","88.37","","","","","","Mainly Clear"
"-114.01","51.12","CALGARY INTL A","3031092","2025-04-08 21:00","2025","04","08","21:00","","4.0","","-0.8","","71","","","","12","","5","","24.1","","88.42","","","","","","NA"
"-114.01","51.12","CALGARY INTL A","3031092","2025-04-08 22:00","2025","04","08","22:00","","4.6","","-0.2","","71","","","","21","","5","","24.1","","88.45","","","","","","NA"
"-114.01","51.12","CALGARY INTL A","3031092","2025-04-08 23:00","2025","04","08","23:00","","2.7","","-1.4","","74","","","","","","0","","24.1","","88.46","","","","","","Mainly Clear"
"-114.01","51.12","CALGARY INTL A","3031092","2025-04-09 00:00","2025","04","09","00:00","","1.7","","-2.0","","77","","","","34","","3","","24.1","","88.48","","","","","","NA"
"-114.01","51.12","CALGARY INTL A","3031092","2025-04-09 01:00","2025","04","09","01:00","","1.3","","-1.6","","81","","","","26","","5","","24.1","","88.50","","","","","","NA"
"-114.01","51.12","CALGARY INTL A","3031092","2025-04-09 02:00","2025","04","09","02:00","","1.5","","-2.4","","76","","","","","","0","","24.1","","88.52","","","","","","Mostly Cloudy"
"-114.01","51.12","CALGARY INTL A","3031092","2025-04-09 03:00","2025","04","09","03:00","","2.9","","-6.4","","50","","","","22","","8","","24.1","","88.54","","","","","","NA"
"-114.01","51.12","CALGARY INTL A","3031092","2025-04-09 04:00","2025","04","09","04:00","","3.0","","-5.0","","56","","","","17","","5","","24.1","","88.60","","","","","","NA"
"-114.01","51.12","CALGARY INTL A","3031092","2025-04-09 05:00","2025","04","09","05:00","","5.3","","-6.1","","43","","","","27","","13","","24.1","","88.64","","","","","","Mostly Cloudy"
"-114.01","51.12","CALGARY INTL A","3031092","2025-04-09 06:00","2025","04","09","06:00","","5.2","","-5.9","","44","","","","28","","20","","32.2","","88.68","","","","","","NA"
"-114.01","51.12","CALGARY INTL A","3031092","2025-04-09 07:00","2025","04","09","07:00","","5.9","","-5.5","","44","","","","27","","21","","64.4","","88.75","","","","","","NA"
"-114.01","51.12","CALGARY INTL A","3031092","2025-04-09 08:00","2025","04","09","08:00","","7.4","","-5.5","","39","","","","27","","21","","64.4","","88.81","","","","","","Mainly Clear"
"-114.01","51.12","CALGARY INTL A","3031092","2025-04-09 09:00","2025","04","09","09:00","","9.6","","-7.7","","29","","","","28","","27","","64.4","","88.85","","","","","","NA"
"-114.01","51.12","CALGARY INTL A","3031092","2025-04-09 10:00","2025","04","09","10:00","","10.6","","-8.9","","25","","","","31","","20","","64.4","","88.92","","","","","","NA"
"-114.01","51.12","CALGARY INTL A","3031092","2025-04-09 11:00","2025","04","09","11:00","","10.9","","-8.5","","25","","","","32","","15","","64.4","","88.96","","","","","","Mostly Cloudy"
"-114.01","51.12","CALGARY INTL A","3031092","2025-04-09 12:00","2025","04","09","12:00","","12.7","","-9.2","","21","","","","27","","22","","64.4","","88.99","","","","","","NA"
"-114.01","51.12","CALGARY INTL A","3031092","2025-04-09 13:00","2025","04","09","13:00","","11.0","","-7.6","","26","","","","34","","24","","64.4","","89.04","","","","","","NA"
"-114.01","51.12","CALGARY INTL A","3031092","2025-04-09 14:00","2025","04","09","14:00","","11.8","","-8.6","","23","","","","34","","19","","64.4","","89.09","","","","","","Mostly Cloudy"
"-114.01","51.12","CALGARY INTL A","3031092","2025-04-09 15:00","2025","04","09","15:00","","11.7","","-7.2","","26","","","","35","","28","","64.4","","89.13","","","","","","NA"
"-114.01","51.12","CALGARY INTL A","3031092","2025-04-09 16:00","2025","04","09","16:00","","12.8","","-8.0","","23","","","","36","","11","","48.3","","89.15","","","","","","NA"
"-114.01","51.12","CALGARY INTL A","3031092","2025-04-09 17:00","2025","04","09","17:00","","13.3","","-11.3","","17","","","","28","","25","","48.3","","89.17","","","","","","Mostly Cloudy"
"-114.01","51.12","CALGARY INTL A","3031092","2025-04-09 18:00","2025","04","09","18:00","","12.2","","-9.6","","21","","","","28","","26","","32.2","","89.23","","","","","","NA"
"-114.01","51.12","CALGARY INTL A","3031092","2025-04-09 19:00","2025","04","09","19:00","","10.4","","-8.7","","25","","","","27","","25","","32.2","","89.30","","","","","","NA"
"-114.01","51.12","CALGARY INTL A","3031092","2025-04-09 20:00","2025","04","09","20:00","","8.8","","-7.8","","30","","","","27","","18","","32.2","","89.39","","","","","","Mainly Clear"
"-114.01","51.12","CALGARY INTL A","3031092","2025-04-09 21:00","2025","04","09","21:00","","7.3","","-6.8","","36","","","","28","","16","","24.1","","89.48","","","","","","NA"
"-114.01","51.12","CALGARY INTL A","3031092","2025-04-09 22:00","2025","04","09","22:00","","6.6","","-6.8","","38","","","","29","","14","","24.1","","89.55","","","","","","NA"
"-114.01","51.12","CALGARY INTL A","3031092","2025-04-09 23:00","2025","04","09","23:00","","6.5","","-7.0","","37","","","","29","","17","","24.1","","89.57","","","","","","Mainly Clear"
"-114.01","51.12","CALGARY INTL A","3031092","2025-04-10 00:00","2025","04","10","00:00","","6.0","","-7.2","","38","","","","28","","16","","24.1","","89.64","","","","","","NA"
"-114.01","51.12","CALGARY INTL A","3031092","2025-04-10 01:00","2025","04","10","01:00","","6.4","","-8.8","","33","","","","28","","16","","24.1","","89.66","","","","","","NA"
"-114.01","51.12","CALGARY INTL A","3031092","2025-04-10 02:00","2025","04","10","02:00","","5.5","","-9.5","","33","","","","25","","4","","24.1","","89.68","","","","","","Mostly Cloudy"
"-114.01","51.12","CALGARY INTL A","3031092","2025-04-10 03:00","2025","04","10","03:00","","4.6","","-8.9","","37","","","","11","","4","","24.1","","89.66","","","","","","NA"
"-114.01","51.12","CALGARY INTL A","3031092","2025-04-10 04:00","2025","04","10","04:00","","1.1","","-8.2","","50","","","","","","0","","24.1","","89.71","","","","","","NA"
"-114.01","51.12","CALGARY INTL A","3031092","2025-04-10 05:00","2025","04","10","05:00","","2.7","","-8.0","","45","","","","21","","9","","24.1","","89.70","","","","","","Mostly Cloudy"
"-114.01","51.12","CALGARY INTL A","3031092","2025-04-10 06:00","2025","04","10","06:00","","2.3","","-7.4","","49","","","","20","","7","","32.2","","89.70","","","","","","NA"
"-114.01","51.12","CALGARY INTL A","3031092","2025-04-10 07:00","2025","04","10","07:00","","3.9","","-7.3","","44","","","","23","","10","","64.4","","89.71","","","","","","NA"
"-114.01","51.12","CALGARY INTL A","3031092","2025-04-10 08:00","2025","04","10","08:00","","6.5","","-7.4","","36","","","","21","","9","","64.4","","89.71","","","","","","Mainly Clear"
"-114.01","51.12","CALGARY INTL A","3031092","2025-04-10 09:00","2025","04","10","09:00","","9.2","","-8.6","","28","","","","20","","10","","64.4","","89.66","","","","","","NA"
"-114.01","51.12","CALGARY INTL A","3031092","2025-04-10 10:00","2025","04","10","10:00","","11.3","","-8.9","","23","","","","17","","19","","64.4","","89.61","","","","","","NA"
"-114.01","51.12","CALGARY INTL A","3031092","2025-04-10 11:00","2025","04","10","11:00","","12.3","","-7.2","","25","","","","19","","22","","48.3","","89.54","","","","","","Mostly Cloudy"
"-114.01","51.12","CALGARY INTL A","3031092","2025-04-10 12:00","2025","04","10","12:00","","12.8","","-7.7","","23","","","","18","","27","","32.2","","89.41","","","","","","NA"
"-114.01","51.12","CALGARY INTL A","3031092","2025-04-10 13:00","2025","04","10","13:00","","14.4","","-7.0","","22","","","","15","","32","","32.2","","89.30","","","","","","NA"
"-114.01","51.12","CALGARY INTL A","3031092","2025-04-10 14:00","2025","04","10","14:00","","15.4","","-6.9","","21","","","","14","","25","","32.2","","89.16","","","","","","Cloudy"
"-114.01","51.12","CALGARY INTL A","3031092","2025-04-10 15:00","2025","04","10","15:00","","16.4","","-6.2","","20","","","","17","","28","","32.2","","89.04","","","","","","NA"
"-114.01","51.12","CALGARY INTL A","3031092","2025-04-10 16:00","2025","04","10","16:00","","16.8","","-5.4","","21","","","","15","","34","","32.2","","88.92","","","","","","NA"
"-114.01","51.12","CALGARY INTL A","3031092","2025-04-10 17:00","2025","04","10","17:00","","17.5","","-6.8","","18","","","","19","","19","","32.2","","88.83","","","","","","Cloudy"
"-114.01","51.12","CALGARY INTL A","3031092","2025-04-10 18:00","2025","04","10","18:00","","16.8","","-6.2","","20","","","","18","","20","","24.1","","88.75","","","","","","NA"
"-114.01","51.12","CALGARY INTL A","3031092","2025-04-10 19:00","2025","04","10","19:00","","15.5","","-6.0","","22","","","","19","","24","","24.1","","88.67","","","","","","NA"
"-114.01","51.12","CALGARY INTL A","3031092","2025-04-10 20:00","2025","04","10","20:00","","12.8","","-6.1","","26","","","","18","","17","","24.1","","88.59","","","","","","Mainly Clear"
"-114.01","51.12","CALGARY INTL A","3031092","2025-04-10 21:00","2025","04","10","21:00","","10.9","","-5.4","","31","","","","19","","16","","24.1","","88.54","","","","","","NA"
"-114.01","51.12","CALGARY INTL A","3031092","2025-04-10 22:00","2025","04","10","22:00","","10.1","","-4.6","","35","","","","17","","16","","24.1","","88.51","","","","","","NA"
"-114.01","51.12","CALGARY INTL A","3031092","2025-04-10 23:00","2025","04","10","23:00","","8.3","","-3.5","","43","","","","8","","8","","24.1","","88.50","","","","","","Clear"
"-114.01","51.12","CALGARY INTL A","3031092","2025-04-11 00:00","2025","04","11","00:00","","9.8","","-3.7","","39","","","","15","","12","","24.1","","88.41","","","","","","NA"
"-114.01","51.12","CALGARY INTL A","3031092","2025-04-11 01:00","2025","04","11","01:00","","7.9","","-2.6","","47","","","","17","","10","","24.1","","88.33","","","","","","NA"
"-114.01","51.12","CALGARY INTL A","3031092","2025-04-11 02:00","2025","04","11","02:00","","5.3","","-2.7","","56","","","","36","","9","","24.1","","88.39","","","","","","Clear"
"-114.01","51.12","CALGARY INTL A","3031092","2025-04-11 03:00","2025","04","11","03:00","","9.8","","-0.4","","49","","","","26","","8","","24.1","","88.39","","","","","","NA"
"-114.01","51.12","CALGARY INTL A","3031092","2025-04-11 04:00","2025","04","11","04:00","","10.3","","-4.0","","36","","","","25","","16","","24.1","","88.36","","","","","","NA"
"-114.01","51.12","CALGARY INTL A","3031092","2025-04-11 05:00","2025","04","11","05:00","","9.3","","-4.5","","38","","","","26","","10","","32.2","","88.43","","","","","","Clear"
"-114.01","51.12","CALGARY INTL A","3031092","2025-04-11 06:00","2025","04","11","06:00","","8.3","","-6.0","","36","","","","23","","14","","64.4","","88.44","","","","","","NA"
"-114.01","51.12","CALGARY INTL A","3031092","2025-04-11 07:00","2025","04","11","07:00","","9.4","","-5.4","","35","","","","","","0","","64.4","","88.48","","","","","","NA"
"-114.01","51.12","CALGARY INTL A","3031092","2025-04-11 08:00","2025","04","11","08:00","","11.2","","-3.8","","35","","","","32","","16","","64.4","","88.59","","","","","","Clear"
"-114.01","51.12","CALGARY INTL A","3031092","2025-04-11 09:00","2025","04","11","09:00","","12.4","","-7.9","","23","","","","30","","37","","64.4","","88.61","","","","","","NA"
"-114.01","51.12","CALGARY INTL A","3031092","2025-04-11 10:00","2025","04","11","10:00","","13.4","","-10.2","","18","","","","31","","30","","64.4","","88.63","","","","","","NA"
"-114.01","51.12","CALGARY INTL A","3031092","2025-04-11 11:00","2025","04","11","11:00","","14.8","","-8.0","","20","","","","2","","17","","64.4","","88.63","","","","","","Mainly Clear"
"-114.01","51.12","CALGARY INTL A","3031092","2025-04-11 12:00","2025","04","11","12:00","","15.0","","-12.3","","14","","","","27","","23","","64.4","","88.63","","","","","","NA"
"-114.01","51.12","CALGARY INTL A","3031092","2025-04-11 13:00","2025","04","11","13:00","","15.2","","-11.4","","15","","","","30","","28","","64.4","","88.60","","","","","","NA"
"-114.01","51.12","CALGARY INTL A","3031092","2025-04-11 14:00","2025","04","11","14:00","","16.1","","-11.3","","14","","","","27","","30","","64.4","","88.59","","","","","","Mainly Clear"
"-114.01","51.12","CALGARY INTL A","3031092","2025-04-11 15:00","2025","04","11","15:00","","15.4","","-10.0","","16","","","","26","","18","","64.4","","88.57","","","","","","NA"
"-114.01","51.12","CALGARY INTL A","3031092","2025-04-11 16:00","2025","04","11","16:00","","15.2","","-11.9","","14","","","","27","","28","","48.3","","88.54","","","","","","NA"
"-114.01","51.12","CALGARY INTL A","3031092","2025-04-11 17:00","2025","04","11","17:00","","15.1","","-13.2","","13","","","","29","","26","","32.2","","88.57","","","","","","Mainly Clear"
"-114.01","51.12","CALGARY INTL A","3031092","2025-04-11 18:00","2025","04","11","18:00","","14.2","","-13.6","","13","","","","28","","26","","32.2","","88.60","","","","","","NA"
"-114.01","51.12","CALGARY INTL A","3031092","2025-04-11 19:00","2025","04","11","19:00","","12.3","","-13.9","","15","","","","31","","18","","32.2","","88.62","","","","","","NA"
"-114.01","51.12","CALGARY INTL A","3031092","2025-04-11 20:00","2025","04","11","20:00","","9.6","","-12.8","","19","","","","35","","17","","32.2","","88.72","","","","","","Clear"
"-114.01","51.12","CALGARY INTL A","3031092","2025-04-11 21:00","2025","04","11","21:00","","6.0","","-10.3","","30","","","","36","","10","","24.1","","88.76","","","","","","NA"
"-114.01","51.12","CALGARY INTL A","3031092","2025-04-11 22:00","2025","04","11","22:00","","5.5","","-11.4","","29","","","","35","","11","","24.1","","88.79","","","","","","NA"
"-114.01","51.12","CALGARY INTL A","3031092","2025-04-11 23:00","2025","04","11","23:00","","3.0","","-9.3","","40","","","","1","","7","","24.1","","88.82","","","","","","Mainly Clear"
"-114.01","51.12","CALGARY INTL A","3031092","2025-04-12 00:00","2025","04","12","00:00","","3.9","","-9.6","","37","","","","32","","7","","24.1","","88.84","","","","","","NA"
"-114.01","51.12","CALGARY INTL A","3031092","2025-04-12 01:00","2025","04","12","01:00","","3.5","","-8.8","","40","","","","33","","4","","24.1","","88.84","","","","","","NA"
"-114.01","51.12","CALGARY INTL A","3031092","2025-04-12 02:00","2025","04","12","02:00","","3.1","","-9.4","","40","","","","35","","12","","24.1","","88.78","","","","","","Mostly Cloudy"
"-114.01","51.12","CALGARY INTL A","3031092","2025-04-12 03:00","2025","04","12","03:00","","3.1","","-9.7","","39","","","","35","","8","","24.1","","88.74","","","","","","NA"
"-114.01","51.12","CALGARY INTL A","3031092","2025-04-12 04:00","2025","04","12","04:00","","2.2","","-9.2","","43","","","","","","0","","24.1","","88.72","","","","","","NA"
"-114.01","51.12","CALGARY INTL A","3031092","2025-04-12 05:00","2025","04","12","05:00","","1.2","","-8.6","","48","","","","","","0","","24.1","","88.72","","","","","","Mainly Clear"
"-114.01","51.12","CALGARY INTL A","3031092","2025-04-12 06:00","2025","04","12","06:00","","0.2","","-7.8","","55","","","","35","","7","","64.4","","88.72","","","","","","NA"
"-114.01","51.12","CALGARY INTL A","3031092","2025-04-12 07:00","2025","04","12","07:00","","1.0","","-7.1","","55","","","","36","","5","","48.3","","88.71","","","","","","NA"
"-114.01","51.12","CALGARY INTL A","3031092","2025-04-12 08:00","2025","04","12","08:00","","4.8","","-7.3","","41","","","","3","","8","","48.3","","88.69","","","","","","Mostly Cloudy"
"-114.01","51.12","CALGARY INTL A","3031092","2025-04-12 09:00","2025","04","12","09:00","","6.6","","-10.1","","29","","","","13","","16","","24.1","","88.64","","","","","","NA"
"-114.01","51.12","CALGARY INTL A","3031092","2025-04-12 10:00","2025","04","12","10:00","","7.4","","-10.3","","27","","","","15","","17","","32.2","","88.61","","","","","","NA"
"-114.01","51.12","CALGARY INTL A","3031092","2025-04-12 11:00","2025","04","12","11:00","","7.7","","-9.1","","29","","","","9","","7","","24.1","","88.60","","","","","","Cloudy"
"-114.01","51.12","CALGARY INTL A","3031092","2025-04-12 12:00","2025","04","12","12:00","","7.3","","-7.1","","35","","","","1","","7","","32.2","","88.55","","","","","","NA"
"-114.01","51.12","CALGARY INTL A","3031092","2025-04-12 13:00","2025","04","12","13:00","","5.5","","-4.9","","47","","","","5","","25","","24.1","","88.58","","","","","","NA"
"-114.01","51.12","CALGARY INTL A","3031092","2025-04-12 14:00","2025","04","12","14:00","","4.0","","-1.4","","68","","","","1","","32","","24.1","","88.59","","","","","","Cloudy"
"-114.01","51.12","CALGARY INTL A","3031092","2025-04-12 15:00","2025","04","12","15:00","","3.5","","-0.7","","74","","","","36","","40","","24.1","","88.61","","","","","","Rain Showers"
"-114.01","51.12","CALGARY INTL A","3031092","2025-04-12 16:00","2025","04","12","16:00","","2.1","","-0.8","","81","","","","35","","41","","4.0","","88.68","","","","","","Snow Showers"
"-114.01","51.12","CALGARY INTL A","3031092","2025-04-12 17:00","2025","04","12","17:00","","0.4","","-0.7","","93","","","","34","","32","","0.8","","88.78","","","","","","Moderate Snow Showers"
"-114.01","51.12","CALGARY INTL A","3031092","2025-04-12 18:00","2025","04","12","18:00","","0.0","","-0.8","","94","","","","35","","28","","0.8","","88.87","","","","-6","","Moderate Snow Showers"
"-114.01","51.12","CALGARY INTL A","3031092","2025-04-12 19:00","2025","04","12","19:00","","0.7","","-1.3","","86","","","","33","","17","","16.1","","88.92","","","","","","NA"
"-114.01","51.12","CALGARY INTL A","3031092","2025-04-12 20:00","2025","04","12","20:00","","1.3","","-1.9","","79","","","","33","","14","","16.1","","89.03","","","","","","Mostly Cloudy"
"-114.01","51.12","CALGARY INTL A","3031092","2025-04-12 21:00","2025","04","12","21:00","","1.8","","-2.3","","74","","","","32","","21","","16.1","","89.11","","","","","","NA"
"-114.01","51.12","CALGARY INTL A","3031092","2025-04-12 22:00","2025","04","12","22:00","","1.6","","-4.2","","65","","","","34","","31","","16.1","","89.19","","","","","","NA"
"-114.01","51.12","CALGARY INTL A","3031092","2025-04-12 23:00","2025","04","12","23:00","","0.5","","-5.1","","66","","","","33","","22","","24.1","","89.27","","","","","","Mostly Cloudy"
"-114.01","51.12","CALGARY INTL A","3031092","2025-04-13 00:00","2025","04","13","00:00","","-0.4","","-5.7","","68","","","","34","","22","","24.1","","89.34","","","","-6","","NA"
"-114.01","51.12","CALGARY INTL A","3031092","2025-04-13 01:00","2025","04","13","01:00","","-1.2","","-6.8","","66","","","","34","","25","","24.1","","89.38","","","","-7","","NA"
"-114.01","51.12","CALGARY INTL A","3031092","2025-04-13 02:00","2025","04","13","02:00","","-2.1","","-7.1","","68","","","","33","","19","","24.1","","89.43","","","","-8","","Clear"
"-114.01","51.12","CALGARY INTL A","3031092","2025-04-13 03:00","2025","04","13","03:00","","-2.4","","-7.3","","69","","","","33","","15","","16.1","","89.50","","","","-7","","NA"
"-114.01","51.12","CALGARY INTL A","3031092","2025-04-13 04:00","2025","04","13","04:00","","-2.6","","-7.3","","70","","","","34","","9","","24.1","","89.55","","","","-6","","NA"
"-114.01","51.12","CALGARY INTL A","3031092","2025-04-13 05:00","2025","04","13","05:00","","-2.3","","-8.2","","64","","","","33","","9","","24.1","","89.59","","","","-6","","Clear"
"-114.01","51.12","CALGARY INTL A","3031092","2025-04-13 06:00","2025","04","13","06:00","","-2.2","","-9.0","","60","","","","33","","11","","16.1","","89.62","","","","-6","","NA"
"-114.01","51.12","CALGARY INTL A","3031092","2025-04-13 07:00","2025","04","13","07:00","","-0.4","","-8.8","","53","","","","33","","14","","64.4","","89.66","","","","-5","","NA"
"-114.01","51.12","CALGARY INTL A","3031092","2025-04-13 08:00","2025","04","13","08:00","","1.1","","-7.5","","53","","","","34","","17","","64.4","","89.68","","","","","","Mainly Clear"
"-114.01","51.12","CALGARY INTL A","3031092","2025-04-13 09:00","2025","04","13","09:00","","2.8","","-7.4","","47","","","","32","","19","","64.4","","89.67","","","","","","NA"
"-114.01","51.12","CALGARY INTL A","3031092","2025-04-13 10:00","2025","04","13","10:00","","4.0","","-9.8","","36","","","","35","","22","","64.4","","89.70","","","","","","NA"
"-114.01","51.12","CALGARY INTL A","3031092","2025-04-13 11:00","2025","04","13","11:00","","4.8","","-11.0","","31","","","","32","","17","","64.4","","89.69","","","","","","Mostly Cloudy"
"-114.01","51.12","CALGARY INTL A","3031092","2025-04-13 12:00","2025","04","13","12:00","","6.3","","-10.9","","28","","","","27","","14","","64.4","","89.65","","","","","","NA"
"-114.01","51.12","CALGARY INTL A","3031092","2025-04-13 13:00","2025","04","13","13:00","","6.2","","-11.7","","27","","","","28","","13","","64.4","","89.58","","","","","","NA"
"-114.01","51.12","CALGARY INTL A","3031092","2025-04-13 14:00","2025","04","13","14:00","","7.7","","-11.4","","25","","","","28","","12","","64.4","","89.55","","","","","","Mostly Cloudy"
"-114.01","51.12","CALGARY INTL A","3031092","2025-04-13 15:00","2025","04","13","15:00","","7.2","","-12.0","","24","","","","28","","18","","64.4","","89.52","","","","","","NA"
"-114.01","51.12","CALGARY INTL A","3031092","2025-04-13 16:00","2025","04","13","16:00","","7.3","","-12.2","","24","","","","27","","9","","64.4","","89.49","","","","","","NA"
"-114.01","51.12","CALGARY INTL A","3031092","2025-04-13 17:00","2025","04","13","17:00","","8.9","","-12.3","","21","","","","29","","21","","48.3","","89.45","","","","","","Mostly Cloudy"
"-114.01","51.12","CALGARY INTL A","3031092","2025-04-13 18:00","2025","04","13","18:00","","8.2","","-13.0","","21","","","","33","","14","","48.3","","89.49","","","","","","NA"
"-114.01","51.12","CALGARY INTL A","3031092","2025-04-13 19:00","2025","04","13","19:00","","7.7","","-12.8","","22","","","","32","","7","","32.2","","89.52","","","","","","NA"
"-114.01","51.12","CALGARY INTL A","3031092","2025-04-13 20:00","2025","04","13","20:00","","5.3","","-12.0","","28","","","","2","","7","","32.2","","89.56","","","","","","Mainly Clear"
"-114.01","51.12","CALGARY INTL A","3031092","2025-04-13 21:00","2025","04","13","21:00","","4.3","","-10.9","","32","","","","1","","7","","24.1","","89.59","","","","","","NA"
"-114.01","51.12","CALGARY INTL A","3031092","2025-04-13 22:00","2025","04","13","22:00","","4.1","","-11.1","","32","","","","29","","3","","24.1","","89.61","","","","","","NA"
"-114.01","51.12","CALGARY INTL A","3031092","2025-04-13 23:00","2025","04","13","23:00","","2.2","","-10.5","","39","","","","","","0","","24.1","","89.62","","","","","","Mostly Cloudy"
"-114.01","51.12","CALGARY INTL A","3031092","2025-04-14 00:00","2025","04","14","00:00","","1.7","","-9.6","","43","","","","35","","8","","24.1","","89.65","","","","","","NA"
"-114.01","51.12","CALGARY INTL A","3031092","2025-04-14 01:00","2025","04","14","01:00","","1.8","","-9.9","","42","","","","34","","8","","24.1","","89.69","","","","","","NA"
"-114.01","51.12","CALGARY INTL A","3031092","2025-04-14 02:00","2025","04","14","02:00","","0.2","","-9.9","","47","","","","35","","12","","24.1","","89.71","","","","","","Mainly Clear"
"-114.01","51.12","CALGARY INTL A","3031092","2025-04-14 03:00","2025","04","14","03:00","","0.3","","-9.9","","46","","","","27","","9","","24.1","","89.71","","","","","","NA"
"-114.01","51.12","CALGARY INTL A","3031092","2025-04-14 04:00","2025","04","14","04:00","","-2.9","","-9.7","","60","","","","35","","9","","24.1","","89.75","","","","-6","","NA"
"-114.01","51.12","CALGARY INTL A","3031092","2025-04-14 05:00","2025","04","14","05:00","","-3.5","","-9.5","","63","","","","","","0","","32.2","","89.73","","","","","","Mostly Cloudy"
"-114.01","51.12","CALGARY INTL A","3031092","2025-04-14 06:00","2025","04","14","06:00","","-2.5","","-9.2","","60","","","","","","0","","64.4","","89.72","","","","","","NA"
"-114.01","51.12","CALGARY INTL A","3031092","2025-04-14 07:00","2025","04","14","07:00","","-0.3","","-8.6","","54","","","","19","","5","","64.4","","89.72","","","","-2","","NA"
"-114.01","51.12","CALGARY INTL A","3031092","2025-04-14 08:00","2025","04","14","08:00","","2.8","","-8.6","","43","","","","21","","9","","64.4","","89.70","","","","","","Mainly Clear"
"-114.01","51.12","CALGARY INTL A","3031092","2025-04-14 09:00","2025","04","14","09:00","","6.1","","-8.9","","33","","","","22","","13","","64.4","","89.66","","","","","","NA"
"-114.01","51.12","CALGARY INTL A","3031092","2025-04-14 10:00","2025","04","14","10:00","","8.2","","-9.2","","28","","","","19","","12","","64.4","","89.63","","","","","","NA"
"-114.01","51.12","CALGARY INTL A","3031092","2025-04-14 11:00","2025","04","14","11:00","","10.7","","-8.5","","25","","","","19","","10","","64.4","","89.58","","","","","","Mostly Cloudy"
"-114.01","51.12","CALGARY INTL A","3031092","2025-04-14 12:00","2025","04","14","12:00","","11.9","","-9.1","","22","","","","18","","16","","64.4","","89.50","","","","","","NA"
"-114.01","51.12","CALGARY INTL A","3031092","2025-04-14 13:00","2025","04","14","13:00","","12.6","","-7.6","","24","","","","16","","13","","64.4","","89.42","","","","","","NA"
"-114.01","51.12","CALGARY INTL A","3031092","2025-04-14 14:00","2025","04","14","14:00","","14.2","","-6.9","","22","","","","18","","18","","64.4","","89.34","","","","","","Mostly Cloudy"
"-114.01","51.12","CALGARY INTL A","3031092","2025-04-14 15:00","2025","04","14","15:00","","14.8","","-6.4","","22","","","","16","","22","","64.4","","89.26","","","","","","NA"
"-114.01","51.12","CALGARY INTL A","3031092","2025-04-14 16:00","2025","04","14","16:00","","15.2","","-6.7","","21","","","","16","","11","","64.4","","89.18","","","","","","NA"
"-114.01","51.12","CALGARY INTL A","3031092","2025-04-14 17:00","2025","04","14","17:00","","15.3","","-6.0","","22","","","","14","","14","","64.4","","89.10","","","","","","Cloudy"
"-114.01","51.12","CALGARY INTL A","3031092","2025-04-14 18:00","2025","04","14","18:00","","14.7","","-6.2","","23","","","","29","","20","","64.4","","89.05","","","","","","NA"
"-114.01","51.12","CALGARY INTL A","3031092","2025-04-14 19:00","2025","04","14","19:00","","13.8","","-6.3","","24","","","","27","","8","","64.4","","88.99","","","","","","NA"
"-114.01","51.12","CALGARY INTL A","3031092","2025-04-14 20:00","2025","04","14","20:00","","11.9","","-4.4","","32","","","","17","","8","","32.2","","88.94","","","","","","Mostly Cloudy"
"-114.01","51.12","CALGARY INTL A","3031092","2025-04-14 21:00","2025","04","14","21:00","","8.7","","-4.8","","38","","","","17","","10","","24.1","","88.93","","","","","","NA"
"-114.01","51.12","CALGARY INTL A","3031092","2025-04-14 22:00","2025","04","14","22:00","","8.9","","-4.9","","37","","","","19","","7","","24.1","","88.88","","","","","","NA"
"-114.01","51.12","CALGARY INTL A","3031092","2025-04-14 23:00","2025","04","14","23:00","","8.4","","-4.6","","39","","","","20","","5","","24.1","","88.84","","","","","","Mostly Cloudy"
"-114.01","51.12","CALGARY INTL A","3031092","2025-04-15 00:00","2025","04","15","00:00","","10.4","","-5.3","","33","","","","23","","9","","24.1","","88.79","","","","","","NA"
"-114.01","51.12","CALGARY INTL A","3031092","2025-04-15 01:00","2025","04","15","01:00","","11.9","","-6.2","","28","","","","27","","18","","24.1","","88.74","","","","","","NA"
"-114.01","51.12","CALGARY INTL A","3031092","2025-04-15 02:00","2025","04","15","02:00","","10.5","","-5.9","","31","","","","26","","17","","24.1","","88.69","","","","","","Mostly Cloudy"
"-114.01","51.12","CALGARY INTL A","3031092","2025-04-15 03:00","2025","04","15","03:00","","10.9","","-6.0","","30","","","","28","","24","","24.1","","88.67","","","","","","NA"
"-114.01","51.12","CALGARY INTL A","3031092","2025-04-15 04:00","2025","04","15","04:00","","10.4","","-6.1","","31","","","","28","","20","","24.1","","88.68","","","","","","NA"
"-114.01","51.12","CALGARY INTL A","3031092","2025-04-15 05:00","2025","04","15","05:00","","8.5","","-6.1","","35","","","","34","","8","","24.1","","88.69","","","","","","Mainly Clear"
"-114.01","51.12","CALGARY INTL A","3031092","2025-04-15 06:00","2025","04","15","06:00","","6.6","","-4.8","","44","","","","5","","9","","32.2","","88.67","","","","","","NA"
"-114.01","51.12","CALGARY INTL A","3031092","2025-04-15 07:00","2025","04","15","07:00","","9.7","","-4.2","","37","","","","3","","8","","64.4","","88.70","","","","","","NA"
"-114.01","51.12","CALGARY INTL A","3031092","2025-04-15 08:00","2025","04","15","08:00","","12.0","","-4.1","","32","","","","2","","11","","64.4","","88.73","","","","","","Mostly Cloudy"
"-114.01","51.12","CALGARY INTL A","3031092","2025-04-15 09:00","2025","04","15","09:00","","13.7","","-4.1","","28","","","","5","","17","","64.4","","88.72","","","","","","NA"
"-114.01","51.12","CALGARY INTL A","3031092","2025-04-15 10:00","2025","04","15","10:00","","14.1","","-3.6","","29","","","","2","","17","","64.4","","88.69","","","","","","NA"
"-114.01","51.12","CALGARY INTL A","3031092","2025-04-15 11:00","2025","04","15","11:00","","15.1","","-3.8","","27","","","","6","","17","","64.4","","88.64","","","","","","Mainly Clear"
"-114.01","51.12","CALGARY INTL A","3031092","2025-04-15 12:00","2025","04","15","12:00","","14.9","","-3.8","","27","","","","15","","13","","64.4","","88.56","","","","","","NA"
"-114.01","51.12","CALGARY INTL A","3031092","2025-04-15 13:00","2025","04","15","13:00","","16.5","","-3.0","","26","","","","11","","15","","64.4","","88.44","","","","","","NA"
"-114.01","51.12","CALGARY INTL A","3031092","2025-04-15 14:00","2025","04","15","14:00","","17.0","","-4.2","","23","","","","16","","13","","64.4","","88.35","","","","","","Mostly Cloudy"
"-114.01","51.12","CALGARY INTL A","3031092","2025-04-15 15:00","2025","04","15","15:00","","17.6","","-4.1","","22","","","","25","","10","","64.4","","88.28","","","","","","NA"
"-114.01","51.12","CALGARY INTL A","3031092","2025-04-15 16:00","2025","04","15","16:00","","17.7","","-10.1","","14","","","","28","","33","","64.4","","88.22","","","","","","NA"
"-114.01","51.12","CALGARY INTL A","3031092","2025-04-15 17:00","2025","04","15","17:00","","16.8","","-9.8","","15","","","","28","","31","","64.4","","88.23","","","","","","Mostly Cloudy"
"-114.01","51.12","CALGARY INTL A","3031092","2025-04-15 18:00","2025","04","15","18:00","","16.1","","-9.2","","17","","","","29","","32","","64.4","","88.25","","","","","","NA"
"-114.01","51.12","CALGARY INTL A","3031092","2025-04-15 19:00","2025","04","15","19:00","","13.4","","-5.9","","25","","","","34","","17","","32.2","","88.30","","","","","","NA"
"-114.01","51.12","CALGARY INTL A","3031092","2025-04-15 20:00","2025","04","15","20:00","","7.8","","0.1","","58","","","","1","","49","","24.1","","88.45","","","","","","Mostly Cloudy"
"-114.01","51.12","CALGARY INTL A","3031092","2025-04-15 21:00","2025","04","15","21:00","","5.6","","0.8","","71","","","","2","","39","","24.1","","88.57","","","","","","NA"
"-114.01","51.12","CALGARY INTL A","3031092","2025-04-15 22:00","2025","04","15","22:00","","4.7","","0.3","","73","","","","36","","27","","24.1","","88.71","","","","","","NA"
"-114.01","51.12","CALGARY INTL A","3031092","2025-04-15 23:00","2025","04","15","23:00","","3.5","","-0.2","","76","","","","36","","26","","24.1","","88.68","","","","","","Mainly Clear"
"-114.01","51.12","CALGARY INTL A","3031092","2025-04-16 00:00","2025","04","16","00:00","","3.6","","-0.7","","73","","","","36","","24","","24.1","","88.78","","","","","","NA"
"-114.01","51.12","CALGARY INTL A","3031092","2025-04-16 01:00","2025","04","16","01:00","","3.3","","-2.1","","68","","","","34","","30","","16.1","","88.82","","","","","","NA"
"-114.01","51.12","CALGARY INTL A","3031092","2025-04-16 02:00","2025","04","16","02:00","","1.5","","-3.0","","72","","","","3","","20","","19.3","","88.87","","","","","","Mostly Cloudy"
"-114.01","51.12","CALGARY INTL A","3031092","2025-04-16 03:00","2025","04","16","03:00","","1.1","","-7.6","","52","","","","36","","27","","24.1","","88.89","","","","","","NA"
"-114.01","51.12","CALGARY INTL A","3031092","2025-04-16 04:00","2025","04","16","04:00","","0.7","","-8.1","","52","","","","35","","28","","24.1","","88.92","","","","","","NA"
"-114.01","51.12","CALGARY INTL A","3031092","2025-04-16 05:00","2025","04","16","05:00","","0.6","","-6.1","","61","","","","32","","28","","24.1","","88.96","","","","","","Mostly Cloudy"
"-114.01","51.12","CALGARY INTL A","3031092","2025-04-16 06:00","2025","04","16","06:00","","0.1","","-5.0","","68","","","","33","","23","","24.1","","88.99","","","","","","NA"
"-114.01","51.12","CALGARY INTL A","3031092","2025-04-16 07:00","2025","04","16","07:00","","0.2","","-6.0","","63","","","","32","","28","","24.1","","89.00","","","","","","NA"
"-114.01","51.12","CALGARY INTL A","3031092","2025-04-16 08:00","2025","04","16","08:00","","1.7","","-7.2","","51","","","","34","","30","","24.1","","89.03","","","","","","Mostly Cloudy"
"-114.01","51.12","CALGARY INTL A","3031092","2025-04-16 09:00","2025","04","16","09:00","","3.3","","-8.8","","41","","","","34","","31","","24.1","","89.02","","","","","","NA"
"-114.01","51.12","CALGARY INTL A","3031092","2025-04-16 10:00","2025","04","16","10:00","","3.6","","-10.0","","36","","","","34","","35","","48.3","","89.03","","","","","","NA"
"-114.01","51.12","CALGARY INTL A","3031092","2025-04-16 11:00","2025","04","16","11:00","","4.7","","-10.9","","31","","","","35","","32","","40.2","","89.03","","","","","","Mostly Cloudy"
"-114.01","51.12","CALGARY INTL A","3031092","2025-04-16 12:00","2025","04","16","12:00","","5.0","","-11.5","","29","","","","34","","41","","32.2","","89.01","","","","","","NA"
"-114.01","51.12","CALGARY INTL A","3031092","2025-04-16 13:00","2025","04","16","13:00","","4.8","","-11.2","","31","","","","35","","29","","32.2","","89.02","","","","","","NA"
"-114.01","51.12","CALGARY INTL A","3031092","2025-04-16 14:00","2025","04","16","14:00","","5.2","","-13.6","","24","","","","35","","39","","24.1","","89.03","","","","","","Mostly Cloudy"
"-114.01","51.12","CALGARY INTL A","3031092","2025-04-16 15:00","2025","04","16","15:00","","5.0","","-11.2","","30","","","","34","","35","","32.2","","89.04","","","","","","NA"
"-114.01","51.12","CALGARY INTL A","3031092","2025-04-16 16:00","2025","04","16","16:00","","5.2","","-10.2","","32","","","","35","","35","","32.2","","89.07","","","","","","NA"
"-114.01","51.12","CALGARY INTL A","3031092","2025-04-16 17:00","2025","04","16","17:00","","5.7","","-11.0","","29","","","","36","","25","","32.2","","89.08","","","","","","Mostly Cloudy"
"-114.01","51.12","CALGARY INTL A","3031092","2025-04-16 18:00","2025","04","16","18:00","","6.0","","-13.1","","24","","","","35","","31","","40.2","","89.10","","","","","","NA"
"-114.01","51.12","CALGARY INTL A","3031092","2025-04-16 19:00","2025","04","16","19:00","","5.5","","-13.9","","23","","","","34","","18","","32.2","","89.13","","","","","","NA"
"-114.01","51.12","CALGARY INTL A","3031092","2025-04-16 20:00","2025","04","16","20:00","","4.9","","-13.8","","24","","","","34","","21","","24.1","","89.20","","","","","","Mostly Cloudy"
"-114.01","51.12","CALGARY INTL A","3031092","2025-04-16 21:00","2025","04","16","21:00","","2.8","","-13.3","","30","","","","34","","13","","24.1","","89.25","","","","","","NA"
"-114.01","51.12","CALGARY INTL A","3031092","2025-04-16 22:00","2025","04","16","22:00","","2.7","","-13.0","","31","","","","33","","15","","24.1","","89.28","","","","","","NA"
"-114.01","51.12","CALGARY INTL A","3031092","2025-04-16 23:00","2025","04","16","23:00","","1.3","","-13.1","","33","","","","32","","13","","24.1","","89.27","","","","","","Mostly Cloudy"
"-114.01","51.12","CALGARY INTL A","3031092","2025-04-17 00:00","2025","04","17","00:00","","1.0","","-11.8","","38","","","","33","","12","","24.1","","89.26","","","","","","NA"
"-114.01","51.12","CALGARY INTL A","3031092","2025-04-17 01:00","2025","04","17","01:00","","0.3","","-11.6","","41","","","","34","","9","","24.1","","89.23","","","","","","NA"
"-114.01","51.12","CALGARY INTL A","3031092","2025-04-17 02:00","2025","04","17","02:00","","0.3","","-11.6","","41","","","","31","","9","","24.1","","89.18","","","","","","Mostly Cloudy"
"-114.01","51.12","CALGARY INTL A","3031092","2025-04-17 03:00","2025","04","17","03:00","","1.2","","-11.8","","38","","","","34","","8","","24.1","","89.14","","","","","","NA"
"-114.01","51.12","CALGARY INTL A","3031092","2025-04-17 04:00","2025","04","17","04:00","","-2.5","","-10.6","","54","","","","20","","6","","24.1","","89.15","","","","-5","","NA"
"-114.01","51.12","CALGARY INTL A","3031092","2025-04-17 05:00","2025","04","17","05:00","","-0.8","","-11.3","","45","","","","25","","4","","24.1","","89.14","","","","-2","","Mainly Clear"
"-114.01","51.12","CALGARY INTL A","3031092","2025-04-17 06:00","2025","04","17","06:00","","0.1","","-11.9","","40","","","","30","","12","","48.3","","89.14","","","","","","NA"
"-114.01","51.12","CALGARY INTL A","3031092","2025-04-17 07:00","2025","04","17","07:00","","1.1","","-10.9","","40","","","","36","","18","","64.4","","89.19","","","","","","NA"
"-114.01","51.12","CALGARY INTL A","3031092","2025-04-17 08:00","2025","04","17","08:00","","0.6","","-10.2","","44","","","","4","","23","","64.4","","89.28","","","","","","Mostly Cloudy"
"-114.01","51.12","CALGARY INTL A","3031092","2025-04-17 09:00","2025","04","17","09:00","","0.9","","-8.4","","50","","","","4","","19","","64.4","","89.28","","","","","","NA"
"-114.01","51.12","CALGARY INTL A","3031092","2025-04-17 10:00","2025","04","17","10:00","","2.5","","-6.6","","51","","","","36","","30","","48.3","","89.29","","","","","","NA"
"-114.01","51.12","CALGARY INTL A","3031092","2025-04-17 11:00","2025","04","17","11:00","","2.6","","-5.8","","54","","","","35","","26","","24.1","","89.32","","","","","","Snow Showers"
"-114.01","51.12","CALGARY INTL A","3031092","2025-04-17 12:00","2025","04","17","12:00","","4.2","","-6.3","","46","","","","34","","27","","24.1","","89.31","","","","","","NA"
"-114.01","51.12","CALGARY INTL A","3031092","2025-04-17 13:00","2025","04","17","13:00","","4.2","","-9.7","","36","","","","35","","30","","24.1","","89.28","","","","","","NA"
"-114.01","51.12","CALGARY INTL A","3031092","2025-04-17 14:00","2025","04","17","14:00","","5.3","","-6.5","","42","","","","1","","28","","24.1","","89.31","","","","","","Mostly Cloudy"
"-114.01","51.12","CALGARY INTL A","3031092","2025-04-17 15:00","2025","04","17","15:00","","6.4","","-9.4","","31","","","","36","","27","","24.1","","89.29","","","","","","NA"
"-114.01","51.12","CALGARY INTL A","3031092","2025-04-17 16:00","2025","04","17","16:00","","6.3","","-9.8","","30","","","","36","","32","","32.2","","89.28","","","","","","NA"
"-114.01","51.12","CALGARY INTL A","3031092","2025-04-17 17:00","2025","04","17","17:00","","6.8","","-10.8","","27","","","","35","","18","","32.2","","89.26","","","","","","Mostly Cloudy"
"-114.01","51.12","CALGARY INTL A","3031092","2025-04-17 18:00","2025","04","17","18:00","","6.6","","-11.7","","26","","","","36","","16","","32.2","","89.27","","","","","","NA"
"-114.01","51.12","CALGARY INTL A","3031092","2025-04-17 19:00","2025","04","17","19:00","","5.0","","-11.4","","30","","","","2","","18","","48.3","","89.27","","","","","","NA"
"-114.01","51.12","CALGARY INTL A","3031092","2025-04-17 20:00","2025","04","17","20:00","","2.7","","-11.4","","35","","","","4","","7","","32.2","","89.30","","","","","","Mainly Clear"
"-114.01","51.12","CALGARY INTL A","3031092","2025-04-17 21:00","2025","04","17","21:00","","3.4","","-11.5","","33","","","","","","0","","24.1","","89.34","","","","","","NA"
"-114.01","51.12","CALGARY INTL A","3031092","2025-04-17 22:00","2025","04","17","22:00","","0.9","","-10.5","","42","","","","","","0","","24.1","","89.35","","","","","","NA"
"-114.01","51.12","CALGARY INTL A","3031092","2025-04-17 23:00","2025","04","17","23:00","","-0.7","","-9.9","","50","","","","","","0","","24.1","","89.33","","","","","","Clear"
"-114.01","51.12","CALGARY INTL A","3031092","2025-04-18 00:00","2025","04","18","00:00","","-2.6","","-10.5","","55","","","","34","","4","","24.1","","89.33","","","","-4","","NA"
"-114.01","51.12","CALGARY INTL A","3031092","2025-04-18 01:00","2025","04","18","01:00","","-2.3","","-10.8","","52","","","","","","0","","24.1","","89.30","","","","","","NA"
"-114.01","51.12","CALGARY INTL A","3031092","2025-04-18 02:00","2025","04","18","02:00","","-3.6","","-11.0","","57","","","","","","0","","24.1","","89.27","","","","","","Clear"
"-114.01","51.12","CALGARY INTL A","3031092","2025-04-18 03:00","2025","04","18","03:00","","-3.2","","-10.9","","55","","","","21","","4","","24.1","","89.22","","","","-5","","NA"
"-114.01","51.12","CALGARY INTL A","3031092","2025-04-18 04:00","2025","04","18","04:00","","-4.4","","-10.4","","63","","","","21","","4","","24.1","","89.19","","","","-6","","NA"
"-114.01","51.12","CALGARY INTL A","3031092","2025-04-18 05:00","2025","04","18","05:00","","-4.0","","-10.8","","59","","","","22","","4","","24.1","","89.16","","","","-6","","Clear"
"-114.01","51.12","CALGARY INTL A","3031092","2025-04-18 06:00","2025","04","18","06:00","","-3.7","","-10.4","","60","","","","22","","4","","64.4","","89.15","","","","-5","","NA"
"-114.01","51.12","CALGARY INTL A","3031092","2025-04-18 07:00","2025","04","18","07:00","","-1.2","","-9.8","","52","","","","22","","7","","64.4","","89.15","","","","-4","","NA"
"-114.01","51.12","CALGARY INTL A","3031092","2025-04-18 08:00","2025","04","18","08:00","","1.5","","-9.2","","45","","","","20","","9","","64.4","","89.12","","","","","","Mostly Cloudy"
"-114.01","51.12","CALGARY INTL A","3031092","2025-04-18 09:00","2025","04","18","09:00","","5.2","","-9.3","","34","","","","17","","16","","64.4","","89.06","","","","","","NA"
"-114.01","51.12","CALGARY INTL A","3031092","2025-04-18 10:00","2025","04","18","10:00","","7.8","","-8.7","","30","","","","18","","17","","64.4","","89.01","","","","","","NA"
"-114.01","51.12","CALGARY INTL A","3031092","2025-04-18 11:00","2025","04","18","11:00","","10.4","","-10.0","","23","","","","19","","11","","64.4","","88.93","","","","","","Mostly Cloudy"
"-114.01","51.12","CALGARY INTL A","3031092","2025-04-18 12:00","2025","04","18","12:00","","12.4","","-10.4","","19","","","","20","","14","","64.4","","88.84","","","","","","NA"
"-114.01","51.12","CALGARY INTL A","3031092","2025-04-18 13:00","2025","04","18","13:00","","13.3","","-10.9","","17","","","","18","","9","","64.4","","88.76","","","","","","NA"
"-114.01","51.12","CALGARY INTL A","3031092","2025-04-18 14:00","2025","04","18","14:00","","15.0","","-10.2","","17","","","","19","","16","","64.4","","88.67","","","","","","Mostly Cloudy"
"-114.01","51.12","CALGARY INTL A","3031092","2025-04-18 15:00","2025","04","18","15:00","","15.9","","-10.6","","15","","","","16","","21","","64.4","","88.55","","","","","","NA"
"-114.01","51.12","CALGARY INTL A","3031092","2025-04-18 16:00","2025","04","18","16:00","","16.7","","-9.3","","16","","","","17","","16","","64.4","","88.43","","","","","","NA"
"-114.01","51.12","CALGARY INTL A","3031092","2025-04-18 17:00","2025","04","18","17:00","","17.1","","-8.4","","17","","","","16","","18","","64.4","","88.35","","","","","","Mostly Cloudy"
"-114.01","51.12","CALGARY INTL A","3031092","2025-04-18 18:00","2025","04","18","18:00","","16.7","","-8.5","","17","","","","18","","21","","48.3","","88.28","","","","","","NA"
"-114.01","51.12","CALGARY INTL A","3031092","2025-04-18 19:00","2025","04","18","19:00","","14.4","","-8.2","","20","","","","17","","20","","64.4","","88.22","","","","","","NA"
"-114.01","51.12","CALGARY INTL A","3031092","2025-04-18 20:00","2025","04","18","20:00","","12.1","","-8.2","","23","","","","18","","13","","64.4","","88.20","","","","","","Mainly Clear"
"-114.01","51.12","CALGARY INTL A","3031092","2025-04-18 21:00","2025","04","18","21:00","","11.0","","-7.9","","26","","","","15","","10","","24.1","","88.18","","","","","","NA"
"-114.01","51.12","CALGARY INTL A","3031092","2025-04-18 22:00","2025","04","18","22:00","","9.7","","-8.0","","28","","","","19","","8","","24.1","","88.12","","","","","","NA"
"-114.01","51.12","CALGARY INTL A","3031092","2025-04-18 23:00","2025","04","18","23:00","","8.9","","-7.0","","32","","","","18","","7","","24.1","","88.06","","","","","","Mostly Cloudy"
"-114.01","51.12","CALGARY INTL A","3031092","2025-04-19 00:00","2025","04","19","00:00","","11.3","","-6.0","","29","","","","22","","10","","24.1","","88.00","","","","","","NA"
"-114.01","51.12","CALGARY INTL A","3031092","2025-04-19 01:00","2025","04","19","01:00","","13.5","","-3.7","","30","","","","24","","13","","24.1","","87.94","","","","","","NA"
"-114.01","51.12","CALGARY INTL A","3031092","2025-04-19 02:00","2025","04","19","02:00","","9.8","","-3.8","","38","","","","17","","12","","24.1","","87.90","","","","","","Mostly Cloudy"
"-114.01","51.12","CALGARY INTL A","3031092","2025-04-19 03:00","2025","04","19","03:00","","13.2","","-2.7","","33","","","","33","","5","","24.1","","87.90","","","","","","NA"
"-114.01","51.12","CALGARY INTL A","3031092","2025-04-19 04:00","2025","04","19","04:00","","14.0","","-3.4","","30","","","","31","","32","","16.1","","87.97","","","","","","NA"
"-114.01","51.12","CALGARY INTL A","3031092","2025-04-19 05:00","2025","04","19","05:00","","13.7","","-3.5","","30","","","","29","","32","","16.1","","87.99","","","","","","Mostly Cloudy"
"-114.01","51.12","CALGARY INTL A","3031092","2025-04-19 06:00","2025","04","19","06:00","","12.9","","-3.4","","32","","","","26","","21","","24.1","","88.00","","","","","","NA"
"-114.01","51.12","CALGARY INTL A","3031092","2025-04-19 07:00","2025","04","19","07:00","","11.8","","-2.9","","36","","","","33","","19","","64.4","","88.18","","","","","","NA"
"-114.01","51.12","CALGARY INTL A","3031092","2025-04-19 08:00","2025","04","19","08:00","","7.8","","0.6","","60","","","","2","","30","","64.4","","88.34","","","","","","Cloudy"
"-114.01","51.12","CALGARY INTL A","3031092","2025-04-19 09:00","2025","04","19","09:00","","7.5","","1.1","","64","","","","4","","26","","64.4","","88.37","","","","","","NA"
"-114.01","51.12","CALGARY INTL A","3031092","2025-04-19 10:00","2025","04","19","10:00","","8.2","","1.0","","60","","","","5","","22","","64.4","","88.42","","","","","","NA"
"-114.01","51.12","CALGARY INTL A","3031092","2025-04-19 11:00","2025","04","19","11:00","","7.5","","0.6","","62","","","","8","","19","","64.4","","88.45","","","","","","Cloudy"
"-114.01","51.12","CALGARY INTL A","3031092","2025-04-19 12:00","2025","04","19","12:00","","7.5","","0.8","","63","","","","7","","17","","64.4","","88.45","","","","","","NA"
"-114.01","51.12","CALGARY INTL A","3031092","2025-04-19 13:00","2025","04","19","13:00","","7.1","","1.4","","67","","","","8","","13","","48.3","","88.46","","","","","","NA"
"-114.01","51.12","CALGARY INTL A","3031092","2025-04-19 14:00","2025","04","19","14:00","","7.2","","1.7","","68","","","","9","","13","","24.1","","88.46","","","","","","Cloudy"
"-114.01","51.12","CALGARY INTL A","3031092","2025-04-19 15:00","2025","04","19","15:00","","8.4","","5.0","","79","","","","13","","11","","24.1","","88.46","","","","","","NA"
"-114.01","51.12","CALGARY INTL A","3031092","2025-04-19 16:00","2025","04","19","16:00","","9.7","","2.4","","60","","","","14","","17","","32.2","","88.41","","","","","","NA"
"-114.01","51.12","CALGARY INTL A","3031092","2025-04-19 17:00","2025","04","19","17:00","","11.2","","2.5","","55","","","","15","","17","","40.2","","88.40","","","","","","Mainly Clear"
"-114.01","51.12","CALGARY INTL A","3031092","2025-04-19 18:00","2025","04","19","18:00","","10.8","","2.6","","57","","","","16","","21","","48.3","","88.41","","","","","","NA"
"-114.01","51.12","CALGARY INTL A","3031092","2025-04-19 19:00","2025","04","19","19:00","","8.8","","2.1","","63","","","","18","","22","","32.2","","88.42","","","","","","NA"
"-114.01","51.12","CALGARY INTL A","3031092","2025-04-19 20:00","2025","04","19","20:00","","5.4","","0.5","","71","","","","32","","30","","24.1","","88.55","","","","","","Mostly Cloudy"
"-114.01","51.12","CALGARY INTL A","3031092","2025-04-19 21:00","2025","04","19","21:00","","2.9","","0.6","","85","","","","35","","22","","16.1","","88.72","","","","","","Rain"
"-114.01","51.12","CALGARY INTL A","3031092","2025-04-19 22:00","2025","04","19","22:00","","2.0","","0.6","","90","","","","1","","18","","12.9","","88.80","","","","","","NA"
"-114.01","51.12","CALGARY INTL A","3031092","2025-04-19 23:00","2025","04","19","23:00","","2.2","","1.1","","92","","","","2","","17","","12.9","","88.85","","","","","","Cloudy"
"-114.01","51.12","CALGARY INTL A","3031092","2025-04-20 00:00","2025","04","20","00:00","","2.5","","1.2","","91","","","","35","","16","","12.9","","88.90","","","","","","NA"
"-114.01","51.12","CALGARY INTL A","3031092","2025-04-20 01:00","2025","04","20","01:00","","1.3","","-0.1","","91","","","","35","","14","","12.9","","88.94","","","","","","NA"
"-114.01","51.12","CALGARY INTL A","3031092","2025-04-20 02:00","2025","04","20","02:00","","0.6","","-1.6","","85","","","","32","","5","","16.1","","89.01","","","","","","Mostly Cloudy"
"-114.01","51.12","CALGARY INTL A","3031092","2025-04-20 03:00","2025","04","20","03:00","","1.0","","-2.2","","79","","","","34","","18","","16.1","","89.03","","","","","","NA"
"-114.01","51.12","CALGARY INTL A","3031092","2025-04-20 04:00","2025","04","20","04:00","","0.5","","-3.1","","76","","","","33","","22","","16.1","","89.04","","","","","","NA"
"-114.01","51.12","CALGARY INTL A","3031092","2025-04-20 05:00","2025","04","20","05:00","","0.2","","-3.2","","78","","","","35","","13","","16.1","","89.07","","","","","","Cloudy"
"-114.01","51.12","CALGARY INTL A","3031092","2025-04-20 06:00","2025","04","20","06:00","","-0.1","","-3.5","","78","","","","33","","13","","16.1","","89.08","","","","-4","","NA"
"-114.01","51.12","CALGARY INTL A","3031092","2025-04-20 07:00","2025","04","20","07:00","","0.6","","-3.6","","74","","","","34","","13","","24.1","","89.11","","","","","","NA"
"-114.01","51.12","CALGARY INTL A","3031092","2025-04-20 08:00","2025","04","20","08:00","","2.1","","-3.6","","66","","","","35","","10","","24.1","","89.11","","","","","","Cloudy"
"-114.01","51.12","CALGARY INTL A","3031092","2025-04-20 09:00","2025","04","20","09:00","","3.1","","-4.8","","56","","","","1","","11","","24.1","","89.08","","","","","","NA"
"-114.01","51.12","CALGARY INTL A","3031092","2025-04-20 10:00","2025","04","20","10:00","","4.1","","-6.1","","47","","","","9","","10","","32.2","","89.07","","","","","","NA"
"-114.01","51.12","CALGARY INTL A","3031092","2025-04-20 11:00","2025","04","20","11:00","","4.3","","-3.3","","58","","","","13","","19","","32.2","","89.08","","","","","","Mostly Cloudy"
"-114.01","51.12","CALGARY INTL A","3031092","2025-04-20 12:00","2025","04","20","12:00","","4.2","","-2.8","","60","","","","13","","22","","32.2","","89.06","","","","","","NA"
"-114.01","51.12","CALGARY INTL A","3031092","2025-04-20 13:00","2025","04","20","13:00","","4.2","","-1.5","","66","","","","11","","19","","24.1","","89.01","","","","","","NA"
"-114.01","51.12","CALGARY INTL A","3031092","2025-04-20 14:00","2025","04","20","14:00","","3.7","","-1.7","","68","","","","13","","17","","24.1","","88.99","","","","","","Mostly Cloudy"
"-114.01","51.12","CALGARY INTL A","3031092","2025-04-20 15:00","2025","04","20","15:00","","3.5","","-1.8","","68","","","","13","","15","","24.1","","88.95","","","","","","NA"
"-114.01","51.12","CALGARY INTL A","3031092","2025-04-20 16:00","2025","04","20","16:00","","4.2","","-1.2","","68","","","","13","","14","","24.1","","88.92","","","","","","NA"
"-114.01","51.12","CALGARY INTL A","3031092","2025-04-20 17:00","2025","04","20","17:00","","4.0","","-2.2","","64","","","","16","","14","","24.1","","88.91","","","","","","Cloudy"
"-114.01","51.12","CALGARY INTL A","3031092","2025-04-20 18:00","2025","04","20","18:00","","3.7","","-2.0","","66","","","","17","","11","","24.1","","88.89","","","","","","NA"
"-114.01","51.12","CALGARY INTL A","3031092","2025-04-20 19:00","2025","04","20","19:00","","3.2","","-1.8","","69","","","","18","","10","","24.1","","88.87","","","","","","NA"
"-114.01","51.12","CALGARY INTL A","3031092","2025-04-20 20:00","2025","04","20","20:00","","2.2","","-1.7","","75","","","","19","","9","","16.1","","88.85","","","","","","Mostly Cloudy"
"-114.01","51.12","CALGARY INTL A","3031092","2025-04-20 21:00","2025","04","20","21:00","","2.0","","-0.9","","81","","","","15","","13","","16.1","","88.84","","","","","","NA"
"-114.01","51.12","CALGARY INTL A","3031092","2025-04-20 22:00","2025","04","20","22:00","","1.4","","-1.3","","82","","","","17","","8","","24.1","","88.82","","","","","","NA"
"-114.01","51.12","CALGARY INTL A","3031092","2025-04-20 23:00","2025","04","20","23:00","","1.8","","-0.8","","84","","","","18","","8","","16.1","","88.80","","","","","","Cloudy"
"-114.01","51.12","CALGARY INTL A","3031092","2025-04-21 00:00","2025","04","21","00:00","","1.6","","-0.6","","85","","","","16","","9","","16.1","","88.74","","","","","","NA"
"-114.01","51.12","CALGARY INTL A","3031092","2025-04-21 01:00","2025","04","21","01:00","","1.6","","-0.7","","85","","","","22","","9","","16.1","","88.71","","","","","","NA"
"-114.01","51.12","CALGARY INTL A","3031092","2025-04-21 02:00","2025","04","21","02:00","","1.2","","-0.4","","89","","","","19","","10","","12.9","","88.67","","","","","","Mostly Cloudy"
"-114.01","51.12","CALGARY INTL A","3031092","2025-04-21 03:00","2025","04","21","03:00","","1.2","","-0.1","","91","","","","18","","13","","9.7","","88.63","","","","","","Fog"
"-114.01","51.12","CALGARY INTL A","3031092","2025-04-21 04:00","2025","04","21","04:00","","1.3","","-0.5","","88","","","","19","","10","","12.9","","88.62","","","","","","NA"
"-114.01","51.12","CALGARY INTL A","3031092","2025-04-21 05:00","2025","04","21","05:00","","1.4","","-0.4","","88","","","","18","","8","","12.9","","88.60","","","","","","Cloudy"
"-114.01","51.12","CALGARY INTL A","3031092","2025-04-21 06:00","2025","04","21","06:00","","1.3","","-0.2","","90","","","","16","","7","","11.3","","88.57","","","","","","Rain"
"-114.01","51.12","CALGARY INTL A","3031092","2025-04-21 07:00","2025","04","21","07:00","","0.8","","0.1","","95","","","","12","","9","","4.0","","88.59","","","","","","Snow,Fog"
"-114.01","51.12","CALGARY INTL A","3031092","2025-04-21 08:00","2025","04","21","08:00","","1.2","","0.0","","92","","","","14","","14","","8.1","","88.58","","","","","","Snow,Fog"
"-114.01","51.12","CALGARY INTL A","3031092","2025-04-21 09:00","2025","04","21","09:00","","1.0","","-0.2","","91","","","","16","","11","","4.0","","88.57","","","","","","Snow,Fog"
"-114.01","51.12","CALGARY INTL A","3031092","2025-04-21 10:00","2025","04","21","10:00","","0.8","","0.0","","94","","","","19","","7","","2.8","","88.58","","","","","","Snow,Fog"
"-114.01","51.12","CALGARY INTL A","3031092","2025-04-21 11:00","2025","04","21","11:00","","0.9","","0.3","","96","","","","21","","4","","2.4","","88.60","","","","","","Snow,Fog"
"-114.01","51.12","CALGARY INTL A","3031092","2025-04-21 12:00","2025","04","21","12:00","","0.9","","0.3","","96","","","","1","","8","","2.8","","88.60","","","","","","Snow,Fog"
"-114.01","51.12","CALGARY INTL A","3031092","2025-04-21 13:00","2025","04","21","13:00","","1.9","","1.1","","95","","","","2","","10","","4.8","","88.61","","","","","","Rain,Snow,Fog"
"-114.01","51.12","CALGARY INTL A","3031092","2025-04-21 14:00","2025","04","21","14:00","","2.9","","1.1","","88","","","","35","","13","","9.7","","88.64","","","","","","Rain,Snow,Fog"
"-114.01","51.12","CALGARY INTL A","3031092","2025-04-21 15:00","2025","04","21","15:00","","2.8","","1.5","","91","","","","4","","14","","9.7","","88.67","","","","","","Rain,Snow,Fog"
"-114.01","51.12","CALGARY INTL A","3031092","2025-04-21 16:00","2025","04","21","16:00","","1.4","","0.3","","93","","","","36","","15","","4.8","","88.72","","","","","","Rain,Snow,Fog"
"-114.01","51.12","CALGARY INTL A","3031092","2025-04-21 17:00","2025","04","21","17:00","","1.4","","0.3","","92","","","","34","","25","","2.8","","88.79","","","","","","Rain,Snow,Fog"
"-114.01","51.12","CALGARY INTL A","3031092","2025-04-21 18:00","2025","04","21","18:00","","1.5","","0.3","","92","","","","34","","19","","12.9","","88.81","","","","","","Snow"
"-114.01","51.12","CALGARY INTL A","3031092","2025-04-21 19:00","2025","04","21","19:00","","1.5","","-0.1","","89","","","","33","","25","","19.3","","88.84","","","","","","Snow"
"-114.01","51.12","CALGARY INTL A","3031092","2025-04-21 20:00","2025","04","21","20:00","","0.8","","-0.5","","91","","","","33","","23","","14.5","","88.90","","","","","","Snow"
"-114.01","51.12","CALGARY INTL A","3031092","2025-04-21 21:00","2025","04","21","21:00","","0.8","","-0.5","","91","","","","34","","24","","14.5","","88.97","","","","","","Snow"
"-114.01","51.12","CALGARY INTL A","3031092","2025-04-21 22:00","2025","04","21","22:00","","0.6","","-0.9","","90","","","","34","","27","","2.8","","88.99","","","","","","Snow"
"-114.01","51.12","CALGARY INTL A","3031092","2025-04-21 23:00","2025","04","21","23:00","","0.1","","-0.7","","94","","","","34","","27","","2.4","","89.00","","","","","","Snow"
"-114.01","51.12","CALGARY INTL A","3031092","2025-04-22 00:00","2025","04","22","00:00","","0.2","","-0.8","","94","","","","34","","34","","2.0","","89.02","","","","","","Snow"
"-114.01","51.12","CALGARY INTL A","3031092","2025-04-22 01:00","2025","04","22","01:00","","0.1","","-1.2","","91","","","","35","","32","","4.8","","89.07","","","","","","Snow"
"-114.01","51.12","CALGARY INTL A","3031092","2025-04-22 02:00","2025","04","22","02:00","","0.0","","-1.6","","89","","","","35","","25","","14.5","","89.07","","","","-6","","Mostly Cloudy"
"-114.01","51.12","CALGARY INTL A","3031092","2025-04-22 03:00","2025","04","22","03:00","","-0.8","","-2.3","","90","","","","35","","18","","24.1","","89.08","","","","-6","","NA"
"-114.01","51.12","CALGARY INTL A","3031092","2025-04-22 04:00","2025","04","22","04:00","","-0.7","","-2.3","","89","","","","33","","15","","24.1","","89.13","","","","-5","","NA"
"-114.01","51.12","CALGARY INTL A","3031092","2025-04-22 05:00","2025","04","22","05:00","","-0.8","","-2.1","","91","","","","33","","17","","19.3","","89.14","","","","-6","","Mostly Cloudy"
"-114.01","51.12","CALGARY INTL A","3031092","2025-04-22 06:00","2025","04","22","06:00","","-1.8","","-3.1","","91","","","","32","","8","","64.4","","89.17","","","","-5","","NA"
"-114.01","51.12","CALGARY INTL A","3031092","2025-04-22 07:00","2025","04","22","07:00","","-0.8","","-3.5","","82","","","","33","","12","","64.4","","89.20","","","","-5","","NA"
"-114.01","51.12","CALGARY INTL A","3031092","2025-04-22 08:00","2025","04","22","08:00","","1.1","","-3.4","","72","","","","34","","17","","64.4","","89.19","","","","","","Mainly Clear"
"-114.01","51.12","CALGARY INTL A","3031092","2025-04-22 09:00","2025","04","22","09:00","","2.9","","-2.6","","67","","","","32","","18","","64.4","","89.20","","","","","","NA"
"-114.01","51.12","CALGARY INTL A","3031092","2025-04-22 10:00","2025","04","22","10:00","","4.3","","-3.0","","59","","","","1","","11","","48.3","","89.23","","","","","","NA"
"-114.01","51.12","CALGARY INTL A","3031092","2025-04-22 11:00","2025","04","22","11:00","","5.2","","-3.8","","52","","","","2","","18","","32.2","","89.24","","","","","","Mainly Clear"
"-114.01","51.12","CALGARY INTL A","3031092","2025-04-22 12:00","2025","04","22","12:00","","5.8","","-6.9","","40","","","","2","","17","","32.2","","89.21","","","","","","NA"
"-114.01","51.12","CALGARY INTL A","3031092","2025-04-22 13:00","2025","04","22","13:00","","7.0","","-6.4","","38","","","","36","","16","","48.3","","89.18","","","","","","NA"
"-114.01","51.12","CALGARY INTL A","3031092","2025-04-22 14:00","2025","04","22","14:00","","6.8","","-6.7","","38","","","","1","","8","","48.3","","89.15","","","","","","Mostly Cloudy"
"-114.01","51.12","CALGARY INTL A","3031092","2025-04-22 15:00","2025","04","22","15:00","","6.2","","-7.3","","37","","","","27","","5","","48.3","","89.12","","","","","","NA"
"-114.01","51.12","CALGARY INTL A","3031092","2025-04-22 16:00","2025","04","22","16:00","","6.4","","-6.8","","38","","","","","","0","","56.3","","89.10","","","","","","NA"
"-114.01","51.12","CALGARY INTL A","3031092","2025-04-22 17:00","2025","04","22","17:00","","5.6","","-4.8","","47","","","","9","","7","","64.4","","89.10","","","","","","Mostly Cloudy"
"-114.01","51.12","CALGARY INTL A","3031092","2025-04-22 18:00","2025","04","22","18:00","","6.3","","-5.8","","42","","","","15","","16","","64.4","","89.06","","","","","","NA"
"-114.01","51.12","CALGARY INTL A","3031092","2025-04-22 19:00","2025","04","22","19:00","","5.4","","-4.0","","51","","","","16","","16","","32.2","","89.08","","","","","","NA"
"-114.01","51.12","CALGARY INTL A","3031092","2025-04-22 20:00","2025","04","22","20:00","","3.4","","-4.5","","56","","","","18","","11","","24.1","","89.11","","","","","","Mainly Clear"
"-114.01","51.12","CALGARY INTL A","3031092","2025-04-22 21:00","2025","04","22","21:00","","2.8","","-3.2","","65","","","","19","","14","","24.1","","89.15","","","","","","NA"
"-114.01","51.12","CALGARY INTL A","3031092","2025-04-22 22:00","2025","04","22","22:00","","2.0","","-2.2","","74","","","","20","","11","","24.1","","89.16","","","","","","NA"
"-114.01","51.12","CALGARY INTL A","3031092","2025-04-22 23:00","2025","04","22","23:00","","1.8","","-2.3","","74","","","","20","","10","","24.1","","89.15","","","","","","Mainly Clear"
"-114.01","51.12","CALGARY INTL A","3031092","2025-04-23 00:00","2025","04","23","00:00","","1.0","","-1.9","","81","","","","19","","9","","24.1","","89.15","","","","","","NA"
"-114.01","51.12","CALGARY INTL A","3031092","2025-04-23 01:00","2025","04","23","01:00","","0.3","","-2.1","","84","","","","20","","8","","24.1","","89.15","","","","","","NA"
"-114.01","51.12","CALGARY INTL A","3031092","2025-04-23 02:00","2025","04","23","02:00","","-0.3","","-2.8","","84","","","","21","","7","","24.1","","89.14","","","","-3","","Clear"
"-114.01","51.12","CALGARY INTL A","3031092","2025-04-23 03:00","2025","04","23","03:00","","-1.2","","-3.4","","85","","","","","","0","","24.1","","89.14","","","","","","NA"
"-114.01","51.12","CALGARY INTL A","3031092","2025-04-23 04:00","2025","04","23","04:00","","-1.7","","-4.8","","79","","","","17","","3","","24.1","","89.15","","","","-3","","NA"
"-114.01","51.12","CALGARY INTL A","3031092","2025-04-23 05:00","2025","04","23","05:00","","-2.2","","-5.7","","77","","","","20","","4","","32.2","","89.15","","","","-4","","Clear"
"-114.01","51.12","CALGARY INTL A","3031092","2025-04-23 06:00","2025","04","23","06:00","","-2.1","","-6.1","","74","","","","18","","4","","64.4","","89.15","","","","-4","","NA"
"-114.01","51.12","CALGARY INTL A","3031092","2025-04-23 07:00","2025","04","23","07:00","","-0.1","","-5.1","","69","","","","15","","3","","64.4","","89.19","","","","-1","","NA"
"-114.01","51.12","CALGARY INTL A","3031092","2025-04-23 08:00","2025","04","23","08:00","","4.1","","-5.6","","49","","","","32","","6","","64.4","","89.20","","","","","","Mainly Clear"
"-114.01","51.12","CALGARY INTL A","3031092","2025-04-23 09:00","2025","04","23","09:00","","7.2","","-6.4","","37","","","","34","","14","","64.4","","89.21","","","","","","NA"
"-114.01","51.12","CALGARY INTL A","3031092","2025-04-23 10:00","2025","04","23","10:00","","8.2","","-7.7","","32","","","","1","","13","","64.4","","89.21","","","","","","NA"
"-114.01","51.12","CALGARY INTL A","3031092","2025-04-23 11:00","2025","04","23","11:00","","7.6","","-7.9","","32","","","","19","","3","","64.4","","89.21","","","","","","Mostly Cloudy"
"-114.01","51.12","CALGARY INTL A","3031092","2025-04-23 12:00","2025","04","23","12:00","","8.1","","-8.3","","30","","","","27","","5","","64.4","","89.20","","","","","","NA"
"-114.01","51.12","CALGARY INTL A","3031092","2025-04-23 13:00","2025","04","23","13:00","","8.9","","-6.7","","32","","","","18","","7","","64.4","","89.20","","","","","","NA"
"-114.01","51.12","CALGARY INTL A","3031092","2025-04-23 14:00","2025","04","23","14:00","","9.9","","-8.1","","27","","","","","","0","","48.3","","89.18","","","","","","Mostly Cloudy"
"-114.01","51.12","CALGARY INTL A","3031092","2025-04-23 15:00","2025","04","23","15:00","","10.1","","-8.5","","26","","","","29","","5","","48.3","","89.16","","","","","","NA"
"-114.01","51.12","CALGARY INTL A","3031092","2025-04-23 16:00","2025","04","23","16:00","","10.7","","-7.7","","27","","","","7","","10","","48.3","","89.14","","","","","","NA"
"-114.01","51.12","CALGARY INTL A","3031092","2025-04-23 17:00","2025","04","23","17:00","","9.9","","-8.9","","26","","","","5","","8","","48.3","","89.17","","","","","","Mostly Cloudy"
"-114.01","51.12","CALGARY INTL A","3031092","2025-04-23 18:00","2025","04","23","18:00","","9.2","","-7.0","","31","","","","9","","18","","48.3","","89.20","","","","","","NA"
"-114.01","51.12","CALGARY INTL A","3031092","2025-04-23 19:00","2025","04","23","19:00","","8.5","","-6.6","","34","","","","10","","11","","24.1","","89.22","","","","","","NA"
"-114.01","51.12","CALGARY INTL A","3031092","2025-04-23 20:00","2025","04","23","20:00","","5.8","","-5.1","","45","","","","8","","10","","24.1","","89.29","","","","","","Mostly Cloudy"
"-114.01","51.12","CALGARY INTL A","3031092","2025-04-23 21:00","2025","04","23","21:00","","6.3","","-6.5","","39","","","","10","","9","","24.1","","89.33","","","","","","NA"
"-114.01","51.12","CALGARY INTL A","3031092","2025-04-23 22:00","2025","04","23","22:00","","4.8","","-5.8","","46","","","","12","","9","","24.1","","89.36","","","","","","NA"
"-114.01","51.12","CALGARY INTL A","3031092","2025-04-23 23:00","2025","04","23","23:00","","3.5","","-5.0","","54","","","","","","0","","24.1","","89.41","","","","","","Mainly Clear"
"-114.01","51.12","CALGARY INTL A","3031092","2025-04-24 00:00","2025","04","24","00:00","","3.3","","-5.4","","53","","","","","","0","","24.1","","89.44","","","","","","NA"
"-114.01","51.12","CALGARY INTL A","3031092","2025-04-24 01:00","2025","04","24","01:00","","2.0","","-5.0","","60","","","","","","0","","24.1","","89.47","","","","","","NA"
"-114.01","51.12","CALGARY INTL A","3031092","2025-04-24 02:00","2025","04","24","02:00","","1.3","","-4.9","","64","","","","27","","3","","24.1","","89.47","","","","","","Clear"
"-114.01","51.12","CALGARY INTL A","3031092","2025-04-24 03:00","2025","04","24","03:00","","-1.1","","-5.2","","74","","","","2","","10","","24.1","","89.47","","","","-5","","NA"
"-114.01","51.12","CALGARY INTL A","3031092","2025-04-24 04:00","2025","04","24","04:00","","-0.9","","-5.8","","69","","","","34","","5","","24.1","","89.49","","","","-3","","NA"
"-114.01","51.12","CALGARY INTL A","3031092","2025-04-24 05:00","2025","04","24","05:00","","-2.5","","-6.5","","74","","","","","","0","","24.1","","89.50","","","","","","Clear"
"-114.01","51.12","CALGARY INTL A","3031092","2025-04-24 06:00","2025","04","24","06:00","","-1.4","","-6.0","","71","","","","","","0","","48.3","","89.52","","","","","","NA"
"-114.01","51.12","CALGARY INTL A","3031092","2025-04-24 07:00","2025","04","24","07:00","","0.9","","-4.2","","69","","","","19","","5","","64.4","","89.57","","","","","","NA"
"-114.01","51.12","CALGARY INTL A","3031092","2025-04-24 08:00","2025","04","24","08:00","","4.5","","-4.6","","52","","","","16","","6","","64.4","","89.59","","","","","","Clear"
"-114.01","51.12","CALGARY INTL A","3031092","2025-04-24 09:00","2025","04","24","09:00","","7.9","","-5.4","","39","","","","18","","11","","64.4","","89.59","","","","","","NA"
"-114.01","51.12","CALGARY INTL A","3031092","2025-04-24 10:00","2025","04","24","10:00","","10.2","","-5.5","","33","","","","18","","20","","64.4","","89.59","","","","","","NA"
"-114.01","51.12","CALGARY INTL A","3031092","2025-04-24 11:00","2025","04","24","11:00","","11.8","","-6.3","","28","","","","14","","19","","64.4","","89.59","","","","","","Mainly Clear"
"-114.01","51.12","CALGARY INTL A","3031092","2025-04-24 12:00","2025","04","24","12:00","","12.6","","-7.3","","24","","","","16","","26","","48.3","","89.55","","","","","","NA"
"-114.01","51.12","CALGARY INTL A","3031092","2025-04-24 13:00","2025","04","24","13:00","","13.1","","-7.5","","23","","","","17","","23","","48.3","","89.52","","","","","","NA"
"-114.01","51.12","CALGARY INTL A","3031092","2025-04-24 14:00","2025","04","24","14:00","","13.4","","-7.2","","23","","","","19","","21","","48.3","","89.49","","","","","","Mostly Cloudy"
"-114.01","51.12","CALGARY INTL A","3031092","2025-04-24 15:00","2025","04","24","15:00","","14.3","","-7.0","","22","","","","17","","28","","48.3","","89.46","","","","","","NA"
"-114.01","51.12","CALGARY INTL A","3031092","2025-04-24 16:00","2025","04","24","16:00","","14.5","","-7.4","","21","","","","16","","27","","32.2","","89.42","","","","","","NA"
"-114.01","51.12","CALGARY INTL A","3031092","2025-04-24 17:00","2025","04","24","17:00","","14.2","","-7.1","","22","","","","16","","22","","32.2","","89.41","","","","","","Mainly Clear"
"-114.01","51.12","CALGARY INTL A","3031092","2025-04-24 18:00","2025","04","24","18:00","","13.4","","-7.3","","23","","","","17","","25","","32.2","","89.38","","","","","","NA"
"-114.01","51.12","CALGARY INTL A","3031092","2025-04-24 19:00","2025","04","24","19:00","","12.0","","-6.9","","26","","","","15","","26","","32.2","","89.37","","","","","","NA"
"-114.01","51.12","CALGARY INTL A","3031092","2025-04-24 20:00","2025","04","24","20:00","","10.3","","-6.8","","29","","","","15","","23","","64.4","","89.37","","","","","","Clear"
"-114.01","51.12","CALGARY INTL A","3031092","2025-04-24 21:00","2025","04","24","21:00","","8.9","","-8.0","","29","","","","15","","24","","24.1","","89.41","","","","","","NA"
"-114.01","51.12","CALGARY INTL A","3031092","2025-04-24 22:00","2025","04","24","22:00","","7.4","","-6.9","","35","","","","17","","20","","24.1","","89.43","","","","","","NA"
"-114.01","51.12","CALGARY INTL A","3031092","2025-04-24 23:00","2025","04","24","23:00","","5.3","","-6.0","","44","","","","18","","15","","24.1","","89.44","","","","","","Clear"
"-114.01","51.12","CALGARY INTL A","3031092","2025-04-25 00:00","2025","04","25","00:00","","4.8","","-5.8","","46","","","","18","","15","","24.1","","89.42","","","","","","NA"
"-114.01","51.12","CALGARY INTL A","3031092","2025-04-25 01:00","2025","04","25","01:00","","4.8","","-5.6","","47","","","","18","","17","","24.1","","89.41","","","","","","NA"
"-114.01","51.12","CALGARY INTL A","3031092","2025-04-25 02:00","2025","04","25","02:00","","3.6","","-4.8","","54","","","","16","","14","","24.1","","89.36","","","","","","Clear"
"-114.01","51.12","CALGARY INTL A","3031092","2025-04-25 03:00","2025","04","25","03:00","","2.0","","-5.1","","60","","","","18","","13","","24.1","","89.33","","","","","","NA"
"-114.01","51.12","CALGARY INTL A","3031092","2025-04-25 04:00","2025","04","25","04:00","","1.8","","-5.5","","59","","","","18","","12","","24.1","","89.31","","","","","","NA"
"-114.01","51.12","CALGARY INTL A","3031092","2025-04-25 05:00","2025","04","25","05:00","","1.9","","-5.4","","59","","","","19","","10","","48.3","","89.29","","","","","","Clear"
"-114.01","51.12","CALGARY INTL A","3031092","2025-04-25 06:00","2025","04","25","06:00","","2.5","","-5.2","","57","","","","19","","10","","64.4","","89.28","","","","","","NA"
"-114.01","51.12","CALGARY INTL A","3031092","2025-04-25 07:00","2025","04","25","07:00","","5.0","","-4.4","","51","","","","19","","14","","64.4","","89.26","","","","","","NA"
"-114.01","51.12","CALGARY INTL A","3031092","2025-04-25 08:00","2025","04","25","08:00","","7.2","","-3.8","","45","","","","18","","18","","64.4","","89.23","","","","","","Clear"
"-114.01","51.12","CALGARY INTL A","3031092","2025-04-25 09:00","2025","04","25","09:00","","9.8","","-3.0","","40","","","","18","","19","","64.4","","89.18","","","","","","NA"
"-114.01","51.12","CALGARY INTL A","3031092","2025-04-25 10:00","2025","04","25","10:00","","13.0","","-3.4","","32","","","","17","","30","","64.4","","89.13","","","","","","NA"
"-114.01","51.12","CALGARY INTL A","3031092","2025-04-25 11:00","2025","04","25","11:00","","14.9","","-3.1","","29","","","","17","","32","","64.4","","89.07","","","","","","Clear"
"-114.01","51.12","CALGARY INTL A","3031092","2025-04-25 12:00","2025","04","25","12:00","","16.2","","-4.3","","24","","","","17","","30","","64.4","","89.00","","","","","","NA"
"-114.01","51.12","CALGARY INTL A","3031092","2025-04-25 13:00","2025","04","25","13:00","","16.7","","-4.0","","24","","","","17","","23","","64.4","","88.92","","","","","","NA"
"-114.01","51.12","CALGARY INTL A","3031092","2025-04-25 14:00","2025","04","25","14:00","","17.1","","-4.5","","22","","","","15","","29","","48.3","","88.82","","","","","","Clear"
"-114.01","51.12","CALGARY INTL A","3031092","2025-04-25 15:00","2025","04","25","15:00","","18.3","","-6.3","","18","","","","16","","34","","48.3","","88.72","","","","","","NA"
"-114.01","51.12","CALGARY INTL A","3031092","2025-04-25 16:00","2025","04","25","16:00","","18.2","","-6.0","","19","","","","17","","34","","48.3","","88.63","","","","","","NA"
"-114.01","51.12","CALGARY INTL A","3031092","2025-04-25 17:00","2025","04","25","17:00","","18.1","","-6.5","","18","","","","16","","32","","32.2","","88.58","","","","","","Mainly Clear"
"-114.01","51.12","CALGARY INTL A","3031092","2025-04-25 18:00","2025","04","25","18:00","","16.8","","-5.4","","21","","","","16","","35","","32.2","","88.54","","","","","","NA"
"-114.01","51.12","CALGARY INTL A","3031092","2025-04-25 19:00","2025","04","25","19:00","","15.4","","-5.5","","23","","","","16","","27","","32.2","","88.51","","","","","","NA"
"-114.01","51.12","CALGARY INTL A","3031092","2025-04-25 20:00","2025","04","25","20:00","","13.2","","-4.8","","28","","","","16","","22","","64.4","","88.51","","","","","","Mainly Clear"
"-114.01","51.12","CALGARY INTL A","3031092","2025-04-25 21:00","2025","04","25","21:00","","11.4","","-4.8","","32","","","","16","","18","","24.1","","88.53","","","","","","NA"
"-114.01","51.12","CALGARY INTL A","3031092","2025-04-25 22:00","2025","04","25","22:00","","9.1","","-3.9","","39","","","","17","","16","","24.1","","88.48","","","","","","NA"
"-114.01","51.12","CALGARY INTL A","3031092","2025-04-25 23:00","2025","04","25","23:00","","8.3","","-3.2","","44","","","","18","","13","","24.1","","88.48","","","","","","Clear"
"-114.01","51.12","CALGARY INTL A","3031092","2025-04-26 00:00","2025","04","26","00:00","","7.4","","-2.5","","50","","","","18","","12","","24.1","","88.44","","","","","","NA"
"-114.01","51.12","CALGARY INTL A","3031092","2025-04-26 01:00","2025","04","26","01:00","","6.3","","-1.9","","56","","","","17","","13","","24.1","","88.42","","","","","","NA"
"-114.01","51.12","CALGARY INTL A","3031092","2025-04-26 02:00","2025","04","26","02:00","","5.6","","-2.6","","55","","","","18","","11","","24.1","","88.36","","","","","","Clear"
"-114.01","51.12","CALGARY INTL A","3031092","2025-04-26 03:00","2025","04","26","03:00","","3.3","","-4.3","","58","","","","22","","8","","24.1","","88.35","","","","","","NA"
"-114.01","51.12","CALGARY INTL A","3031092","2025-04-26 04:00","2025","04","26","04:00","","3.2","","-5.4","","53","","","","25","","6","","24.1","","88.33","","","","","","NA"
"-114.01","51.12","CALGARY INTL A","3031092","2025-04-26 05:00","2025","04","26","05:00","","2.7","","-5.9","","53","","","","22","","3","","32.2","","88.28","","","","","","Mainly Clear"
"-114.01","51.12","CALGARY INTL A","3031092","2025-04-26 06:00","2025","04","26","06:00","","3.0","","-5.6","","53","","","","7","","6","","64.4","","88.29","","","","","","NA"
"-114.01","51.12","CALGARY INTL A","3031092","2025-04-26 07:00","2025","04","26","07:00","","5.2","","-5.5","","46","","","","20","","4","","64.4","","88.31","","","","","","NA"
"-114.01","51.12","CALGARY INTL A","3031092","2025-04-26 08:00","2025","04","26","08:00","","9.8","","-3.9","","38","","","","32","","4","","64.4","","88.28","","","","","","Mainly Clear"
"-114.01","51.12","CALGARY INTL A","3031092","2025-04-26 09:00","2025","04","26","09:00","","14.9","","-4.2","","26","","","","34","","9","","64.4","","88.26","","","","","","NA"
"-114.01","51.12","CALGARY INTL A","3031092","2025-04-26 10:00","2025","04","26","10:00","","16.5","","-5.5","","22","","","","4","","18","","64.4","","88.24","","","","","","NA"
"-114.01","51.12","CALGARY INTL A","3031092","2025-04-26 11:00","2025","04","26","11:00","","16.9","","-6.3","","20","","","","7","","11","","64.4","","88.23","","","","","","Cloudy"
"-114.01","51.12","CALGARY INTL A","3031092","2025-04-26 12:00","2025","04","26","12:00","","17.1","","-8.4","","17","","","","26","","4","","64.4","","88.19","","","","","","NA"
"-114.01","51.12","CALGARY INTL A","3031092","2025-04-26 13:00","2025","04","26","13:00","","17.7","","-8.5","","16","","","","24","","7","","64.4","","88.14","","","","","","NA"
"-114.01","51.12","CALGARY INTL A","3031092","2025-04-26 14:00","2025","04","26","14:00","","18.8","","-8.5","","15","","","","24","","12","","48.3","","88.12","","","","","","Mostly Cloudy"
"-114.01","51.12","CALGARY INTL A","3031092","2025-04-26 15:00","2025","04","26","15:00","","18.6","","-8.7","","15","","","","6","","3","","32.2","","88.08","","","","","","NA"
"-114.01","51.12","CALGARY INTL A","3031092","2025-04-26 16:00","2025","04","26","16:00","","19.0","","-8.9","","14","","","","25","","5","","32.2","","88.04","","","","","","NA"
"-114.01","51.12","CALGARY INTL A","3031092","2025-04-26 17:00","2025","04","26","17:00","","19.4","","-7.3","","16","","","","5","","15","","32.2","","88.00","","","","","","Mostly Cloudy"
"-114.01","51.12","CALGARY INTL A","3031092","2025-04-26 18:00","2025","04","26","18:00","","18.7","","-6.0","","18","","","","10","","16","","32.2","","88.00","","","","","","NA"
"-114.01","51.12","CALGARY INTL A","3031092","2025-04-26 19:00","2025","04","26","19:00","","16.9","","-7.0","","19","","","","11","","12","","32.2","","88.01","","","","","","NA"
"-114.01","51.12","CALGARY INTL A","3031092","2025-04-26 20:00","2025","04","26","20:00","","15.1","","-4.7","","25","","","","13","","12","","32.2","","88.04","","","","","","Mostly Cloudy"
"-114.01","51.12","CALGARY INTL A","3031092","2025-04-26 21:00","2025","04","26","21:00","","13.8","","-6.3","","24","","","","15","","17","","24.1","","88.10","","","","","","NA"
"-114.01","51.12","CALGARY INTL A","3031092","2025-04-26 22:00","2025","04","26","22:00","","12.0","","-5.6","","29","","","","16","","13","","24.1","","88.14","","","","","","NA"
"-114.01","51.12","CALGARY INTL A","3031092","2025-04-26 23:00","2025","04","26","23:00","","10.5","","-3.7","","37","","","","33","","13","","24.1","","88.18","","","","","","Mostly Cloudy"
"-114.01","51.12","CALGARY INTL A","3031092","2025-04-27 00:00","2025","04","27","00:00","","12.3","","-2.5","","35","","","","34","","31","","12.9","","88.27","","","","","","NA"
"-114.01","51.12","CALGARY INTL A","3031092","2025-04-27 01:00","2025","04","27","01:00","","9.1","","-2.2","","45","","","","36","","39","","16.1","","88.38","","","","","","NA"
"-114.01","51.12","CALGARY INTL A","3031092","2025-04-27 02:00","2025","04","27","02:00","","7.7","","-1.2","","53","","","","36","","36","","16.1","","88.43","","","","","","Mostly Cloudy"
"-114.01","51.12","CALGARY INTL A","3031092","2025-04-27 03:00","2025","04","27","03:00","","6.2","","-0.8","","61","","","","36","","32","","24.1","","88.52","","","","","","NA"
"-114.01","51.12","CALGARY INTL A","3031092","2025-04-27 04:00","2025","04","27","04:00","","4.9","","-0.9","","66","","","","35","","24","","24.1","","88.63","","","","","","NA"
"-114.01","51.12","CALGARY INTL A","3031092","2025-04-27 05:00","2025","04","27","05:00","","5.3","","-0.5","","66","","","","36","","32","","16.1","","88.69","","","","","","Cloudy"
"-114.01","51.12","CALGARY INTL A","3031092","2025-04-27 06:00","2025","04","27","06:00","","4.7","","-0.4","","69","","","","1","","25","","16.1","","88.79","","","","","","NA"
"-114.01","51.12","CALGARY INTL A","3031092","2025-04-27 07:00","2025","04","27","07:00","","4.5","","-0.2","","71","","","","2","","26","","24.1","","88.84","","","","","","NA"
"-114.01","51.12","CALGARY INTL A","3031092","2025-04-27 08:00","2025","04","27","08:00","","4.1","","0.5","","77","","","","1","","26","","24.1","","88.86","","","","","","Cloudy"
"-114.01","51.12","CALGARY INTL A","3031092","2025-04-27 09:00","2025","04","27","09:00","","2.9","","1.6","","92","","","","36","","23","","4.0","","88.93","","","","","","Rain,Fog"
"-114.01","51.12","CALGARY INTL A","3031092","2025-04-27 10:00","2025","04","27","10:00","","2.3","","1.5","","94","","","","36","","18","","2.4","","88.98","","","","","","Rain,Fog"
"-114.01","51.12","CALGARY INTL A","3031092","2025-04-27 11:00","2025","04","27","11:00","","2.5","","1.2","","91","","","","3","","26","","3.6","","89.03","","","","","","Rain,Fog"
"-114.01","51.12","CALGARY INTL A","3031092","2025-04-27 12:00","2025","04","27","12:00","","2.6","","0.1","","84","","","","4","","24","","14.5","","89.04","","","","","","NA"
"-114.01","51.12","CALGARY INTL A","3031092","2025-04-27 13:00","2025","04","27","13:00","","2.7","","0.1","","83","","","","4","","22","","8.1","","89.05","","","","","","Snow"
"-114.01","51.12","CALGARY INTL A","3031092","2025-04-27 14:00","2025","04","27","14:00","","4.2","","-1.5","","66","","","","4","","19","","24.1","","89.06","","","","","","Cloudy"
"-114.01","51.12","CALGARY INTL A","3031092","2025-04-27 15:00","2025","04","27","15:00","","4.3","","-2.4","","62","","","","4","","24","","24.1","","89.07","","","","","","NA"
"-114.01","51.12","CALGARY INTL A","3031092","2025-04-27 16:00","2025","04","27","16:00","","5.4","","-2.9","","55","","","","3","","18","","24.1","","89.09","","","","","","NA"
"-114.01","51.12","CALGARY INTL A","3031092","2025-04-27 17:00","2025","04","27","17:00","","4.8","","-2.5","","59","","","","6","","13","","14.5","","89.12","","","","","","Cloudy"
"-114.01","51.12","CALGARY INTL A","3031092","2025-04-27 18:00","2025","04","27","18:00","","4.7","","-2.7","","59","","","","7","","12","","24.1","","89.18","","","","","","NA"
"-114.01","51.12","CALGARY INTL A","3031092","2025-04-27 19:00","2025","04","27","19:00","","4.4","","-2.3","","62","","","","4","","14","","14.5","","89.23","","","","","","Rain"
"-114.01","51.12","CALGARY INTL A","3031092","2025-04-27 20:00","2025","04","27","20:00","","3.8","","-2.5","","64","","","","3","","4","","14.5","","89.28","","","","","","Mostly Cloudy"
"-114.01","51.12","CALGARY INTL A","3031092","2025-04-27 21:00","2025","04","27","21:00","","3.8","","-2.0","","66","","","","35","","6","","16.1","","89.34","","","","","","NA"
"-114.01","51.12","CALGARY INTL A","3031092","2025-04-27 22:00","2025","04","27","22:00","","3.5","","-2.6","","64","","","","8","","5","","16.1","","89.35","","","","","","NA"
"-114.01","51.12","CALGARY INTL A","3031092","2025-04-27 23:00","2025","04","27","23:00","","3.1","","-0.2","","79","","","","25","","7","","16.1","","89.35","","","","","","Mostly Cloudy"
"-114.01","51.12","CALGARY INTL A","3031092","2025-04-28 00:00","2025","04","28","00:00","","2.6","","-0.1","","82","","","","23","","10","","16.1","","89.38","","","","","","NA"
"-114.01","51.12","CALGARY INTL A","3031092","2025-04-28 01:00","2025","04","28","01:00","","2.4","","-0.3","","82","","","","26","","5","","16.1","","89.38","","","","","","NA"
"-114.01","51.12","CALGARY INTL A","3031092","2025-04-28 02:00","2025","04","28","02:00","","1.3","","-0.4","","88","","","","19","","6","","16.1","","89.35","","","","","","Mostly Cloudy"
"-114.01","51.12","CALGARY INTL A","3031092","2025-04-28 03:00","2025","04","28","03:00","","1.7","","-0.4","","86","","","","21","","5","","16.1","","89.34","","","","","","NA"
"-114.01","51.12","CALGARY INTL A","3031092","2025-04-28 04:00","2025","04","28","04:00","","0.5","","-1.0","","89","","","","19","","11","","16.1","","89.31","","","","","","NA"
"-114.01","51.12","CALGARY INTL A","3031092","2025-04-28 05:00","2025","04","28","05:00","","0.2","","-1.4","","89","","","","18","","10","","32.2","","89.27","","","","","","Mainly Clear"
"-114.01","51.12","CALGARY INTL A","3031092","2025-04-28 06:00","2025","04","28","06:00","","0.4","","-1.3","","88","","","","18","","8","","64.4","","89.22","","","","","","NA"
"-114.01","51.12","CALGARY INTL A","3031092","2025-04-28 07:00","2025","04","28","07:00","","2.5","","-0.4","","81","","","","18","","12","","64.4","","89.23","","","","","","NA"
"-114.01","51.12","CALGARY INTL A","3031092","2025-04-28 08:00","2025","04","28","08:00","","4.0","","-0.6","","72","","","","18","","20","","64.4","","89.23","","","","","","Mainly Clear"
"-114.01","51.12","CALGARY INTL A","3031092","2025-04-28 09:00","2025","04","28","09:00","","5.9","","-1.6","","59","","","","18","","27","","48.3","","89.17","","","","","","NA"
"-114.01","51.12","CALGARY INTL A","3031092","2025-04-28 10:00","2025","04","28","10:00","","7.2","","-0.2","","59","","","","18","","28","","64.4","","89.06","","","","","","NA"
"-114.01","51.12","CALGARY INTL A","3031092","2025-04-28 11:00","2025","04","28","11:00","","9.5","","-0.5","","50","","","","20","","24","","64.4","","88.95","","","","","","Mainly Clear"
"-114.01","51.12","CALGARY INTL A","3031092","2025-04-28 12:00","2025","04","28","12:00","","11.6","","0.1","","45","","","","19","","23","","64.4","","88.85","","","","","","NA"
"-114.01","51.12","CALGARY INTL A","3031092","2025-04-28 13:00","2025","04","28","13:00","","13.6","","0.4","","40","","","","16","","19","","64.4","","88.74","","","","","","NA"
"-114.01","51.12","CALGARY INTL A","3031092","2025-04-28 14:00","2025","04","28","14:00","","15.1","","-0.1","","35","","","","18","","13","","64.4","","88.65","","","","","","Mostly Cloudy"
"-114.01","51.12","CALGARY INTL A","3031092","2025-04-28 15:00","2025","04","28","15:00","","15.5","","-0.2","","34","","","","12","","14","","64.4","","88.54","","","","","","NA"
"-114.01","51.12","CALGARY INTL A","3031092","2025-04-28 16:00","2025","04","28","16:00","","15.4","","-2.2","","29","","","","35","","7","","64.4","","88.49","","","","","","NA"
"-114.01","51.12","CALGARY INTL A","3031092","2025-04-28 17:00","2025","04","28","17:00","","15.6","","-3.8","","26","","","","24","","5","","64.4","","88.44","","","","","","Mostly Cloudy"
"-114.01","51.12","CALGARY INTL A","3031092","2025-04-28 18:00","2025","04","28","18:00","","15.4","","-3.7","","26","","","","22","","12","","64.4","","88.39","","","","","","NA"
"-114.01","51.12","CALGARY INTL A","3031092","2025-04-28 19:00","2025","04","28","19:00","","13.9","","-2.1","","33","","","","19","","10","","32.2","","88.35","","","","","","NA"
"-114.01","51.12","CALGARY INTL A","3031092","2025-04-28 20:00","2025","04","28","20:00","","14.6","","-1.7","","32","","","","25","","5","","32.2","","88.36","","","","","","Mostly Cloudy"
"-114.01","51.12","CALGARY INTL A","3031092","2025-04-28 21:00","2025","04","28","21:00","","13.9","","-2.1","","33","","","","29","","21","","24.1","","88.39","","","","","","NA"
"-114.01","51.12","CALGARY INTL A","3031092","2025-04-28 22:00","2025","04","28","22:00","","13.3","","-1.9","","35","","","","29","","24","","24.1","","88.37","","","","","","NA"
"-114.01","51.12","CALGARY INTL A","3031092","2025-04-28 23:00","2025","04","28","23:00","","12.3","","-1.8","","37","","","","28","","21","","24.1","","88.37","","","","","","Mainly Clear"
"-114.01","51.12","CALGARY INTL A","3031092","2025-04-29 00:00","2025","04","29","00:00","","11.9","","-1.6","","39","","","","29","","26","","24.1","","88.35","","","","","","NA"
"-114.01","51.12","CALGARY INTL A","3031092","2025-04-29 01:00","2025","04","29","01:00","","12.0","","-1.6","","38","","","","29","","18","","24.1","","88.35","","","","","","NA"
"-114.01","51.12","CALGARY INTL A","3031092","2025-04-29 02:00","2025","04","29","02:00","","11.5","","-1.8","","39","","","","29","","19","","24.1","","88.34","","","","","","Mostly Cloudy"
"-114.01","51.12","CALGARY INTL A","3031092","2025-04-29 03:00","2025","04","29","03:00","","11.7","","-1.9","","39","","","","28","","16","","24.1","","88.32","","","","","","NA"
"-114.01","51.12","CALGARY INTL A","3031092","2025-04-29 04:00","2025","04","29","04:00","","11.7","","-2.0","","38","","","","29","","23","","24.1","","88.29","","","","","","NA"
"-114.01","51.12","CALGARY INTL A","3031092","2025-04-29 05:00","2025","04","29","05:00","","11.2","","-2.2","","39","","","","29","","23","","32.2","","88.26","","","","","","Mostly Cloudy"
"-114.01","51.12","CALGARY INTL A","3031092","2025-04-29 06:00","2025","04","29","06:00","","11.4","","-2.5","","38","","","","28","","25","","48.3","","88.24","","","","","","NA"
"-114.01","51.12","CALGARY INTL A","3031092","2025-04-29 07:00","2025","04","29","07:00","","11.4","","-2.4","","38","","","","28","","27","","64.4","","88.23","","","","","","NA"
"-114.01","51.12","CALGARY INTL A","3031092","2025-04-29 08:00","2025","04","29","08:00","","10.3","","-1.4","","44","","","","8","","9","","64.4","","88.32","","","","","","Cloudy"
"-114.01","51.12","CALGARY INTL A","3031092","2025-04-29 09:00","2025","04","29","09:00","","11.0","","-0.2","","46","","","","8","","12","","40.2","","88.37","","","","","","NA"
"-114.01","51.12","CALGARY INTL A","3031092","2025-04-29 10:00","2025","04","29","10:00","","11.8","","-0.7","","42","","","","9","","21","","48.3","","88.35","","","","","","NA"
"-114.01","51.12","CALGARY INTL A","3031092","2025-04-29 11:00","2025","04","29","11:00","","12.7","","-0.1","","41","","","","11","","10","","48.3","","88.34","","","","","","Mostly Cloudy"
"-114.01","51.12","CALGARY INTL A","3031092","2025-04-29 12:00","2025","04","29","12:00","","12.5","","-0.4","","41","","","","12","","16","","48.3","","88.32","","","","","","NA"
"-114.01","51.12","CALGARY INTL A","3031092","2025-04-29 13:00","2025","04","29","13:00","","14.0","","-0.4","","37","","","","15","","8","","48.3","","88.28","","","","","","NA"
"-114.01","51.12","CALGARY INTL A","3031092","2025-04-29 14:00","2025","04","29","14:00","","14.4","","0.9","","39","","","","16","","9","","48.3","","88.22","","","","","","Mostly Cloudy"
"-114.01","51.12","CALGARY INTL A","3031092","2025-04-29 15:00","2025","04","29","15:00","","14.3","","-0.7","","35","","","","4","","9","","64.4","","88.16","","","","","","NA"
"-114.01","51.12","CALGARY INTL A","3031092","2025-04-29 16:00","2025","04","29","16:00","","8.6","","0.7","","57","","","","36","","41","","32.2","","88.30","","","","","","NA"
"-114.01","51.12","CALGARY INTL A","3031092","2025-04-29 17:00","2025","04","29","17:00","","9.4","","4.8","","73","","","","5","","32","","32.2","","88.30","","","","","","Mostly Cloudy"
"-114.01","51.12","CALGARY INTL A","3031092","2025-04-29 18:00","2025","04","29","18:00","","8.5","","2.7","","67","","","","2","","33","","64.4","","88.42","","","","","","Rain Showers"
"-114.01","51.12","CALGARY INTL A","3031092","2025-04-29 19:00","2025","04","29","19:00","","5.8","","3.7","","86","","","","1","","32","","19.3","","88.58","","","","","","Rain Showers"
"-114.01","51.12","CALGARY INTL A","3031092","2025-04-29 20:00","2025","04","29","20:00","","5.6","","2.7","","82","","","","33","","16","","24.1","","88.64","","","","","","Mostly Cloudy"
"-114.01","51.12","CALGARY INTL A","3031092","2025-04-29 21:00","2025","04","29","21:00","","6.2","","2.2","","76","","","","25","","10","","19.3","","88.71","","","","","","Rain Showers"
"-114.01","51.12","CALGARY INTL A","3031092","2025-04-29 22:00","2025","04","29","22:00","","7.6","","0.6","","61","","","","28","","20","","24.1","","88.73","","","","","","NA"
"-114.01","51.12","CALGARY INTL A","3031092","2025-04-29 23:00","2025","04","29","23:00","","6.8","","1.0","","66","","","","28","","7","","24.1","","88.77","","","","","","Mostly Cloudy"
"-114.01","51.12","CALGARY INTL A","3031092","2025-04-30 00:00","2025","04","30","00:00","","7.0","","-0.1","","61","","","","30","","15","","24.1","","88.83","","","","","","NA"
"-114.01","51.12","CALGARY INTL A","3031092","2025-04-30 01:00","2025","04","30","01:00","","7.2","","-1.6","","53","","","","32","","10","","24.1","","88.87","","","","","","NA"
"-114.01","51.12","CALGARY INTL A","3031092","2025-04-30 02:00","2025","04","30","02:00","","6.5","","-1.0","","59","","","","31","","9","","24.1","","88.88","","","","","","Mostly Cloudy"
"-114.01","51.12","CALGARY INTL A","3031092","2025-04-30 03:00","2025","04","30","03:00","","5.7","","-2.5","","56","","","","32","","6","","24.1","","88.90","","","","","","NA"
"-114.01","51.12","CALGARY INTL A","3031092","2025-04-30 04:00","2025","04","30","04:00","","5.1","","-0.8","","66","","","","30","","7","","24.1","","88.94","","","","","","NA"
"-114.01","51.12","CALGARY INTL A","3031092","2025-04-30 05:00","2025","04","30","05:00","","6.1","","-2.8","","53","","","","27","","3","","32.2","","88.95","","","","","","Mostly Cloudy"
"-114.01","51.12","CALGARY INTL A","3031092","2025-04-30 06:00","2025","04","30","06:00","","5.0","","-0.7","","66","","","","22","","6","","64.4","","88.94","","","","","","NA"
"-114.01","51.12","CALGARY INTL A","3031092","2025-04-30 07:00","2025","04","30","07:00","","6.7","","-0.7","","59","","","","21","","6","","64.4","","88.93","","","","","","NA"
"-114.01","51.12","CALGARY INTL A","3031092","2025-04-30 08:00","2025","04","30","08:00","","8.6","","-2.7","","45","","","","5","","5","","64.4","","88.99","","","","","","Mainly Clear"
"-114.01","51.12","CALGARY INTL A","3031092","2025-04-30 09:00","2025","04","30","09:00","","8.8","","-2.7","","44","","","","6","","6","","64.4","","88.97","","","","","","NA"
"-114.01","51.12","CALGARY INTL A","3031092","2025-04-30 10:00","2025","04","30","10:00","","10.0","","-2.3","","42","","","","22","","6","","64.4","","88.97","","","","","","NA"
"-114.01","51.12","CALGARY INTL A","3031092","2025-04-30 11:00","2025","04","30","11:00","","10.8","","-3.1","","37","","","","11","","7","","64.4","","88.94","","","","","","Mostly Cloudy"
"-114.01","51.12","CALGARY INTL A","3031092","2025-04-30 12:00","2025","04","30","12:00","","11.9","","-3.3","","34","","","","18","","14","","64.4","","88.88","","","","","","NA"
"-114.01","51.12","CALGARY INTL A","3031092","2025-04-30 13:00","2025","04","30","13:00","","12.1","","-2.2","","37","","","","3","","6","","64.4","","88.85","","","","","","NA"
"-114.01","51.12","CALGARY INTL A","3031092","2025-04-30 14:00","2025","04","30","14:00","","12.4","","-4.4","","31","","","","5","","10","","64.4","","88.81","","","","","","Mostly Cloudy"
"-114.01","51.12","CALGARY INTL A","3031092","2025-04-30 15:00","2025","04","30","15:00","","13.3","","-4.2","","29","","","","4","","12","","64.4","","88.79","","","","","","NA"
"-114.01","51.12","CALGARY INTL A","3031092","2025-04-30 16:00","2025","04","30","16:00","","13.8","","-3.8","","29","","","","6","","6","","64.4","","88.78","","","","","","NA"
"-114.01","51.12","CALGARY INTL A","3031092","2025-04-30 17:00","2025","04","30","17:00","","14.1","","-3.6","","29","","","","5","","17","","64.4","","88.82","","","","","","Mostly Cloudy"
"-114.01","51.12","CALGARY INTL A","3031092","2025-04-30 18:00","2025","04","30","18:00","","13.5","","-3.5","","30","","","","2","","18","","64.4","","88.86","","","","","","NA"
"-114.01","51.12","CALGARY INTL A","3031092","2025-04-30 19:00","2025","04","30","19:00","","12.9","","-3.3","","32","","","","10","","7","","32.2","","88.87","","","","","","NA"
"-114.01","51.12","CALGARY INTL A","3031092","2025-04-30 20:00","2025","04","30","20:00","","11.5","","-3.3","","35","","","","11","","8","","32.2","","88.93","","","","","","Mainly Clear"
"-114.01","51.12","CALGARY INTL A","3031092","2025-04-30 21:00","2025","04","30","21:00","","10.0","","-2.6","","41","","","","10","","3","","24.1","","89.01","","","","","","NA"
"-114.01","51.12","CALGARY INTL A","3031092","2025-04-30 22:00","2025","04","30","22:00","","8.7","","-2.8","","44","","","","31","","4","","24.1","","89.06","","","","","","NA"
"-114.01","51.12","CALGARY INTL A","3031092","2025-04-30 23:00","2025","04","30","23:00","","5.5","","-2.0","","58","","","","3","","12","","24.1","","89.10","","","","","","Mainly Clear"
