"Longitude (x)","Latitude (y)","Station Name","Climate ID","Date/Time (LST)","Year","Month","Day","Time (LST)","Flag","Temp (°C)","Temp Flag","Dew Point Temp (°C)","Dew Point Temp Flag","Rel Hum (%)","Rel Hum Flag","Precip. Amount (mm)","Precip. Amount Flag","Wind Dir (10s deg)","Wind Dir Flag","Wind Spd (km/h)","Wind Spd Flag","Visibility (km)","Visibility Flag","Stn Press (kPa)","Stn Press Flag","Hmdx","Hmdx Flag","Wind Chill","Wind Chill Flag","Weather"
"-114.01","51.12","CALGARY INTL A","3031092","2025-03-01 00:00","2025","03","01","00:00","","0.4","","-3.0","","78","","","","18","","5","","24.1","","88.96","","","","","","NA"
"-114.01","51.12","CALGARY INTL A","3031092","2025-03-01 01:00","2025","03","01","01:00","","0.8","","-3.0","","76","","","","18","","7","","24.1","","88.91","","","","","","NA"
"-114.01","51.12","CALGARY INTL A","3031092","2025-03-01 02:00","2025","03","01","02:00","","0.5","","-3.2","","76","","","","19","","10","","24.1","","88.87","","","","","","Mostly Cloudy"
"-114.01","51.12","CALGARY INTL A","3031092","2025-03-01 03:00","2025","03","01","03:00","","-0.4","","-3.6","","79","","","","19","","10","","24.1","","88.79","","","","-4","","NA"
"-114.01","51.12","CALGARY INTL A","3031092","2025-03-01 04:00","2025","03","01","04:00","","0.5","","-3.2","","77","","","","17","","7","","24.1","","88.80","","","","","","NA"
"-114.01","51.12","CALGARY INTL A","3031092","2025-03-01 05:00","2025","03","01","05:00","","-0.8","","-3.6","","82","","","","26","","4","","24.1","","88.75","","","","-2","","Mainly Clear"
"-114.01","51.12","CALGARY INTL A","3031092","2025-03-01 06:00","2025","03","01","06:00","","-0.8","","-3.6","","81","","","","22","","7","","24.1","","88.72","","","","-3","","NA"
"-114.01","51.12","CALGARY INTL A","3031092","2025-03-01 07:00","2025","03","01","07:00","","-1.5","","-3.7","","85","","","","20","","6","","64.4","","88.69","","","","-4","","NA"
"-114.01","51.12","CALGARY INTL A","3031092","2025-03-01 08:00","2025","03","01","08:00","","-2.1","","-4.5","","84","","","","","","0","","64.4","","88.68","","","","","","Mostly Cloudy"
"-114.01","51.12","CALGARY INTL A","3031092","2025-03-01 09:00","2025","03","01","09:00","","1.0","","-2.8","","76","","","","","","0","","64.4","","88.72","","","","","","NA"
"-114.01","51.12","CALGARY INTL A","3031092","2025-03-01 10:00","2025","03","01","10:00","","5.1","","-2.5","","58","","","","","","0","","64.4","","88.68","","","","","","NA"
"-114.01","51.12","CALGARY INTL A","3031092","2025-03-01 11:00","2025","03","01","11:00","","9.8","","-4.5","","36","","","","2","","4","","64.4","","88.63","","","","","","Cloudy"
"-114.01","51.12","CALGARY INTL A","3031092","2025-03-01 12:00","2025","03","01","12:00","","11.1","","-5.8","","30","","","","3","","6","","64.4","","88.58","","","","","","NA"
"-114.01","51.12","CALGARY INTL A","3031092","2025-03-01 13:00","2025","03","01","13:00","","12.1","","-6.5","","27","","","","3","","7","","64.4","","88.50","","","","","","NA"
"-114.01","51.12","CALGARY INTL A","3031092","2025-03-01 14:00","2025","03","01","14:00","","12.7","","-6.0","","27","","","","14","","7","","64.4","","88.43","","","","","","Mostly Cloudy"
"-114.01","51.12","CALGARY INTL A","3031092","2025-03-01 15:00","2025","03","01","15:00","","13.5","","-4.9","","27","","","","16","","17","","48.3","","88.37","","","","","","NA"
"-114.01","51.12","CALGARY INTL A","3031092","2025-03-01 16:00","2025","03","01","16:00","","11.1","","-4.1","","34","","","","17","","15","","32.2","","88.35","","","","","","NA"
"-114.01","51.12","CALGARY INTL A","3031092","2025-03-01 17:00","2025","03","01","17:00","","11.8","","-3.2","","35","","","","18","","16","","32.2","","88.30","","","","","","Mainly Clear"
"-114.01","51.12","CALGARY INTL A","3031092","2025-03-01 18:00","2025","03","01","18:00","","9.1","","-1.5","","47","","","","17","","20","","32.2","","88.27","","","","","","NA"
"-114.01","51.12","CALGARY INTL A","3031092","2025-03-01 19:00","2025","03","01","19:00","","8.0","","-1.5","","51","","","","16","","9","","24.1","","88.27","","","","","","NA"
"-114.01","51.12","CALGARY INTL A","3031092","2025-03-01 20:00","2025","03","01","20:00","","5.8","","-1.5","","59","","","","17","","10","","24.1","","88.26","","","","","","Clear"
"-114.01","51.12","CALGARY INTL A","3031092","2025-03-01 21:00","2025","03","01","21:00","","5.5","","-1.2","","62","","","","18","","11","","24.1","","88.24","","","","","","NA"
"-114.01","51.12","CALGARY INTL A","3031092","2025-03-01 22:00","2025","03","01","22:00","","4.1","","-1.3","","68","","","","20","","4","","24.1","","88.25","","","","","","NA"
"-114.01","51.12","CALGARY INTL A","3031092","2025-03-01 23:00","2025","03","01","23:00","","1.6","","-2.4","","74","","","","","","0","","24.1","","88.22","","","","","","Clear"
"-114.01","51.12","CALGARY INTL A","3031092","2025-03-02 00:00","2025","03","02","00:00","","0.1","","-4.4","","72","","","","20","","7","","24.1","","88.20","","","","","","NA"
"-114.01","51.12","CALGARY INTL A","3031092","2025-03-02 01:00","2025","03","02","01:00","","1.5","","-5.8","","59","","","","","","0","","24.1","","88.22","","","","","","NA"
"-114.01","51.12","CALGARY INTL A","3031092","2025-03-02 02:00","2025","03","02","02:00","","1.3","","-7.0","","54","","","","16","","8","","24.1","","88.21","","","","","","Clear"
"-114.01","51.12","CALGARY INTL A","3031092","2025-03-02 03:00","2025","03","02","03:00","","1.8","","-7.1","","52","","","","23","","8","","24.1","","88.21","","","","","","NA"
"-114.01","51.12","CALGARY INTL A","3031092","2025-03-02 04:00","2025","03","02","04:00","","1.3","","-7.2","","53","","","","","","0","","24.1","","88.21","","","","","","NA"
"-114.01","51.12","CALGARY INTL A","3031092","2025-03-02 05:00","2025","03","02","05:00","","-0.3","","-7.3","","59","","","","29","","3","","24.1","","88.24","","","","-1","","Clear"
"-114.01","51.12","CALGARY INTL A","3031092","2025-03-02 06:00","2025","03","02","06:00","","-2.3","","-8.0","","65","","","","33","","11","","24.1","","88.26","","","","-6","","NA"
"-114.01","51.12","CALGARY INTL A","3031092","2025-03-02 07:00","2025","03","02","07:00","","-1.2","","-7.5","","62","","","","19","","6","","64.4","","88.26","","","","-3","","NA"
"-114.01","51.12","CALGARY INTL A","3031092","2025-03-02 08:00","2025","03","02","08:00","","0.1","","-6.9","","59","","","","12","","3","","64.4","","88.27","","","","","","Mostly Cloudy"
"-114.01","51.12","CALGARY INTL A","3031092","2025-03-02 09:00","2025","03","02","09:00","","3.5","","-4.0","","58","","","","10","","5","","64.4","","88.28","","","","","","NA"
"-114.01","51.12","CALGARY INTL A","3031092","2025-03-02 10:00","2025","03","02","10:00","","6.8","","-5.2","","42","","","","","","0","","64.4","","88.28","","","","","","NA"
"-114.01","51.12","CALGARY INTL A","3031092","2025-03-02 11:00","2025","03","02","11:00","","10.4","","-6.0","","31","","","","25","","3","","64.4","","88.28","","","","","","Mostly Cloudy"
"-114.01","51.12","CALGARY INTL A","3031092","2025-03-02 12:00","2025","03","02","12:00","","12.9","","-5.6","","27","","","","1","","17","","64.4","","88.27","","","","","","NA"
"-114.01","51.12","CALGARY INTL A","3031092","2025-03-02 13:00","2025","03","02","13:00","","13.3","","-5.5","","27","","","","36","","15","","64.4","","88.23","","","","","","NA"
"-114.01","51.12","CALGARY INTL A","3031092","2025-03-02 14:00","2025","03","02","14:00","","13.2","","-5.3","","27","","","","2","","17","","64.4","","88.19","","","","","","Cloudy"
"-114.01","51.12","CALGARY INTL A","3031092","2025-03-02 15:00","2025","03","02","15:00","","11.5","","-3.5","","35","","","","1","","25","","64.4","","88.22","","","","","","NA"
"-114.01","51.12","CALGARY INTL A","3031092","2025-03-02 16:00","2025","03","02","16:00","","8.9","","-2.2","","46","","","","1","","30","","32.2","","88.27","","","","","","NA"
"-114.01","51.12","CALGARY INTL A","3031092","2025-03-02 17:00","2025","03","02","17:00","","5.9","","-2.9","","53","","","","1","","33","","32.2","","88.36","","","","","","Cloudy"
"-114.01","51.12","CALGARY INTL A","3031092","2025-03-02 18:00","2025","03","02","18:00","","4.2","","-2.9","","60","","","","36","","24","","32.2","","88.45","","","","","","NA"
"-114.01","51.12","CALGARY INTL A","3031092","2025-03-02 19:00","2025","03","02","19:00","","3.0","","-3.2","","64","","","","36","","21","","24.1","","88.50","","","","","","NA"
"-114.01","51.12","CALGARY INTL A","3031092","2025-03-02 20:00","2025","03","02","20:00","","2.0","","-3.1","","69","","","","34","","13","","16.1","","88.56","","","","","","Mostly Cloudy"
"-114.01","51.12","CALGARY INTL A","3031092","2025-03-02 21:00","2025","03","02","21:00","","1.4","","-3.4","","70","","","","35","","13","","16.1","","88.61","","","","","","NA"
"-114.01","51.12","CALGARY INTL A","3031092","2025-03-02 22:00","2025","03","02","22:00","","0.4","","-3.7","","74","","","","33","","10","","24.1","","88.67","","","","","","NA"
"-114.01","51.12","CALGARY INTL A","3031092","2025-03-02 23:00","2025","03","02","23:00","","0.1","","-3.4","","77","","","","34","","12","","24.1","","88.71","","","","","","Mostly Cloudy"
"-114.01","51.12","CALGARY INTL A","3031092","2025-03-03 00:00","2025","03","03","00:00","","1.2","","-2.6","","76","","","","35","","7","","16.1","","88.70","","","","","","NA"
"-114.01","51.12","CALGARY INTL A","3031092","2025-03-03 01:00","2025","03","03","01:00","","1.8","","-2.1","","75","","","","36","","14","","16.1","","88.72","","","","","","NA"
"-114.01","51.12","CALGARY INTL A","3031092","2025-03-03 02:00","2025","03","03","02:00","","1.6","","-2.1","","76","","","","36","","16","","16.1","","88.75","","","","","","Mostly Cloudy"
"-114.01","51.12","CALGARY INTL A","3031092","2025-03-03 03:00","2025","03","03","03:00","","1.3","","-1.9","","80","","","","1","","14","","11.3","","88.78","","","","","","NA"
"-114.01","51.12","CALGARY INTL A","3031092","2025-03-03 04:00","2025","03","03","04:00","","1.1","","-2.2","","79","","","","2","","16","","11.3","","88.78","","","","","","NA"
"-114.01","51.12","CALGARY INTL A","3031092","2025-03-03 05:00","2025","03","03","05:00","","0.7","","-2.0","","82","","","","35","","12","","11.3","","88.82","","","","","","Cloudy"
"-114.01","51.12","CALGARY INTL A","3031092","2025-03-03 06:00","2025","03","03","06:00","","0.2","","-1.9","","86","","","","1","","15","","12.9","","88.85","","","","","","Snow"
"-114.01","51.12","CALGARY INTL A","3031092","2025-03-03 07:00","2025","03","03","07:00","","-0.5","","-1.4","","94","","","","36","","13","","2.0","","88.87","","","","-5","","Snow,Fog"
"-114.01","51.12","CALGARY INTL A","3031092","2025-03-03 08:00","2025","03","03","08:00","","-0.6","","-1.5","","94","","","","2","","18","","2.8","","88.92","","","","-6","","Snow,Fog"
"-114.01","51.12","CALGARY INTL A","3031092","2025-03-03 09:00","2025","03","03","09:00","","-0.6","","-1.6","","93","","","","3","","17","","2.4","","88.96","","","","-6","","Snow,Fog"
"-114.01","51.12","CALGARY INTL A","3031092","2025-03-03 10:00","2025","03","03","10:00","","-0.5","","-1.5","","93","","","","4","","16","","2.4","","88.98","","","","-5","","Snow,Fog"
"-114.01","51.12","CALGARY INTL A","3031092","2025-03-03 11:00","2025","03","03","11:00","","-0.5","","-1.5","","93","","","","5","","17","","1.6","","89.02","","","","-5","","Snow,Fog"
"-114.01","51.12","CALGARY INTL A","3031092","2025-03-03 12:00","2025","03","03","12:00","","-0.4","","-1.7","","91","","","","4","","18","","2.4","","89.03","","","","-5","","Snow,Fog"
"-114.01","51.12","CALGARY INTL A","3031092","2025-03-03 13:00","2025","03","03","13:00","","-0.2","","-1.6","","90","","","","3","","19","","2.8","","89.03","","","","-5","","Snow,Fog"
"-114.01","51.12","CALGARY INTL A","3031092","2025-03-03 14:00","2025","03","03","14:00","","0.1","","-1.5","","89","","","","3","","19","","4.8","","89.03","","","","","","Snow,Fog"
"-114.01","51.12","CALGARY INTL A","3031092","2025-03-03 15:00","2025","03","03","15:00","","0.4","","-2.9","","78","","","","2","","23","","24.1","","89.06","","","","","","Snow Showers"
"-114.01","51.12","CALGARY INTL A","3031092","2025-03-03 16:00","2025","03","03","16:00","","0.1","","-3.4","","77","","","","3","","17","","16.1","","89.08","","","","","","NA"
"-114.01","51.12","CALGARY INTL A","3031092","2025-03-03 17:00","2025","03","03","17:00","","-1.1","","-5.2","","74","","","","2","","19","","11.3","","89.14","","","","-6","","Snow Showers"
"-114.01","51.12","CALGARY INTL A","3031092","2025-03-03 18:00","2025","03","03","18:00","","-0.7","","-6.6","","65","","","","30","","8","","24.1","","89.14","","","","-4","","NA"
"-114.01","51.12","CALGARY INTL A","3031092","2025-03-03 19:00","2025","03","03","19:00","","-1.3","","-6.1","","70","","","","33","","10","","24.1","","89.20","","","","-5","","NA"
"-114.01","51.12","CALGARY INTL A","3031092","2025-03-03 20:00","2025","03","03","20:00","","-1.7","","-6.1","","72","","","","28","","4","","24.1","","89.21","","","","-3","","Mostly Cloudy"
"-114.01","51.12","CALGARY INTL A","3031092","2025-03-03 21:00","2025","03","03","21:00","","-1.9","","-5.5","","77","","","","28","","4","","24.1","","89.23","","","","-3","","NA"
"-114.01","51.12","CALGARY INTL A","3031092","2025-03-03 22:00","2025","03","03","22:00","","-1.9","","-4.8","","80","","","","23","","7","","24.1","","89.23","","","","-5","","NA"
"-114.01","51.12","CALGARY INTL A","3031092","2025-03-03 23:00","2025","03","03","23:00","","-2.5","","-5.0","","83","","","","23","","9","","24.1","","89.22","","","","-6","","Mainly Clear"
"-114.01","51.12","CALGARY INTL A","3031092","2025-03-04 00:00","2025","03","04","00:00","","-2.8","","-5.3","","83","","","","24","","5","","24.1","","89.22","","","","-5","","NA"
"-114.01","51.12","CALGARY INTL A","3031092","2025-03-04 01:00","2025","03","04","01:00","","-4.0","","-5.8","","88","","","","","","0","","24.1","","89.24","","","","","","NA"
"-114.01","51.12","CALGARY INTL A","3031092","2025-03-04 02:00","2025","03","04","02:00","","-5.8","","-7.2","","90","","","","","","0","","24.1","","89.23","","","","","","Clear"
"-114.01","51.12","CALGARY INTL A","3031092","2025-03-04 03:00","2025","03","04","03:00","","-7.2","","-9.5","","84","","","","","","0","","24.1","","89.21","","","","","","NA"
"-114.01","51.12","CALGARY INTL A","3031092","2025-03-04 04:00","2025","03","04","04:00","","-7.2","","-9.3","","85","","","","21","","5","","24.1","","89.17","","","","-10","","NA"
"-114.01","51.12","CALGARY INTL A","3031092","2025-03-04 05:00","2025","03","04","05:00","","-6.6","","-7.8","","91","","","","20","","5","","24.1","","89.17","","","","-9","","Clear"
"-114.01","51.12","CALGARY INTL A","3031092","2025-03-04 06:00","2025","03","04","06:00","","-6.9","","-8.2","","90","","","","22","","7","","24.1","","89.17","","","","-10","","NA"
"-114.01","51.12","CALGARY INTL A","3031092","2025-03-04 07:00","2025","03","04","07:00","","-7.9","","-9.5","","89","","","","20","","5","","48.3","","89.15","","","","-11","","NA"
"-114.01","51.12","CALGARY INTL A","3031092","2025-03-04 08:00","2025","03","04","08:00","","-7.2","","-8.9","","88","","","","20","","8","","64.4","","89.13","","","","-11","","Clear"
"-114.01","51.12","CALGARY INTL A","3031092","2025-03-04 09:00","2025","03","04","09:00","","-4.8","","-7.2","","83","","","","20","","9","","64.4","","89.08","","","","-9","","NA"
"-114.01","51.12","CALGARY INTL A","3031092","2025-03-04 10:00","2025","03","04","10:00","","-2.2","","-5.7","","77","","","","19","","12","","64.4","","89.04","","","","-6","","NA"
"-114.01","51.12","CALGARY INTL A","3031092","2025-03-04 11:00","2025","03","04","11:00","","-0.2","","-5.2","","69","","","","20","","14","","64.4","","89.00","","","","-4","","Clear"
"-114.01","51.12","CALGARY INTL A","3031092","2025-03-04 12:00","2025","03","04","12:00","","1.6","","-4.1","","66","","","","18","","21","","64.4","","88.92","","","","","","NA"
"-114.01","51.12","CALGARY INTL A","3031092","2025-03-04 13:00","2025","03","04","13:00","","3.0","","-3.2","","64","","","","17","","21","","64.4","","88.85","","","","","","NA"
"-114.01","51.12","CALGARY INTL A","3031092","2025-03-04 14:00","2025","03","04","14:00","","3.7","","-3.3","","60","","","","16","","22","","48.3","","88.76","","","","","","Mainly Clear"
"-114.01","51.12","CALGARY INTL A","3031092","2025-03-04 15:00","2025","03","04","15:00","","4.5","","-3.2","","57","","","","16","","22","","40.2","","88.73","","","","","","NA"
"-114.01","51.12","CALGARY INTL A","3031092","2025-03-04 16:00","2025","03","04","16:00","","4.2","","-3.8","","56","","","","17","","19","","32.2","","88.66","","","","","","NA"
"-114.01","51.12","CALGARY INTL A","3031092","2025-03-04 17:00","2025","03","04","17:00","","4.0","","-3.4","","59","","","","17","","15","","48.3","","88.61","","","","","","Mainly Clear"
"-114.01","51.12","CALGARY INTL A","3031092","2025-03-04 18:00","2025","03","04","18:00","","1.9","","-3.1","","69","","","","16","","14","","40.2","","88.59","","","","","","NA"
"-114.01","51.12","CALGARY INTL A","3031092","2025-03-04 19:00","2025","03","04","19:00","","-0.1","","-3.2","","80","","","","17","","10","","24.1","","88.58","","","","-3","","NA"
"-114.01","51.12","CALGARY INTL A","3031092","2025-03-04 20:00","2025","03","04","20:00","","1.4","","-2.4","","76","","","","16","","4","","24.1","","88.52","","","","","","Mostly Cloudy"
"-114.01","51.12","CALGARY INTL A","3031092","2025-03-04 21:00","2025","03","04","21:00","","1.2","","-2.4","","77","","","","22","","6","","24.1","","88.49","","","","","","NA"
"-114.01","51.12","CALGARY INTL A","3031092","2025-03-04 22:00","2025","03","04","22:00","","-0.9","","-3.4","","83","","","","15","","4","","24.1","","88.48","","","","-2","","NA"
"-114.01","51.12","CALGARY INTL A","3031092","2025-03-04 23:00","2025","03","04","23:00","","-0.2","","-3.2","","80","","","","29","","5","","24.1","","88.47","","","","-2","","Mostly Cloudy"
"-114.01","51.12","CALGARY INTL A","3031092","2025-03-05 00:00","2025","03","05","00:00","","-1.5","","-4.5","","80","","","","33","","5","","24.1","","88.49","","","","-3","","NA"
"-114.01","51.12","CALGARY INTL A","3031092","2025-03-05 01:00","2025","03","05","01:00","","-0.5","","-5.5","","69","","","","","","0","","24.1","","88.51","","","","","","NA"
"-114.01","51.12","CALGARY INTL A","3031092","2025-03-05 02:00","2025","03","05","02:00","","-1.8","","-4.9","","79","","","","34","","5","","24.1","","88.53","","","","-4","","Mostly Cloudy"
"-114.01","51.12","CALGARY INTL A","3031092","2025-03-05 03:00","2025","03","05","03:00","","-2.3","","-5.1","","81","","","","23","","4","","24.1","","88.52","","","","-4","","NA"
"-114.01","51.12","CALGARY INTL A","3031092","2025-03-05 04:00","2025","03","05","04:00","","-2.0","","-5.3","","78","","","","34","","4","","24.1","","88.54","","","","-3","","NA"
"-114.01","51.12","CALGARY INTL A","3031092","2025-03-05 05:00","2025","03","05","05:00","","-1.5","","-6.4","","70","","","","33","","9","","24.1","","88.58","","","","-5","","Mostly Cloudy"
"-114.01","51.12","CALGARY INTL A","3031092","2025-03-05 06:00","2025","03","05","06:00"
"-114.01","51.12","CALGARY INTL A","3031092","2025-03-05 07:00","2025","03","05","07:00","","-0.5","","-6.6","","63","","","","33","","12","","32.2","","88.67","","","","-4","","NA"
"-114.01","51.12","CALGARY INTL A","3031092","2025-03-05 08:00","2025","03","05","08:00","","0.2","","-6.8","","59","","","","33","","9","","24.1","","88.71","","","","","","Mostly Cloudy"
"-114.01","51.12","CALGARY INTL A","3031092","2025-03-05 09:00","2025","03","05","09:00","","1.5","","-6.7","","54","","","","35","","10","","24.1","","88.72","","","","","","NA"
"-114.01","51.12","CALGARY INTL A","3031092","2025-03-05 10:00","2025","03","05","10:00","","2.2","","-8.5","","45","","","","34","","15","","32.2","","88.76","","","","","","NA"
"-114.01","51.12","CALGARY INTL A","3031092","2025-03-05 11:00","2025","03","05","11:00","","4.0","","-7.9","","41","","","","36","","15","","32.2","","88.77","","","","","","Mostly Cloudy"
"-114.01","51.12","CALGARY INTL A","3031092","2025-03-05 12:00","2025","03","05","12:00","","4.4","","-9.1","","37","","","","35","","13","","32.2","","88.75","","","","","","NA"
"-114.01","51.12","CALGARY INTL A","3031092","2025-03-05 13:00","2025","03","05","13:00","","4.3","","-8.0","","41","","","","2","","9","","24.1","","88.75","","","","","","NA"
"-114.01","51.12","CALGARY INTL A","3031092","2025-03-05 14:00","2025","03","05","14:00","","4.4","","-8.3","","39","","","","36","","13","","24.1","","88.72","","","","","","Mostly Cloudy"
"-114.01","51.12","CALGARY INTL A","3031092","2025-03-05 15:00","2025","03","05","15:00","","4.2","","-8.2","","40","","","","1","","6","","24.1","","88.70","","","","","","NA"
"-114.01","51.12","CALGARY INTL A","3031092","2025-03-05 16:00","2025","03","05","16:00","","3.7","","-6.1","","49","","","","7","","10","","24.1","","88.69","","","","","","NA"
"-114.01","51.12","CALGARY INTL A","3031092","2025-03-05 17:00","2025","03","05","17:00","","2.4","","-5.9","","54","","","","6","","8","","24.1","","88.69","","","","","","Mostly Cloudy"
"-114.01","51.12","CALGARY INTL A","3031092","2025-03-05 18:00","2025","03","05","18:00","","1.7","","-6.0","","57","","","","9","","12","","24.1","","88.71","","","","","","NA"
"-114.01","51.12","CALGARY INTL A","3031092","2025-03-05 19:00","2025","03","05","19:00","","0.0","","-4.2","","74","","","","10","","11","","24.1","","88.70","","","","-4","","NA"
"-114.01","51.12","CALGARY INTL A","3031092","2025-03-05 20:00","2025","03","05","20:00","","-1.0","","-4.1","","80","","","","10","","8","","24.1","","88.70","","","","-4","","Mostly Cloudy"
"-114.01","51.12","CALGARY INTL A","3031092","2025-03-05 21:00","2025","03","05","21:00","","-0.6","","-4.4","","76","","","","18","","7","","24.1","","88.70","","","","-3","","NA"
"-114.01","51.12","CALGARY INTL A","3031092","2025-03-05 22:00","2025","03","05","22:00","","-0.9","","-4.3","","78","","","","18","","6","","11.3","","88.71","","","","-3","","Snow"
"-114.01","51.12","CALGARY INTL A","3031092","2025-03-05 23:00","2025","03","05","23:00","","-2.3","","-4.5","","85","","","","18","","11","","11.3","","88.68","","","","-6","","Snow"
"-114.01","51.12","CALGARY INTL A","3031092","2025-03-06 00:00","2025","03","06","00:00","","-3.2","","-4.3","","92","","","","18","","9","","19.3","","88.64","","","","-7","","NA"
"-114.01","51.12","CALGARY INTL A","3031092","2025-03-06 01:00","2025","03","06","01:00","","-2.9","","-3.7","","94","","","","19","","8","","19.3","","88.62","","","","-6","","NA"
"-114.01","51.12","CALGARY INTL A","3031092","2025-03-06 02:00","2025","03","06","02:00","","-2.9","","-3.7","","94","","","","19","","7","","11.3","","88.59","","","","-6","","Mainly Clear"
"-114.01","51.12","CALGARY INTL A","3031092","2025-03-06 03:00","2025","03","06","03:00","","-3.0","","-3.9","","93","","","","","","0","","6.4","","88.57","","","","","","Fog"
"-114.01","51.12","CALGARY INTL A","3031092","2025-03-06 04:00","2025","03","06","04:00","","-3.8","","-4.6","","94","","","","22","","5","","9.7","","88.54","","","","-6","","Fog"
"-114.01","51.12","CALGARY INTL A","3031092","2025-03-06 05:00","2025","03","06","05:00","","-3.9","","-5.1","","91","","","","23","","10","","9.7","","88.51","","","","-8","","Fog"
"-114.01","51.12","CALGARY INTL A","3031092","2025-03-06 06:00","2025","03","06","06:00","","-4.5","","-5.5","","93","","","","21","","12","","9.7","","88.49","","","","-9","","Fog"
"-114.01","51.12","CALGARY INTL A","3031092","2025-03-06 07:00","2025","03","06","07:00","","-3.9","","-5.4","","90","","","","23","","5","","32.2","","88.50","","","","-6","","NA"
"-114.01","51.12","CALGARY INTL A","3031092","2025-03-06 08:00","2025","03","06","08:00","","-4.0","","-5.4","","91","","","","","","0","","64.4","","88.50","","","","","","Clear"
"-114.01","51.12","CALGARY INTL A","3031092","2025-03-06 09:00","2025","03","06","09:00","","-1.4","","-4.5","","79","","","","","","0","","64.4","","88.49","","","","","","NA"
"-114.01","51.12","CALGARY INTL A","3031092","2025-03-06 10:00","2025","03","06","10:00","","2.5","","-4.1","","61","","","","","","0","","64.4","","88.47","","","","","","NA"
"-114.01","51.12","CALGARY INTL A","3031092","2025-03-06 11:00","2025","03","06","11:00","","4.6","","-6.4","","45","","","","35","","10","","64.4","","88.43","","","","","","Clear"
"-114.01","51.12","CALGARY INTL A","3031092","2025-03-06 12:00","2025","03","06","12:00","","4.8","","-8.0","","39","","","","7","","5","","64.4","","88.40","","","","","","NA"
"-114.01","51.12","CALGARY INTL A","3031092","2025-03-06 13:00","2025","03","06","13:00","","5.9","","-8.6","","35","","","","4","","5","","64.4","","88.37","","","","","","NA"
"-114.01","51.12","CALGARY INTL A","3031092","2025-03-06 14:00","2025","03","06","14:00","","6.2","","-8.8","","33","","","","32","","8","","64.4","","88.31","","","","","","Mainly Clear"
"-114.01","51.12","CALGARY INTL A","3031092","2025-03-06 15:00","2025","03","06","15:00","","6.7","","-10.4","","28","","","","28","","7","","64.4","","88.26","","","","","","NA"
"-114.01","51.12","CALGARY INTL A","3031092","2025-03-06 16:00","2025","03","06","16:00","","6.9","","-11.5","","26","","","","21","","13","","64.4","","88.23","","","","","","NA"
"-114.01","51.12","CALGARY INTL A","3031092","2025-03-06 17:00","2025","03","06","17:00","","6.6","","-10.9","","27","","","","17","","7","","64.4","","88.20","","","","","","Clear"
"-114.01","51.12","CALGARY INTL A","3031092","2025-03-06 18:00","2025","03","06","18:00","","4.8","","-8.4","","38","","","","16","","15","","48.3","","88.16","","","","","","NA"
"-114.01","51.12","CALGARY INTL A","3031092","2025-03-06 19:00","2025","03","06","19:00","","2.3","","-6.5","","52","","","","15","","12","","24.1","","88.16","","","","","","NA"
"-114.01","51.12","CALGARY INTL A","3031092","2025-03-06 20:00","2025","03","06","20:00","","1.1","","-6.6","","57","","","","17","","12","","24.1","","88.17","","","","","","Clear"
"-114.01","51.12","CALGARY INTL A","3031092","2025-03-06 21:00","2025","03","06","21:00","","1.0","","-7.5","","54","","","","18","","12","","24.1","","88.23","","","","","","NA"
"-114.01","51.12","CALGARY INTL A","3031092","2025-03-06 22:00","2025","03","06","22:00","","-1.8","","-8.0","","63","","","","19","","7","","24.1","","88.21","","","","-4","","NA"
"-114.01","51.12","CALGARY INTL A","3031092","2025-03-06 23:00","2025","03","06","23:00","","-0.8","","-7.3","","61","","","","22","","11","","24.1","","88.21","","","","-5","","Mainly Clear"
"-114.01","51.12","CALGARY INTL A","3031092","2025-03-07 00:00","2025","03","07","00:00","","0.9","","-9.2","","47","","","","24","","4","","24.1","","88.22","","","","","","NA"
"-114.01","51.12","CALGARY INTL A","3031092","2025-03-07 01:00","2025","03","07","01:00","","-0.5","","-9.9","","49","","","","","","0","","24.1","","88.22","","","","","","NA"
"-114.01","51.12","CALGARY INTL A","3031092","2025-03-07 02:00","2025","03","07","02:00","","1.6","","-10.0","","42","","","","30","","11","","24.1","","88.26","","","","","","Mostly Cloudy"
"-114.01","51.12","CALGARY INTL A","3031092","2025-03-07 03:00","2025","03","07","03:00","","-0.2","","-9.2","","51","","","","34","","9","","24.1","","88.30","","","","-3","","NA"
"-114.01","51.12","CALGARY INTL A","3031092","2025-03-07 04:00","2025","03","07","04:00","","-0.8","","-9.8","","51","","","","34","","6","","24.1","","88.34","","","","-3","","NA"
"-114.01","51.12","CALGARY INTL A","3031092","2025-03-07 05:00","2025","03","07","05:00","","-1.4","","-9.6","","54","","","","1","","9","","24.1","","88.36","","","","-5","","Mainly Clear"
"-114.01","51.12","CALGARY INTL A","3031092","2025-03-07 06:00","2025","03","07","06:00","","-1.0","","-10.2","","50","","","","33","","6","","24.1","","88.37","","","","-3","","NA"
"-114.01","51.12","CALGARY INTL A","3031092","2025-03-07 07:00","2025","03","07","07:00","","-0.1","","-10.6","","45","","","","32","","8","","48.3","","88.37","","","","-3","","NA"
"-114.01","51.12","CALGARY INTL A","3031092","2025-03-07 08:00","2025","03","07","08:00","","0.1","","-9.8","","47","","","","36","","5","","64.4","","88.40","","","","","","Clear"
"-114.01","51.12","CALGARY INTL A","3031092","2025-03-07 09:00","2025","03","07","09:00","","3.8","","-9.7","","37","","","","","","0","","64.4","","88.42","","","","","","NA"
"-114.01","51.12","CALGARY INTL A","3031092","2025-03-07 10:00","2025","03","07","10:00","","5.6","","-10.5","","30","","","","28","","15","","64.4","","88.43","","","","","","NA"
"-114.01","51.12","CALGARY INTL A","3031092","2025-03-07 11:00","2025","03","07","11:00","","6.7","","-11.7","","26","","","","28","","5","","64.4","","88.42","","","","","","Mostly Cloudy"
"-114.01","51.12","CALGARY INTL A","3031092","2025-03-07 12:00","2025","03","07","12:00","","7.6","","-11.9","","24","","","","22","","13","","64.4","","88.39","","","","","","NA"
"-114.01","51.12","CALGARY INTL A","3031092","2025-03-07 13:00","2025","03","07","13:00","","9.2","","-10.7","","23","","","","21","","17","","64.4","","88.36","","","","","","NA"
"-114.01","51.12","CALGARY INTL A","3031092","2025-03-07 14:00","2025","03","07","14:00","","9.9","","-10.0","","23","","","","18","","18","","64.4","","88.29","","","","","","Mainly Clear"
"-114.01","51.12","CALGARY INTL A","3031092","2025-03-07 15:00","2025","03","07","15:00","","10.3","","-9.3","","24","","","","15","","7","","64.4","","88.31","","","","","","NA"
"-114.01","51.12","CALGARY INTL A","3031092","2025-03-07 16:00","2025","03","07","16:00","","10.5","","-8.9","","25","","","","19","","12","","64.4","","88.30","","","","","","NA"
"-114.01","51.12","CALGARY INTL A","3031092","2025-03-07 17:00","2025","03","07","17:00","","10.5","","-8.5","","26","","","","24","","17","","48.3","","88.29","","","","","","Cloudy"
"-114.01","51.12","CALGARY INTL A","3031092","2025-03-07 18:00","2025","03","07","18:00","","8.8","","-8.2","","29","","","","28","","32","","32.2","","88.30","","","","","","NA"
"-114.01","51.12","CALGARY INTL A","3031092","2025-03-07 19:00","2025","03","07","19:00","","7.6","","-8.3","","32","","","","28","","22","","24.1","","88.33","","","","","","NA"
"-114.01","51.12","CALGARY INTL A","3031092","2025-03-07 20:00","2025","03","07","20:00","","6.8","","-8.1","","34","","","","28","","23","","24.1","","88.36","","","","","","Mainly Clear"
"-114.01","51.12","CALGARY INTL A","3031092","2025-03-07 21:00","2025","03","07","21:00","","6.5","","-8.0","","35","","","","28","","26","","24.1","","88.37","","","","","","NA"
"-114.01","51.12","CALGARY INTL A","3031092","2025-03-07 22:00","2025","03","07","22:00","","5.9","","-7.7","","37","","","","27","","18","","24.1","","88.39","","","","","","NA"
"-114.01","51.12","CALGARY INTL A","3031092","2025-03-07 23:00","2025","03","07","23:00","","6.5","","-7.6","","36","","","","27","","23","","24.1","","88.37","","","","","","Mostly Cloudy"
"-114.01","51.12","CALGARY INTL A","3031092","2025-03-08 00:00","2025","03","08","00:00","","7.0","","-8.0","","33","","","","28","","31","","24.1","","88.38","","","","","","NA"
"-114.01","51.12","CALGARY INTL A","3031092","2025-03-08 01:00","2025","03","08","01:00","","6.7","","-7.8","","35","","","","27","","24","","24.1","","88.41","","","","","","NA"
"-114.01","51.12","CALGARY INTL A","3031092","2025-03-08 02:00","2025","03","08","02:00","","5.6","","-7.5","","38","","","","25","","12","","24.1","","88.44","","","","","","Mostly Cloudy"
"-114.01","51.12","CALGARY INTL A","3031092","2025-03-08 03:00","2025","03","08","03:00","","6.6","","-7.3","","36","","","","28","","28","","24.1","","88.44","","","","","","NA"
"-114.01","51.12","CALGARY INTL A","3031092","2025-03-08 04:00","2025","03","08","04:00","","6.8","","-7.3","","36","","","","28","","26","","24.1","","88.43","","","","","","NA"
"-114.01","51.12","CALGARY INTL A","3031092","2025-03-08 05:00","2025","03","08","05:00","","5.7","","-7.2","","39","","","","","","0","","24.1","","88.46","","","","","","Mostly Cloudy"
"-114.01","51.12","CALGARY INTL A","3031092","2025-03-08 06:00","2025","03","08","06:00","","6.2","","-7.4","","37","","","","24","","7","","24.1","","88.42","","","","","","NA"
"-114.01","51.12","CALGARY INTL A","3031092","2025-03-08 07:00","2025","03","08","07:00","","6.1","","-7.4","","38","","","","27","","8","","64.4","","88.43","","","","","","NA"
"-114.01","51.12","CALGARY INTL A","3031092","2025-03-08 08:00","2025","03","08","08:00","","4.6","","-7.0","","43","","","","30","","11","","64.4","","88.42","","","","","","Mostly Cloudy"
"-114.01","51.12","CALGARY INTL A","3031092","2025-03-08 09:00","2025","03","08","09:00","","6.9","","-6.0","","39","","","","20","","10","","64.4","","88.38","","","","","","NA"
"-114.01","51.12","CALGARY INTL A","3031092","2025-03-08 10:00","2025","03","08","10:00","","7.6","","-6.3","","36","","","","14","","3","","64.4","","88.39","","","","","","NA"
"-114.01","51.12","CALGARY INTL A","3031092","2025-03-08 11:00","2025","03","08","11:00","","10.1","","-7.0","","29","","","","16","","7","","64.4","","88.37","","","","","","Mostly Cloudy"
"-114.01","51.12","CALGARY INTL A","3031092","2025-03-08 12:00","2025","03","08","12:00","","10.8","","-7.1","","28","","","","28","","26","","64.4","","88.34","","","","","","NA"
"-114.01","51.12","CALGARY INTL A","3031092","2025-03-08 13:00","2025","03","08","13:00","","11.1","","-7.7","","26","","","","28","","34","","64.4","","88.33","","","","","","NA"
"-114.01","51.12","CALGARY INTL A","3031092","2025-03-08 14:00","2025","03","08","14:00","","11.4","","-7.6","","26","","","","28","","30","","64.4","","88.27","","","","","","Mostly Cloudy"
"-114.01","51.12","CALGARY INTL A","3031092","2025-03-08 15:00","2025","03","08","15:00","","11.9","","-7.5","","25","","","","27","","21","","64.4","","88.33","","","","","","NA"
"-114.01","51.12","CALGARY INTL A","3031092","2025-03-08 16:00","2025","03","08","16:00","","12.0","","-7.2","","25","","","","28","","28","","64.4","","88.31","","","","","","NA"
"-114.01","51.12","CALGARY INTL A","3031092","2025-03-08 17:00","2025","03","08","17:00","","11.9","","-7.1","","26","","","","28","","31","","40.2","","88.26","","","","","","Mostly Cloudy"
"-114.01","51.12","CALGARY INTL A","3031092","2025-03-08 18:00","2025","03","08","18:00","","10.4","","-6.8","","29","","","","29","","18","","56.3","","88.31","","","","","","NA"
"-114.01","51.12","CALGARY INTL A","3031092","2025-03-08 19:00","2025","03","08","19:00","","7.4","","-5.7","","39","","","","31","","18","","48.3","","88.34","","","","","","NA"
"-114.01","51.12","CALGARY INTL A","3031092","2025-03-08 20:00","2025","03","08","20:00","","4.4","","-4.7","","52","","","","32","","10","","24.1","","88.28","","","","","","Mostly Cloudy"
"-114.01","51.12","CALGARY INTL A","3031092","2025-03-08 21:00","2025","03","08","21:00","","3.2","","-4.9","","55","","","","2","","6","","24.1","","88.30","","","","","","NA"
"-114.01","51.12","CALGARY INTL A","3031092","2025-03-08 22:00","2025","03","08","22:00","","1.9","","-5.1","","60","","","","","","0","","24.1","","88.26","","","","","","NA"
"-114.01","51.12","CALGARY INTL A","3031092","2025-03-08 23:00","2025","03","08","23:00","","1.5","","-4.7","","63","","","","","","0","","24.1","","88.23","","","","","","Mainly Clear"
"-114.01","51.12","CALGARY INTL A","3031092","2025-03-09 00:00","2025","03","09","00:00","","-0.2","","-4.8","","72","","","","32","","9","","24.1","","88.21","","","","-3","","NA"
"-114.01","51.12","CALGARY INTL A","3031092","2025-03-09 01:00","2025","03","09","01:00","","-1.5","","-5.2","","75","","","","1","","8","","24.1","","88.18","","","","-5","","NA"
"-114.01","51.12","CALGARY INTL A","3031092","2025-03-09 02:00","2025","03","09","02:00","","-1.1","","-5.6","","71","","","","","","0","","24.1","","88.18","","","","","","Mostly Cloudy"
"-114.01","51.12","CALGARY INTL A","3031092","2025-03-09 03:00","2025","03","09","03:00","","-2.5","","-6.8","","72","","","","19","","9","","24.1","","88.12","","","","-6","","NA"
"-114.01","51.12","CALGARY INTL A","3031092","2025-03-09 04:00","2025","03","09","04:00","","2.2","","-5.9","","55","","","","23","","10","","24.1","","88.10","","","","","","NA"
"-114.01","51.12","CALGARY INTL A","3031092","2025-03-09 05:00","2025","03","09","05:00","","1.3","","-6.8","","55","","","","28","","3","","24.1","","88.07","","","","","","Clear"
"-114.01","51.12","CALGARY INTL A","3031092","2025-03-09 06:00","2025","03","09","06:00","","5.5","","-6.0","","44","","","","26","","4","","24.1","","88.02","","","","","","NA"
"-114.01","51.12","CALGARY INTL A","3031092","2025-03-09 07:00","2025","03","09","07:00","","6.9","","-5.3","","41","","","","26","","29","","32.2","","87.95","","","","","","NA"
"-114.01","51.12","CALGARY INTL A","3031092","2025-03-09 08:00","2025","03","09","08:00","","7.3","","-6.0","","38","","","","26","","20","","40.2","","87.91","","","","","","Mostly Cloudy"
"-114.01","51.12","CALGARY INTL A","3031092","2025-03-09 09:00","2025","03","09","09:00","","8.4","","-6.7","","34","","","","26","","19","","32.2","","87.87","","","","","","NA"
"-114.01","51.12","CALGARY INTL A","3031092","2025-03-09 10:00","2025","03","09","10:00","","9.8","","-6.7","","31","","","","26","","36","","32.2","","87.80","","","","","","NA"
"-114.01","51.12","CALGARY INTL A","3031092","2025-03-09 11:00","2025","03","09","11:00","","10.2","","-6.8","","30","","","","26","","37","","32.2","","87.76","","","","","","Mostly Cloudy"
"-114.01","51.12","CALGARY INTL A","3031092","2025-03-09 12:00","2025","03","09","12:00","","11.2","","-7.2","","27","","","","25","","39","","32.2","","87.70","","","","","","NA"
"-114.01","51.12","CALGARY INTL A","3031092","2025-03-09 13:00","2025","03","09","13:00","","11.3","","-7.6","","26","","","","25","","43","","32.2","","87.63","","","","","","NA"
"-114.01","51.12","CALGARY INTL A","3031092","2025-03-09 14:00","2025","03","09","14:00","","10.6","","-7.9","","27","","","","26","","40","","32.2","","87.61","","","","","","Cloudy"
"-114.01","51.12","CALGARY INTL A","3031092","2025-03-09 15:00","2025","03","09","15:00","","10.0","","-7.4","","29","","","","26","","40","","32.2","","87.60","","","","","","NA"
"-114.01","51.12","CALGARY INTL A","3031092","2025-03-09 16:00","2025","03","09","16:00","","9.9","","-6.9","","30","","","","26","","33","","32.2","","87.58","","","","","","NA"
"-114.01","51.12","CALGARY INTL A","3031092","2025-03-09 17:00","2025","03","09","17:00","","8.9","","-6.6","","33","","","","25","","20","","24.1","","87.56","","","","","","Cloudy"
"-114.01","51.12","CALGARY INTL A","3031092","2025-03-09 18:00","2025","03","09","18:00","","7.8","","-6.2","","37","","","","26","","17","","24.1","","87.58","","","","","","NA"
"-114.01","51.12","CALGARY INTL A","3031092","2025-03-09 19:00","2025","03","09","19:00","","5.9","","-5.8","","43","","","","10","","17","","24.1","","87.56","","","","","","NA"
"-114.01","51.12","CALGARY INTL A","3031092","2025-03-09 20:00","2025","03","09","20:00","","1.5","","-3.2","","71","","","","6","","18","","24.1","","87.50","","","","","","Mostly Cloudy"
"-114.01","51.12","CALGARY INTL A","3031092","2025-03-09 21:00","2025","03","09","21:00","","-0.7","","-3.9","","79","","","","4","","11","","24.1","","87.50","","","","-4","","NA"
"-114.01","51.12","CALGARY INTL A","3031092","2025-03-09 22:00","2025","03","09","22:00","","-2.2","","-4.0","","87","","","","3","","13","","16.1","","87.48","","","","-7","","NA"
"-114.01","51.12","CALGARY INTL A","3031092","2025-03-09 23:00","2025","03","09","23:00","","-1.7","","-2.9","","92","","","","4","","19","","4.8","","87.50","","","","-7","","Fog"
"-114.01","51.12","CALGARY INTL A","3031092","2025-03-10 00:00","2025","03","10","00:00","","-1.8","","-3.1","","91","","","","4","","22","","6.4","","87.52","","","","-8","","Fog"
"-114.01","51.12","CALGARY INTL A","3031092","2025-03-10 01:00","2025","03","10","01:00","","-1.9","","-3.5","","89","","","","4","","22","","8.1","","87.53","","","","-8","","Fog"
"-114.01","51.12","CALGARY INTL A","3031092","2025-03-10 02:00","2025","03","10","02:00","","-2.1","","-3.0","","94","","","","36","","19","","1.6","","87.65","","","","-8","","Snow,Fog"
"-114.01","51.12","CALGARY INTL A","3031092","2025-03-10 03:00","2025","03","10","03:00","","-3.6","","-4.8","","92","","","","36","","31","","1.6","","87.74","","","","-11","","Snow,Fog"
"-114.01","51.12","CALGARY INTL A","3031092","2025-03-10 04:00","2025","03","10","04:00","","-5.0","","-6.4","","90","","","","36","","29","","2.0","","87.92","","","","-13","","Snow,Fog"
"-114.01","51.12","CALGARY INTL A","3031092","2025-03-10 05:00","2025","03","10","05:00","","-5.2","","-6.8","","89","","","","34","","17","","4.0","","88.02","","","","-11","","Snow,Fog,Blowing Snow,Drifting Snow"
"-114.01","51.12","CALGARY INTL A","3031092","2025-03-10 06:00","2025","03","10","06:00","","-4.9","","-6.2","","91","","","","34","","8","","2.0","","88.12","","","","-8","","Snow,Fog,Blowing Snow,Drifting Snow"
"-114.01","51.12","CALGARY INTL A","3031092","2025-03-10 07:00","2025","03","10","07:00","","-4.9","","-6.2","","91","","","","34","","5","","4.8","","88.16","","","","-7","","Snow,Fog"
"-114.01","51.12","CALGARY INTL A","3031092","2025-03-10 08:00","2025","03","10","08:00","","-3.8","","-5.5","","87","","","","22","","7","","8.1","","88.20","","","","-7","","Snow"
"-114.01","51.12","CALGARY INTL A","3031092","2025-03-10 09:00","2025","03","10","09:00","","-2.8","","-5.4","","83","","","","23","","9","","40.2","","88.21","","","","-6","","NA"
"-114.01","51.12","CALGARY INTL A","3031092","2025-03-10 10:00","2025","03","10","10:00","","-2.4","","-5.5","","80","","","","16","","8","","48.3","","88.24","","","","-6","","NA"
"-114.01","51.12","CALGARY INTL A","3031092","2025-03-10 11:00","2025","03","10","11:00","","-2.7","","-5.4","","82","","","","13","","21","","48.3","","88.24","","","","-9","","Mainly Clear"
"-114.01","51.12","CALGARY INTL A","3031092","2025-03-10 12:00","2025","03","10","12:00","","-1.4","","-5.0","","76","","","","16","","18","","48.3","","88.24","","","","-7","","NA"
"-114.01","51.12","CALGARY INTL A","3031092","2025-03-10 13:00","2025","03","10","13:00","","0.2","","-3.7","","75","","","","14","","19","","56.3","","88.18","","","","","","NA"
"-114.01","51.12","CALGARY INTL A","3031092","2025-03-10 14:00","2025","03","10","14:00","","1.6","","-4.5","","64","","","","18","","26","","48.3","","88.12","","","","","","Mainly Clear"
"-114.01","51.12","CALGARY INTL A","3031092","2025-03-10 15:00","2025","03","10","15:00","","2.5","","-4.2","","62","","","","19","","22","","40.2","","88.06","","","","","","NA"
"-114.01","51.12","CALGARY INTL A","3031092","2025-03-10 16:00","2025","03","10","16:00","","3.1","","-4.6","","57","","","","19","","22","","48.3","","87.98","","","","","","NA"
"-114.01","51.12","CALGARY INTL A","3031092","2025-03-10 17:00","2025","03","10","17:00","","3.5","","-5.0","","54","","","","16","","18","","48.3","","87.94","","","","","","Mainly Clear"
"-114.01","51.12","CALGARY INTL A","3031092","2025-03-10 18:00","2025","03","10","18:00","","2.1","","-4.4","","62","","","","17","","16","","32.2","","87.93","","","","","","NA"
"-114.01","51.12","CALGARY INTL A","3031092","2025-03-10 19:00","2025","03","10","19:00","","1.7","","-3.0","","71","","","","15","","14","","24.1","","87.91","","","","","","NA"
"-114.01","51.12","CALGARY INTL A","3031092","2025-03-10 20:00","2025","03","10","20:00","","1.0","","-2.9","","75","","","","16","","11","","24.1","","87.88","","","","","","Mostly Cloudy"
"-114.01","51.12","CALGARY INTL A","3031092","2025-03-10 21:00","2025","03","10","21:00","","0.5","","-3.1","","77","","","","16","","13","","24.1","","87.82","","","","","","NA"
"-114.01","51.12","CALGARY INTL A","3031092","2025-03-10 22:00","2025","03","10","22:00","","-0.6","","-3.8","","79","","","","17","","13","","24.1","","87.80","","","","-5","","NA"
"-114.01","51.12","CALGARY INTL A","3031092","2025-03-10 23:00","2025","03","10","23:00","","-1.1","","-4.3","","79","","","","17","","7","","24.1","","87.75","","","","-4","","Mostly Cloudy"
"-114.01","51.12","CALGARY INTL A","3031092","2025-03-11 00:00","2025","03","11","00:00","","-1.4","","-4.3","","80","","","","19","","7","","24.1","","87.68","","","","-4","","NA"
"-114.01","51.12","CALGARY INTL A","3031092","2025-03-11 01:00","2025","03","11","01:00","","-2.0","","-4.3","","84","","","","14","","3","","24.1","","87.62","","","","-3","","NA"
"-114.01","51.12","CALGARY INTL A","3031092","2025-03-11 02:00","2025","03","11","02:00","","-2.8","","-4.8","","87","","","","17","","9","","24.1","","87.55","","","","-6","","Mostly Cloudy"
"-114.01","51.12","CALGARY INTL A","3031092","2025-03-11 03:00","2025","03","11","03:00","","-2.5","","-4.3","","87","","","","20","","10","","24.1","","87.53","","","","-6","","NA"
"-114.01","51.12","CALGARY INTL A","3031092","2025-03-11 04:00","2025","03","11","04:00","","-4.5","","-5.6","","92","","","","18","","9","","24.1","","87.50","","","","-8","","NA"
"-114.01","51.12","CALGARY INTL A","3031092","2025-03-11 05:00","2025","03","11","05:00","","-3.4","","-5.7","","84","","","","19","","4","","24.1","","87.50","","","","-5","","Mainly Clear"
"-114.01","51.12","CALGARY INTL A","3031092","2025-03-11 06:00","2025","03","11","06:00","","-4.1","","-8.8","","70","","","","18","","5","","24.1","","87.49","","","","-6","","NA"
"-114.01","51.12","CALGARY INTL A","3031092","2025-03-11 07:00","2025","03","11","07:00","","-4.9","","-9.7","","69","","","","15","","6","","64.4","","87.46","","","","-8","","NA"
"-114.01","51.12","CALGARY INTL A","3031092","2025-03-11 08:00","2025","03","11","08:00","","-2.8","","-8.4","","66","","","","19","","7","","64.4","","87.47","","","","-6","","Mainly Clear"
"-114.01","51.12","CALGARY INTL A","3031092","2025-03-11 09:00","2025","03","11","09:00","","1.6","","-10.8","","39","","","","27","","18","","64.4","","87.47","","","","","","NA"
"-114.01","51.12","CALGARY INTL A","3031092","2025-03-11 10:00","2025","03","11","10:00","","2.9","","-10.6","","36","","","","28","","21","","64.4","","87.47","","","","","","NA"
"-114.01","51.12","CALGARY INTL A","3031092","2025-03-11 11:00","2025","03","11","11:00","","4.5","","-10.6","","33","","","","27","","18","","64.4","","87.48","","","","","","Clear"
"-114.01","51.12","CALGARY INTL A","3031092","2025-03-11 12:00","2025","03","11","12:00","","5.3","","-11.2","","29","","","","27","","11","","64.4","","87.47","","","","","","NA"
"-114.01","51.12","CALGARY INTL A","3031092","2025-03-11 13:00","2025","03","11","13:00","","6.3","","-11.6","","27","","","","30","","21","","64.4","","87.45","","","","","","NA"
"-114.01","51.12","CALGARY INTL A","3031092","2025-03-11 14:00","2025","03","11","14:00","","5.4","","-12.7","","26","","","","28","","21","","64.4","","87.44","","","","","","Mostly Cloudy"
"-114.01","51.12","CALGARY INTL A","3031092","2025-03-11 15:00","2025","03","11","15:00","","5.8","","-12.2","","26","","","","29","","17","","56.3","","87.45","","","","","","NA"
"-114.01","51.12","CALGARY INTL A","3031092","2025-03-11 16:00","2025","03","11","16:00","","6.5","","-14.0","","22","","","","26","","23","","56.3","","87.45","","","","","","NA"
"-114.01","51.12","CALGARY INTL A","3031092","2025-03-11 17:00","2025","03","11","17:00","","5.6","","-13.3","","24","","","","28","","25","","48.3","","87.46","","","","","","Mostly Cloudy"
"-114.01","51.12","CALGARY INTL A","3031092","2025-03-11 18:00","2025","03","11","18:00","","4.9","","-13.2","","26","","","","29","","22","","48.3","","87.49","","","","","","NA"
"-114.01","51.12","CALGARY INTL A","3031092","2025-03-11 19:00","2025","03","11","19:00","","2.4","","-11.8","","34","","","","32","","14","","32.2","","87.54","","","","","","NA"
"-114.01","51.12","CALGARY INTL A","3031092","2025-03-11 20:00","2025","03","11","20:00","","2.0","","-11.2","","37","","","","30","","13","","24.1","","87.56","","","","","","Mostly Cloudy"
"-114.01","51.12","CALGARY INTL A","3031092","2025-03-11 21:00","2025","03","11","21:00","","2.5","","-11.2","","36","","","","29","","17","","24.1","","87.58","","","","","","NA"
"-114.01","51.12","CALGARY INTL A","3031092","2025-03-11 22:00","2025","03","11","22:00","","1.7","","-11.3","","38","","","","31","","16","","24.1","","87.60","","","","","","NA"
"-114.01","51.12","CALGARY INTL A","3031092","2025-03-11 23:00","2025","03","11","23:00","","-1.2","","-9.2","","54","","","","35","","13","","24.1","","87.62","","","","-5","","Mostly Cloudy"
"-114.01","51.12","CALGARY INTL A","3031092","2025-03-12 00:00","2025","03","12","00:00","","-1.8","","-9.4","","56","","","","1","","9","","24.1","","87.65","","","","-5","","NA"
"-114.01","51.12","CALGARY INTL A","3031092","2025-03-12 01:00","2025","03","12","01:00","","-1.9","","-10.2","","53","","","","36","","8","","24.1","","87.65","","","","-5","","NA"
"-114.01","51.12","CALGARY INTL A","3031092","2025-03-12 02:00","2025","03","12","02:00","","-2.3","","-10.5","","54","","","","35","","15","","24.1","","87.69","","","","-7","","Mostly Cloudy"
"-114.01","51.12","CALGARY INTL A","3031092","2025-03-12 03:00","2025","03","12","03:00","","-2.7","","-9.6","","59","","","","34","","15","","24.1","","87.72","","","","-8","","NA"
"-114.01","51.12","CALGARY INTL A","3031092","2025-03-12 04:00","2025","03","12","04:00","","-3.0","","-7.8","","70","","","","35","","12","","24.1","","87.75","","","","-7","","NA"
"-114.01","51.12","CALGARY INTL A","3031092","2025-03-12 05:00","2025","03","12","05:00","","-2.6","","-6.3","","76","","","","36","","16","","24.1","","87.74","","","","-8","","Cloudy"
"-114.01","51.12","CALGARY INTL A","3031092","2025-03-12 06:00","2025","03","12","06:00","","-2.8","","-5.7","","81","","","","36","","16","","24.1","","87.75","","","","-8","","NA"
"-114.01","51.12","CALGARY INTL A","3031092","2025-03-12 07:00","2025","03","12","07:00","","-3.1","","-5.6","","83","","","","36","","10","","24.1","","87.77","","","","-7","","NA"
"-114.01","51.12","CALGARY INTL A","3031092","2025-03-12 08:00","2025","03","12","08:00","","-2.6","","-5.2","","83","","","","1","","11","","24.1","","87.83","","","","-7","","Cloudy"
"-114.01","51.12","CALGARY INTL A","3031092","2025-03-12 09:00","2025","03","12","09:00","","-1.6","","-5.2","","77","","","","4","","14","","24.1","","87.81","","","","-6","","NA"
"-114.01","51.12","CALGARY INTL A","3031092","2025-03-12 10:00","2025","03","12","10:00","","-0.7","","-5.5","","70","","","","9","","8","","24.1","","87.82","","","","-4","","NA"
"-114.01","51.12","CALGARY INTL A","3031092","2025-03-12 11:00","2025","03","12","11:00","","-0.4","","-6.3","","65","","","","14","","13","","24.1","","87.79","","","","-5","","Cloudy"
"-114.01","51.12","CALGARY INTL A","3031092","2025-03-12 12:00","2025","03","12","12:00","","0.5","","-5.6","","64","","","","14","","21","","24.1","","87.79","","","","","","NA"
"-114.01","51.12","CALGARY INTL A","3031092","2025-03-12 13:00","2025","03","12","13:00","","2.4","","-4.9","","59","","","","11","","16","","24.1","","87.71","","","","","","NA"
"-114.01","51.12","CALGARY INTL A","3031092","2025-03-12 14:00","2025","03","12","14:00","","2.7","","-5.1","","57","","","","14","","17","","24.1","","87.63","","","","","","Mostly Cloudy"
"-114.01","51.12","CALGARY INTL A","3031092","2025-03-12 15:00","2025","03","12","15:00","","3.0","","-4.6","","58","","","","14","","19","","24.1","","87.58","","","","","","NA"
"-114.01","51.12","CALGARY INTL A","3031092","2025-03-12 16:00","2025","03","12","16:00","","4.9","","-4.0","","53","","","","15","","23","","24.1","","87.53","","","","","","NA"
"-114.01","51.12","CALGARY INTL A","3031092","2025-03-12 17:00","2025","03","12","17:00","","5.3","","-3.4","","53","","","","16","","21","","24.1","","87.49","","","","","","Mainly Clear"
"-114.01","51.12","CALGARY INTL A","3031092","2025-03-12 18:00","2025","03","12","18:00","","4.3","","-3.2","","58","","","","13","","21","","24.1","","87.38","","","","","","NA"
"-114.01","51.12","CALGARY INTL A","3031092","2025-03-12 19:00","2025","03","12","19:00","","0.7","","-2.0","","82","","","","11","","20","","32.2","","87.39","","","","","","NA"
"-114.01","51.12","CALGARY INTL A","3031092","2025-03-12 20:00","2025","03","12","20:00","","-0.7","","-2.4","","88","","","","10","","16","","24.1","","87.37","","","","-5","","Mainly Clear"
"-114.01","51.12","CALGARY INTL A","3031092","2025-03-12 21:00","2025","03","12","21:00","","-2.2","","-3.2","","93","","","","12","","10","","8.1","","87.34","","","","-6","","Fog"
"-114.01","51.12","CALGARY INTL A","3031092","2025-03-12 22:00","2025","03","12","22:00","","-2.0","","-2.8","","95","","","","14","","12","","3.2","","87.27","","","","-6","","Fog"
"-114.01","51.12","CALGARY INTL A","3031092","2025-03-12 23:00","2025","03","12","23:00","","-2.2","","-2.7","","96","","","","11","","14","","2.4","","87.20","","","","-7","","Fog"
"-114.01","51.12","CALGARY INTL A","3031092","2025-03-13 00:00","2025","03","13","00:00","","-2.4","","-2.8","","97","","","","14","","14","","1.2","","87.16","","","","-7","","Fog"
"-114.01","51.12","CALGARY INTL A","3031092","2025-03-13 01:00","2025","03","13","01:00","","-2.4","","-2.7","","97","","","","13","","10","","0.8","","87.07","","","","-6","","Freezing Fog"
"-114.01","51.12","CALGARY INTL A","3031092","2025-03-13 02:00","2025","03","13","02:00","","-2.6","","-2.9","","98","","","","12","","13","","0.4","","87.05","","","","-7","","Freezing Fog"
"-114.01","51.12","CALGARY INTL A","3031092","2025-03-13 03:00","2025","03","13","03:00","","-2.6","","-3.0","","97","","","","10","","9","","0.4","","86.94","","","","-6","","Freezing Fog"
"-114.01","51.12","CALGARY INTL A","3031092","2025-03-13 04:00","2025","03","13","04:00","","-2.8","","-3.2","","97","","","","9","","14","","0.4","","86.88","","","","-8","","Freezing Fog"
"-114.01","51.12","CALGARY INTL A","3031092","2025-03-13 05:00","2025","03","13","05:00","","-2.9","","-3.3","","97","","","","7","","12","","0.4","","86.88","","","","-7","","Freezing Fog"
"-114.01","51.12","CALGARY INTL A","3031092","2025-03-13 06:00","2025","03","13","06:00","","-3.3","","-3.8","","96","","","","7","","13","","0.4","","86.83","","","","-8","","Freezing Fog"
"-114.01","51.12","CALGARY INTL A","3031092","2025-03-13 07:00","2025","03","13","07:00","","-3.4","","-3.9","","96","","","","6","","19","","0.2","","86.78","","","","-9","","Freezing Drizzle,Freezing Fog"
"-114.01","51.12","CALGARY INTL A","3031092","2025-03-13 08:00","2025","03","13","08:00","","-3.4","","-3.9","","96","","","","6","","15","","0.2","","86.75","","","","-9","","Freezing Fog"
"-114.01","51.12","CALGARY INTL A","3031092","2025-03-13 09:00","2025","03","13","09:00","","-3.5","","-4.0","","96","","","","5","","18","","0.4","","86.78","","","","-9","","Snow,Freezing Fog"
"-114.01","51.12","CALGARY INTL A","3031092","2025-03-13 10:00","2025","03","13","10:00","","-3.4","","-4.0","","96","","","","3","","13","","1.2","","86.73","","","","-8","","Snow"
"-114.01","51.12","CALGARY INTL A","3031092","2025-03-13 11:00","2025","03","13","11:00","","-3.3","","-3.9","","96","","","","7","","11","","9.7","","86.68","","","","-8","","Fog"
"-114.01","51.12","CALGARY INTL A","3031092","2025-03-13 12:00","2025","03","13","12:00","","-3.3","","-3.9","","96","","","","5","","9","","14.5","","86.63","","","","-7","","NA"
"-114.01","51.12","CALGARY INTL A","3031092","2025-03-13 13:00","2025","03","13","13:00","","-3.1","","-3.7","","95","","","","3","","3","","14.5","","86.61","","","","-4","","NA"
"-114.01","51.12","CALGARY INTL A","3031092","2025-03-13 14:00","2025","03","13","14:00","","-2.9","","-3.8","","94","","","","2","","16","","3.6","","86.56","","","","-8","","Snow"
"-114.01","51.12","CALGARY INTL A","3031092","2025-03-13 15:00","2025","03","13","15:00","","-3.1","","-4.2","","92","","","","1","","19","","8.1","","86.59","","","","-9","","Fog"
"-114.01","51.12","CALGARY INTL A","3031092","2025-03-13 16:00","2025","03","13","16:00","","-3.6","","-4.8","","91","","","","1","","19","","4.0","","86.63","","","","-10","","Snow"
"-114.01","51.12","CALGARY INTL A","3031092","2025-03-13 17:00","2025","03","13","17:00","","-4.1","","-5.8","","88","","","","35","","34","","9.7","","86.76","","","","-12","","Fog"
"-114.01","51.12","CALGARY INTL A","3031092","2025-03-13 18:00","2025","03","13","18:00","","-5.3","","-6.7","","89","","","","36","","30","","4.0","","86.88","","","","-13","","Freezing Drizzle"
"-114.01","51.12","CALGARY INTL A","3031092","2025-03-13 19:00","2025","03","13","19:00","","-6.2","","-7.8","","89","","","","36","","24","","2.0","","86.98","","","","-14","","Snow,Fog,Blowing Snow,Drifting Snow"
"-114.01","51.12","CALGARY INTL A","3031092","2025-03-13 20:00","2025","03","13","20:00","","-7.5","","-10.1","","82","","","","36","","33","","4.8","","87.10","","","","-17","","Snow,Fog,Blowing Snow,Drifting Snow"
"-114.01","51.12","CALGARY INTL A","3031092","2025-03-13 21:00","2025","03","13","21:00","","-8.4","","-10.6","","84","","","","2","","26","","6.4","","87.18","","","","-17","","Snow,Fog,Blowing Snow,Drifting Snow"
"-114.01","51.12","CALGARY INTL A","3031092","2025-03-13 22:00","2025","03","13","22:00","","-8.8","","-11.9","","79","","","","1","","20","","16.1","","87.21","","","","-16","","NA"
"-114.01","51.12","CALGARY INTL A","3031092","2025-03-13 23:00","2025","03","13","23:00","","-9.3","","-11.9","","82","","","","2","","15","","12.9","","87.30","","","","-16","","Mostly Cloudy"
"-114.01","51.12","CALGARY INTL A","3031092","2025-03-14 00:00","2025","03","14","00:00","","-9.6","","-12.7","","78","","","","1","","16","","12.9","","87.33","","","","-16","","NA"
"-114.01","51.12","CALGARY INTL A","3031092","2025-03-14 01:00","2025","03","14","01:00","","-9.4","","-12.3","","80","","","","35","","13","","12.9","","87.34","","","","-15","","NA"
"-114.01","51.12","CALGARY INTL A","3031092","2025-03-14 02:00","2025","03","14","02:00","","-9.3","","-12.5","","78","","","","36","","15","","12.9","","87.38","","","","-16","","Cloudy"
"-114.01","51.12","CALGARY INTL A","3031092","2025-03-14 03:00","2025","03","14","03:00","","-9.5","","-12.5","","79","","","","1","","15","","12.9","","87.39","","","","-16","","NA"
"-114.01","51.12","CALGARY INTL A","3031092","2025-03-14 04:00","2025","03","14","04:00","","-9.5","","-12.5","","79","","","","36","","14","","12.9","","87.45","","","","-16","","NA"
"-114.01","51.12","CALGARY INTL A","3031092","2025-03-14 05:00","2025","03","14","05:00","","-9.7","","-13.2","","76","","","","1","","14","","12.9","","87.49","","","","-16","","Cloudy"
"-114.01","51.12","CALGARY INTL A","3031092","2025-03-14 06:00","2025","03","14","06:00","","-9.8","","-12.9","","78","","","","2","","15","","12.9","","87.56","","","","-16","","NA"
"-114.01","51.12","CALGARY INTL A","3031092","2025-03-14 07:00","2025","03","14","07:00","","-10.1","","-13.8","","75","","","","3","","16","","14.5","","87.61","","","","-17","","NA"
"-114.01","51.12","CALGARY INTL A","3031092","2025-03-14 08:00","2025","03","14","08:00","","-10.5","","-13.7","","77","","","","2","","14","","14.5","","87.67","","","","-17","","Snow"
"-114.01","51.12","CALGARY INTL A","3031092","2025-03-14 09:00","2025","03","14","09:00","","-10.2","","-13.5","","77","","","","2","","12","","14.5","","87.72","","","","-16","","Snow"
"-114.01","51.12","CALGARY INTL A","3031092","2025-03-14 10:00","2025","03","14","10:00","","-9.8","","-13.6","","74","","","","3","","10","","9.7","","87.72","","","","-15","","Snow"
"-114.01","51.12","CALGARY INTL A","3031092","2025-03-14 11:00","2025","03","14","11:00","","-9.0","","-12.8","","74","","","","3","","5","","14.5","","87.71","","","","-12","","Cloudy"
"-114.01","51.12","CALGARY INTL A","3031092","2025-03-14 12:00","2025","03","14","12:00","","-7.8","","-11.8","","73","","","","5","","4","","14.5","","87.70","","","","-10","","Snow"
"-114.01","51.12","CALGARY INTL A","3031092","2025-03-14 13:00","2025","03","14","13:00","","-6.3","","-11.2","","69","","","","20","","4","","14.5","","87.68","","","","-8","","NA"
"-114.01","51.12","CALGARY INTL A","3031092","2025-03-14 14:00","2025","03","14","14:00","","-6.1","","-10.6","","71","","","","16","","9","","8.1","","87.66","","","","-10","","Snow"
"-114.01","51.12","CALGARY INTL A","3031092","2025-03-14 15:00","2025","03","14","15:00","","-6.2","","-10.5","","72","","","","9","","10","","9.7","","87.67","","","","-11","","Snow"
"-114.01","51.12","CALGARY INTL A","3031092","2025-03-14 16:00","2025","03","14","16:00","","-6.4","","-11.1","","69","","","","10","","10","","14.5","","87.70","","","","-11","","NA"
"-114.01","51.12","CALGARY INTL A","3031092","2025-03-14 17:00","2025","03","14","17:00","","-6.4","","-11.1","","70","","","","11","","11","","14.5","","87.72","","","","-11","","Cloudy"
"-114.01","51.12","CALGARY INTL A","3031092","2025-03-14 18:00","2025","03","14","18:00","","-6.8","","-11.0","","72","","","","14","","12","","14.5","","87.75","","","","-12","","NA"
"-114.01","51.12","CALGARY INTL A","3031092","2025-03-14 19:00","2025","03","14","19:00","","-7.6","","-11.2","","76","","","","9","","14","","12.9","","87.81","","","","-14","","NA"
"-114.01","51.12","CALGARY INTL A","3031092","2025-03-14 20:00","2025","03","14","20:00","","-8.3","","-11.3","","79","","","","8","","13","","12.9","","87.84","","","","-14","","Mostly Cloudy"
"-114.01","51.12","CALGARY INTL A","3031092","2025-03-14 21:00","2025","03","14","21:00","","-9.1","","-12.3","","78","","","","7","","13","","12.9","","87.88","","","","-15","","NA"
"-114.01","51.12","CALGARY INTL A","3031092","2025-03-14 22:00","2025","03","14","22:00","","-10.6","","-13.1","","82","","","","8","","13","","12.9","","87.90","","","","-17","","NA"
"-114.01","51.12","CALGARY INTL A","3031092","2025-03-14 23:00","2025","03","14","23:00","","-10.8","","-13.1","","83","","","","10","","14","","11.3","","87.91","","","","-17","","Snow"
"-114.01","51.12","CALGARY INTL A","3031092","2025-03-15 00:00","2025","03","15","00:00","","-10.9","","-13.6","","80","","","","12","","14","","4.0","","87.92","","","","-18","","Snow"
"-114.01","51.12","CALGARY INTL A","3031092","2025-03-15 01:00","2025","03","15","01:00","","-10.9","","-13.1","","84","","","","9","","14","","6.4","","87.91","","","","-18","","Snow,Fog"
"-114.01","51.12","CALGARY INTL A","3031092","2025-03-15 02:00","2025","03","15","02:00","","-11.3","","-13.4","","84","","","","9","","14","","6.4","","87.89","","","","-18","","Snow,Fog"
"-114.01","51.12","CALGARY INTL A","3031092","2025-03-15 03:00","2025","03","15","03:00","","-11.7","","-13.6","","86","","","","10","","14","","8.1","","87.87","","","","-19","","Snow,Fog"
"-114.01","51.12","CALGARY INTL A","3031092","2025-03-15 04:00","2025","03","15","04:00","","-11.9","","-13.9","","86","","","","11","","13","","6.4","","87.84","","","","-19","","Snow,Fog"
"-114.01","51.12","CALGARY INTL A","3031092","2025-03-15 05:00","2025","03","15","05:00","","-12.1","","-13.9","","86","","","","11","","15","","4.0","","87.83","","","","-19","","Snow,Fog"
"-114.01","51.12","CALGARY INTL A","3031092","2025-03-15 06:00","2025","03","15","06:00","","-12.0","","-13.8","","86","","","","9","","15","","4.8","","87.81","","","","-19","","Snow,Fog"
"-114.01","51.12","CALGARY INTL A","3031092","2025-03-15 07:00","2025","03","15","07:00","","-11.6","","-13.6","","86","","","","14","","19","","6.4","","87.81","","","","-20","","Snow,Fog"
"-114.01","51.12","CALGARY INTL A","3031092","2025-03-15 08:00","2025","03","15","08:00","","-11.5","","-13.6","","85","","","","14","","19","","6.4","","87.80","","","","-20","","Snow,Fog"
"-114.01","51.12","CALGARY INTL A","3031092","2025-03-15 09:00","2025","03","15","09:00","","-11.3","","-13.3","","85","","","","13","","19","","4.0","","87.79","","","","-19","","Snow,Fog"
"-114.01","51.12","CALGARY INTL A","3031092","2025-03-15 10:00","2025","03","15","10:00","","-11.0","","-13.2","","84","","","","13","","18","","4.0","","87.77","","","","-19","","Snow,Fog"
"-114.01","51.12","CALGARY INTL A","3031092","2025-03-15 11:00","2025","03","15","11:00","","-10.5","","-12.7","","84","","","","12","","16","","4.0","","87.77","","","","-18","","Snow,Fog"
"-114.01","51.12","CALGARY INTL A","3031092","2025-03-15 12:00","2025","03","15","12:00","","-10.0","","-12.3","","83","","","","11","","16","","4.0","","87.76","","","","-17","","Snow,Fog"
"-114.01","51.12","CALGARY INTL A","3031092","2025-03-15 13:00","2025","03","15","13:00","","-9.0","","-11.7","","81","","","","11","","14","","4.0","","87.74","","","","-15","","Snow,Fog"
"-114.01","51.12","CALGARY INTL A","3031092","2025-03-15 14:00","2025","03","15","14:00","","-8.4","","-11.8","","77","","","","12","","15","","4.0","","87.72","","","","-15","","Snow,Fog"
"-114.01","51.12","CALGARY INTL A","3031092","2025-03-15 15:00","2025","03","15","15:00","","-7.7","","-10.8","","79","","","","11","","14","","1.2","","87.73","","","","-14","","Snow"
"-114.01","51.12","CALGARY INTL A","3031092","2025-03-15 16:00","2025","03","15","16:00","","-7.5","","-10.6","","79","","","","13","","11","","2.0","","87.75","","","","-13","","Snow"
"-114.01","51.12","CALGARY INTL A","3031092","2025-03-15 17:00","2025","03","15","17:00","","-7.7","","-10.5","","80","","","","11","","13","","6.4","","87.79","","","","-13","","Snow"
"-114.01","51.12","CALGARY INTL A","3031092","2025-03-15 18:00","2025","03","15","18:00","","-7.8","","-10.6","","81","","","","13","","13","","4.0","","87.81","","","","-14","","Snow"
"-114.01","51.12","CALGARY INTL A","3031092","2025-03-15 19:00","2025","03","15","19:00","","-8.2","","-10.4","","84","","","","12","","11","","2.0","","87.82","","","","-13","","Snow,Fog"
"-114.01","51.12","CALGARY INTL A","3031092","2025-03-15 20:00","2025","03","15","20:00","","-8.7","","-10.9","","84","","","","11","","14","","3.2","","87.81","","","","-15","","Snow,Fog"
"-114.01","51.12","CALGARY INTL A","3031092","2025-03-15 21:00","2025","03","15","21:00","","-9.0","","-11.0","","86","","","","12","","14","","4.8","","87.82","","","","-15","","Snow,Fog"
"-114.01","51.12","CALGARY INTL A","3031092","2025-03-15 22:00","2025","03","15","22:00","","-9.5","","-11.6","","85","","","","14","","15","","4.0","","87.81","","","","-16","","Snow,Fog"
"-114.01","51.12","CALGARY INTL A","3031092","2025-03-15 23:00","2025","03","15","23:00","","-9.8","","-11.6","","87","","","","13","","13","","3.2","","87.79","","","","-16","","Snow,Fog"
"-114.01","51.12","CALGARY INTL A","3031092","2025-03-16 00:00","2025","03","16","00:00","","-10.0","","-11.8","","86","","","","13","","20","","9.7","","87.73","","","","-18","","Snow,Fog"
"-114.01","51.12","CALGARY INTL A","3031092","2025-03-16 01:00","2025","03","16","01:00","","-10.3","","-12.1","","86","","","","16","","14","","9.7","","87.70","","","","-17","","Snow,Fog"
"-114.01","51.12","CALGARY INTL A","3031092","2025-03-16 02:00","2025","03","16","02:00","","-10.5","","-11.9","","89","","","","14","","18","","4.8","","87.65","","","","-18","","Snow,Fog"
"-114.01","51.12","CALGARY INTL A","3031092","2025-03-16 03:00","2025","03","16","03:00","","-10.6","","-11.8","","91","","","","13","","16","","3.2","","87.58","","","","-18","","Snow,Fog"
"-114.01","51.12","CALGARY INTL A","3031092","2025-03-16 04:00","2025","03","16","04:00","","-10.5","","-11.5","","92","","","","16","","12","","4.0","","87.54","","","","-17","","Snow,Fog"
"-114.01","51.12","CALGARY INTL A","3031092","2025-03-16 05:00","2025","03","16","05:00","","-10.3","","-11.3","","92","","","","14","","14","","2.0","","87.50","","","","-17","","Snow,Fog"
"-114.01","51.12","CALGARY INTL A","3031092","2025-03-16 06:00","2025","03","16","06:00","","-10.0","","-11.1","","92","","","","16","","11","","1.6","","87.47","","","","-16","","Fog"
"-114.01","51.12","CALGARY INTL A","3031092","2025-03-16 07:00","2025","03","16","07:00","","-9.8","","-10.9","","92","","","","14","","9","","1.2","","87.47","","","","-15","","Fog"
"-114.01","51.12","CALGARY INTL A","3031092","2025-03-16 08:00","2025","03","16","08:00","","-9.9","","-11.1","","91","","","","13","","11","","0.4","","87.38","","","","-15","","Freezing Fog"
"-114.01","51.12","CALGARY INTL A","3031092","2025-03-16 09:00","2025","03","16","09:00","","-9.6","","-10.8","","91","","","","12","","13","","0.4","","87.36","","","","-16","","Freezing Fog"
"-114.01","51.12","CALGARY INTL A","3031092","2025-03-16 10:00","2025","03","16","10:00","","-9.0","","-10.2","","91","","","","16","","13","","1.6","","87.43","","","","-15","","Fog"
"-114.01","51.12","CALGARY INTL A","3031092","2025-03-16 11:00","2025","03","16","11:00","","-8.4","","-9.6","","92","","","","16","","10","","1.6","","87.35","","","","-13","","Snow,Fog"
"-114.01","51.12","CALGARY INTL A","3031092","2025-03-16 12:00","2025","03","16","12:00","","-7.7","","-8.9","","91","","","","18","","13","","4.0","","87.36","","","","-13","","Fog"
"-114.01","51.12","CALGARY INTL A","3031092","2025-03-16 13:00","2025","03","16","13:00","","-7.4","","-8.6","","91","","","","17","","14","","4.0","","87.29","","","","-13","","Fog"
"-114.01","51.12","CALGARY INTL A","3031092","2025-03-16 14:00","2025","03","16","14:00","","-6.9","","-8.0","","92","","","","17","","16","","4.0","","87.30","","","","-13","","Fog"
"-114.01","51.12","CALGARY INTL A","3031092","2025-03-16 15:00","2025","03","16","15:00","","-6.8","","-7.8","","93","","","","13","","16","","4.0","","87.32","","","","-13","","Fog"
"-114.01","51.12","CALGARY INTL A","3031092","2025-03-16 16:00","2025","03","16","16:00","","-6.6","","-7.7","","93","","","","14","","14","","3.6","","87.31","","","","-12","","Fog"
"-114.01","51.12","CALGARY INTL A","3031092","2025-03-16 17:00","2025","03","16","17:00","","-6.4","","-7.4","","92","","","","13","","11","","4.0","","87.34","","","","-11","","Fog"
"-114.01","51.12","CALGARY INTL A","3031092","2025-03-16 18:00","2025","03","16","18:00","","-6.4","","-7.5","","92","","","","9","","4","","4.0","","87.40","","","","-8","","Fog"
"-114.01","51.12","CALGARY INTL A","3031092","2025-03-16 19:00","2025","03","16","19:00","","-6.3","","-7.5","","91","","","","","","0","","1.6","","87.47","","","","","","Snow Grains,Fog"
"-114.01","51.12","CALGARY INTL A","3031092","2025-03-16 20:00","2025","03","16","20:00","","-6.3","","-7.4","","91","","","","5","","7","","6.4","","87.51","","","","-10","","Snow Grains,Fog"
"-114.01","51.12","CALGARY INTL A","3031092","2025-03-16 21:00","2025","03","16","21:00","","-6.6","","-7.9","","90","","","","13","","10","","4.8","","87.53","","","","-11","","Snow Grains,Fog"
"-114.01","51.12","CALGARY INTL A","3031092","2025-03-16 22:00","2025","03","16","22:00","","-6.5","","-7.6","","92","","","","18","","13","","4.8","","87.55","","","","-12","","Snow Grains,Fog"
"-114.01","51.12","CALGARY INTL A","3031092","2025-03-16 23:00","2025","03","16","23:00","","-6.6","","-7.6","","92","","","","18","","13","","4.0","","87.57","","","","-12","","Snow Grains,Fog"
"-114.01","51.12","CALGARY INTL A","3031092","2025-03-17 00:00","2025","03","17","00:00","","-5.9","","-7.2","","91","","","","27","","10","","4.8","","87.59","","","","-10","","Snow Grains,Fog"
"-114.01","51.12","CALGARY INTL A","3031092","2025-03-17 01:00","2025","03","17","01:00","","-6.0","","-7.1","","92","","","","26","","9","","4.0","","87.60","","","","-10","","Snow,Fog"
"-114.01","51.12","CALGARY INTL A","3031092","2025-03-17 02:00","2025","03","17","02:00","","-5.9","","-7.0","","92","","","","23","","9","","4.0","","87.62","","","","-10","","Snow Grains,Fog"
"-114.01","51.12","CALGARY INTL A","3031092","2025-03-17 03:00","2025","03","17","03:00","","-6.4","","-7.4","","93","","","","23","","9","","4.0","","87.63","","","","-11","","Snow Grains,Fog"
"-114.01","51.12","CALGARY INTL A","3031092","2025-03-17 04:00","2025","03","17","04:00","","-8.6","","-9.6","","92","","","","17","","6","","4.0","","87.68","","","","-12","","Fog"
"-114.01","51.12","CALGARY INTL A","3031092","2025-03-17 05:00","2025","03","17","05:00","","-8.1","","-9.2","","92","","","","21","","6","","4.8","","87.69","","","","-11","","Fog"
"-114.01","51.12","CALGARY INTL A","3031092","2025-03-17 06:00","2025","03","17","06:00","","-9.7","","-11.1","","90","","","","19","","15","","11.3","","87.72","","","","-16","","NA"
"-114.01","51.12","CALGARY INTL A","3031092","2025-03-17 07:00","2025","03","17","07:00","","-10.2","","-11.8","","88","","","","19","","14","","64.4","","87.74","","","","-17","","NA"
"-114.01","51.12","CALGARY INTL A","3031092","2025-03-17 08:00","2025","03","17","08:00","","-7.8","","-9.8","","86","","","","19","","12","","64.4","","87.75","","","","-13","","Mainly Clear"
"-114.01","51.12","CALGARY INTL A","3031092","2025-03-17 09:00","2025","03","17","09:00","","-3.8","","-7.3","","77","","","","17","","10","","64.4","","87.78","","","","-8","","NA"
"-114.01","51.12","CALGARY INTL A","3031092","2025-03-17 10:00","2025","03","17","10:00","","0.2","","-7.2","","58","","","","23","","16","","64.4","","87.82","","","","","","NA"
"-114.01","51.12","CALGARY INTL A","3031092","2025-03-17 11:00","2025","03","17","11:00","","3.7","","-7.8","","43","","","","9","","4","","64.4","","87.83","","","","","","Mainly Clear"
"-114.01","51.12","CALGARY INTL A","3031092","2025-03-17 12:00","2025","03","17","12:00","","5.0","","-11.9","","28","","","","28","","14","","64.4","","87.85","","","","","","NA"
"-114.01","51.12","CALGARY INTL A","3031092","2025-03-17 13:00","2025","03","17","13:00","","5.3","","-14.6","","22","","","","","","0","","64.4","","87.85","","","","","","NA"
"-114.01","51.12","CALGARY INTL A","3031092","2025-03-17 14:00","2025","03","17","14:00","","5.0","","-13.2","","26","","","","28","","9","","64.4","","87.84","","","","","","Mostly Cloudy"
"-114.01","51.12","CALGARY INTL A","3031092","2025-03-17 15:00","2025","03","17","15:00","","5.3","","-12.3","","27","","","","29","","17","","64.4","","87.85","","","","","","NA"
"-114.01","51.12","CALGARY INTL A","3031092","2025-03-17 16:00","2025","03","17","16:00","","5.0","","-13.9","","24","","","","29","","9","","56.3","","87.86","","","","","","NA"
"-114.01","51.12","CALGARY INTL A","3031092","2025-03-17 17:00","2025","03","17","17:00","","3.0","","-7.7","","45","","","","20","","21","","64.4","","87.89","","","","","","Mostly Cloudy"
"-114.01","51.12","CALGARY INTL A","3031092","2025-03-17 18:00","2025","03","17","18:00","","3.4","","-7.7","","44","","","","19","","12","","64.4","","87.91","","","","","","NA"
"-114.01","51.12","CALGARY INTL A","3031092","2025-03-17 19:00","2025","03","17","19:00","","0.7","","-8.8","","49","","","","19","","14","","32.2","","87.95","","","","","","NA"
"-114.01","51.12","CALGARY INTL A","3031092","2025-03-17 20:00","2025","03","17","20:00","","1.5","","-10.2","","41","","","","","","0","","24.1","","88.03","","","","","","Mainly Clear"
"-114.01","51.12","CALGARY INTL A","3031092","2025-03-17 21:00","2025","03","17","21:00","","-0.2","","-11.3","","43","","","","27","","6","","24.1","","88.06","","","","-2","","NA"
"-114.01","51.12","CALGARY INTL A","3031092","2025-03-17 22:00","2025","03","17","22:00","","-1.1","","-11.3","","46","","","","34","","7","","24.1","","88.10","","","","-4","","NA"
"-114.01","51.12","CALGARY INTL A","3031092","2025-03-17 23:00","2025","03","17","23:00","","-2.3","","-10.6","","53","","","","36","","8","","24.1","","88.13","","","","-5","","Clear"
"-114.01","51.12","CALGARY INTL A","3031092","2025-03-18 00:00","2025","03","18","00:00","","-3.5","","-9.4","","64","","","","36","","20","","24.1","","88.21","","","","-10","","NA"
"-114.01","51.12","CALGARY INTL A","3031092","2025-03-18 01:00","2025","03","18","01:00","","-4.7","","-7.7","","80","","","","34","","21","","12.9","","88.31","","","","-11","","NA"
"-114.01","51.12","CALGARY INTL A","3031092","2025-03-18 02:00","2025","03","18","02:00","","-3.8","","-6.1","","84","","","","35","","26","","11.3","","88.39","","","","-11","","Cloudy"
"-114.01","51.12","CALGARY INTL A","3031092","2025-03-18 03:00","2025","03","18","03:00","","-3.9","","-6.0","","85","","","","36","","23","","9.7","","88.44","","","","-11","","Fog"
"-114.01","51.12","CALGARY INTL A","3031092","2025-03-18 04:00","2025","03","18","04:00","","-4.0","","-5.7","","88","","","","1","","15","","6.4","","88.51","","","","-9","","Fog"
"-114.01","51.12","CALGARY INTL A","3031092","2025-03-18 05:00","2025","03","18","05:00","","-3.9","","-5.1","","91","","","","1","","25","","4.8","","88.60","","","","-11","","Fog"
"-114.01","51.12","CALGARY INTL A","3031092","2025-03-18 06:00","2025","03","18","06:00","","-3.7","","-5.6","","86","","","","35","","17","","8.1","","88.70","","","","-9","","Fog"
"-114.01","51.12","CALGARY INTL A","3031092","2025-03-18 07:00","2025","03","18","07:00","","-3.8","","-6.1","","84","","","","1","","16","","14.5","","88.79","","","","-9","","NA"
"-114.01","51.12","CALGARY INTL A","3031092","2025-03-18 08:00","2025","03","18","08:00","","-4.0","","-6.7","","82","","","","1","","18","","16.1","","88.87","","","","-10","","Snow"
"-114.01","51.12","CALGARY INTL A","3031092","2025-03-18 09:00","2025","03","18","09:00","","-3.6","","-6.9","","78","","","","35","","15","","16.1","","88.97","","","","-9","","Snow"
"-114.01","51.12","CALGARY INTL A","3031092","2025-03-18 10:00","2025","03","18","10:00","","-2.9","","-7.6","","70","","","","2","","8","","11.3","","89.03","","","","-6","","Snow"
"-114.01","51.12","CALGARY INTL A","3031092","2025-03-18 11:00","2025","03","18","11:00","","-2.3","","-7.0","","70","","","","3","","3","","9.7","","89.08","","","","-3","","Snow"
"-114.01","51.12","CALGARY INTL A","3031092","2025-03-18 12:00","2025","03","18","12:00","","-1.7","","-9.3","","56","","","","10","","8","","24.1","","89.10","","","","-5","","Snow Showers"
"-114.01","51.12","CALGARY INTL A","3031092","2025-03-18 13:00","2025","03","18","13:00","","0.3","","-9.5","","48","","","","10","","5","","24.1","","89.10","","","","","","NA"
"-114.01","51.12","CALGARY INTL A","3031092","2025-03-18 14:00","2025","03","18","14:00","","1.6","","-9.0","","45","","","","20","","8","","32.2","","89.08","","","","","","Mainly Clear"
"-114.01","51.12","CALGARY INTL A","3031092","2025-03-18 15:00","2025","03","18","15:00","","1.7","","-9.5","","43","","","","16","","11","","32.2","","89.07","","","","","","NA"
"-114.01","51.12","CALGARY INTL A","3031092","2025-03-18 16:00","2025","03","18","16:00","","2.1","","-8.8","","44","","","","17","","22","","32.2","","89.04","","","","","","NA"
"-114.01","51.12","CALGARY INTL A","3031092","2025-03-18 17:00","2025","03","18","17:00","","1.9","","-8.6","","46","","","","18","","18","","24.1","","89.04","","","","","","Clear"
"-114.01","51.12","CALGARY INTL A","3031092","2025-03-18 18:00","2025","03","18","18:00","","0.4","","-7.7","","55","","","","18","","21","","24.1","","89.07","","","","","","NA"
"-114.01","51.12","CALGARY INTL A","3031092","2025-03-18 19:00","2025","03","18","19:00","","-1.2","","-6.9","","65","","","","19","","18","","32.2","","89.12","","","","-6","","NA"
"-114.01","51.12","CALGARY INTL A","3031092","2025-03-18 20:00","2025","03","18","20:00","","-2.4","","-6.6","","73","","","","18","","13","","24.1","","89.19","","","","-7","","Mainly Clear"
"-114.01","51.12","CALGARY INTL A","3031092","2025-03-18 21:00","2025","03","18","21:00","","-2.8","","-6.1","","78","","","","20","","13","","24.1","","89.24","","","","-7","","NA"
"-114.01","51.12","CALGARY INTL A","3031092","2025-03-18 22:00","2025","03","18","22:00","","-2.7","","-6.2","","77","","","","21","","8","","24.1","","89.27","","","","-6","","NA"
"-114.01","51.12","CALGARY INTL A","3031092","2025-03-18 23:00","2025","03","18","23:00","","-3.2","","-6.9","","76","","","","18","","8","","24.1","","89.28","","","","-6","","Mainly Clear"
"-114.01","51.12","CALGARY INTL A","3031092","2025-03-19 00:00","2025","03","19","00:00","","-3.6","","-8.9","","67","","","","16","","6","","24.1","","89.30","","","","-6","","NA"
"-114.01","51.12","CALGARY INTL A","3031092","2025-03-19 01:00","2025","03","19","01:00","","-2.3","","-13.2","","43","","","","5","","4","","24.1","","89.34","","","","-4","","NA"
"-114.01","51.12","CALGARY INTL A","3031092","2025-03-19 02:00","2025","03","19","02:00","","-1.5","","-14.9","","36","","","","35","","3","","24.1","","89.39","","","","-3","","Clear"
"-114.01","51.12","CALGARY INTL A","3031092","2025-03-19 03:00","2025","03","19","03:00","","-0.6","","-15.7","","31","","","","30","","24","","24.1","","89.38","","","","-7","","NA"
"-114.01","51.12","CALGARY INTL A","3031092","2025-03-19 04:00","2025","03","19","04:00","","-3.2","","-15.3","","39","","","","35","","9","","24.1","","89.38","","","","-7","","NA"
"-114.01","51.12","CALGARY INTL A","3031092","2025-03-19 05:00","2025","03","19","05:00","","-2.5","","-15.3","","37","","","","32","","4","","24.1","","89.34","","","","-4","","Clear"
"-114.01","51.12","CALGARY INTL A","3031092","2025-03-19 06:00","2025","03","19","06:00","","-1.0","","-15.7","","32","","","","27","","14","","24.1","","89.34","","","","-5","","NA"
"-114.01","51.12","CALGARY INTL A","3031092","2025-03-19 07:00","2025","03","19","07:00","","-4.5","","-13.6","","49","","","","18","","12","","64.4","","89.34","","","","-9","","NA"
"-114.01","51.12","CALGARY INTL A","3031092","2025-03-19 08:00","2025","03","19","08:00","","-1.8","","-13.9","","39","","","","22","","13","","64.4","","89.32","","","","-6","","Mostly Cloudy"
"-114.01","51.12","CALGARY INTL A","3031092","2025-03-19 09:00","2025","03","19","09:00","","0.1","","-13.7","","35","","","","22","","13","","64.4","","89.25","","","","","","NA"
"-114.01","51.12","CALGARY INTL A","3031092","2025-03-19 10:00","2025","03","19","10:00","","3.3","","-13.8","","27","","","","19","","7","","64.4","","89.21","","","","","","NA"
"-114.01","51.12","CALGARY INTL A","3031092","2025-03-19 11:00","2025","03","19","11:00","","4.5","","-15.2","","23","","","","18","","17","","64.4","","89.13","","","","","","Mainly Clear"
"-114.01","51.12","CALGARY INTL A","3031092","2025-03-19 12:00","2025","03","19","12:00","","5.1","","-14.0","","24","","","","17","","18","","64.4","","89.04","","","","","","NA"
"-114.01","51.12","CALGARY INTL A","3031092","2025-03-19 13:00","2025","03","19","13:00","","6.8","","-14.2","","21","","","","17","","13","","64.4","","88.93","","","","","","NA"
"-114.01","51.12","CALGARY INTL A","3031092","2025-03-19 14:00","2025","03","19","14:00","","7.8","","-13.7","","20","","","","18","","11","","64.4","","88.83","","","","","","Mostly Cloudy"
"-114.01","51.12","CALGARY INTL A","3031092","2025-03-19 15:00","2025","03","19","15:00","","7.0","","-12.3","","24","","","","29","","25","","64.4","","88.78","","","","","","NA"
"-114.01","51.12","CALGARY INTL A","3031092","2025-03-19 16:00","2025","03","19","16:00","","6.1","","-12.5","","25","","","","28","","15","","64.4","","88.69","","","","","","NA"
"-114.01","51.12","CALGARY INTL A","3031092","2025-03-19 17:00","2025","03","19","17:00","","5.6","","-12.3","","26","","","","22","","5","","64.4","","88.62","","","","","","Cloudy"
"-114.01","51.12","CALGARY INTL A","3031092","2025-03-19 18:00","2025","03","19","18:00","","5.6","","-11.9","","27","","","","25","","3","","64.4","","88.56","","","","","","NA"
"-114.01","51.12","CALGARY INTL A","3031092","2025-03-19 19:00","2025","03","19","19:00","","2.5","","-9.5","","41","","","","","","0","","32.2","","88.47","","","","","","NA"
"-114.01","51.12","CALGARY INTL A","3031092","2025-03-19 20:00","2025","03","19","20:00","","4.3","","-11.7","","30","","","","","","0","","24.1","","88.39","","","","","","Mostly Cloudy"
"-114.01","51.12","CALGARY INTL A","3031092","2025-03-19 21:00","2025","03","19","21:00","","3.9","","-10.4","","35","","","","29","","19","","24.1","","88.31","","","","","","NA"
"-114.01","51.12","CALGARY INTL A","3031092","2025-03-19 22:00","2025","03","19","22:00","","3.6","","-10.3","","36","","","","23","","7","","24.1","","88.22","","","","","","NA"
"-114.01","51.12","CALGARY INTL A","3031092","2025-03-19 23:00","2025","03","19","23:00","","2.8","","-9.8","","39","","","","","","0","","24.1","","88.16","","","","","","Mostly Cloudy"
"-114.01","51.12","CALGARY INTL A","3031092","2025-03-20 00:00","2025","03","20","00:00","","2.2","","-10.1","","40","","","","18","","7","","24.1","","88.10","","","","","","NA"
"-114.01","51.12","CALGARY INTL A","3031092","2025-03-20 01:00","2025","03","20","01:00","","0.9","","-9.6","","45","","","","23","","4","","24.1","","88.03","","","","","","NA"
"-114.01","51.12","CALGARY INTL A","3031092","2025-03-20 02:00","2025","03","20","02:00","","-0.3","","-9.6","","50","","","","19","","4","","24.1","","87.97","","","","-2","","Mainly Clear"
"-114.01","51.12","CALGARY INTL A","3031092","2025-03-20 03:00","2025","03","20","03:00","","-1.6","","-8.9","","58","","","","30","","4","","24.1","","87.90","","","","-3","","NA"
"-114.01","51.12","CALGARY INTL A","3031092","2025-03-20 04:00","2025","03","20","04:00","","-0.6","","-8.6","","55","","","","19","","4","","24.1","","87.85","","","","-2","","NA"
"-114.01","51.12","CALGARY INTL A","3031092","2025-03-20 05:00","2025","03","20","05:00","","-2.4","","-8.4","","64","","","","6","","3","","24.1","","87.79","","","","-4","","Mostly Cloudy"
"-114.01","51.12","CALGARY INTL A","3031092","2025-03-20 06:00","2025","03","20","06:00","","-0.8","","-8.3","","57","","","","","","0","","24.1","","87.79","","","","","","NA"
"-114.01","51.12","CALGARY INTL A","3031092","2025-03-20 07:00","2025","03","20","07:00","","-1.0","","-8.1","","59","","","","1","","5","","48.3","","87.76","","","","-3","","NA"
"-114.01","51.12","CALGARY INTL A","3031092","2025-03-20 08:00","2025","03","20","08:00","","1.1","","-6.4","","57","","","","","","0","","48.3","","87.78","","","","","","Cloudy"
"-114.01","51.12","CALGARY INTL A","3031092","2025-03-20 09:00","2025","03","20","09:00","","3.0","","-6.9","","48","","","","","","0","","48.3","","87.79","","","","","","NA"
"-114.01","51.12","CALGARY INTL A","3031092","2025-03-20 10:00","2025","03","20","10:00","","5.8","","-9.5","","32","","","","30","","27","","48.3","","87.81","","","","","","NA"
"-114.01","51.12","CALGARY INTL A","3031092","2025-03-20 11:00","2025","03","20","11:00","","7.0","","-9.7","","29","","","","31","","27","","48.3","","87.80","","","","","","Cloudy"
"-114.01","51.12","CALGARY INTL A","3031092","2025-03-20 12:00","2025","03","20","12:00","","7.2","","-10.6","","27","","","","29","","30","","48.3","","87.80","","","","","","NA"
"-114.01","51.12","CALGARY INTL A","3031092","2025-03-20 13:00","2025","03","20","13:00","","8.0","","-10.9","","25","","","","27","","25","","48.3","","87.79","","","","","","NA"
"-114.01","51.12","CALGARY INTL A","3031092","2025-03-20 14:00","2025","03","20","14:00","","9.2","","-11.6","","22","","","","28","","26","","48.3","","87.78","","","","","","Mostly Cloudy"
"-114.01","51.12","CALGARY INTL A","3031092","2025-03-20 15:00","2025","03","20","15:00","","8.6","","-11.5","","23","","","","28","","26","","48.3","","87.79","","","","","","NA"
"-114.01","51.12","CALGARY INTL A","3031092","2025-03-20 16:00","2025","03","20","16:00","","9.0","","-13.1","","20","","","","28","","35","","48.3","","87.83","","","","","","NA"
"-114.01","51.12","CALGARY INTL A","3031092","2025-03-20 17:00","2025","03","20","17:00","","8.6","","-12.4","","21","","","","28","","28","","48.3","","87.85","","","","","","Mostly Cloudy"
"-114.01","51.12","CALGARY INTL A","3031092","2025-03-20 18:00","2025","03","20","18:00","","7.2","","-10.6","","27","","","","29","","32","","32.2","","87.93","","","","","","NA"
"-114.01","51.12","CALGARY INTL A","3031092","2025-03-20 19:00","2025","03","20","19:00","","3.9","","-9.1","","38","","","","30","","14","","32.2","","87.99","","","","","","NA"
"-114.01","51.12","CALGARY INTL A","3031092","2025-03-20 20:00","2025","03","20","20:00","","2.5","","-9.3","","41","","","","32","","9","","24.1","","88.01","","","","","","Clear"
"-114.01","51.12","CALGARY INTL A","3031092","2025-03-20 21:00","2025","03","20","21:00","","1.7","","-10.5","","40","","","","31","","7","","24.1","","88.04","","","","","","NA"
"-114.01","51.12","CALGARY INTL A","3031092","2025-03-20 22:00","2025","03","20","22:00","","2.6","","-11.7","","34","","","","28","","12","","24.1","","88.04","","","","","","NA"
"-114.01","51.12","CALGARY INTL A","3031092","2025-03-20 23:00","2025","03","20","23:00","","2.0","","-12.4","","34","","","","27","","5","","24.1","","88.04","","","","","","Clear"
"-114.01","51.12","CALGARY INTL A","3031092","2025-03-21 00:00","2025","03","21","00:00","","0.0","","-11.7","","41","","","","26","","7","","24.1","","88.04","","","","-2","","NA"
"-114.01","51.12","CALGARY INTL A","3031092","2025-03-21 01:00","2025","03","21","01:00","","-2.0","","-12.0","","47","","","","7","","5","","24.1","","88.01","","","","-4","","NA"
"-114.01","51.12","CALGARY INTL A","3031092","2025-03-21 02:00","2025","03","21","02:00","","-0.6","","-12.4","","41","","","","14","","4","","24.1","","88.01","","","","-2","","Mainly Clear"
"-114.01","51.12","CALGARY INTL A","3031092","2025-03-21 03:00","2025","03","21","03:00","","-2.6","","-12.0","","49","","","","18","","4","","24.1","","87.95","","","","-4","","NA"
"-114.01","51.12","CALGARY INTL A","3031092","2025-03-21 04:00","2025","03","21","04:00","","-2.8","","-11.0","","53","","","","17","","5","","24.1","","87.90","","","","-5","","NA"
"-114.01","51.12","CALGARY INTL A","3031092","2025-03-21 05:00","2025","03","21","05:00","","-2.8","","-10.3","","56","","","","20","","13","","24.1","","87.88","","","","-7","","Mostly Cloudy"
"-114.01","51.12","CALGARY INTL A","3031092","2025-03-21 06:00","2025","03","21","06:00","","-1.1","","-10.2","","50","","","","22","","7","","24.1","","87.82","","","","-4","","NA"
"-114.01","51.12","CALGARY INTL A","3031092","2025-03-21 07:00","2025","03","21","07:00","","0.1","","-10.8","","44","","","","20","","8","","64.4","","87.78","","","","","","NA"
"-114.01","51.12","CALGARY INTL A","3031092","2025-03-21 08:00","2025","03","21","08:00","","-0.8","","-8.7","","55","","","","19","","10","","64.4","","87.74","","","","-4","","Mostly Cloudy"
"-114.01","51.12","CALGARY INTL A","3031092","2025-03-21 09:00","2025","03","21","09:00","","0.9","","-9.5","","46","","","","17","","4","","64.4","","87.69","","","","","","NA"
"-114.01","51.12","CALGARY INTL A","3031092","2025-03-21 10:00","2025","03","21","10:00","","5.0","","-8.5","","37","","","","21","","10","","64.4","","87.67","","","","","","NA"
"-114.01","51.12","CALGARY INTL A","3031092","2025-03-21 11:00","2025","03","21","11:00","","8.4","","-9.1","","28","","","","19","","9","","64.4","","87.62","","","","","","Mainly Clear"
"-114.01","51.12","CALGARY INTL A","3031092","2025-03-21 12:00","2025","03","21","12:00","","9.8","","-10.6","","23","","","","1","","8","","24.1","","87.58","","","","","","NA"
"-114.01","51.12","CALGARY INTL A","3031092","2025-03-21 13:00","2025","03","21","13:00","","6.5","","-12.8","","24","","","","28","","31","","48.3","","87.65","","","","","","NA"
"-114.01","51.12","CALGARY INTL A","3031092","2025-03-21 14:00","2025","03","21","14:00","","7.6","","-13.2","","21","","","","27","","21","","64.4","","87.61","","","","","","Mostly Cloudy"
"-114.01","51.12","CALGARY INTL A","3031092","2025-03-21 15:00","2025","03","21","15:00","","7.7","","-15.2","","18","","","","29","","28","","48.3","","87.55","","","","","","NA"
"-114.01","51.12","CALGARY INTL A","3031092","2025-03-21 16:00","2025","03","21","16:00","","8.8","","-17.2","","14","","","","27","","30","","48.3","","87.52","","","","","","NA"
"-114.01","51.12","CALGARY INTL A","3031092","2025-03-21 17:00","2025","03","21","17:00","","8.2","","-16.4","","16","","","","28","","32","","32.2","","87.55","","","","","","Mainly Clear"
"-114.01","51.12","CALGARY INTL A","3031092","2025-03-21 18:00","2025","03","21","18:00","","7.0","","-16.0","","18","","","","29","","34","","32.2","","87.57","","","","","","NA"
"-114.01","51.12","CALGARY INTL A","3031092","2025-03-21 19:00","2025","03","21","19:00","","5.2","","-14.4","","23","","","","28","","25","","32.2","","87.62","","","","","","NA"
"-114.01","51.12","CALGARY INTL A","3031092","2025-03-21 20:00","2025","03","21","20:00","","3.7","","-12.9","","29","","","","29","","26","","24.1","","87.63","","","","","","Mainly Clear"
"-114.01","51.12","CALGARY INTL A","3031092","2025-03-21 21:00","2025","03","21","21:00","","3.1","","-12.0","","32","","","","27","","18","","24.1","","87.58","","","","","","NA"
"-114.01","51.12","CALGARY INTL A","3031092","2025-03-21 22:00","2025","03","21","22:00","","2.5","","-11.8","","34","","","","29","","26","","24.1","","87.60","","","","","","NA"
"-114.01","51.12","CALGARY INTL A","3031092","2025-03-21 23:00","2025","03","21","23:00","","-0.7","","-11.4","","45","","","","3","","12","","24.1","","87.61","","","","-5","","Clear"
"-114.01","51.12","CALGARY INTL A","3031092","2025-03-22 00:00","2025","03","22","00:00","","-2.5","","-10.2","","55","","","","2","","5","","24.1","","87.60","","","","-4","","NA"
"-114.01","51.12","CALGARY INTL A","3031092","2025-03-22 01:00","2025","03","22","01:00","","-2.3","","-10.3","","55","","","","32","","8","","24.1","","87.63","","","","-5","","NA"
"-114.01","51.12","CALGARY INTL A","3031092","2025-03-22 02:00","2025","03","22","02:00","","-3.5","","-10.5","","59","","","","35","","5","","24.1","","87.62","","","","-6","","Mostly Cloudy"
"-114.01","51.12","CALGARY INTL A","3031092","2025-03-22 03:00","2025","03","22","03:00","","-2.1","","-10.5","","53","","","","","","0","","24.1","","87.61","","","","","","NA"
"-114.01","51.12","CALGARY INTL A","3031092","2025-03-22 04:00","2025","03","22","04:00","","-3.3","","-10.4","","58","","","","4","","9","","24.1","","87.65","","","","-7","","NA"
"-114.01","51.12","CALGARY INTL A","3031092","2025-03-22 05:00","2025","03","22","05:00","","-3.4","","-10.5","","58","","","","28","","8","","24.1","","87.73","","","","-7","","Mainly Clear"
"-114.01","51.12","CALGARY INTL A","3031092","2025-03-22 06:00","2025","03","22","06:00","","-4.2","","-10.8","","60","","","","22","","4","","32.2","","87.79","","","","-6","","NA"
"-114.01","51.12","CALGARY INTL A","3031092","2025-03-22 07:00","2025","03","22","07:00","","-5.2","","-10.6","","66","","","","34","","5","","64.4","","87.89","","","","-7","","NA"
"-114.01","51.12","CALGARY INTL A","3031092","2025-03-22 08:00","2025","03","22","08:00","","-2.0","","-9.1","","59","","","","35","","4","","64.4","","87.97","","","","-3","","Mainly Clear"
"-114.01","51.12","CALGARY INTL A","3031092","2025-03-22 09:00","2025","03","22","09:00","","2.4","","-10.3","","39","","","","33","","17","","64.4","","88.04","","","","","","NA"
"-114.01","51.12","CALGARY INTL A","3031092","2025-03-22 10:00","2025","03","22","10:00","","4.3","","-10.2","","34","","","","35","","21","","64.4","","88.09","","","","","","NA"
"-114.01","51.12","CALGARY INTL A","3031092","2025-03-22 11:00","2025","03","22","11:00","","5.0","","-11.0","","31","","","","34","","23","","64.4","","88.11","","","","","","Mostly Cloudy"
"-114.01","51.12","CALGARY INTL A","3031092","2025-03-22 12:00","2025","03","22","12:00","","5.3","","-11.7","","28","","","","33","","13","","64.4","","88.14","","","","","","NA"
"-114.01","51.12","CALGARY INTL A","3031092","2025-03-22 13:00","2025","03","22","13:00","","5.8","","-11.1","","29","","","","2","","12","","64.4","","88.14","","","","","","NA"
"-114.01","51.12","CALGARY INTL A","3031092","2025-03-22 14:00","2025","03","22","14:00","","5.8","","-10.9","","29","","","","3","","17","","64.4","","88.14","","","","","","Mostly Cloudy"
"-114.01","51.12","CALGARY INTL A","3031092","2025-03-22 15:00","2025","03","22","15:00","","5.5","","-10.7","","30","","","","35","","14","","64.4","","88.21","","","","","","NA"
"-114.01","51.12","CALGARY INTL A","3031092","2025-03-22 16:00","2025","03","22","16:00","","6.8","","-10.1","","29","","","","9","","11","","56.3","","88.21","","","","","","NA"
"-114.01","51.12","CALGARY INTL A","3031092","2025-03-22 17:00","2025","03","22","17:00","","4.6","","-9.2","","36","","","","6","","12","","48.3","","88.26","","","","","","Mostly Cloudy"
"-114.01","51.12","CALGARY INTL A","3031092","2025-03-22 18:00","2025","03","22","18:00","","6.2","","-11.7","","27","","","","35","","9","","32.2","","88.31","","","","","","NA"
"-114.01","51.12","CALGARY INTL A","3031092","2025-03-22 19:00","2025","03","22","19:00","","3.5","","-11.7","","32","","","","30","","18","","24.1","","88.39","","","","","","NA"
"-114.01","51.12","CALGARY INTL A","3031092","2025-03-22 20:00","2025","03","22","20:00","","2.2","","-11.1","","37","","","","32","","12","","24.1","","88.50","","","","","","Mostly Cloudy"
"-114.01","51.12","CALGARY INTL A","3031092","2025-03-22 21:00","2025","03","22","21:00","","1.0","","-10.7","","41","","","","33","","4","","24.1","","88.54","","","","","","NA"
"-114.01","51.12","CALGARY INTL A","3031092","2025-03-22 22:00","2025","03","22","22:00","","0.3","","-10.8","","43","","","","30","","15","","24.1","","88.57","","","","","","NA"
"-114.01","51.12","CALGARY INTL A","3031092","2025-03-22 23:00","2025","03","22","23:00","","0.4","","-10.8","","43","","","","27","","9","","24.1","","88.60","","","","","","Mainly Clear"
"-114.01","51.12","CALGARY INTL A","3031092","2025-03-23 00:00","2025","03","23","00:00","","0.8","","-11.2","","40","","","","29","","13","","24.1","","88.62","","","","","","NA"
"-114.01","51.12","CALGARY INTL A","3031092","2025-03-23 01:00","2025","03","23","01:00","","1.2","","-11.7","","38","","","","27","","16","","24.1","","88.61","","","","","","NA"
"-114.01","51.12","CALGARY INTL A","3031092","2025-03-23 02:00","2025","03","23","02:00","","0.8","","-11.6","","39","","","","26","","7","","24.1","","88.61","","","","","","Clear"
"-114.01","51.12","CALGARY INTL A","3031092","2025-03-23 03:00","2025","03","23","03:00","","0.5","","-11.6","","40","","","","28","","12","","24.1","","88.64","","","","","","NA"
"-114.01","51.12","CALGARY INTL A","3031092","2025-03-23 04:00","2025","03","23","04:00","","-0.7","","-10.9","","46","","","","23","","12","","24.1","","88.63","","","","-5","","NA"
"-114.01","51.12","CALGARY INTL A","3031092","2025-03-23 05:00","2025","03","23","05:00","","-1.9","","-10.6","","52","","","","23","","8","","24.1","","88.59","","","","-5","","Mainly Clear"
"-114.01","51.12","CALGARY INTL A","3031092","2025-03-23 06:00","2025","03","23","06:00","","-2.0","","-10.8","","51","","","","22","","9","","24.1","","88.53","","","","-5","","NA"
"-114.01","51.12","CALGARY INTL A","3031092","2025-03-23 07:00","2025","03","23","07:00","","-2.4","","-10.4","","54","","","","21","","10","","64.4","","88.48","","","","-6","","NA"
"-114.01","51.12","CALGARY INTL A","3031092","2025-03-23 08:00","2025","03","23","08:00","","-0.5","","-10.5","","47","","","","20","","7","","64.4","","88.48","","","","-3","","Mostly Cloudy"
"-114.01","51.12","CALGARY INTL A","3031092","2025-03-23 09:00","2025","03","23","09:00","","1.9","","-11.3","","37","","","","20","","5","","64.4","","88.42","","","","","","NA"
"-114.01","51.12","CALGARY INTL A","3031092","2025-03-23 10:00","2025","03","23","10:00","","4.8","","-12.3","","28","","","","21","","14","","64.4","","88.37","","","","","","NA"
"-114.01","51.12","CALGARY INTL A","3031092","2025-03-23 11:00","2025","03","23","11:00","","6.0","","-12.2","","26","","","","18","","17","","64.4","","88.29","","","","","","Mostly Cloudy"
"-114.01","51.12","CALGARY INTL A","3031092","2025-03-23 12:00","2025","03","23","12:00","","6.5","","-11.8","","26","","","","20","","12","","64.4","","88.26","","","","","","NA"
"-114.01","51.12","CALGARY INTL A","3031092","2025-03-23 13:00","2025","03","23","13:00","","8.6","","-11.3","","23","","","","18","","12","","64.4","","88.18","","","","","","NA"
"-114.01","51.12","CALGARY INTL A","3031092","2025-03-23 14:00","2025","03","23","14:00","","8.6","","-11.0","","24","","","","20","","20","","64.4","","88.07","","","","","","Mostly Cloudy"
"-114.01","51.12","CALGARY INTL A","3031092","2025-03-23 15:00","2025","03","23","15:00","","8.4","","-10.7","","25","","","","20","","13","","64.4","","88.03","","","","","","NA"
"-114.01","51.12","CALGARY INTL A","3031092","2025-03-23 16:00","2025","03","23","16:00","","8.2","","-10.4","","26","","","","23","","12","","64.4","","87.97","","","","","","NA"
"-114.01","51.12","CALGARY INTL A","3031092","2025-03-23 17:00","2025","03","23","17:00","","7.8","","-9.5","","28","","","","29","","12","","64.4","","87.94","","","","","","Cloudy"
"-114.01","51.12","CALGARY INTL A","3031092","2025-03-23 18:00","2025","03","23","18:00","","7.0","","-9.6","","30","","","","17","","10","","64.4","","87.87","","","","","","NA"
"-114.01","51.12","CALGARY INTL A","3031092","2025-03-23 19:00","2025","03","23","19:00","","4.7","","-8.8","","37","","","","17","","11","","32.2","","87.84","","","","","","NA"
"-114.01","51.12","CALGARY INTL A","3031092","2025-03-23 20:00","2025","03","23","20:00","","4.4","","-8.5","","38","","","","11","","4","","24.1","","87.79","","","","","","Mostly Cloudy"
"-114.01","51.12","CALGARY INTL A","3031092","2025-03-23 21:00","2025","03","23","21:00","","5.3","","-8.7","","36","","","","28","","3","","24.1","","87.81","","","","","","NA"
"-114.01","51.12","CALGARY INTL A","3031092","2025-03-23 22:00","2025","03","23","22:00","","3.7","","-8.3","","41","","","","36","","3","","24.1","","87.82","","","","","","NA"
"-114.01","51.12","CALGARY INTL A","3031092","2025-03-23 23:00","2025","03","23","23:00","","3.2","","-6.8","","48","","","","8","","8","","24.1","","87.87","","","","","","Mostly Cloudy"
"-114.01","51.12","CALGARY INTL A","3031092","2025-03-24 00:00","2025","03","24","00:00","","2.4","","-6.5","","52","","","","","","0","","24.1","","87.90","","","","","","NA"
"-114.01","51.12","CALGARY INTL A","3031092","2025-03-24 01:00","2025","03","24","01:00","","1.7","","-5.9","","57","","","","","","0","","24.1","","87.90","","","","","","NA"
"-114.01","51.12","CALGARY INTL A","3031092","2025-03-24 02:00","2025","03","24","02:00","","-1.8","","-6.5","","70","","","","5","","4","","24.1","","87.95","","","","-3","","Mostly Cloudy"
"-114.01","51.12","CALGARY INTL A","3031092","2025-03-24 03:00","2025","03","24","03:00","","-0.8","","-6.1","","67","","","","","","0","","24.1","","88.00","","","","","","NA"
"-114.01","51.12","CALGARY INTL A","3031092","2025-03-24 04:00","2025","03","24","04:00","","-0.4","","-6.4","","64","","","","33","","3","","24.1","","88.08","","","","-1","","NA"
"-114.01","51.12","CALGARY INTL A","3031092","2025-03-24 05:00","2025","03","24","05:00","","-2.2","","-6.0","","76","","","","3","","7","","24.1","","88.17","","","","-5","","Cloudy"
"-114.01","51.12","CALGARY INTL A","3031092","2025-03-24 06:00","2025","03","24","06:00","","-1.0","","-5.7","","71","","","","36","","11","","24.1","","88.27","","","","-5","","NA"
"-114.01","51.12","CALGARY INTL A","3031092","2025-03-24 07:00","2025","03","24","07:00","","-1.0","","-5.2","","73","","","","1","","8","","56.3","","88.36","","","","-4","","NA"
"-114.01","51.12","CALGARY INTL A","3031092","2025-03-24 08:00","2025","03","24","08:00","","0.7","","-4.8","","67","","","","2","","7","","64.4","","88.44","","","","","","Mostly Cloudy"
"-114.01","51.12","CALGARY INTL A","3031092","2025-03-24 09:00","2025","03","24","09:00","","4.6","","-4.5","","52","","","","36","","8","","56.3","","88.53","","","","","","NA"
"-114.01","51.12","CALGARY INTL A","3031092","2025-03-24 10:00","2025","03","24","10:00","","6.3","","-3.7","","49","","","","10","","9","","48.3","","88.60","","","","","","NA"
"-114.01","51.12","CALGARY INTL A","3031092","2025-03-24 11:00","2025","03","24","11:00","","8.4","","-3.4","","43","","","","10","","9","","32.2","","88.68","","","","","","Mostly Cloudy"
"-114.01","51.12","CALGARY INTL A","3031092","2025-03-24 12:00","2025","03","24","12:00","","8.9","","-2.7","","44","","","","12","","17","","32.2","","88.73","","","","","","NA"
"-114.01","51.12","CALGARY INTL A","3031092","2025-03-24 13:00","2025","03","24","13:00","","9.0","","-3.2","","42","","","","16","","7","","40.2","","88.74","","","","","","NA"
"-114.01","51.12","CALGARY INTL A","3031092","2025-03-24 14:00","2025","03","24","14:00","","10.6","","-3.7","","36","","","","11","","11","","40.2","","88.72","","","","","","Mostly Cloudy"
"-114.01","51.12","CALGARY INTL A","3031092","2025-03-24 15:00","2025","03","24","15:00","","11.1","","-3.5","","36","","","","13","","11","","48.3","","88.72","","","","","","NA"
"-114.01","51.12","CALGARY INTL A","3031092","2025-03-24 16:00","2025","03","24","16:00","","11.0","","-3.5","","36","","","","13","","14","","40.2","","88.75","","","","","","NA"
"-114.01","51.12","CALGARY INTL A","3031092","2025-03-24 17:00","2025","03","24","17:00","","11.9","","-7.6","","25","","","","27","","30","","48.3","","88.76","","","","","","Mostly Cloudy"
"-114.01","51.12","CALGARY INTL A","3031092","2025-03-24 18:00","2025","03","24","18:00","","11.5","","-7.0","","27","","","","28","","26","","48.3","","88.81","","","","","","NA"
"-114.01","51.12","CALGARY INTL A","3031092","2025-03-24 19:00","2025","03","24","19:00","","9.4","","-6.3","","32","","","","28","","27","","32.2","","88.89","","","","","","NA"
"-114.01","51.12","CALGARY INTL A","3031092","2025-03-24 20:00","2025","03","24","20:00","","7.9","","-5.9","","37","","","","28","","24","","24.1","","88.99","","","","","","Mainly Clear"
"-114.01","51.12","CALGARY INTL A","3031092","2025-03-24 21:00","2025","03","24","21:00","","5.1","","-6.6","","43","","","","1","","19","","24.1","","89.05","","","","","","NA"
"-114.01","51.12","CALGARY INTL A","3031092","2025-03-24 22:00","2025","03","24","22:00","","4.1","","-7.1","","44","","","","33","","13","","24.1","","89.14","","","","","","NA"
"-114.01","51.12","CALGARY INTL A","3031092","2025-03-24 23:00","2025","03","24","23:00","","3.1","","-7.8","","45","","","","31","","8","","24.1","","89.21","","","","","","Mainly Clear"
"-114.01","51.12","CALGARY INTL A","3031092","2025-03-25 00:00","2025","03","25","00:00","","-0.1","","-8.7","","53","","","","36","","7","","24.1","","89.27","","","","-3","","NA"
"-114.01","51.12","CALGARY INTL A","3031092","2025-03-25 01:00","2025","03","25","01:00","","-2.2","","-8.8","","61","","","","36","","9","","24.1","","89.29","","","","-6","","NA"
"-114.01","51.12","CALGARY INTL A","3031092","2025-03-25 02:00","2025","03","25","02:00","","-1.9","","-9.7","","55","","","","34","","9","","24.1","","89.35","","","","-5","","Clear"
"-114.01","51.12","CALGARY INTL A","3031092","2025-03-25 03:00","2025","03","25","03:00","","-1.5","","-10.1","","52","","","","2","","10","","24.1","","89.40","","","","-5","","NA"
"-114.01","51.12","CALGARY INTL A","3031092","2025-03-25 04:00","2025","03","25","04:00","","-2.2","","-10.2","","54","","","","35","","13","","24.1","","89.45","","","","-7","","NA"
"-114.01","51.12","CALGARY INTL A","3031092","2025-03-25 05:00","2025","03","25","05:00","","-3.5","","-10.3","","59","","","","1","","9","","24.1","","89.52","","","","-7","","Clear"
"-114.01","51.12","CALGARY INTL A","3031092","2025-03-25 06:00","2025","03","25","06:00","","-3.5","","-10.6","","58","","","","35","","9","","32.2","","89.56","","","","-7","","NA"
"-114.01","51.12","CALGARY INTL A","3031092","2025-03-25 07:00","2025","03","25","07:00","","-1.3","","-11.2","","47","","","","","","0","","64.4","","89.56","","","","","","NA"
"-114.01","51.12","CALGARY INTL A","3031092","2025-03-25 08:00","2025","03","25","08:00","","1.3","","-9.7","","44","","","","22","","5","","64.4","","89.56","","","","","","Mostly Cloudy"
"-114.01","51.12","CALGARY INTL A","3031092","2025-03-25 09:00","2025","03","25","09:00","","4.5","","-11.8","","30","","","","23","","11","","64.4","","89.54","","","","","","NA"
"-114.01","51.12","CALGARY INTL A","3031092","2025-03-25 10:00","2025","03","25","10:00","","6.5","","-10.7","","28","","","","18","","7","","64.4","","89.51","","","","","","NA"
"-114.01","51.12","CALGARY INTL A","3031092","2025-03-25 11:00","2025","03","25","11:00","","8.3","","-11.7","","23","","","","16","","9","","64.4","","89.46","","","","","","Mostly Cloudy"
"-114.01","51.12","CALGARY INTL A","3031092","2025-03-25 12:00","2025","03","25","12:00","","10.1","","-9.4","","24","","","","17","","16","","64.4","","89.42","","","","","","NA"
"-114.01","51.12","CALGARY INTL A","3031092","2025-03-25 13:00","2025","03","25","13:00","","10.3","","-8.7","","26","","","","17","","15","","64.4","","89.38","","","","","","NA"
"-114.01","51.12","CALGARY INTL A","3031092","2025-03-25 14:00","2025","03","25","14:00","","12.0","","-6.2","","27","","","","19","","14","","56.3","","89.33","","","","","","Cloudy"
"-114.01","51.12","CALGARY INTL A","3031092","2025-03-25 15:00","2025","03","25","15:00","","11.5","","-4.8","","31","","","","17","","15","","48.3","","89.26","","","","","","NA"
"-114.01","51.12","CALGARY INTL A","3031092","2025-03-25 16:00","2025","03","25","16:00","","10.8","","-4.0","","35","","","","14","","16","","48.3","","89.21","","","","","","NA"
"-114.01","51.12","CALGARY INTL A","3031092","2025-03-25 17:00","2025","03","25","17:00","","10.0","","-3.9","","37","","","","15","","17","","40.2","","89.19","","","","","","Cloudy"
"-114.01","51.12","CALGARY INTL A","3031092","2025-03-25 18:00","2025","03","25","18:00","","9.4","","-4.1","","38","","","","14","","19","","40.2","","89.16","","","","","","NA"
"-114.01","51.12","CALGARY INTL A","3031092","2025-03-25 19:00","2025","03","25","19:00","","8.1","","-3.8","","43","","","","12","","18","","24.1","","89.15","","","","","","NA"
"-114.01","51.12","CALGARY INTL A","3031092","2025-03-25 20:00","2025","03","25","20:00","","7.0","","-2.4","","51","","","","12","","16","","16.1","","89.19","","","","","","Rain"
"-114.01","51.12","CALGARY INTL A","3031092","2025-03-25 21:00","2025","03","25","21:00","","6.0","","-2.3","","55","","","","11","","13","","24.1","","89.19","","","","","","NA"
"-114.01","51.12","CALGARY INTL A","3031092","2025-03-25 22:00","2025","03","25","22:00","","4.5","","-1.1","","67","","","","5","","7","","24.1","","89.22","","","","","","NA"
"-114.01","51.12","CALGARY INTL A","3031092","2025-03-25 23:00","2025","03","25","23:00","","4.5","","-2.0","","63","","","","5","","11","","24.1","","89.18","","","","","","Mostly Cloudy"
"-114.01","51.12","CALGARY INTL A","3031092","2025-03-26 00:00","2025","03","26","00:00","","4.2","","-2.6","","61","","","","3","","3","","24.1","","89.20","","","","","","NA"
"-114.01","51.12","CALGARY INTL A","3031092","2025-03-26 01:00","2025","03","26","01:00","","3.8","","-2.3","","64","","","","","","0","","24.1","","89.22","","","","","","NA"
"-114.01","51.12","CALGARY INTL A","3031092","2025-03-26 02:00","2025","03","26","02:00","","3.5","","-1.5","","70","","","","4","","5","","24.1","","89.20","","","","","","Mostly Cloudy"
"-114.01","51.12","CALGARY INTL A","3031092","2025-03-26 03:00","2025","03","26","03:00","","3.4","","-0.3","","77","","","","4","","7","","24.1","","89.19","","","","","","NA"
"-114.01","51.12","CALGARY INTL A","3031092","2025-03-26 04:00","2025","03","26","04:00","","2.9","","-0.2","","80","","","","36","","5","","24.1","","89.20","","","","","","NA"
"-114.01","51.12","CALGARY INTL A","3031092","2025-03-26 05:00","2025","03","26","05:00","","2.7","","0.2","","83","","","","1","","6","","16.1","","89.22","","","","","","Cloudy"
"-114.01","51.12","CALGARY INTL A","3031092","2025-03-26 06:00","2025","03","26","06:00","","3.0","","0.8","","86","","","","33","","4","","24.1","","89.24","","","","","","NA"
"-114.01","51.12","CALGARY INTL A","3031092","2025-03-26 07:00","2025","03","26","07:00","","2.4","","1.4","","94","","","","8","","13","","8.1","","89.24","","","","","","Rain"
"-114.01","51.12","CALGARY INTL A","3031092","2025-03-26 08:00","2025","03","26","08:00","","2.2","","1.4","","94","","","","12","","16","","3.6","","89.23","","","","","","Fog"
"-114.01","51.12","CALGARY INTL A","3031092","2025-03-26 09:00","2025","03","26","09:00","","2.2","","1.3","","94","","","","13","","16","","8.1","","89.23","","","","","","Drizzle,Fog"
"-114.01","51.12","CALGARY INTL A","3031092","2025-03-26 10:00","2025","03","26","10:00","","2.8","","1.3","","90","","","","15","","19","","9.7","","89.19","","","","","","Fog"
"-114.01","51.12","CALGARY INTL A","3031092","2025-03-26 11:00","2025","03","26","11:00","","4.0","","2.0","","87","","","","15","","17","","14.5","","89.17","","","","","","Cloudy"
"-114.01","51.12","CALGARY INTL A","3031092","2025-03-26 12:00","2025","03","26","12:00","","5.1","","1.0","","75","","","","15","","19","","32.2","","89.10","","","","","","NA"
"-114.01","51.12","CALGARY INTL A","3031092","2025-03-26 13:00","2025","03","26","13:00","","5.4","","0.7","","71","","","","13","","21","","48.3","","89.04","","","","","","NA"
"-114.01","51.12","CALGARY INTL A","3031092","2025-03-26 14:00","2025","03","26","14:00","","7.0","","1.0","","65","","","","14","","17","","48.3","","88.98","","","","","","Cloudy"
"-114.01","51.12","CALGARY INTL A","3031092","2025-03-26 15:00","2025","03","26","15:00","","8.0","","0.1","","57","","","","15","","22","","32.2","","88.89","","","","","","NA"
"-114.01","51.12","CALGARY INTL A","3031092","2025-03-26 16:00","2025","03","26","16:00","","9.9","","-0.3","","49","","","","15","","25","","32.2","","88.83","","","","","","NA"
"-114.01","51.12","CALGARY INTL A","3031092","2025-03-26 17:00","2025","03","26","17:00","","9.0","","-0.4","","52","","","","15","","22","","32.2","","88.75","","","","","","Cloudy"
"-114.01","51.12","CALGARY INTL A","3031092","2025-03-26 18:00","2025","03","26","18:00","","8.8","","0.4","","55","","","","15","","26","","24.1","","88.71","","","","","","NA"
"-114.01","51.12","CALGARY INTL A","3031092","2025-03-26 19:00","2025","03","26","19:00","","7.9","","0.4","","59","","","","13","","18","","32.2","","88.67","","","","","","NA"
"-114.01","51.12","CALGARY INTL A","3031092","2025-03-26 20:00","2025","03","26","20:00","","7.2","","0.2","","61","","","","13","","17","","24.1","","88.63","","","","","","Mostly Cloudy"
"-114.01","51.12","CALGARY INTL A","3031092","2025-03-26 21:00","2025","03","26","21:00","","6.5","","0.5","","65","","","","12","","16","","24.1","","88.60","","","","","","NA"
"-114.01","51.12","CALGARY INTL A","3031092","2025-03-26 22:00","2025","03","26","22:00","","5.6","","0.4","","69","","","","13","","23","","24.1","","88.55","","","","","","NA"
"-114.01","51.12","CALGARY INTL A","3031092","2025-03-26 23:00","2025","03","26","23:00","","4.1","","0.5","","77","","","","13","","10","","24.1","","88.50","","","","","","Mostly Cloudy"
"-114.01","51.12","CALGARY INTL A","3031092","2025-03-27 00:00","2025","03","27","00:00","","2.4","","-0.5","","81","","","","13","","13","","24.1","","88.45","","","","","","NA"
"-114.01","51.12","CALGARY INTL A","3031092","2025-03-27 01:00","2025","03","27","01:00","","0.5","","-1.3","","88","","","","8","","4","","24.1","","88.37","","","","","","NA"
"-114.01","51.12","CALGARY INTL A","3031092","2025-03-27 02:00","2025","03","27","02:00","","-0.2","","-1.3","","92","","","","7","","4","","24.1","","88.27","","","","-1","","Clear"
"-114.01","51.12","CALGARY INTL A","3031092","2025-03-27 03:00","2025","03","27","03:00","","-1.3","","-2.3","","93","","","","3","","9","","24.1","","88.17","","","","-5","","NA"
"-114.01","51.12","CALGARY INTL A","3031092","2025-03-27 04:00","2025","03","27","04:00","","-0.6","","-1.4","","94","","","","4","","8","","16.1","","88.12","","","","-3","","NA"
"-114.01","51.12","CALGARY INTL A","3031092","2025-03-27 05:00","2025","03","27","05:00","","-0.3","","-1.2","","94","","","","3","","13","","11.3","","88.12","","","","-4","","Cloudy"
"-114.01","51.12","CALGARY INTL A","3031092","2025-03-27 06:00","2025","03","27","06:00","","0.0","","-0.8","","95","","","","3","","6","","8.1","","88.14","","","","-2","","Freezing Rain,Fog"
"-114.01","51.12","CALGARY INTL A","3031092","2025-03-27 07:00","2025","03","27","07:00","","-0.1","","-0.8","","96","","","","2","","27","","2.8","","88.03","","","","-6","","Freezing Rain,Fog"
"-114.01","51.12","CALGARY INTL A","3031092","2025-03-27 08:00","2025","03","27","08:00","","-0.3","","-0.8","","96","","","","35","","5","","4.0","","88.15","","","","-2","","Fog"
"-114.01","51.12","CALGARY INTL A","3031092","2025-03-27 09:00","2025","03","27","09:00","","-0.4","","-0.8","","97","","","","2","","14","","2.8","","88.15","","","","-5","","Fog"
"-114.01","51.12","CALGARY INTL A","3031092","2025-03-27 10:00","2025","03","27","10:00","","-0.2","","-0.5","","98","","","","35","","19","","0.2","","88.20","","","","-5","","Freezing Fog"
"-114.01","51.12","CALGARY INTL A","3031092","2025-03-27 11:00","2025","03","27","11:00","","0.5","","-0.1","","96","","","","34","","18","","6.4","","88.18","","","","","","Fog"
"-114.01","51.12","CALGARY INTL A","3031092","2025-03-27 12:00","2025","03","27","12:00","","1.4","","-0.4","","87","","","","35","","28","","14.5","","88.19","","","","","","NA"
"-114.01","51.12","CALGARY INTL A","3031092","2025-03-27 13:00","2025","03","27","13:00","","1.4","","-1.0","","84","","","","36","","29","","24.1","","88.20","","","","","","NA"
"-114.01","51.12","CALGARY INTL A","3031092","2025-03-27 14:00","2025","03","27","14:00","","1.3","","-1.4","","82","","","","1","","31","","16.1","","88.21","","","","","","Cloudy"
"-114.01","51.12","CALGARY INTL A","3031092","2025-03-27 15:00","2025","03","27","15:00","","0.7","","-2.2","","81","","","","1","","31","","16.1","","88.23","","","","","","NA"
"-114.01","51.12","CALGARY INTL A","3031092","2025-03-27 16:00","2025","03","27","16:00","","0.6","","-2.6","","79","","","","36","","28","","14.5","","88.22","","","","","","NA"
"-114.01","51.12","CALGARY INTL A","3031092","2025-03-27 17:00","2025","03","27","17:00","","-0.4","","-2.5","","86","","","","1","","27","","6.4","","88.25","","","","-7","","Cloudy"
"-114.01","51.12","CALGARY INTL A","3031092","2025-03-27 18:00","2025","03","27","18:00","","-1.5","","-2.8","","91","","","","1","","30","","4.0","","88.30","","","","-8","","Freezing Rain,Fog"
"-114.01","51.12","CALGARY INTL A","3031092","2025-03-27 19:00","2025","03","27","19:00","","-2.1","","-3.3","","92","","","","1","","29","","2.0","","88.39","","","","-9","","Snow Grains,Fog"
"-114.01","51.12","CALGARY INTL A","3031092","2025-03-27 20:00","2025","03","27","20:00","","-2.8","","-3.9","","92","","","","1","","27","","9.7","","88.42","","","","-10","","Snow,Fog"
"-114.01","51.12","CALGARY INTL A","3031092","2025-03-27 21:00","2025","03","27","21:00","","-3.7","","-5.0","","90","","","","36","","27","","12.9","","88.46","","","","-11","","Snow"
"-114.01","51.12","CALGARY INTL A","3031092","2025-03-27 22:00","2025","03","27","22:00","","-4.1","","-6.0","","87","","","","1","","23","","12.9","","88.49","","","","-11","","NA"
"-114.01","51.12","CALGARY INTL A","3031092","2025-03-27 23:00","2025","03","27","23:00","","-4.8","","-7.0","","84","","","","1","","27","","12.9","","88.54","","","","-12","","Cloudy"
"-114.01","51.12","CALGARY INTL A","3031092","2025-03-28 00:00","2025","03","28","00:00","","-4.8","","-6.8","","86","","","","36","","13","","12.9","","88.56","","","","-10","","NA"
"-114.01","51.12","CALGARY INTL A","3031092","2025-03-28 01:00","2025","03","28","01:00","","-4.8","","-6.8","","85","","","","36","","18","","16.1","","88.58","","","","-11","","NA"
"-114.01","51.12","CALGARY INTL A","3031092","2025-03-28 02:00","2025","03","28","02:00","","-4.8","","-6.7","","87","","","","35","","16","","12.9","","88.57","","","","-11","","Snow"
"-114.01","51.12","CALGARY INTL A","3031092","2025-03-28 03:00","2025","03","28","03:00","","-5.2","","-6.5","","90","","","","36","","20","","12.9","","88.54","","","","-12","","Snow"
"-114.01","51.12","CALGARY INTL A","3031092","2025-03-28 04:00","2025","03","28","04:00","","-5.2","","-6.5","","90","","","","2","","17","","6.4","","88.59","","","","-11","","Snow"
"-114.01","51.12","CALGARY INTL A","3031092","2025-03-28 05:00","2025","03","28","05:00","","-5.8","","-6.8","","93","","","","4","","13","","12.9","","88.61","","","","-11","","Snow"
"-114.01","51.12","CALGARY INTL A","3031092","2025-03-28 06:00","2025","03","28","06:00","","-5.7","","-7.1","","90","","","","3","","11","","12.9","","88.66","","","","-10","","Snow"
"-114.01","51.12","CALGARY INTL A","3031092","2025-03-28 07:00","2025","03","28","07:00","","-6.5","","-7.4","","94","","","","7","","14","","1.6","","88.71","","","","-12","","Fog"
"-114.01","51.12","CALGARY INTL A","3031092","2025-03-28 08:00","2025","03","28","08:00","","-6.9","","-7.7","","94","","","","6","","14","","4.0","","88.70","","","","-13","","Snow,Fog"
"-114.01","51.12","CALGARY INTL A","3031092","2025-03-28 09:00","2025","03","28","09:00","","-6.6","","-8.0","","90","","","","6","","13","","8.1","","88.73","","","","-12","","Fog"
"-114.01","51.12","CALGARY INTL A","3031092","2025-03-28 10:00","2025","03","28","10:00","","-6.2","","-8.0","","88","","","","8","","7","","9.7","","88.73","","","","-10","","Fog"
"-114.01","51.12","CALGARY INTL A","3031092","2025-03-28 11:00","2025","03","28","11:00","","-5.5","","-7.8","","84","","","","10","","9","","14.5","","88.72","","","","-10","","Snow"
"-114.01","51.12","CALGARY INTL A","3031092","2025-03-28 12:00","2025","03","28","12:00","","-4.5","","-7.6","","79","","","","12","","8","","14.5","","88.70","","","","-8","","NA"
"-114.01","51.12","CALGARY INTL A","3031092","2025-03-28 13:00","2025","03","28","13:00","","-4.2","","-8.2","","74","","","","9","","8","","16.1","","88.69","","","","-8","","NA"
"-114.01","51.12","CALGARY INTL A","3031092","2025-03-28 14:00","2025","03","28","14:00","","-4.0","","-7.9","","74","","","","9","","8","","16.1","","88.70","","","","-7","","Cloudy"
"-114.01","51.12","CALGARY INTL A","3031092","2025-03-28 15:00","2025","03","28","15:00","","-4.0","","-8.1","","74","","","","11","","10","","24.1","","88.70","","","","-8","","NA"
"-114.01","51.12","CALGARY INTL A","3031092","2025-03-28 16:00","2025","03","28","16:00","","-4.2","","-8.2","","74","","","","7","","16","","24.1","","88.70","","","","-10","","NA"
"-114.01","51.12","CALGARY INTL A","3031092","2025-03-28 17:00","2025","03","28","17:00","","-4.3","","-8.2","","75","","","","7","","16","","24.1","","88.71","","","","-10","","Cloudy"
"-114.01","51.12","CALGARY INTL A","3031092","2025-03-28 18:00","2025","03","28","18:00","","-4.3","","-8.0","","76","","","","9","","14","","14.5","","88.76","","","","-9","","Snow"
"-114.01","51.12","CALGARY INTL A","3031092","2025-03-28 19:00","2025","03","28","19:00","","-4.7","","-8.0","","78","","","","7","","16","","4.8","","88.79","","","","-10","","Snow,Fog"
"-114.01","51.12","CALGARY INTL A","3031092","2025-03-28 20:00","2025","03","28","20:00","","-5.2","","-7.2","","86","","","","8","","15","","9.7","","88.84","","","","-11","","Snow,Fog"
"-114.01","51.12","CALGARY INTL A","3031092","2025-03-28 21:00","2025","03","28","21:00","","-5.6","","-7.3","","88","","","","9","","13","","12.9","","88.87","","","","-11","","NA"
"-114.01","51.12","CALGARY INTL A","3031092","2025-03-28 22:00","2025","03","28","22:00","","-5.6","","-7.0","","90","","","","10","","15","","12.9","","88.89","","","","-11","","NA"
"-114.01","51.12","CALGARY INTL A","3031092","2025-03-28 23:00","2025","03","28","23:00","","-5.7","","-6.8","","92","","","","10","","10","","4.8","","88.90","","","","-10","","Snow Grains,Fog"
"-114.01","51.12","CALGARY INTL A","3031092","2025-03-29 00:00","2025","03","29","00:00","","-5.6","","-7.3","","88","","","","16","","13","","4.8","","88.90","","","","-11","","Snow Grains,Fog"
"-114.01","51.12","CALGARY INTL A","3031092","2025-03-29 01:00","2025","03","29","01:00","","-5.7","","-7.2","","89","","","","15","","10","","3.2","","88.90","","","","-10","","Snow Grains,Fog"
"-114.01","51.12","CALGARY INTL A","3031092","2025-03-29 02:00","2025","03","29","02:00","","-5.9","","-7.3","","90","","","","13","","8","","1.6","","88.93","","","","-10","","Snow,Fog"
"-114.01","51.12","CALGARY INTL A","3031092","2025-03-29 03:00","2025","03","29","03:00","","-6.2","","-7.7","","89","","","","12","","10","","3.2","","88.95","","","","-11","","Snow,Fog"
"-114.01","51.12","CALGARY INTL A","3031092","2025-03-29 04:00","2025","03","29","04:00","","-6.7","","-8.0","","90","","","","11","","9","","6.4","","88.93","","","","-11","","Snow,Fog"
"-114.01","51.12","CALGARY INTL A","3031092","2025-03-29 05:00","2025","03","29","05:00","","-6.8","","-8.1","","91","","","","11","","9","","4.8","","88.95","","","","-11","","Snow,Fog"
"-114.01","51.12","CALGARY INTL A","3031092","2025-03-29 06:00","2025","03","29","06:00","","-6.7","","-8.0","","91","","","","12","","12","","1.6","","88.95","","","","-12","","Snow,Fog"
"-114.01","51.12","CALGARY INTL A","3031092","2025-03-29 07:00","2025","03","29","07:00","","-6.7","","-8.2","","89","","","","12","","13","","2.8","","88.97","","","","-12","","Snow,Fog"
"-114.01","51.12","CALGARY INTL A","3031092","2025-03-29 08:00","2025","03","29","08:00","","-6.1","","-7.9","","87","","","","12","","13","","1.6","","89.00","","","","-11","","Snow,Fog"
"-114.01","51.12","CALGARY INTL A","3031092","2025-03-29 09:00","2025","03","29","09:00","","-5.3","","-7.6","","84","","","","12","","11","","0.8","","89.02","","","","-10","","Moderate Snow"
"-114.01","51.12","CALGARY INTL A","3031092","2025-03-29 10:00","2025","03","29","10:00","","-5.2","","-7.3","","85","","","","13","","13","","0.4","","89.05","","","","-10","","Heavy Snow"
"-114.01","51.12","CALGARY INTL A","3031092","2025-03-29 11:00","2025","03","29","11:00","","-4.8","","-6.9","","85","","","","12","","13","","0.8","","89.09","","","","-10","","Moderate Snow"
"-114.01","51.12","CALGARY INTL A","3031092","2025-03-29 12:00","2025","03","29","12:00","","-4.4","","-7.2","","81","","","","14","","14","","0.8","","89.11","","","","-10","","Moderate Snow"
"-114.01","51.12","CALGARY INTL A","3031092","2025-03-29 13:00","2025","03","29","13:00","","-4.6","","-6.9","","84","","","","14","","13","","0.4","","89.12","","","","-10","","Heavy Snow"
"-114.01","51.12","CALGARY INTL A","3031092","2025-03-29 14:00","2025","03","29","14:00","","-4.3","","-7.0","","82","","","","15","","12","","2.0","","89.10","","","","-9","","Snow"
"-114.01","51.12","CALGARY INTL A","3031092","2025-03-29 15:00","2025","03","29","15:00","","-4.5","","-7.7","","78","","","","14","","12","","1.6","","89.11","","","","-9","","Snow"
"-114.01","51.12","CALGARY INTL A","3031092","2025-03-29 16:00","2025","03","29","16:00","","-4.3","","-7.9","","76","","","","15","","11","","8.1","","89.14","","","","-9","","Fog"
"-114.01","51.12","CALGARY INTL A","3031092","2025-03-29 17:00","2025","03","29","17:00","","-3.9","","-7.6","","76","","","","13","","9","","14.5","","89.16","","","","-8","","Cloudy"
"-114.01","51.12","CALGARY INTL A","3031092","2025-03-29 18:00","2025","03","29","18:00","","-4.2","","-7.9","","76","","","","16","","4","","24.1","","89.19","","","","-6","","NA"
"-114.01","51.12","CALGARY INTL A","3031092","2025-03-29 19:00","2025","03","29","19:00","","-5.4","","-8.0","","82","","","","9","","5","","16.1","","89.23","","","","-8","","NA"
"-114.01","51.12","CALGARY INTL A","3031092","2025-03-29 20:00","2025","03","29","20:00","","-5.3","","-7.2","","87","","","","13","","7","","16.1","","89.24","","","","-9","","Mainly Clear"
"-114.01","51.12","CALGARY INTL A","3031092","2025-03-29 21:00","2025","03","29","21:00","","-5.4","","-7.3","","86","","","","19","","6","","12.9","","89.28","","","","-8","","NA"
"-114.01","51.12","CALGARY INTL A","3031092","2025-03-29 22:00","2025","03","29","22:00","","-5.8","","-8.0","","84","","","","17","","7","","12.9","","89.29","","","","-9","","NA"
"-114.01","51.12","CALGARY INTL A","3031092","2025-03-29 23:00","2025","03","29","23:00","","-5.2","","-7.4","","84","","","","17","","10","","12.9","","89.30","","","","-10","","Cloudy"
"-114.01","51.12","CALGARY INTL A","3031092","2025-03-30 00:00","2025","03","30","00:00","","-5.5","","-7.0","","89","","","","17","","9","","12.9","","89.29","","","","-10","","NA"
"-114.01","51.12","CALGARY INTL A","3031092","2025-03-30 01:00","2025","03","30","01:00","","-5.1","","-6.8","","88","","","","17","","5","","12.9","","89.26","","","","-7","","Snow Grains"
"-114.01","51.12","CALGARY INTL A","3031092","2025-03-30 02:00","2025","03","30","02:00","","-5.1","","-6.7","","89","","","","17","","10","","12.9","","89.21","","","","-9","","Snow Grains"
"-114.01","51.12","CALGARY INTL A","3031092","2025-03-30 03:00","2025","03","30","03:00","","-5.0","","-6.3","","91","","","","18","","11","","8.1","","89.18","","","","-10","","Snow Grains,Fog"
"-114.01","51.12","CALGARY INTL A","3031092","2025-03-30 04:00","2025","03","30","04:00","","-5.1","","-6.5","","90","","","","18","","12","","12.9","","89.17","","","","-10","","NA"
"-114.01","51.12","CALGARY INTL A","3031092","2025-03-30 05:00","2025","03","30","05:00","","-5.3","","-7.1","","88","","","","18","","20","","9.7","","89.16","","","","-12","","Fog"
"-114.01","51.12","CALGARY INTL A","3031092","2025-03-30 06:00","2025","03","30","06:00","","-5.6","","-7.7","","86","","","","19","","19","","12.9","","89.13","","","","-12","","NA"
"-114.01","51.12","CALGARY INTL A","3031092","2025-03-30 07:00","2025","03","30","07:00","","-5.8","","-7.9","","85","","","","18","","23","","14.5","","89.13","","","","-13","","NA"
"-114.01","51.12","CALGARY INTL A","3031092","2025-03-30 08:00","2025","03","30","08:00","","-5.8","","-7.6","","87","","","","18","","18","","14.5","","89.15","","","","-12","","Cloudy"
"-114.01","51.12","CALGARY INTL A","3031092","2025-03-30 09:00","2025","03","30","09:00","","-5.5","","-7.1","","88","","","","18","","16","","14.5","","89.13","","","","-11","","NA"
"-114.01","51.12","CALGARY INTL A","3031092","2025-03-30 10:00","2025","03","30","10:00","","-5.3","","-7.4","","86","","","","18","","24","","14.5","","89.13","","","","-13","","NA"
"-114.01","51.12","CALGARY INTL A","3031092","2025-03-30 11:00","2025","03","30","11:00","","-4.9","","-6.9","","86","","","","17","","19","","14.5","","89.12","","","","-11","","Cloudy"
"-114.01","51.12","CALGARY INTL A","3031092","2025-03-30 12:00","2025","03","30","12:00","","-4.4","","-6.9","","82","","","","19","","18","","14.5","","89.09","","","","-10","","NA"
"-114.01","51.12","CALGARY INTL A","3031092","2025-03-30 13:00","2025","03","30","13:00","","-4.0","","-6.3","","84","","","","17","","18","","14.5","","89.06","","","","-10","","NA"
"-114.01","51.12","CALGARY INTL A","3031092","2025-03-30 14:00","2025","03","30","14:00","","-3.2","","-6.1","","80","","","","19","","19","","14.5","","89.00","","","","-9","","Cloudy"
"-114.01","51.12","CALGARY INTL A","3031092","2025-03-30 15:00","2025","03","30","15:00","","-2.8","","-5.7","","80","","","","17","","20","","16.1","","88.97","","","","-9","","NA"
"-114.01","51.12","CALGARY INTL A","3031092","2025-03-30 16:00","2025","03","30","16:00","","-1.9","","-5.1","","79","","","","18","","17","","24.1","","88.92","","","","-7","","NA"
"-114.01","51.12","CALGARY INTL A","3031092","2025-03-30 17:00","2025","03","30","17:00","","-2.4","","-5.0","","82","","","","17","","20","","24.1","","88.89","","","","-8","","Cloudy"
"-114.01","51.12","CALGARY INTL A","3031092","2025-03-30 18:00","2025","03","30","18:00","","-2.4","","-4.8","","84","","","","17","","18","","16.1","","88.85","","","","-8","","NA"
"-114.01","51.12","CALGARY INTL A","3031092","2025-03-30 19:00","2025","03","30","19:00","","-2.1","","-4.4","","84","","","","18","","20","","16.1","","88.80","","","","-8","","NA"
"-114.01","51.12","CALGARY INTL A","3031092","2025-03-30 20:00","2025","03","30","20:00","","-1.9","","-4.3","","83","","","","17","","20","","16.1","","88.78","","","","-8","","Cloudy"
"-114.01","51.12","CALGARY INTL A","3031092","2025-03-30 21:00","2025","03","30","21:00","","-1.4","","-4.1","","82","","","","19","","21","","16.1","","88.74","","","","-7","","NA"
"-114.01","51.12","CALGARY INTL A","3031092","2025-03-30 22:00","2025","03","30","22:00","","-1.2","","-4.2","","80","","","","17","","27","","16.1","","88.69","","","","-8","","NA"
"-114.01","51.12","CALGARY INTL A","3031092","2025-03-30 23:00","2025","03","30","23:00","","-1.1","","-4.0","","81","","","","17","","25","","16.1","","88.63","","","","-7","","Cloudy"
"-114.01","51.12","CALGARY INTL A","3031092","2025-03-31 00:00","2025","03","31","00:00","","-1.1","","-3.9","","81","","","","18","","20","","16.1","","88.56","","","","-7","","NA"
"-114.01","51.12","CALGARY INTL A","3031092","2025-03-31 01:00","2025","03","31","01:00","","-1.2","","-3.7","","83","","","","17","","21","","16.1","","88.51","","","","-7","","NA"
"-114.01","51.12","CALGARY INTL A","3031092","2025-03-31 02:00","2025","03","31","02:00","","-1.7","","-4.1","","84","","","","17","","16","","16.1","","88.44","","","","-7","","Cloudy"
"-114.01","51.12","CALGARY INTL A","3031092","2025-03-31 03:00","2025","03","31","03:00","","-1.8","","-4.0","","85","","","","18","","17","","16.1","","88.35","","","","-7","","NA"
"-114.01","51.12","CALGARY INTL A","3031092","2025-03-31 04:00","2025","03","31","04:00","","-1.8","","-3.8","","86","","","","17","","14","","16.1","","88.29","","","","-6","","NA"
"-114.01","51.12","CALGARY INTL A","3031092","2025-03-31 05:00","2025","03","31","05:00","","-1.6","","-3.7","","86","","","","17","","20","","16.1","","88.24","","","","-7","","Cloudy"
"-114.01","51.12","CALGARY INTL A","3031092","2025-03-31 06:00","2025","03","31","06:00","","-1.6","","-3.5","","87","","","","18","","23","","16.1","","88.18","","","","-8","","NA"
"-114.01","51.12","CALGARY INTL A","3031092","2025-03-31 07:00","2025","03","31","07:00","","-1.5","","-3.5","","86","","","","17","","21","","24.1","","88.14","","","","-7","","NA"
"-114.01","51.12","CALGARY INTL A","3031092","2025-03-31 08:00","2025","03","31","08:00","","-1.3","","-3.4","","86","","","","17","","20","","24.1","","88.08","","","","-7","","Cloudy"
"-114.01","51.12","CALGARY INTL A","3031092","2025-03-31 09:00","2025","03","31","09:00","","-0.9","","-3.1","","85","","","","16","","21","","24.1","","88.03","","","","-7","","NA"
"-114.01","51.12","CALGARY INTL A","3031092","2025-03-31 10:00","2025","03","31","10:00","","-0.4","","-3.0","","83","","","","16","","25","","24.1","","87.96","","","","-6","","NA"
"-114.01","51.12","CALGARY INTL A","3031092","2025-03-31 11:00","2025","03","31","11:00","","-0.2","","-2.9","","82","","","","16","","23","","24.1","","87.91","","","","-6","","Cloudy"
"-114.01","51.12","CALGARY INTL A","3031092","2025-03-31 12:00","2025","03","31","12:00","","0.2","","-2.7","","80","","","","15","","21","","24.1","","87.87","","","","","","NA"
"-114.01","51.12","CALGARY INTL A","3031092","2025-03-31 13:00","2025","03","31","13:00","","0.4","","-3.0","","78","","","","16","","21","","32.2","","87.82","","","","","","NA"
"-114.01","51.12","CALGARY INTL A","3031092","2025-03-31 14:00","2025","03","31","14:00","","0.3","","-2.9","","79","","","","16","","17","","24.1","","87.78","","","","","","Cloudy"
"-114.01","51.12","CALGARY INTL A","3031092","2025-03-31 15:00","2025","03","31","15:00","","0.7","","-2.6","","78","","","","15","","17","","24.1","","87.74","","","","","","NA"
"-114.01","51.12","CALGARY INTL A","3031092","2025-03-31 16:00","2025","03","31","16:00","","1.2","","-2.5","","76","","","","13","","16","","24.1","","87.71","","","","","","NA"
"-114.01","51.12","CALGARY INTL A","3031092","2025-03-31 17:00","2025","03","31","17:00","","1.4","","-2.2","","77","","","","14","","16","","24.1","","87.70","","","","","","Cloudy"
"-114.01","51.12","CALGARY INTL A","3031092","2025-03-31 18:00","2025","03","31","18:00","","1.6","","-2.1","","77","","","","13","","9","","24.1","","87.68","","","","","","NA"
"-114.01","51.12","CALGARY INTL A","3031092","2025-03-31 19:00","2025","03","31","19:00","","0.7","","-2.3","","80","","","","11","","12","","32.2","","87.67","","","","","","NA"
"-114.01","51.12","CALGARY INTL A","3031092","2025-03-31 20:00","2025","03","31","20:00","","0.4","","-2.5","","81","","","","11","","16","","24.1","","87.69","","","","","","Cloudy"
"-114.01","51.12","CALGARY INTL A","3031092","2025-03-31 21:00","2025","03","31","21:00","","0.0","","-2.8","","81","","","","12","","18","","19.3","","87.68","","","","-5","","NA"
"-114.01","51.12","CALGARY INTL A","3031092","2025-03-31 22:00","2025","03","31","22:00","","-0.2","","-3.2","","80","","","","15","","11","","16.1","","87.66","","","","-4","","NA"
"-114.01","51.12","CALGARY INTL A","3031092","2025-03-31 23:00","2025","03","31","23:00","","-0.5","","-3.0","","83","","","","12","","7","","16.1","","87.64","","","","-3","","Cloudy"
