"Longitude (x)","Latitude (y)","Station Name","Climate ID","Date/Time (LST)","Year","Month","Day","Time (LST)","Flag","Temp (°C)","Temp Flag","Dew Point Temp (°C)","Dew Point Temp Flag","Rel Hum (%)","Rel Hum Flag","Precip. Amount (mm)","Precip. Amount Flag","Wind Dir (10s deg)","Wind Dir Flag","Wind Spd (km/h)","Wind Spd Flag","Visibility (km)","Visibility Flag","Stn Press (kPa)","Stn Press Flag","Hmdx","Hmdx Flag","Wind Chill","Wind Chill Flag","Weather"
"-114.01","51.12","CALGARY INTL A","3031092","2025-10-01 00:00","2025","10","01","00:00","","8.7","","6.3","","85","","","","33","","7","","24.1","","88.08","","","","","","NA"
"-114.01","51.12","CALGARY INTL A","3031092","2025-10-01 01:00","2025","10","01","01:00","","8.3","","6.2","","86","","","","31","","6","","24.1","","88.13","","","","","","NA"
"-114.01","51.12","CALGARY INTL A","3031092","2025-10-01 02:00","2025","10","01","02:00","","7.7","","5.4","","85","","","","33","","3","","24.1","","88.19","","","","","","Mainly Clear"
"-114.01","51.12","CALGARY INTL A","3031092","2025-10-01 03:00","2025","10","01","03:00","","7.1","","5.2","","87","","","","","","0","","24.1","","88.17","","","","","","NA"
"-114.01","51.12","CALGARY INTL A","3031092","2025-10-01 04:00","2025","10","01","04:00","","5.7","","4.5","","93","","","","21","","7","","24.1","","88.23","","","","","","NA"
"-114.01","51.12","CALGARY INTL A","3031092","2025-10-01 05:00","2025","10","01","05:00","","7.4","","5.6","","88","","","","24","","10","","24.1","","88.28","","","","","","Mostly Cloudy"
"-114.01","51.12","CALGARY INTL A","3031092","2025-10-01 06:00","2025","10","01","06:00","","6.5","","5.0","","90","","","","20","","7","","24.1","","88.31","","","","","","NA"
"-114.01","51.12","CALGARY INTL A","3031092","2025-10-01 07:00","2025","10","01","07:00","","7.5","","5.1","","85","","","","23","","7","","32.2","","88.34","","","","","","NA"
"-114.01","51.12","CALGARY INTL A","3031092","2025-10-01 08:00","2025","10","01","08:00","","8.1","","5.5","","83","","","","19","","7","","32.2","","88.34","","","","","","Mostly Cloudy"
"-114.01","51.12","CALGARY INTL A","3031092","2025-10-01 09:00","2025","10","01","09:00","","10.9","","5.0","","67","","","","21","","11","","48.3","","88.38","","","","","","NA"
"-114.01","51.12","CALGARY INTL A","3031092","2025-10-01 10:00","2025","10","01","10:00","","13.4","","2.8","","48","","","","22","","8","","64.4","","88.40","","","","","","NA"
"-114.01","51.12","CALGARY INTL A","3031092","2025-10-01 11:00","2025","10","01","11:00","","15.5","","2.2","","40","","","","23","","10","","64.4","","88.40","","","","","","Mostly Cloudy"
"-114.01","51.12","CALGARY INTL A","3031092","2025-10-01 12:00","2025","10","01","12:00","","16.4","","0.6","","34","","","","22","","12","","64.4","","88.41","","","","","","NA"
"-114.01","51.12","CALGARY INTL A","3031092","2025-10-01 13:00","2025","10","01","13:00","","16.9","","-1.1","","29","","","","24","","15","","64.4","","88.39","","","","","","NA"
"-114.01","51.12","CALGARY INTL A","3031092","2025-10-01 14:00","2025","10","01","14:00","","17.3","","-0.5","","30","","","","26","","11","","64.4","","88.39","","","","","","Mainly Clear"
"-114.01","51.12","CALGARY INTL A","3031092","2025-10-01 15:00","2025","10","01","15:00","","18.7","","-2.1","","24","","","","28","","15","","64.4","","88.37","","","","","","NA"
"-114.01","51.12","CALGARY INTL A","3031092","2025-10-01 16:00","2025","10","01","16:00","","19.2","","-2.2","","23","","","","22","","18","","64.4","","88.40","","","","","","NA"
"-114.01","51.12","CALGARY INTL A","3031092","2025-10-01 17:00","2025","10","01","17:00","","17.0","","-1.4","","28","","","","29","","29","","64.4","","88.45","","","","","","Mostly Cloudy"
"-114.01","51.12","CALGARY INTL A","3031092","2025-10-01 18:00","2025","10","01","18:00","","15.1","","0.3","","36","","","","30","","18","","64.4","","88.51","","","","","","NA"
"-114.01","51.12","CALGARY INTL A","3031092","2025-10-01 19:00","2025","10","01","19:00","","12.7","","0.7","","44","","","","30","","9","","24.1","","88.56","","","","","","NA"
"-114.01","51.12","CALGARY INTL A","3031092","2025-10-01 20:00","2025","10","01","20:00","","13.4","","0.0","","40","","","","26","","7","","24.1","","88.58","","","","","","Mainly Clear"
"-114.01","51.12","CALGARY INTL A","3031092","2025-10-01 21:00","2025","10","01","21:00","","11.4","","0.8","","48","","","","20","","7","","24.1","","88.63","","","","","","NA"
"-114.01","51.12","CALGARY INTL A","3031092","2025-10-01 22:00","2025","10","01","22:00","","12.4","","0.0","","43","","","","30","","4","","24.1","","88.66","","","","","","NA"
"-114.01","51.12","CALGARY INTL A","3031092","2025-10-01 23:00","2025","10","01","23:00","","9.5","","1.0","","56","","","","17","","10","","24.1","","88.65","","","","","","Mostly Cloudy"
"-114.01","51.12","CALGARY INTL A","3031092","2025-10-02 00:00","2025","10","02","00:00","","12.1","","-0.7","","41","","","","26","","6","","24.1","","88.69","","","","","","NA"
"-114.01","51.12","CALGARY INTL A","3031092","2025-10-02 01:00","2025","10","02","01:00","","11.2","","-0.7","","43","","","","21","","6","","24.1","","88.72","","","","","","NA"
"-114.01","51.12","CALGARY INTL A","3031092","2025-10-02 02:00","2025","10","02","02:00","","13.1","","-2.1","","35","","","","26","","13","","24.1","","88.74","","","","","","Mostly Cloudy"
"-114.01","51.12","CALGARY INTL A","3031092","2025-10-02 03:00","2025","10","02","03:00","","11.8","","-1.0","","41","","","","22","","7","","24.1","","88.78","","","","","","NA"
"-114.01","51.12","CALGARY INTL A","3031092","2025-10-02 04:00","2025","10","02","04:00","","9.6","","0.0","","51","","","","24","","6","","24.1","","88.82","","","","","","NA"
"-114.01","51.12","CALGARY INTL A","3031092","2025-10-02 05:00","2025","10","02","05:00","","11.0","","-1.2","","43","","","","26","","3","","24.1","","88.86","","","","","","Mostly Cloudy"
"-114.01","51.12","CALGARY INTL A","3031092","2025-10-02 06:00","2025","10","02","06:00","","11.2","","-1.0","","42","","","","32","","7","","24.1","","88.91","","","","","","NA"
"-114.01","51.12","CALGARY INTL A","3031092","2025-10-02 07:00","2025","10","02","07:00","","8.4","","0.0","","55","","","","22","","12","","64.4","","88.95","","","","","","NA"
"-114.01","51.12","CALGARY INTL A","3031092","2025-10-02 08:00","2025","10","02","08:00","","11.7","","-0.2","","44","","","","23","","8","","64.4","","89.01","","","","","","Mainly Clear"
"-114.01","51.12","CALGARY INTL A","3031092","2025-10-02 09:00","2025","10","02","09:00","","12.9","","-0.4","","40","","","","28","","13","","64.4","","89.00","","","","","","NA"
"-114.01","51.12","CALGARY INTL A","3031092","2025-10-02 10:00","2025","10","02","10:00","","14.8","","0.3","","37","","","","23","","14","","64.4","","89.02","","","","","","NA"
"-114.01","51.12","CALGARY INTL A","3031092","2025-10-02 11:00","2025","10","02","11:00","","16.3","","-1.4","","30","","","","23","","15","","64.4","","89.00","","","","","","Mostly Cloudy"
"-114.01","51.12","CALGARY INTL A","3031092","2025-10-02 12:00","2025","10","02","12:00","","16.7","","-1.3","","29","","","","29","","12","","64.4","","88.98","","","","","","NA"
"-114.01","51.12","CALGARY INTL A","3031092","2025-10-02 13:00","2025","10","02","13:00","","17.1","","-0.6","","30","","","","32","","8","","64.4","","88.96","","","","","","NA"
"-114.01","51.12","CALGARY INTL A","3031092","2025-10-02 14:00","2025","10","02","14:00","","16.8","","-2.1","","27","","","","16","","10","","64.4","","88.96","","","","","","Cloudy"
"-114.01","51.12","CALGARY INTL A","3031092","2025-10-02 15:00","2025","10","02","15:00","","17.5","","-1.6","","27","","","","19","","11","","48.3","","88.94","","","","","","NA"
"-114.01","51.12","CALGARY INTL A","3031092","2025-10-02 16:00","2025","10","02","16:00","","17.0","","-1.7","","28","","","","17","","7","","48.3","","88.92","","","","","","NA"
"-114.01","51.12","CALGARY INTL A","3031092","2025-10-02 17:00","2025","10","02","17:00","","15.9","","-1.8","","30","","","","18","","11","","48.3","","88.93","","","","","","Mostly Cloudy"
"-114.01","51.12","CALGARY INTL A","3031092","2025-10-02 18:00","2025","10","02","18:00","","15.2","","-1.5","","32","","","","19","","8","","48.3","","88.96","","","","","","NA"
"-114.01","51.12","CALGARY INTL A","3031092","2025-10-02 19:00","2025","10","02","19:00","","14.2","","-1.7","","33","","","","","","0","","24.1","","88.96","","","","","","NA"
"-114.01","51.12","CALGARY INTL A","3031092","2025-10-02 20:00","2025","10","02","20:00","","13.6","","-1.9","","34","","","","","","0","","24.1","","88.98","","","","","","Mainly Clear"
"-114.01","51.12","CALGARY INTL A","3031092","2025-10-02 21:00","2025","10","02","21:00","","13.5","","-2.1","","34","","","","25","","8","","24.1","","89.01","","","","","","NA"
"-114.01","51.12","CALGARY INTL A","3031092","2025-10-02 22:00","2025","10","02","22:00","","11.5","","-1.9","","39","","","","25","","8","","24.1","","89.01","","","","","","NA"
"-114.01","51.12","CALGARY INTL A","3031092","2025-10-02 23:00","2025","10","02","23:00","","11.5","","-2.2","","38","","","","20","","10","","24.1","","89.00","","","","","","Mainly Clear"
"-114.01","51.12","CALGARY INTL A","3031092","2025-10-03 00:00","2025","10","03","00:00","","10.9","","-1.6","","42","","","","33","","5","","24.1","","88.99","","","","","","NA"
"-114.01","51.12","CALGARY INTL A","3031092","2025-10-03 01:00","2025","10","03","01:00","","10.8","","-1.0","","44","","","","32","","17","","24.1","","88.95","","","","","","NA"
"-114.01","51.12","CALGARY INTL A","3031092","2025-10-03 02:00","2025","10","03","02:00","","11.9","","-2.3","","37","","","","29","","27","","24.1","","88.92","","","","","","Mainly Clear"
"-114.01","51.12","CALGARY INTL A","3031092","2025-10-03 03:00","2025","10","03","03:00","","11.3","","-3.2","","36","","","","30","","20","","24.1","","88.90","","","","","","NA"
"-114.01","51.12","CALGARY INTL A","3031092","2025-10-03 04:00","2025","10","03","04:00","","11.1","","-3.4","","36","","","","30","","16","","24.1","","88.90","","","","","","NA"
"-114.01","51.12","CALGARY INTL A","3031092","2025-10-03 05:00","2025","10","03","05:00","","7.8","","-3.1","","46","","","","","","0","","24.1","","88.86","","","","","","Clear"
"-114.01","51.12","CALGARY INTL A","3031092","2025-10-03 06:00","2025","10","03","06:00","","10.0","","-3.3","","39","","","","30","","14","","24.1","","88.89","","","","","","NA"
"-114.01","51.12","CALGARY INTL A","3031092","2025-10-03 07:00","2025","10","03","07:00","","9.6","","-3.1","","41","","","","28","","10","","64.4","","88.89","","","","","","NA"
"-114.01","51.12","CALGARY INTL A","3031092","2025-10-03 08:00","2025","10","03","08:00","","11.2","","-2.9","","37","","","","29","","15","","64.4","","88.90","","","","","","Mainly Clear"
"-114.01","51.12","CALGARY INTL A","3031092","2025-10-03 09:00","2025","10","03","09:00","","12.8","","-2.7","","34","","","","28","","18","","64.4","","88.88","","","","","","NA"
"-114.01","51.12","CALGARY INTL A","3031092","2025-10-03 10:00","2025","10","03","10:00","","14.2","","-2.8","","31","","","","28","","18","","64.4","","88.86","","","","","","NA"
"-114.01","51.12","CALGARY INTL A","3031092","2025-10-03 11:00","2025","10","03","11:00","","15.3","","-3.4","","27","","","","25","","11","","64.4","","88.80","","","","","","Mainly Clear"
"-114.01","51.12","CALGARY INTL A","3031092","2025-10-03 12:00","2025","10","03","12:00","","16.4","","-3.5","","25","","","","22","","13","","64.4","","88.71","","","","","","NA"
"-114.01","51.12","CALGARY INTL A","3031092","2025-10-03 13:00","2025","10","03","13:00","","17.1","","-3.6","","24","","","","22","","12","","64.4","","88.62","","","","","","NA"
"-114.01","51.12","CALGARY INTL A","3031092","2025-10-03 14:00","2025","10","03","14:00","","17.3","","-3.9","","23","","","","21","","12","","48.3","","88.56","","","","","","Mostly Cloudy"
"-114.01","51.12","CALGARY INTL A","3031092","2025-10-03 15:00","2025","10","03","15:00","","17.9","","-3.4","","23","","","","27","","5","","48.3","","88.51","","","","","","NA"
"-114.01","51.12","CALGARY INTL A","3031092","2025-10-03 16:00","2025","10","03","16:00","","17.8","","-3.4","","23","","","","23","","16","","48.3","","88.47","","","","","","NA"
"-114.01","51.12","CALGARY INTL A","3031092","2025-10-03 17:00","2025","10","03","17:00","","17.1","","-3.5","","24","","","","28","","8","","48.3","","88.49","","","","","","Mostly Cloudy"
"-114.01","51.12","CALGARY INTL A","3031092","2025-10-03 18:00","2025","10","03","18:00","","15.8","","-3.3","","26","","","","29","","28","","48.3","","88.50","","","","","","NA"
"-114.01","51.12","CALGARY INTL A","3031092","2025-10-03 19:00","2025","10","03","19:00","","14.2","","-3.1","","30","","","","33","","19","","24.1","","88.58","","","","","","NA"
"-114.01","51.12","CALGARY INTL A","3031092","2025-10-03 20:00","2025","10","03","20:00","","14.0","","-2.7","","31","","","","32","","35","","16.1","","88.65","","","","","","Cloudy"
"-114.01","51.12","CALGARY INTL A","3031092","2025-10-03 21:00","2025","10","03","21:00","","12.8","","-2.0","","35","","","","1","","8","","24.1","","88.66","","","","","","NA"
"-114.01","51.12","CALGARY INTL A","3031092","2025-10-03 22:00","2025","10","03","22:00","","11.8","","-1.2","","40","","","","12","","3","","24.1","","88.62","","","","","","NA"
"-114.01","51.12","CALGARY INTL A","3031092","2025-10-03 23:00","2025","10","03","23:00","","11.4","","-0.9","","42","","","","21","","3","","24.1","","88.63","","","","","","Mostly Cloudy"
"-114.01","51.12","CALGARY INTL A","3031092","2025-10-04 00:00","2025","10","04","00:00","","10.4","","-1.0","","45","","","","21","","6","","24.1","","88.63","","","","","","NA"
"-114.01","51.12","CALGARY INTL A","3031092","2025-10-04 01:00","2025","10","04","01:00","","8.4","","-0.8","","52","","","","33","","7","","24.1","","88.67","","","","","","NA"
"-114.01","51.12","CALGARY INTL A","3031092","2025-10-04 02:00","2025","10","04","02:00","","9.3","","-1.7","","46","","","","35","","14","","24.1","","88.72","","","","","","Mostly Cloudy"
"-114.01","51.12","CALGARY INTL A","3031092","2025-10-04 03:00","2025","10","04","03:00","","9.0","","-1.5","","48","","","","33","","17","","24.1","","88.76","","","","","","NA"
"-114.01","51.12","CALGARY INTL A","3031092","2025-10-04 04:00","2025","10","04","04:00","","7.9","","-0.2","","57","","","","1","","20","","24.1","","88.81","","","","","","NA"
"-114.01","51.12","CALGARY INTL A","3031092","2025-10-04 05:00","2025","10","04","05:00","","6.7","","0.6","","65","","","","1","","12","","24.1","","88.87","","","","","","Mostly Cloudy"
"-114.01","51.12","CALGARY INTL A","3031092","2025-10-04 06:00","2025","10","04","06:00","","5.5","","0.2","","69","","","","36","","8","","24.1","","88.87","","","","","","NA"
"-114.01","51.12","CALGARY INTL A","3031092","2025-10-04 07:00","2025","10","04","07:00","","5.3","","-0.2","","68","","","","33","","6","","24.1","","88.89","","","","","","NA"
"-114.01","51.12","CALGARY INTL A","3031092","2025-10-04 08:00","2025","10","04","08:00","","6.7","","0.0","","63","","","","33","","7","","32.2","","88.96","","","","","","Mostly Cloudy"
"-114.01","51.12","CALGARY INTL A","3031092","2025-10-04 09:00","2025","10","04","09:00","","7.6","","-0.5","","56","","","","33","","13","","32.2","","88.98","","","","","","NA"
"-114.01","51.12","CALGARY INTL A","3031092","2025-10-04 10:00","2025","10","04","10:00","","8.4","","-1.1","","51","","","","2","","10","","24.1","","88.95","","","","","","NA"
"-114.01","51.12","CALGARY INTL A","3031092","2025-10-04 11:00","2025","10","04","11:00","","9.0","","-1.2","","49","","","","33","","7","","32.2","","88.95","","","","","","Cloudy"
"-114.01","51.12","CALGARY INTL A","3031092","2025-10-04 12:00","2025","10","04","12:00","","7.2","","1.4","","66","","","","11","","13","","48.3","","88.97","","","","","","Rain Showers"
"-114.01","51.12","CALGARY INTL A","3031092","2025-10-04 13:00","2025","10","04","13:00","","7.5","","1.2","","64","","","","14","","16","","32.2","","88.95","","","","","","Rain Showers"
"-114.01","51.12","CALGARY INTL A","3031092","2025-10-04 14:00","2025","10","04","14:00","","8.5","","0.9","","58","","","","15","","14","","24.1","","88.91","","","","","","Cloudy"
"-114.01","51.12","CALGARY INTL A","3031092","2025-10-04 15:00","2025","10","04","15:00","","8.4","","0.6","","58","","","","11","","9","","24.1","","88.93","","","","","","NA"
"-114.01","51.12","CALGARY INTL A","3031092","2025-10-04 16:00","2025","10","04","16:00","","7.9","","1.2","","62","","","","9","","11","","24.1","","88.97","","","","","","Rain Showers"
"-114.01","51.12","CALGARY INTL A","3031092","2025-10-04 17:00","2025","10","04","17:00","","7.3","","0.9","","64","","","","5","","20","","16.1","","89.05","","","","","","Rain"
"-114.01","51.12","CALGARY INTL A","3031092","2025-10-04 18:00","2025","10","04","18:00","","3.5","","1.9","","90","","","","36","","32","","12.9","","89.20","","","","","","Rain"
"-114.01","51.12","CALGARY INTL A","3031092","2025-10-04 19:00","2025","10","04","19:00","","2.9","","1.6","","91","","","","34","","25","","12.9","","89.32","","","","","","Rain"
"-114.01","51.12","CALGARY INTL A","3031092","2025-10-04 20:00","2025","10","04","20:00","","3.2","","1.9","","91","","","","35","","25","","12.9","","89.40","","","","","","Rain"
"-114.01","51.12","CALGARY INTL A","3031092","2025-10-04 21:00","2025","10","04","21:00","","3.3","","1.7","","89","","","","34","","26","","16.1","","89.47","","","","","","Rain"
"-114.01","51.12","CALGARY INTL A","3031092","2025-10-04 22:00","2025","10","04","22:00","","2.8","","0.0","","82","","","","34","","35","","24.1","","89.52","","","","","","NA"
"-114.01","51.12","CALGARY INTL A","3031092","2025-10-04 23:00","2025","10","04","23:00","","2.4","","-0.8","","79","","","","33","","24","","24.1","","89.60","","","","","","Mostly Cloudy"
"-114.01","51.12","CALGARY INTL A","3031092","2025-10-05 00:00","2025","10","05","00:00","","2.1","","-1.5","","77","","","","34","","30","","24.1","","89.67","","","","","","NA"
"-114.01","51.12","CALGARY INTL A","3031092","2025-10-05 01:00","2025","10","05","01:00","","1.7","","-2.4","","74","","","","34","","19","","24.1","","89.72","","","","","","NA"
"-114.01","51.12","CALGARY INTL A","3031092","2025-10-05 02:00","2025","10","05","02:00","","1.0","","-2.0","","80","","","","33","","15","","24.1","","89.73","","","","","","Mostly Cloudy"
"-114.01","51.12","CALGARY INTL A","3031092","2025-10-05 03:00","2025","10","05","03:00","","0.4","","-2.4","","82","","","","32","","13","","24.1","","89.74","","","","","","NA"
"-114.01","51.12","CALGARY INTL A","3031092","2025-10-05 04:00","2025","10","05","04:00","","-0.1","","-3.0","","81","","","","33","","8","","24.1","","89.72","","","","-3","","NA"
"-114.01","51.12","CALGARY INTL A","3031092","2025-10-05 05:00","2025","10","05","05:00","","-0.4","","-3.6","","79","","","","34","","9","","24.1","","89.74","","","","-4","","Clear"
"-114.01","51.12","CALGARY INTL A","3031092","2025-10-05 06:00","2025","10","05","06:00","","-0.8","","-3.9","","79","","","","29","","3","","24.1","","89.72","","","","-2","","NA"
"-114.01","51.12","CALGARY INTL A","3031092","2025-10-05 07:00","2025","10","05","07:00","","0.0","","-4.2","","74","","","","26","","4","","64.4","","89.73","","","","-1","","NA"
"-114.01","51.12","CALGARY INTL A","3031092","2025-10-05 08:00","2025","10","05","08:00","","0.9","","-4.1","","69","","","","25","","5","","64.4","","89.72","","","","","","Clear"
"-114.01","51.12","CALGARY INTL A","3031092","2025-10-05 09:00","2025","10","05","09:00","","2.3","","-4.1","","63","","","","18","","7","","64.4","","89.72","","","","","","NA"
"-114.01","51.12","CALGARY INTL A","3031092","2025-10-05 10:00","2025","10","05","10:00","","3.8","","-3.8","","58","","","","16","","11","","64.4","","89.68","","","","","","NA"
"-114.01","51.12","CALGARY INTL A","3031092","2025-10-05 11:00","2025","10","05","11:00","","4.6","","-4.5","","52","","","","19","","16","","64.4","","89.62","","","","","","Mainly Clear"
"-114.01","51.12","CALGARY INTL A","3031092","2025-10-05 12:00","2025","10","05","12:00","","6.2","","-4.1","","48","","","","19","","18","","64.4","","89.55","","","","","","NA"
"-114.01","51.12","CALGARY INTL A","3031092","2025-10-05 13:00","2025","10","05","13:00","","6.7","","-5.3","","42","","","","22","","17","","64.4","","89.47","","","","","","NA"
"-114.01","51.12","CALGARY INTL A","3031092","2025-10-05 14:00","2025","10","05","14:00","","7.7","","-6.4","","36","","","","22","","16","","64.4","","89.38","","","","","","Clear"
"-114.01","51.12","CALGARY INTL A","3031092","2025-10-05 15:00","2025","10","05","15:00","","8.6","","-5.0","","38","","","","19","","12","","64.4","","89.31","","","","","","NA"
"-114.01","51.12","CALGARY INTL A","3031092","2025-10-05 16:00","2025","10","05","16:00","","9.1","","-7.0","","31","","","","21","","8","","64.4","","89.23","","","","","","NA"
"-114.01","51.12","CALGARY INTL A","3031092","2025-10-05 17:00","2025","10","05","17:00","","8.7","","-4.7","","38","","","","22","","11","","64.4","","89.22","","","","","","Mostly Cloudy"
"-114.01","51.12","CALGARY INTL A","3031092","2025-10-05 18:00","2025","10","05","18:00","","7.6","","-3.6","","45","","","","17","","10","","64.4","","89.21","","","","","","NA"
"-114.01","51.12","CALGARY INTL A","3031092","2025-10-05 19:00","2025","10","05","19:00","","7.2","","-4.2","","44","","","","18","","8","","24.1","","89.23","","","","","","NA"
"-114.01","51.12","CALGARY INTL A","3031092","2025-10-05 20:00","2025","10","05","20:00","","7.5","","-4.5","","42","","","","16","","7","","24.1","","89.24","","","","","","Mostly Cloudy"
"-114.01","51.12","CALGARY INTL A","3031092","2025-10-05 21:00","2025","10","05","21:00","","7.3","","-5.0","","41","","","","18","","5","","24.1","","89.24","","","","","","NA"
"-114.01","51.12","CALGARY INTL A","3031092","2025-10-05 22:00","2025","10","05","22:00","","5.4","","-4.0","","51","","","","34","","5","","24.1","","89.22","","","","","","NA"
"-114.01","51.12","CALGARY INTL A","3031092","2025-10-05 23:00","2025","10","05","23:00","","3.1","","-2.2","","68","","","","1","","5","","24.1","","89.23","","","","","","Clear"
"-114.01","51.12","CALGARY INTL A","3031092","2025-10-06 00:00","2025","10","06","00:00","","1.7","","-2.9","","72","","","","35","","3","","24.1","","89.24","","","","","","NA"
"-114.01","51.12","CALGARY INTL A","3031092","2025-10-06 01:00","2025","10","06","01:00","","0.6","","-3.7","","73","","","","35","","4","","24.1","","89.28","","","","","","NA"
"-114.01","51.12","CALGARY INTL A","3031092","2025-10-06 02:00","2025","10","06","02:00","","0.0","","-3.9","","75","","","","33","","5","","24.1","","89.29","","","","-2","","Clear"
"-114.01","51.12","CALGARY INTL A","3031092","2025-10-06 03:00","2025","10","06","03:00","","0.1","","-3.1","","79","","","","","","0","","24.1","","89.27","","","","","","NA"
"-114.01","51.12","CALGARY INTL A","3031092","2025-10-06 04:00","2025","10","06","04:00","","-0.1","","-2.9","","82","","","","","","0","","24.1","","89.29","","","","","","NA"
"-114.01","51.12","CALGARY INTL A","3031092","2025-10-06 05:00","2025","10","06","05:00","","-0.1","","-2.9","","81","","","","","","0","","24.1","","89.27","","","","","","Clear"
"-114.01","51.12","CALGARY INTL A","3031092","2025-10-06 06:00","2025","10","06","06:00","","-0.4","","-3.2","","82","","","","18","","5","","24.1","","89.25","","","","-2","","NA"
"-114.01","51.12","CALGARY INTL A","3031092","2025-10-06 07:00","2025","10","06","07:00","","-1.0","","-4.3","","78","","","","35","","3","","64.4","","89.30","","","","-2","","NA"
"-114.01","51.12","CALGARY INTL A","3031092","2025-10-06 08:00","2025","10","06","08:00","","1.6","","-2.6","","74","","","","20","","6","","64.4","","89.31","","","","","","Mostly Cloudy"
"-114.01","51.12","CALGARY INTL A","3031092","2025-10-06 09:00","2025","10","06","09:00","","4.5","","-1.6","","64","","","","21","","5","","64.4","","89.34","","","","","","NA"
"-114.01","51.12","CALGARY INTL A","3031092","2025-10-06 10:00","2025","10","06","10:00","","8.2","","-1.8","","49","","","","21","","8","","64.4","","89.34","","","","","","NA"
"-114.01","51.12","CALGARY INTL A","3031092","2025-10-06 11:00","2025","10","06","11:00","","9.7","","-2.9","","41","","","","18","","13","","64.4","","89.32","","","","","","Mostly Cloudy"
"-114.01","51.12","CALGARY INTL A","3031092","2025-10-06 12:00","2025","10","06","12:00","","10.8","","-2.8","","38","","","","17","","7","","64.4","","89.33","","","","","","NA"
"-114.01","51.12","CALGARY INTL A","3031092","2025-10-06 13:00","2025","10","06","13:00","","12.3","","-2.2","","36","","","","18","","13","","64.4","","89.29","","","","","","NA"
"-114.01","51.12","CALGARY INTL A","3031092","2025-10-06 14:00","2025","10","06","14:00","","13.2","","-2.3","","34","","","","19","","10","","64.4","","89.28","","","","","","Mostly Cloudy"
"-114.01","51.12","CALGARY INTL A","3031092","2025-10-06 15:00","2025","10","06","15:00","","13.1","","-1.8","","35","","","","23","","5","","64.4","","89.31","","","","","","NA"
"-114.01","51.12","CALGARY INTL A","3031092","2025-10-06 16:00","2025","10","06","16:00","","13.4","","-1.6","","35","","","","16","","10","","64.4","","89.29","","","","","","NA"
"-114.01","51.12","CALGARY INTL A","3031092","2025-10-06 17:00","2025","10","06","17:00","","13.4","","-1.3","","36","","","","18","","9","","64.4","","89.26","","","","","","Clear"
"-114.01","51.12","CALGARY INTL A","3031092","2025-10-06 18:00","2025","10","06","18:00","","10.5","","-1.1","","44","","","","18","","11","","64.4","","89.26","","","","","","NA"
"-114.01","51.12","CALGARY INTL A","3031092","2025-10-06 19:00","2025","10","06","19:00","","9.7","","-1.7","","45","","","","17","","10","","24.1","","89.27","","","","","","NA"
"-114.01","51.12","CALGARY INTL A","3031092","2025-10-06 20:00","2025","10","06","20:00","","8.8","","-1.7","","48","","","","17","","8","","24.1","","89.28","","","","","","Clear"
"-114.01","51.12","CALGARY INTL A","3031092","2025-10-06 21:00","2025","10","06","21:00","","7.9","","-1.2","","52","","","","18","","14","","24.1","","89.27","","","","","","NA"
"-114.01","51.12","CALGARY INTL A","3031092","2025-10-06 22:00","2025","10","06","22:00","","7.2","","-0.9","","56","","","","18","","12","","24.1","","89.25","","","","","","NA"
"-114.01","51.12","CALGARY INTL A","3031092","2025-10-06 23:00","2025","10","06","23:00","","7.5","","-0.7","","56","","","","21","","4","","24.1","","89.21","","","","","","Mostly Cloudy"
"-114.01","51.12","CALGARY INTL A","3031092","2025-10-07 00:00","2025","10","07","00:00","","7.7","","-0.4","","56","","","","21","","13","","24.1","","89.15","","","","","","NA"
"-114.01","51.12","CALGARY INTL A","3031092","2025-10-07 01:00","2025","10","07","01:00","","7.3","","0.3","","61","","","","22","","9","","24.1","","89.15","","","","","","NA"
"-114.01","51.12","CALGARY INTL A","3031092","2025-10-07 02:00","2025","10","07","02:00","","7.0","","0.5","","64","","","","21","","11","","24.1","","89.12","","","","","","Mainly Clear"
"-114.01","51.12","CALGARY INTL A","3031092","2025-10-07 03:00","2025","10","07","03:00","","5.3","","0.7","","72","","","","20","","7","","24.1","","89.08","","","","","","NA"
"-114.01","51.12","CALGARY INTL A","3031092","2025-10-07 04:00","2025","10","07","04:00","","6.6","","0.7","","66","","","","21","","12","","24.1","","89.05","","","","","","NA"
"-114.01","51.12","CALGARY INTL A","3031092","2025-10-07 05:00","2025","10","07","05:00","","5.8","","0.7","","70","","","","18","","10","","24.1","","89.02","","","","","","Mostly Cloudy"
"-114.01","51.12","CALGARY INTL A","3031092","2025-10-07 06:00","2025","10","07","06:00","","7.2","","1.0","","64","","","","21","","14","","24.1","","89.00","","","","","","NA"
"-114.01","51.12","CALGARY INTL A","3031092","2025-10-07 07:00","2025","10","07","07:00","","7.0","","1.0","","66","","","","22","","16","","64.4","","88.98","","","","","","NA"
"-114.01","51.12","CALGARY INTL A","3031092","2025-10-07 08:00","2025","10","07","08:00","","8.4","","1.5","","62","","","","20","","13","","64.4","","88.95","","","","","","Mainly Clear"
"-114.01","51.12","CALGARY INTL A","3031092","2025-10-07 09:00","2025","10","07","09:00","","11.6","","1.9","","51","","","","23","","16","","64.4","","88.92","","","","","","NA"
"-114.01","51.12","CALGARY INTL A","3031092","2025-10-07 10:00","2025","10","07","10:00","","14.6","","2.6","","44","","","","20","","10","","64.4","","88.86","","","","","","NA"
"-114.01","51.12","CALGARY INTL A","3031092","2025-10-07 11:00","2025","10","07","11:00","","17.9","","2.5","","35","","","","17","","16","","64.4","","88.79","","","","","","Mainly Clear"
"-114.01","51.12","CALGARY INTL A","3031092","2025-10-07 12:00","2025","10","07","12:00","","20.0","","1.8","","30","","","","19","","15","","64.4","","88.73","","","","","","NA"
"-114.01","51.12","CALGARY INTL A","3031092","2025-10-07 13:00","2025","10","07","13:00","","21.1","","2.3","","28","","","","19","","15","","64.4","","88.63","","","","","","NA"
"-114.01","51.12","CALGARY INTL A","3031092","2025-10-07 14:00","2025","10","07","14:00","","21.4","","3.3","","30","","","","19","","14","","64.4","","88.55","","","","","","Mostly Cloudy"
"-114.01","51.12","CALGARY INTL A","3031092","2025-10-07 15:00","2025","10","07","15:00","","21.4","","3.1","","29","","","","18","","12","","64.4","","88.47","","","","","","NA"
"-114.01","51.12","CALGARY INTL A","3031092","2025-10-07 16:00","2025","10","07","16:00","","22.4","","1.4","","25","","","","17","","14","","64.4","","88.39","","","","","","NA"
"-114.01","51.12","CALGARY INTL A","3031092","2025-10-07 17:00","2025","10","07","17:00","","20.7","","1.1","","27","","","","18","","18","","64.4","","88.32","","","","","","Mostly Cloudy"
"-114.01","51.12","CALGARY INTL A","3031092","2025-10-07 18:00","2025","10","07","18:00","","18.4","","0.4","","29","","","","17","","17","","64.4","","88.24","","","","","","NA"
"-114.01","51.12","CALGARY INTL A","3031092","2025-10-07 19:00","2025","10","07","19:00","","17.6","","0.6","","32","","","","19","","17","","24.1","","88.21","","","","","","NA"
"-114.01","51.12","CALGARY INTL A","3031092","2025-10-07 20:00","2025","10","07","20:00","","15.9","","1.2","","37","","","","22","","6","","24.1","","88.16","","","","","","Mostly Cloudy"
"-114.01","51.12","CALGARY INTL A","3031092","2025-10-07 21:00","2025","10","07","21:00","","15.9","","0.9","","36","","","","23","","14","","24.1","","88.16","","","","","","NA"
"-114.01","51.12","CALGARY INTL A","3031092","2025-10-07 22:00","2025","10","07","22:00","","14.2","","0.8","","40","","","","21","","12","","24.1","","88.12","","","","","","NA"
"-114.01","51.12","CALGARY INTL A","3031092","2025-10-07 23:00","2025","10","07","23:00","","12.9","","0.9","","44","","","","","","0","","24.1","","88.12","","","","","","Mainly Clear"
"-114.01","51.12","CALGARY INTL A","3031092","2025-10-08 00:00","2025","10","08","00:00","","12.4","","0.8","","45","","","","31","","4","","24.1","","88.11","","","","","","NA"
"-114.01","51.12","CALGARY INTL A","3031092","2025-10-08 01:00","2025","10","08","01:00","","8.7","","1.1","","59","","","","20","","5","","24.1","","88.12","","","","","","NA"
"-114.01","51.12","CALGARY INTL A","3031092","2025-10-08 02:00","2025","10","08","02:00","","10.0","","1.0","","54","","","","5","","4","","24.1","","88.16","","","","","","Mainly Clear"
"-114.01","51.12","CALGARY INTL A","3031092","2025-10-08 03:00","2025","10","08","03:00","","8.7","","0.4","","56","","","","34","","10","","24.1","","88.20","","","","","","NA"
"-114.01","51.12","CALGARY INTL A","3031092","2025-10-08 04:00","2025","10","08","04:00","","6.9","","2.6","","74","","","","35","","32","","24.1","","88.43","","","","","","NA"
"-114.01","51.12","CALGARY INTL A","3031092","2025-10-08 05:00","2025","10","08","05:00","","5.5","","2.1","","79","","","","36","","27","","24.1","","88.55","","","","","","Mainly Clear"
"-114.01","51.12","CALGARY INTL A","3031092","2025-10-08 06:00","2025","10","08","06:00","","4.5","","1.8","","83","","","","35","","21","","24.1","","88.59","","","","","","NA"
"-114.01","51.12","CALGARY INTL A","3031092","2025-10-08 07:00","2025","10","08","07:00","","4.1","","1.4","","82","","","","35","","10","","24.1","","88.68","","","","","","NA"
"-114.01","51.12","CALGARY INTL A","3031092","2025-10-08 08:00","2025","10","08","08:00","","5.3","","1.5","","76","","","","34","","14","","24.1","","88.77","","","","","","Mainly Clear"
"-114.01","51.12","CALGARY INTL A","3031092","2025-10-08 09:00","2025","10","08","09:00","","6.4","","0.2","","65","","","","1","","20","","24.1","","88.83","","","","","","NA"
"-114.01","51.12","CALGARY INTL A","3031092","2025-10-08 10:00","2025","10","08","10:00","","7.4","","-0.9","","56","","","","4","","11","","24.1","","88.85","","","","","","NA"
"-114.01","51.12","CALGARY INTL A","3031092","2025-10-08 11:00","2025","10","08","11:00","","8.6","","-1.1","","51","","","","4","","14","","24.1","","88.87","","","","","","Mainly Clear"
"-114.01","51.12","CALGARY INTL A","3031092","2025-10-08 12:00","2025","10","08","12:00","","8.9","","-1.0","","50","","","","34","","9","","32.2","","88.82","","","","","","NA"
"-114.01","51.12","CALGARY INTL A","3031092","2025-10-08 13:00","2025","10","08","13:00","","10.2","","-2.0","","42","","","","10","","8","","32.2","","88.80","","","","","","NA"
"-114.01","51.12","CALGARY INTL A","3031092","2025-10-08 14:00","2025","10","08","14:00","","11.3","","-2.9","","37","","","","1","","10","","24.1","","88.82","","","","","","Mainly Clear"
"-114.01","51.12","CALGARY INTL A","3031092","2025-10-08 15:00","2025","10","08","15:00","","11.2","","-2.9","","37","","","","3","","14","","24.1","","88.84","","","","","","NA"
"-114.01","51.12","CALGARY INTL A","3031092","2025-10-08 16:00","2025","10","08","16:00","","10.9","","-2.7","","38","","","","5","","8","","24.1","","88.89","","","","","","NA"
"-114.01","51.12","CALGARY INTL A","3031092","2025-10-08 17:00","2025","10","08","17:00","","10.2","","-2.7","","40","","","","6","","12","","24.1","","88.94","","","","","","Mostly Cloudy"
"-114.01","51.12","CALGARY INTL A","3031092","2025-10-08 18:00","2025","10","08","18:00","","8.2","","-1.8","","49","","","","7","","7","","24.1","","89.02","","","","","","NA"
"-114.01","51.12","CALGARY INTL A","3031092","2025-10-08 19:00","2025","10","08","19:00","","6.8","","-1.9","","54","","","","7","","8","","24.1","","89.10","","","","","","NA"
"-114.01","51.12","CALGARY INTL A","3031092","2025-10-08 20:00","2025","10","08","20:00","","6.4","","-1.8","","56","","","","3","","9","","24.1","","89.19","","","","","","Mainly Clear"
"-114.01","51.12","CALGARY INTL A","3031092","2025-10-08 21:00","2025","10","08","21:00","","5.3","","-2.2","","58","","","","34","","8","","24.1","","89.26","","","","","","NA"
"-114.01","51.12","CALGARY INTL A","3031092","2025-10-08 22:00","2025","10","08","22:00","","4.3","","-2.0","","64","","","","36","","10","","24.1","","89.34","","","","","","NA"
"-114.01","51.12","CALGARY INTL A","3031092","2025-10-08 23:00","2025","10","08","23:00","","3.7","","-1.9","","67","","","","36","","12","","24.1","","89.40","","","","","","Mainly Clear"
"-114.01","51.12","CALGARY INTL A","3031092","2025-10-09 00:00","2025","10","09","00:00","","2.8","","-2.2","","70","","","","36","","7","","24.1","","89.46","","","","","","NA"
"-114.01","51.12","CALGARY INTL A","3031092","2025-10-09 01:00","2025","10","09","01:00","","2.6","","-2.3","","71","","","","33","","8","","24.1","","89.52","","","","","","NA"
"-114.01","51.12","CALGARY INTL A","3031092","2025-10-09 02:00","2025","10","09","02:00","","1.8","","-2.4","","74","","","","","","0","","24.1","","89.56","","","","","","Clear"
"-114.01","51.12","CALGARY INTL A","3031092","2025-10-09 03:00","2025","10","09","03:00","","0.9","","-3.3","","74","","","","","","0","","24.1","","89.60","","","","","","NA"
"-114.01","51.12","CALGARY INTL A","3031092","2025-10-09 04:00","2025","10","09","04:00","","0.6","","-3.5","","74","","","","","","0","","24.1","","89.62","","","","","","NA"
"-114.01","51.12","CALGARY INTL A","3031092","2025-10-09 05:00","2025","10","09","05:00","","-0.1","","-3.6","","78","","","","","","0","","24.1","","89.68","","","","","","Clear"
"-114.01","51.12","CALGARY INTL A","3031092","2025-10-09 06:00","2025","10","09","06:00","","-0.6","","-4.0","","78","","","","33","","3","","24.1","","89.71","","","","-2","","NA"
"-114.01","51.12","CALGARY INTL A","3031092","2025-10-09 07:00","2025","10","09","07:00","","-0.1","","-3.7","","77","","","","19","","7","","48.3","","89.72","","","","-3","","NA"
"-114.01","51.12","CALGARY INTL A","3031092","2025-10-09 08:00","2025","10","09","08:00","","1.5","","-2.3","","76","","","","20","","10","","64.4","","89.75","","","","","","Clear"
"-114.01","51.12","CALGARY INTL A","3031092","2025-10-09 09:00","2025","10","09","09:00","","4.4","","-2.0","","63","","","","20","","10","","64.4","","89.78","","","","","","NA"
"-114.01","51.12","CALGARY INTL A","3031092","2025-10-09 10:00","2025","10","09","10:00","","6.9","","-1.9","","54","","","","17","","13","","64.4","","89.76","","","","","","NA"
"-114.01","51.12","CALGARY INTL A","3031092","2025-10-09 11:00","2025","10","09","11:00","","9.1","","-1.8","","46","","","","19","","20","","64.4","","89.76","","","","","","Clear"
"-114.01","51.12","CALGARY INTL A","3031092","2025-10-09 12:00","2025","10","09","12:00","","10.9","","-0.9","","44","","","","17","","23","","64.4","","89.73","","","","","","NA"
"-114.01","51.12","CALGARY INTL A","3031092","2025-10-09 13:00","2025","10","09","13:00","","12.6","","0.2","","42","","","","19","","22","","48.3","","89.66","","","","","","NA"
"-114.01","51.12","CALGARY INTL A","3031092","2025-10-09 14:00","2025","10","09","14:00","","14.3","","0.9","","40","","","","18","","23","","48.3","","89.59","","","","","","Clear"
"-114.01","51.12","CALGARY INTL A","3031092","2025-10-09 15:00","2025","10","09","15:00","","15.1","","0.8","","38","","","","17","","16","","48.3","","89.55","","","","","","NA"
"-114.01","51.12","CALGARY INTL A","3031092","2025-10-09 16:00","2025","10","09","16:00","","15.5","","1.4","","38","","","","18","","15","","48.3","","89.52","","","","","","NA"
"-114.01","51.12","CALGARY INTL A","3031092","2025-10-09 17:00","2025","10","09","17:00","","14.6","","1.8","","42","","","","18","","20","","32.2","","89.47","","","","","","Clear"
"-114.01","51.12","CALGARY INTL A","3031092","2025-10-09 18:00","2025","10","09","18:00","","11.9","","1.5","","49","","","","17","","17","","32.2","","89.49","","","","","","NA"
"-114.01","51.12","CALGARY INTL A","3031092","2025-10-09 19:00","2025","10","09","19:00","","10.5","","1.4","","53","","","","16","","9","","64.4","","89.54","","","","","","NA"
"-114.01","51.12","CALGARY INTL A","3031092","2025-10-09 20:00","2025","10","09","20:00","","9.4","","1.3","","57","","","","13","","7","","24.1","","89.57","","","","","","Clear"
"-114.01","51.12","CALGARY INTL A","3031092","2025-10-09 21:00","2025","10","09","21:00","","7.1","","0.7","","64","","","","15","","9","","24.1","","89.58","","","","","","NA"
"-114.01","51.12","CALGARY INTL A","3031092","2025-10-09 22:00","2025","10","09","22:00","","7.1","","0.7","","64","","","","17","","6","","24.1","","89.57","","","","","","NA"
"-114.01","51.12","CALGARY INTL A","3031092","2025-10-09 23:00","2025","10","09","23:00","","6.7","","1.0","","67","","","","19","","5","","24.1","","89.55","","","","","","Clear"
"-114.01","51.12","CALGARY INTL A","3031092","2025-10-10 00:00","2025","10","10","00:00","","4.0","","0.2","","76","","","","","","0","","24.1","","89.51","","","","","","NA"
"-114.01","51.12","CALGARY INTL A","3031092","2025-10-10 01:00","2025","10","10","01:00","","3.3","","-0.5","","76","","","","7","","3","","24.1","","89.47","","","","","","NA"
"-114.01","51.12","CALGARY INTL A","3031092","2025-10-10 02:00","2025","10","10","02:00","","3.5","","0.2","","79","","","","23","","5","","24.1","","89.42","","","","","","Clear"
"-114.01","51.12","CALGARY INTL A","3031092","2025-10-10 03:00","2025","10","10","03:00","","3.2","","0.6","","83","","","","22","","5","","24.1","","89.36","","","","","","NA"
"-114.01","51.12","CALGARY INTL A","3031092","2025-10-10 04:00","2025","10","10","04:00","","3.5","","0.6","","81","","","","21","","5","","24.1","","89.30","","","","","","NA"
"-114.01","51.12","CALGARY INTL A","3031092","2025-10-10 05:00","2025","10","10","05:00","","2.6","","-0.1","","83","","","","21","","8","","24.1","","89.25","","","","","","Clear"
"-114.01","51.12","CALGARY INTL A","3031092","2025-10-10 06:00","2025","10","10","06:00","","2.3","","-0.4","","83","","","","23","","5","","32.2","","89.20","","","","","","NA"
"-114.01","51.12","CALGARY INTL A","3031092","2025-10-10 07:00","2025","10","10","07:00","","2.6","","-0.4","","80","","","","20","","4","","64.4","","89.15","","","","","","NA"
"-114.01","51.12","CALGARY INTL A","3031092","2025-10-10 08:00","2025","10","10","08:00","","4.6","","0.3","","74","","","","22","","5","","64.4","","89.11","","","","","","Mainly Clear"
"-114.01","51.12","CALGARY INTL A","3031092","2025-10-10 09:00","2025","10","10","09:00","","7.8","","1.2","","63","","","","20","","6","","64.4","","89.03","","","","","","NA"
"-114.01","51.12","CALGARY INTL A","3031092","2025-10-10 10:00","2025","10","10","10:00","","10.6","","2.2","","56","","","","19","","8","","64.4","","88.96","","","","","","NA"
"-114.01","51.12","CALGARY INTL A","3031092","2025-10-10 11:00","2025","10","10","11:00","","14.2","","3.1","","47","","","","19","","18","","64.4","","88.88","","","","","","Mainly Clear"
"-114.01","51.12","CALGARY INTL A","3031092","2025-10-10 12:00","2025","10","10","12:00","","15.5","","3.6","","45","","","","17","","18","","64.4","","88.77","","","","","","NA"
"-114.01","51.12","CALGARY INTL A","3031092","2025-10-10 13:00","2025","10","10","13:00","","17.4","","3.6","","40","","","","16","","21","","48.3","","88.63","","","","","","NA"
"-114.01","51.12","CALGARY INTL A","3031092","2025-10-10 14:00","2025","10","10","14:00","","18.3","","3.7","","37","","","","17","","24","","48.3","","88.51","","","","","","Clear"
"-114.01","51.12","CALGARY INTL A","3031092","2025-10-10 15:00","2025","10","10","15:00","","19.2","","3.8","","35","","","","17","","21","","32.2","","88.39","","","","","","NA"
"-114.01","51.12","CALGARY INTL A","3031092","2025-10-10 16:00","2025","10","10","16:00","","17.5","","3.0","","38","","","","16","","22","","32.2","","88.31","","","","","","NA"
"-114.01","51.12","CALGARY INTL A","3031092","2025-10-10 17:00","2025","10","10","17:00","","16.4","","3.7","","42","","","","18","","21","","24.1","","88.22","","","","","","Mostly Cloudy"
"-114.01","51.12","CALGARY INTL A","3031092","2025-10-10 18:00","2025","10","10","18:00","","14.7","","3.8","","48","","","","17","","18","","24.1","","88.15","","","","","","NA"
"-114.01","51.12","CALGARY INTL A","3031092","2025-10-10 19:00","2025","10","10","19:00","","13.3","","4.0","","53","","","","20","","11","","32.2","","88.09","","","","","","NA"
"-114.01","51.12","CALGARY INTL A","3031092","2025-10-10 20:00","2025","10","10","20:00","","11.6","","3.9","","59","","","","17","","10","","24.1","","87.99","","","","","","Clear"
"-114.01","51.12","CALGARY INTL A","3031092","2025-10-10 21:00","2025","10","10","21:00","","9.8","","4.3","","68","","","","19","","11","","24.1","","87.94","","","","","","NA"
"-114.01","51.12","CALGARY INTL A","3031092","2025-10-10 22:00","2025","10","10","22:00","","9.1","","4.9","","75","","","","20","","13","","24.1","","87.84","","","","","","NA"
"-114.01","51.12","CALGARY INTL A","3031092","2025-10-10 23:00","2025","10","10","23:00","","11.8","","4.5","","61","","","","22","","17","","24.1","","87.79","","","","","","Mostly Cloudy"
"-114.01","51.12","CALGARY INTL A","3031092","2025-10-11 00:00","2025","10","11","00:00","","12.5","","3.7","","55","","","","23","","21","","24.1","","87.82","","","","","","NA"
"-114.01","51.12","CALGARY INTL A","3031092","2025-10-11 01:00","2025","10","11","01:00","","14.6","","2.8","","45","","","","23","","16","","24.1","","87.67","","","","","","NA"
"-114.01","51.12","CALGARY INTL A","3031092","2025-10-11 02:00","2025","10","11","02:00","","14.2","","3.2","","47","","","","21","","14","","24.1","","87.62","","","","","","Mostly Cloudy"
"-114.01","51.12","CALGARY INTL A","3031092","2025-10-11 03:00","2025","10","11","03:00","","12.8","","3.4","","53","","","","20","","18","","24.1","","87.50","","","","","","NA"
"-114.01","51.12","CALGARY INTL A","3031092","2025-10-11 04:00","2025","10","11","04:00","","11.2","","3.1","","57","","","","19","","12","","24.1","","87.49","","","","","","NA"
"-114.01","51.12","CALGARY INTL A","3031092","2025-10-11 05:00","2025","10","11","05:00","","9.5","","2.1","","60","","","","19","","10","","32.2","","87.46","","","","","","Clear"
"-114.01","51.12","CALGARY INTL A","3031092","2025-10-11 06:00","2025","10","11","06:00","","9.5","","1.8","","58","","","","20","","11","","32.2","","87.42","","","","","","NA"
"-114.01","51.12","CALGARY INTL A","3031092","2025-10-11 07:00","2025","10","11","07:00","","7.5","","1.0","","63","","","","15","","5","","48.3","","87.46","","","","","","NA"
"-114.01","51.12","CALGARY INTL A","3031092","2025-10-11 08:00","2025","10","11","08:00","","10.2","","-0.2","","48","","","","22","","10","","64.4","","87.47","","","","","","Mainly Clear"
"-114.01","51.12","CALGARY INTL A","3031092","2025-10-11 09:00","2025","10","11","09:00","","12.1","","0.5","","45","","","","","","0","","64.4","","87.47","","","","","","NA"
"-114.01","51.12","CALGARY INTL A","3031092","2025-10-11 10:00","2025","10","11","10:00","","16.2","","-2.3","","28","","","","29","","22","","64.4","","87.41","","","","","","NA"
"-114.01","51.12","CALGARY INTL A","3031092","2025-10-11 11:00","2025","10","11","11:00","","17.7","","-3.6","","23","","","","32","","18","","64.4","","87.37","","","","","","Mainly Clear"
"-114.01","51.12","CALGARY INTL A","3031092","2025-10-11 12:00","2025","10","11","12:00","","18.1","","-4.4","","21","","","","30","","14","","48.3","","87.36","","","","","","NA"
"-114.01","51.12","CALGARY INTL A","3031092","2025-10-11 13:00","2025","10","11","13:00","","18.3","","-3.8","","22","","","","25","","15","","48.3","","87.33","","","","","","NA"
"-114.01","51.12","CALGARY INTL A","3031092","2025-10-11 14:00","2025","10","11","14:00","","17.6","","-4.0","","23","","","","30","","25","","48.3","","87.33","","","","","","Mostly Cloudy"
"-114.01","51.12","CALGARY INTL A","3031092","2025-10-11 15:00","2025","10","11","15:00","","12.1","","4.8","","61","","","","35","","45","","8.1","","87.42","","","","","","Fog"
"-114.01","51.12","CALGARY INTL A","3031092","2025-10-11 16:00","2025","10","11","16:00","","6.3","","2.2","","75","","","","36","","50","","24.1","","87.64","","","","","","Rain Showers"
"-114.01","51.12","CALGARY INTL A","3031092","2025-10-11 17:00","2025","10","11","17:00","","4.8","","-0.9","","66","","","","36","","48","","24.1","","87.76","","","","","","Mostly Cloudy"
"-114.01","51.12","CALGARY INTL A","3031092","2025-10-11 18:00","2025","10","11","18:00","","3.6","","-1.6","","69","","","","35","","45","","24.1","","87.87","","","","","","NA"
"-114.01","51.12","CALGARY INTL A","3031092","2025-10-11 19:00","2025","10","11","19:00","","2.4","","-1.0","","78","","","","35","","38","","9.7","","87.95","","","","","","Snow,Fog"
"-114.01","51.12","CALGARY INTL A","3031092","2025-10-11 20:00","2025","10","11","20:00","","0.8","","-0.7","","90","","","","35","","39","","9.7","","88.00","","","","","","Snow,Fog"
"-114.01","51.12","CALGARY INTL A","3031092","2025-10-11 21:00","2025","10","11","21:00","","0.3","","-0.9","","92","","","","34","","29","","2.0","","88.09","","","","","","Snow,Fog"
"-114.01","51.12","CALGARY INTL A","3031092","2025-10-11 22:00","2025","10","11","22:00","","-0.2","","-2.1","","87","","","","35","","43","","9.7","","88.18","","","","-8","","Snow,Fog"
"-114.01","51.12","CALGARY INTL A","3031092","2025-10-11 23:00","2025","10","11","23:00","","-0.8","","-2.6","","88","","","","34","","32","","9.7","","88.25","","","","-8","","Snow,Fog"
"-114.01","51.12","CALGARY INTL A","3031092","2025-10-12 00:00","2025","10","12","00:00","","-0.9","","-2.8","","87","","","","34","","31","","4.0","","88.35","","","","-8","","Snow,Fog"
"-114.01","51.12","CALGARY INTL A","3031092","2025-10-12 01:00","2025","10","12","01:00","","-0.9","","-3.7","","82","","","","34","","27","","12.9","","88.39","","","","-7","","Snow"
"-114.01","51.12","CALGARY INTL A","3031092","2025-10-12 02:00","2025","10","12","02:00","","-1.0","","-3.8","","81","","","","33","","28","","12.9","","88.42","","","","-8","","Mostly Cloudy"
"-114.01","51.12","CALGARY INTL A","3031092","2025-10-12 03:00","2025","10","12","03:00","","-1.4","","-3.4","","86","","","","33","","28","","9.7","","88.45","","","","-8","","Snow,Fog"
"-114.01","51.12","CALGARY INTL A","3031092","2025-10-12 04:00","2025","10","12","04:00","","-1.5","","-4.0","","83","","","","34","","26","","16.1","","88.50","","","","-8","","NA"
"-114.01","51.12","CALGARY INTL A","3031092","2025-10-12 05:00","2025","10","12","05:00","","-1.5","","-4.1","","82","","","","34","","26","","16.1","","88.57","","","","-8","","Cloudy"
"-114.01","51.12","CALGARY INTL A","3031092","2025-10-12 06:00","2025","10","12","06:00","","-1.6","","-4.1","","83","","","","33","","24","","16.1","","88.61","","","","-8","","Snow"
"-114.01","51.12","CALGARY INTL A","3031092","2025-10-12 07:00","2025","10","12","07:00","","-1.5","","-4.0","","83","","","","34","","21","","24.1","","88.67","","","","-7","","NA"
"-114.01","51.12","CALGARY INTL A","3031092","2025-10-12 08:00","2025","10","12","08:00","","-1.4","","-3.9","","83","","","","34","","25","","14.5","","88.75","","","","-8","","Snow"
"-114.01","51.12","CALGARY INTL A","3031092","2025-10-12 09:00","2025","10","12","09:00","","-1.1","","-3.8","","82","","","","34","","21","","9.7","","88.82","","","","-7","","Snow,Fog"
"-114.01","51.12","CALGARY INTL A","3031092","2025-10-12 10:00","2025","10","12","10:00","","-0.8","","-3.4","","83","","","","35","","22","","6.4","","88.86","","","","-7","","Snow,Fog"
"-114.01","51.12","CALGARY INTL A","3031092","2025-10-12 11:00","2025","10","12","11:00","","-0.5","","-3.0","","83","","","","35","","28","","2.8","","88.90","","","","-7","","Snow,Fog"
"-114.01","51.12","CALGARY INTL A","3031092","2025-10-12 12:00","2025","10","12","12:00","","0.1","","-3.4","","77","","","","34","","25","","24.1","","88.93","","","","","","Snow"
"-114.01","51.12","CALGARY INTL A","3031092","2025-10-12 13:00","2025","10","12","13:00","","-1.0","","-3.0","","86","","","","1","","25","","1.2","","88.97","","","","-7","","Snow,Fog"
"-114.01","51.12","CALGARY INTL A","3031092","2025-10-12 14:00","2025","10","12","14:00","","1.0","","-5.9","","60","","","","36","","30","","24.1","","88.97","","","","","","Mostly Cloudy"
"-114.01","51.12","CALGARY INTL A","3031092","2025-10-12 15:00","2025","10","12","15:00","","0.3","","-5.5","","65","","","","3","","27","","24.1","","89.04","","","","","","NA"
"-114.01","51.12","CALGARY INTL A","3031092","2025-10-12 16:00","2025","10","12","16:00","","-0.4","","-6.9","","61","","","","2","","22","","24.1","","89.10","","","","-6","","NA"
"-114.01","51.12","CALGARY INTL A","3031092","2025-10-12 17:00","2025","10","12","17:00","","-1.2","","-6.8","","66","","","","4","","23","","24.1","","89.17","","","","-7","","Cloudy"
"-114.01","51.12","CALGARY INTL A","3031092","2025-10-12 18:00","2025","10","12","18:00","","-1.7","","-7.4","","65","","","","1","","20","","24.1","","89.21","","","","-7","","NA"
"-114.01","51.12","CALGARY INTL A","3031092","2025-10-12 19:00","2025","10","12","19:00","","-2.3","","-8.4","","63","","","","3","","20","","24.1","","89.25","","","","-8","","NA"
"-114.01","51.12","CALGARY INTL A","3031092","2025-10-12 20:00","2025","10","12","20:00","","-3.0","","-7.6","","71","","","","1","","10","","24.1","","89.32","","","","-7","","Mostly Cloudy"
"-114.01","51.12","CALGARY INTL A","3031092","2025-10-12 21:00","2025","10","12","21:00","","-3.1","","-7.8","","70","","","","3","","13","","24.1","","89.37","","","","-8","","NA"
"-114.01","51.12","CALGARY INTL A","3031092","2025-10-12 22:00","2025","10","12","22:00","","-3.4","","-7.7","","72","","","","36","","9","","24.1","","89.40","","","","-7","","NA"
"-114.01","51.12","CALGARY INTL A","3031092","2025-10-12 23:00","2025","10","12","23:00","","-3.2","","-8.2","","69","","","","1","","10","","24.1","","89.40","","","","-7","","Mostly Cloudy"
"-114.01","51.12","CALGARY INTL A","3031092","2025-10-13 00:00","2025","10","13","00:00","","-3.1","","-8.3","","68","","","","5","","7","","24.1","","89.45","","","","-6","","NA"
"-114.01","51.12","CALGARY INTL A","3031092","2025-10-13 01:00","2025","10","13","01:00","","-3.7","","-8.2","","71","","","","13","","3","","24.1","","89.47","","","","-5","","NA"
"-114.01","51.12","CALGARY INTL A","3031092","2025-10-13 02:00","2025","10","13","02:00","","-3.7","","-8.1","","72","","","","7","","4","","24.1","","89.51","","","","-5","","Mostly Cloudy"
"-114.01","51.12","CALGARY INTL A","3031092","2025-10-13 03:00","2025","10","13","03:00","","-4.6","","-7.9","","78","","","","11","","9","","9.7","","89.53","","","","-8","","Fog"
"-114.01","51.12","CALGARY INTL A","3031092","2025-10-13 04:00","2025","10","13","04:00","","-5.1","","-7.5","","83","","","","16","","7","","24.1","","89.54","","","","-8","","NA"
"-114.01","51.12","CALGARY INTL A","3031092","2025-10-13 05:00","2025","10","13","05:00","","-4.9","","-8.4","","77","","","","16","","10","","24.1","","89.54","","","","-9","","Mainly Clear"
"-114.01","51.12","CALGARY INTL A","3031092","2025-10-13 06:00","2025","10","13","06:00","","-5.3","","-8.7","","78","","","","19","","11","","24.1","","89.55","","","","-10","","NA"
"-114.01","51.12","CALGARY INTL A","3031092","2025-10-13 07:00","2025","10","13","07:00","","-5.7","","-9.1","","78","","","","20","","10","","24.1","","89.57","","","","-10","","NA"
"-114.01","51.12","CALGARY INTL A","3031092","2025-10-13 08:00","2025","10","13","08:00","","-4.8","","-8.6","","75","","","","17","","10","","24.1","","89.59","","","","-9","","Mainly Clear"
"-114.01","51.12","CALGARY INTL A","3031092","2025-10-13 09:00","2025","10","13","09:00","","-3.4","","-7.7","","72","","","","18","","16","","24.1","","89.58","","","","-9","","NA"
"-114.01","51.12","CALGARY INTL A","3031092","2025-10-13 10:00","2025","10","13","10:00","","-2.2","","-8.1","","64","","","","18","","21","","24.1","","89.60","","","","-8","","NA"
"-114.01","51.12","CALGARY INTL A","3031092","2025-10-13 11:00","2025","10","13","11:00","","-1.5","","-8.8","","58","","","","20","","19","","24.1","","89.57","","","","-7","","Mostly Cloudy"
"-114.01","51.12","CALGARY INTL A","3031092","2025-10-13 12:00","2025","10","13","12:00","","0.1","","-9.6","","48","","","","18","","23","","24.1","","89.53","","","","","","NA"
"-114.01","51.12","CALGARY INTL A","3031092","2025-10-13 13:00","2025","10","13","13:00","","-0.2","","-9.7","","49","","","","19","","21","","32.2","","89.48","","","","-6","","NA"
"-114.01","51.12","CALGARY INTL A","3031092","2025-10-13 14:00","2025","10","13","14:00","","-0.7","","-10.5","","48","","","","16","","21","","24.1","","89.46","","","","-6","","Mostly Cloudy"
"-114.01","51.12","CALGARY INTL A","3031092","2025-10-13 15:00","2025","10","13","15:00","","-0.3","","-9.9","","49","","","","17","","23","","32.2","","89.42","","","","-6","","NA"
"-114.01","51.12","CALGARY INTL A","3031092","2025-10-13 16:00","2025","10","13","16:00","","-0.5","","-9.3","","51","","","","17","","21","","32.2","","89.40","","","","-6","","NA"
"-114.01","51.12","CALGARY INTL A","3031092","2025-10-13 17:00","2025","10","13","17:00","","-0.8","","-9.6","","52","","","","16","","25","","24.1","","89.45","","","","-7","","Mostly Cloudy"
"-114.01","51.12","CALGARY INTL A","3031092","2025-10-13 18:00","2025","10","13","18:00","","-1.4","","-10.1","","52","","","","18","","18","","24.1","","89.47","","","","-7","","NA"
"-114.01","51.12","CALGARY INTL A","3031092","2025-10-13 19:00","2025","10","13","19:00","","-2.2","","-9.0","","60","","","","16","","21","","24.1","","89.45","","","","-8","","NA"
"-114.01","51.12","CALGARY INTL A","3031092","2025-10-13 20:00","2025","10","13","20:00","","-3.0","","-8.5","","66","","","","16","","21","","24.1","","89.47","","","","-9","","Mainly Clear"
"-114.01","51.12","CALGARY INTL A","3031092","2025-10-13 21:00","2025","10","13","21:00","","-2.8","","-8.4","","65","","","","17","","25","","24.1","","89.47","","","","-10","","NA"
"-114.01","51.12","CALGARY INTL A","3031092","2025-10-13 22:00","2025","10","13","22:00","","-3.1","","-8.1","","69","","","","18","","21","","24.1","","89.47","","","","-9","","NA"
"-114.01","51.12","CALGARY INTL A","3031092","2025-10-13 23:00","2025","10","13","23:00","","-3.8","","-7.8","","74","","","","17","","18","","24.1","","89.45","","","","-10","","Clear"
"-114.01","51.12","CALGARY INTL A","3031092","2025-10-14 00:00","2025","10","14","00:00","","-4.4","","-7.4","","80","","","","18","","20","","24.1","","89.42","","","","-11","","NA"
"-114.01","51.12","CALGARY INTL A","3031092","2025-10-14 01:00","2025","10","14","01:00","","-5.1","","-7.5","","84","","","","18","","13","","24.1","","89.39","","","","-10","","NA"
"-114.01","51.12","CALGARY INTL A","3031092","2025-10-14 02:00","2025","10","14","02:00","","-5.4","","-7.3","","87","","","","18","","14","","24.1","","89.35","","","","-11","","Clear"
"-114.01","51.12","CALGARY INTL A","3031092","2025-10-14 03:00","2025","10","14","03:00","","-5.5","","-7.5","","86","","","","20","","10","","24.1","","89.32","","","","-10","","NA"
"-114.01","51.12","CALGARY INTL A","3031092","2025-10-14 04:00","2025","10","14","04:00","","-5.6","","-7.3","","88","","","","20","","12","","24.1","","89.30","","","","-11","","NA"
"-114.01","51.12","CALGARY INTL A","3031092","2025-10-14 05:00","2025","10","14","05:00","","-5.5","","-7.1","","88","","","","21","","9","","24.1","","89.30","","","","-10","","Mainly Clear"
"-114.01","51.12","CALGARY INTL A","3031092","2025-10-14 06:00","2025","10","14","06:00","","-4.6","","-6.0","","90","","","","19","","19","","24.1","","89.31","","","","-11","","NA"
"-114.01","51.12","CALGARY INTL A","3031092","2025-10-14 07:00","2025","10","14","07:00","","-4.7","","-5.8","","92","","","","20","","16","","8.1","","89.30","","","","-10","","Fog"
"-114.01","51.12","CALGARY INTL A","3031092","2025-10-14 08:00","2025","10","14","08:00","","-4.2","","-5.5","","91","","","","18","","17","","64.4","","89.32","","","","-10","","Mainly Clear"
"-114.01","51.12","CALGARY INTL A","3031092","2025-10-14 09:00","2025","10","14","09:00","","-3.5","","-5.1","","88","","","","19","","21","","64.4","","89.35","","","","-10","","NA"
"-114.01","51.12","CALGARY INTL A","3031092","2025-10-14 10:00","2025","10","14","10:00","","-2.0","","-3.8","","87","","","","18","","21","","64.4","","89.36","","","","-8","","NA"
"-114.01","51.12","CALGARY INTL A","3031092","2025-10-14 11:00","2025","10","14","11:00","","0.5","","-4.4","","70","","","","18","","23","","64.4","","89.35","","","","","","Mainly Clear"
"-114.01","51.12","CALGARY INTL A","3031092","2025-10-14 12:00","2025","10","14","12:00","","2.6","","-4.2","","61","","","","18","","11","","64.4","","89.35","","","","","","NA"
"-114.01","51.12","CALGARY INTL A","3031092","2025-10-14 13:00","2025","10","14","13:00","","4.1","","-5.0","","52","","","","22","","11","","64.4","","89.33","","","","","","NA"
"-114.01","51.12","CALGARY INTL A","3031092","2025-10-14 14:00","2025","10","14","14:00","","5.5","","-4.8","","47","","","","20","","14","","64.4","","89.30","","","","","","Clear"
"-114.01","51.12","CALGARY INTL A","3031092","2025-10-14 15:00","2025","10","14","15:00","","6.4","","-5.1","","43","","","","19","","8","","64.4","","89.30","","","","","","NA"
"-114.01","51.12","CALGARY INTL A","3031092","2025-10-14 16:00","2025","10","14","16:00","","7.0","","-3.9","","46","","","","16","","12","","64.4","","89.32","","","","","","NA"
"-114.01","51.12","CALGARY INTL A","3031092","2025-10-14 17:00","2025","10","14","17:00","","5.8","","-3.2","","52","","","","15","","18","","64.4","","89.35","","","","","","Clear"
"-114.01","51.12","CALGARY INTL A","3031092","2025-10-14 18:00","2025","10","14","18:00","","3.5","","-3.1","","62","","","","16","","15","","64.4","","89.35","","","","","","NA"
"-114.01","51.12","CALGARY INTL A","3031092","2025-10-14 19:00","2025","10","14","19:00","","1.8","","-3.1","","70","","","","17","","16","","24.1","","89.37","","","","","","NA"
"-114.01","51.12","CALGARY INTL A","3031092","2025-10-14 20:00","2025","10","14","20:00","","0.5","","-3.2","","76","","","","18","","16","","24.1","","89.38","","","","","","Clear"
"-114.01","51.12","CALGARY INTL A","3031092","2025-10-14 21:00","2025","10","14","21:00","","0.1","","-3.2","","79","","","","19","","13","","24.1","","89.44","","","","","","NA"
"-114.01","51.12","CALGARY INTL A","3031092","2025-10-14 22:00","2025","10","14","22:00","","-1.1","","-3.7","","83","","","","19","","9","","24.1","","89.43","","","","-4","","NA"
"-114.01","51.12","CALGARY INTL A","3031092","2025-10-14 23:00","2025","10","14","23:00","","-1.2","","-3.3","","86","","","","20","","7","","24.1","","89.38","","","","-4","","Clear"
"-114.01","51.12","CALGARY INTL A","3031092","2025-10-15 00:00","2025","10","15","00:00","","-2.3","","-4.0","","88","","","","20","","8","","24.1","","89.31","","","","-5","","NA"
"-114.01","51.12","CALGARY INTL A","3031092","2025-10-15 01:00","2025","10","15","01:00","","-2.9","","-4.9","","86","","","","18","","8","","24.1","","89.27","","","","-6","","NA"
"-114.01","51.12","CALGARY INTL A","3031092","2025-10-15 02:00","2025","10","15","02:00","","-3.2","","-5.1","","87","","","","21","","8","","24.1","","89.24","","","","-6","","Clear"
"-114.01","51.12","CALGARY INTL A","3031092","2025-10-15 03:00","2025","10","15","03:00","","-3.1","","-5.3","","85","","","","20","","13","","24.1","","89.20","","","","-8","","NA"
"-114.01","51.12","CALGARY INTL A","3031092","2025-10-15 04:00","2025","10","15","04:00","","-2.7","","-4.9","","85","","","","22","","14","","24.1","","89.13","","","","-8","","NA"
"-114.01","51.12","CALGARY INTL A","3031092","2025-10-15 05:00","2025","10","15","05:00","","-3.0","","-5.8","","81","","","","22","","7","","24.1","","89.06","","","","-6","","Clear"
"-114.01","51.12","CALGARY INTL A","3031092","2025-10-15 06:00","2025","10","15","06:00","","-2.7","","-5.5","","82","","","","21","","12","","24.1","","89.03","","","","-7","","NA"
"-114.01","51.12","CALGARY INTL A","3031092","2025-10-15 07:00","2025","10","15","07:00","","-3.5","","-6.4","","80","","","","20","","10","","64.4","","88.99","","","","-7","","NA"
"-114.01","51.12","CALGARY INTL A","3031092","2025-10-15 08:00","2025","10","15","08:00","","-2.1","","-5.9","","75","","","","22","","13","","64.4","","88.97","","","","-7","","Clear"
"-114.01","51.12","CALGARY INTL A","3031092","2025-10-15 09:00","2025","10","15","09:00","","0.6","","-5.3","","65","","","","22","","9","","64.4","","88.94","","","","","","NA"
"-114.01","51.12","CALGARY INTL A","3031092","2025-10-15 10:00","2025","10","15","10:00","","3.5","","-4.4","","57","","","","21","","8","","64.4","","88.90","","","","","","NA"
"-114.01","51.12","CALGARY INTL A","3031092","2025-10-15 11:00","2025","10","15","11:00","","6.2","","-3.0","","52","","","","20","","7","","64.4","","88.89","","","","","","Clear"
"-114.01","51.12","CALGARY INTL A","3031092","2025-10-15 12:00","2025","10","15","12:00","","8.4","","-2.7","","45","","","","20","","8","","64.4","","88.86","","","","","","NA"
"-114.01","51.12","CALGARY INTL A","3031092","2025-10-15 13:00","2025","10","15","13:00","","10.7","","-3.0","","38","","","","16","","8","","64.4","","88.82","","","","","","NA"
"-114.01","51.12","CALGARY INTL A","3031092","2025-10-15 14:00","2025","10","15","14:00","","12.4","","-2.5","","35","","","","20","","4","","64.4","","88.78","","","","","","Mainly Clear"
"-114.01","51.12","CALGARY INTL A","3031092","2025-10-15 15:00","2025","10","15","15:00","","14.3","","-3.1","","30","","","","16","","7","","64.4","","88.75","","","","","","NA"
"-114.01","51.12","CALGARY INTL A","3031092","2025-10-15 16:00","2025","10","15","16:00","","15.0","","-11.9","","14","","","","36","","17","","64.4","","88.75","","","","","","NA"
"-114.01","51.12","CALGARY INTL A","3031092","2025-10-15 17:00","2025","10","15","17:00","","12.3","","-7.3","","25","","","","1","","17","","64.4","","88.76","","","","","","Mainly Clear"
"-114.01","51.12","CALGARY INTL A","3031092","2025-10-15 18:00","2025","10","15","18:00","","8.7","","-5.2","","37","","","","1","","10","","64.4","","88.81","","","","","","NA"
"-114.01","51.12","CALGARY INTL A","3031092","2025-10-15 19:00","2025","10","15","19:00","","7.0","","-5.2","","41","","","","36","","4","","24.1","","88.86","","","","","","NA"
"-114.01","51.12","CALGARY INTL A","3031092","2025-10-15 20:00","2025","10","15","20:00","","6.7","","-5.1","","43","","","","13","","4","","24.1","","88.89","","","","","","Mainly Clear"
"-114.01","51.12","CALGARY INTL A","3031092","2025-10-15 21:00","2025","10","15","21:00","","5.0","","-4.3","","51","","","","36","","6","","24.1","","88.91","","","","","","NA"
"-114.01","51.12","CALGARY INTL A","3031092","2025-10-15 22:00","2025","10","15","22:00","","3.6","","-3.9","","58","","","","2","","8","","24.1","","88.97","","","","","","NA"
"-114.01","51.12","CALGARY INTL A","3031092","2025-10-15 23:00","2025","10","15","23:00","","2.4","","-4.0","","62","","","","","","0","","24.1","","89.00","","","","","","Clear"
"-114.01","51.12","CALGARY INTL A","3031092","2025-10-16 00:00","2025","10","16","00:00","","1.1","","-4.5","","66","","","","","","0","","24.1","","89.01","","","","","","NA"
"-114.01","51.12","CALGARY INTL A","3031092","2025-10-16 01:00","2025","10","16","01:00","","1.7","","-3.8","","67","","","","","","0","","24.1","","89.00","","","","","","NA"
"-114.01","51.12","CALGARY INTL A","3031092","2025-10-16 02:00","2025","10","16","02:00","","1.1","","-3.3","","73","","","","","","0","","24.1","","89.01","","","","","","Clear"
"-114.01","51.12","CALGARY INTL A","3031092","2025-10-16 03:00","2025","10","16","03:00","","1.5","","-3.1","","71","","","","15","","5","","24.1","","88.98","","","","","","NA"
"-114.01","51.12","CALGARY INTL A","3031092","2025-10-16 04:00","2025","10","16","04:00","","0.4","","-3.4","","76","","","","10","","5","","24.1","","88.98","","","","","","NA"
"-114.01","51.12","CALGARY INTL A","3031092","2025-10-16 05:00","2025","10","16","05:00","","0.0","","-3.8","","75","","","","19","","7","","24.1","","88.94","","","","-2","","Clear"
"-114.01","51.12","CALGARY INTL A","3031092","2025-10-16 06:00","2025","10","16","06:00","","0.4","","-3.6","","75","","","","","","0","","24.1","","88.91","","","","","","NA"
"-114.01","51.12","CALGARY INTL A","3031092","2025-10-16 07:00","2025","10","16","07:00","","0.2","","-3.9","","74","","","","17","","4","","64.4","","88.89","","","","","","NA"
"-114.01","51.12","CALGARY INTL A","3031092","2025-10-16 08:00","2025","10","16","08:00","","1.0","","-3.0","","75","","","","21","","7","","64.4","","88.85","","","","","","Clear"
"-114.01","51.12","CALGARY INTL A","3031092","2025-10-16 09:00","2025","10","16","09:00","","5.5","","-2.7","","56","","","","21","","8","","64.4","","88.82","","","","","","NA"
"-114.01","51.12","CALGARY INTL A","3031092","2025-10-16 10:00","2025","10","16","10:00","","8.1","","-2.7","","47","","","","20","","9","","64.4","","88.72","","","","","","NA"
"-114.01","51.12","CALGARY INTL A","3031092","2025-10-16 11:00","2025","10","16","11:00","","11.7","","-3.0","","36","","","","18","","16","","64.4","","88.59","","","","","","Clear"
"-114.01","51.12","CALGARY INTL A","3031092","2025-10-16 12:00","2025","10","16","12:00","","13.5","","-2.7","","32","","","","18","","20","","64.4","","88.49","","","","","","NA"
"-114.01","51.12","CALGARY INTL A","3031092","2025-10-16 13:00","2025","10","16","13:00","","15.3","","-2.7","","29","","","","18","","22","","64.4","","88.35","","","","","","NA"
"-114.01","51.12","CALGARY INTL A","3031092","2025-10-16 14:00","2025","10","16","14:00","","15.9","","-2.1","","29","","","","17","","17","","64.4","","88.23","","","","","","Clear"
"-114.01","51.12","CALGARY INTL A","3031092","2025-10-16 15:00","2025","10","16","15:00","","17.1","","-1.6","","28","","","","19","","22","","64.4","","88.13","","","","","","NA"
"-114.01","51.12","CALGARY INTL A","3031092","2025-10-16 16:00","2025","10","16","16:00","","17.6","","-2.0","","26","","","","17","","23","","32.2","","88.06","","","","","","NA"
"-114.01","51.12","CALGARY INTL A","3031092","2025-10-16 17:00","2025","10","16","17:00","","14.8","","-1.8","","32","","","","21","","10","","48.3","","87.96","","","","","","Mostly Cloudy"
"-114.01","51.12","CALGARY INTL A","3031092","2025-10-16 18:00","2025","10","16","18:00","","14.6","","-2.8","","30","","","","","","0","","48.3","","87.94","","","","","","NA"
"-114.01","51.12","CALGARY INTL A","3031092","2025-10-16 19:00","2025","10","16","19:00","","16.5","","-7.0","","19","","","","27","","24","","24.1","","87.87","","","","","","NA"
"-114.01","51.12","CALGARY INTL A","3031092","2025-10-16 20:00","2025","10","16","20:00","","15.9","","-5.0","","23","","","","28","","36","","24.1","","87.82","","","","","","Clear"
"-114.01","51.12","CALGARY INTL A","3031092","2025-10-16 21:00","2025","10","16","21:00","","14.0","","-4.1","","28","","","","28","","18","","24.1","","87.84","","","","","","NA"
"-114.01","51.12","CALGARY INTL A","3031092","2025-10-16 22:00","2025","10","16","22:00","","12.2","","-3.5","","33","","","","26","","14","","24.1","","87.83","","","","","","NA"
"-114.01","51.12","CALGARY INTL A","3031092","2025-10-16 23:00","2025","10","16","23:00","","11.9","","-2.5","","36","","","","26","","13","","24.1","","87.83","","","","","","Clear"
"-114.01","51.12","CALGARY INTL A","3031092","2025-10-17 00:00","2025","10","17","00:00","","11.0","","-2.7","","38","","","","27","","16","","24.1","","87.82","","","","","","NA"
"-114.01","51.12","CALGARY INTL A","3031092","2025-10-17 01:00","2025","10","17","01:00","","11.6","","-3.8","","34","","","","27","","26","","24.1","","87.87","","","","","","NA"
"-114.01","51.12","CALGARY INTL A","3031092","2025-10-17 02:00","2025","10","17","02:00","","7.1","","-0.6","","58","","","","1","","32","","24.1","","88.02","","","","","","Clear"
"-114.01","51.12","CALGARY INTL A","3031092","2025-10-17 03:00","2025","10","17","03:00","","4.8","","-0.6","","68","","","","35","","16","","24.1","","88.09","","","","","","NA"
"-114.01","51.12","CALGARY INTL A","3031092","2025-10-17 04:00","2025","10","17","04:00","","3.6","","-0.8","","73","","","","35","","13","","24.1","","88.08","","","","","","NA"
"-114.01","51.12","CALGARY INTL A","3031092","2025-10-17 05:00","2025","10","17","05:00","","2.2","","-1.2","","78","","","","","","0","","24.1","","88.09","","","","","","Clear"
"-114.01","51.12","CALGARY INTL A","3031092","2025-10-17 06:00","2025","10","17","06:00","","2.3","","-1.0","","79","","","","19","","8","","24.1","","88.09","","","","","","NA"
"-114.01","51.12","CALGARY INTL A","3031092","2025-10-17 07:00","2025","10","17","07:00","","4.0","","-0.6","","72","","","","23","","9","","32.2","","88.05","","","","","","NA"
"-114.01","51.12","CALGARY INTL A","3031092","2025-10-17 08:00","2025","10","17","08:00","","4.5","","-0.7","","69","","","","25","","7","","64.4","","88.09","","","","","","Mostly Cloudy"
"-114.01","51.12","CALGARY INTL A","3031092","2025-10-17 09:00","2025","10","17","09:00","","2.7","","1.6","","92","","","","23","","26","","6.4","","88.07","","","","","","Rain,Fog"
"-114.01","51.12","CALGARY INTL A","3031092","2025-10-17 10:00","2025","10","17","10:00","","3.7","","1.6","","86","","","","20","","26","","48.3","","87.95","","","","","","NA"
"-114.01","51.12","CALGARY INTL A","3031092","2025-10-17 11:00","2025","10","17","11:00","","4.0","","1.5","","84","","","","22","","14","","48.3","","88.09","","","","","","Mostly Cloudy"
"-114.01","51.12","CALGARY INTL A","3031092","2025-10-17 12:00","2025","10","17","12:00","","5.2","","1.5","","77","","","","23","","6","","64.4","","88.01","","","","","","NA"
"-114.01","51.12","CALGARY INTL A","3031092","2025-10-17 13:00","2025","10","17","13:00","","6.2","","0.7","","68","","","","","","0","","64.4","","88.02","","","","","","NA"
"-114.01","51.12","CALGARY INTL A","3031092","2025-10-17 14:00","2025","10","17","14:00","","7.1","","-2.0","","52","","","","34","","18","","48.3","","88.07","","","","","","Mostly Cloudy"
"-114.01","51.12","CALGARY INTL A","3031092","2025-10-17 15:00","2025","10","17","15:00","","6.8","","-5.4","","41","","","","27","","14","","64.4","","88.08","","","","","","NA"
"-114.01","51.12","CALGARY INTL A","3031092","2025-10-17 16:00","2025","10","17","16:00","","7.2","","-5.8","","39","","","","","","0","","48.3","","88.08","","","","","","NA"
"-114.01","51.12","CALGARY INTL A","3031092","2025-10-17 17:00","2025","10","17","17:00","","5.7","","-3.9","","50","","","","33","","12","","24.1","","88.18","","","","","","Mostly Cloudy"
"-114.01","51.12","CALGARY INTL A","3031092","2025-10-17 18:00","2025","10","17","18:00","","5.4","","-4.8","","48","","","","21","","10","","48.3","","88.21","","","","","","NA"
"-114.01","51.12","CALGARY INTL A","3031092","2025-10-17 19:00","2025","10","17","19:00","","4.3","","-4.4","","53","","","","32","","4","","24.1","","88.31","","","","","","NA"
"-114.01","51.12","CALGARY INTL A","3031092","2025-10-17 20:00","2025","10","17","20:00","","4.2","","-3.9","","56","","","","22","","11","","24.1","","88.37","","","","","","Mainly Clear"
"-114.01","51.12","CALGARY INTL A","3031092","2025-10-17 21:00","2025","10","17","21:00","","2.8","","-4.9","","57","","","","30","","10","","24.1","","88.43","","","","","","NA"
"-114.01","51.12","CALGARY INTL A","3031092","2025-10-17 22:00","2025","10","17","22:00","","4.2","","-7.6","","42","","","","30","","16","","24.1","","88.49","","","","","","NA"
"-114.01","51.12","CALGARY INTL A","3031092","2025-10-17 23:00","2025","10","17","23:00","","5.2","","-8.6","","36","","","","29","","24","","24.1","","88.54","","","","","","Mostly Cloudy"
"-114.01","51.12","CALGARY INTL A","3031092","2025-10-18 00:00","2025","10","18","00:00","","5.8","","-8.9","","34","","","","28","","23","","24.1","","88.61","","","","","","NA"
"-114.01","51.12","CALGARY INTL A","3031092","2025-10-18 01:00","2025","10","18","01:00","","5.5","","-8.9","","35","","","","28","","26","","24.1","","88.68","","","","","","NA"
"-114.01","51.12","CALGARY INTL A","3031092","2025-10-18 02:00","2025","10","18","02:00","","5.0","","-8.8","","36","","","","27","","26","","24.1","","88.71","","","","","","Mostly Cloudy"
"-114.01","51.12","CALGARY INTL A","3031092","2025-10-18 03:00","2025","10","18","03:00","","4.7","","-9.1","","36","","","","27","","23","","24.1","","88.77","","","","","","NA"
"-114.01","51.12","CALGARY INTL A","3031092","2025-10-18 04:00","2025","10","18","04:00","","4.3","","-9.0","","37","","","","27","","19","","24.1","","88.82","","","","","","NA"
"-114.01","51.12","CALGARY INTL A","3031092","2025-10-18 05:00","2025","10","18","05:00","","3.7","","-9.3","","38","","","","26","","15","","24.1","","88.83","","","","","","Clear"
"-114.01","51.12","CALGARY INTL A","3031092","2025-10-18 06:00","2025","10","18","06:00","","3.4","","-9.4","","39","","","","26","","15","","24.1","","88.83","","","","","","NA"
"-114.01","51.12","CALGARY INTL A","3031092","2025-10-18 07:00","2025","10","18","07:00","","3.9","","-9.7","","37","","","","27","","15","","64.4","","88.85","","","","","","NA"
"-114.01","51.12","CALGARY INTL A","3031092","2025-10-18 08:00","2025","10","18","08:00","","3.9","","-9.3","","38","","","","25","","12","","64.4","","88.90","","","","","","Mostly Cloudy"
"-114.01","51.12","CALGARY INTL A","3031092","2025-10-18 09:00","2025","10","18","09:00","","5.8","","-9.7","","32","","","","27","","15","","64.4","","88.92","","","","","","NA"
"-114.01","51.12","CALGARY INTL A","3031092","2025-10-18 10:00","2025","10","18","10:00","","7.6","","-9.4","","29","","","","27","","19","","64.4","","88.89","","","","","","NA"
"-114.01","51.12","CALGARY INTL A","3031092","2025-10-18 11:00","2025","10","18","11:00","","9.3","","-8.9","","27","","","","28","","17","","64.4","","88.87","","","","","","Mostly Cloudy"
"-114.01","51.12","CALGARY INTL A","3031092","2025-10-18 12:00","2025","10","18","12:00","","10.2","","-10.7","","22","","","","20","","15","","64.4","","88.80","","","","","","NA"
"-114.01","51.12","CALGARY INTL A","3031092","2025-10-18 13:00","2025","10","18","13:00","","10.7","","-10.5","","21","","","","22","","14","","64.4","","88.71","","","","","","NA"
"-114.01","51.12","CALGARY INTL A","3031092","2025-10-18 14:00","2025","10","18","14:00","","10.3","","-10.3","","22","","","","28","","23","","64.4","","88.62","","","","","","Mostly Cloudy"
"-114.01","51.12","CALGARY INTL A","3031092","2025-10-18 15:00","2025","10","18","15:00","","10.1","","-9.6","","24","","","","29","","17","","64.4","","88.54","","","","","","NA"
"-114.01","51.12","CALGARY INTL A","3031092","2025-10-18 16:00","2025","10","18","16:00","","9.5","","-8.7","","27","","","","","","0","","64.4","","88.41","","","","","","NA"
"-114.01","51.12","CALGARY INTL A","3031092","2025-10-18 17:00","2025","10","18","17:00","","8.4","","-7.4","","32","","","","15","","9","","64.4","","88.39","","","","","","Cloudy"
"-114.01","51.12","CALGARY INTL A","3031092","2025-10-18 18:00","2025","10","18","18:00","","7.5","","-7.9","","33","","","","16","","6","","48.3","","88.28","","","","","","NA"
"-114.01","51.12","CALGARY INTL A","3031092","2025-10-18 19:00","2025","10","18","19:00","","6.5","","-7.3","","37","","","","20","","6","","24.1","","88.19","","","","","","NA"
"-114.01","51.12","CALGARY INTL A","3031092","2025-10-18 20:00","2025","10","18","20:00","","5.1","","-6.4","","43","","","","19","","9","","24.1","","88.09","","","","","","Mainly Clear"
"-114.01","51.12","CALGARY INTL A","3031092","2025-10-18 21:00","2025","10","18","21:00","","4.5","","-5.9","","47","","","","","","0","","24.1","","88.00","","","","","","NA"
"-114.01","51.12","CALGARY INTL A","3031092","2025-10-18 22:00","2025","10","18","22:00","","5.5","","-6.7","","41","","","","24","","7","","24.1","","87.91","","","","","","NA"
"-114.01","51.12","CALGARY INTL A","3031092","2025-10-18 23:00","2025","10","18","23:00","","5.4","","-7.0","","41","","","","22","","13","","24.1","","87.80","","","","","","Mostly Cloudy"
"-114.01","51.12","CALGARY INTL A","3031092","2025-10-19 00:00","2025","10","19","00:00","","4.2","","-6.5","","46","","","","","","0","","24.1","","87.70","","","","","","NA"
"-114.01","51.12","CALGARY INTL A","3031092","2025-10-19 01:00","2025","10","19","01:00","","2.9","","-5.3","","55","","","","19","","5","","24.1","","87.63","","","","","","NA"
"-114.01","51.12","CALGARY INTL A","3031092","2025-10-19 02:00","2025","10","19","02:00","","4.4","","-6.7","","44","","","","26","","4","","24.1","","87.53","","","","","","Mostly Cloudy"
"-114.01","51.12","CALGARY INTL A","3031092","2025-10-19 03:00","2025","10","19","03:00","","3.4","","-5.0","","54","","","","19","","9","","24.1","","87.43","","","","","","NA"
"-114.01","51.12","CALGARY INTL A","3031092","2025-10-19 04:00","2025","10","19","04:00","","4.0","","-5.1","","51","","","","9","","7","","24.1","","87.38","","","","","","NA"
"-114.01","51.12","CALGARY INTL A","3031092","2025-10-19 05:00","2025","10","19","05:00","","5.0","","-3.9","","52","","","","22","","9","","24.1","","87.27","","","","","","Mostly Cloudy"
"-114.01","51.12","CALGARY INTL A","3031092","2025-10-19 06:00","2025","10","19","06:00","","5.7","","-3.6","","51","","","","22","","9","","24.1","","87.24","","","","","","NA"
"-114.01","51.12","CALGARY INTL A","3031092","2025-10-19 07:00","2025","10","19","07:00","","6.9","","-2.6","","51","","","","12","","9","","48.3","","87.24","","","","","","NA"
"-114.01","51.12","CALGARY INTL A","3031092","2025-10-19 08:00","2025","10","19","08:00","","8.0","","-2.6","","47","","","","17","","9","","64.4","","87.26","","","","","","Mostly Cloudy"
"-114.01","51.12","CALGARY INTL A","3031092","2025-10-19 09:00","2025","10","19","09:00","","8.2","","-2.8","","46","","","","27","","16","","64.4","","87.28","","","","","","NA"
"-114.01","51.12","CALGARY INTL A","3031092","2025-10-19 10:00","2025","10","19","10:00","","9.3","","-2.6","","43","","","","24","","13","","64.4","","87.26","","","","","","NA"
"-114.01","51.12","CALGARY INTL A","3031092","2025-10-19 11:00","2025","10","19","11:00","","11.6","","-5.6","","30","","","","28","","39","","64.4","","87.28","","","","","","Mostly Cloudy"
"-114.01","51.12","CALGARY INTL A","3031092","2025-10-19 12:00","2025","10","19","12:00","","12.4","","-6.9","","25","","","","28","","35","","64.4","","87.29","","","","","","NA"
"-114.01","51.12","CALGARY INTL A","3031092","2025-10-19 13:00","2025","10","19","13:00","","9.8","","-3.0","","41","","","","36","","31","","64.4","","87.40","","","","","","NA"
"-114.01","51.12","CALGARY INTL A","3031092","2025-10-19 14:00","2025","10","19","14:00","","10.8","","-3.6","","36","","","","34","","23","","48.3","","87.48","","","","","","Mostly Cloudy"
"-114.01","51.12","CALGARY INTL A","3031092","2025-10-19 15:00","2025","10","19","15:00","","11.8","","-2.1","","38","","","","3","","15","","48.3","","87.51","","","","","","NA"
"-114.01","51.12","CALGARY INTL A","3031092","2025-10-19 16:00","2025","10","19","16:00","","11.6","","-8.1","","24","","","","30","","30","","48.3","","87.59","","","","","","NA"
"-114.01","51.12","CALGARY INTL A","3031092","2025-10-19 17:00","2025","10","19","17:00","","6.8","","0.6","","65","","","","1","","36","","24.1","","87.77","","","","","","Mostly Cloudy"
"-114.01","51.12","CALGARY INTL A","3031092","2025-10-19 18:00","2025","10","19","18:00","","4.7","","0.4","","74","","","","34","","12","","32.2","","87.84","","","","","","NA"
"-114.01","51.12","CALGARY INTL A","3031092","2025-10-19 19:00","2025","10","19","19:00","","4.6","","0.3","","74","","","","","","0","","24.1","","87.93","","","","","","NA"
"-114.01","51.12","CALGARY INTL A","3031092","2025-10-19 20:00","2025","10","19","20:00","","2.9","","-0.8","","77","","","","2","","16","","24.1","","88.04","","","","","","Mainly Clear"
"-114.01","51.12","CALGARY INTL A","3031092","2025-10-19 21:00","2025","10","19","21:00","","2.5","","-0.9","","78","","","","35","","14","","24.1","","88.16","","","","","","NA"
"-114.01","51.12","CALGARY INTL A","3031092","2025-10-19 22:00","2025","10","19","22:00","","2.4","","-0.4","","82","","","","35","","14","","24.1","","88.25","","","","","","NA"
"-114.01","51.12","CALGARY INTL A","3031092","2025-10-19 23:00","2025","10","19","23:00","","1.9","","-1.0","","81","","","","35","","13","","24.1","","88.31","","","","","","Mainly Clear"
"-114.01","51.12","CALGARY INTL A","3031092","2025-10-20 00:00","2025","10","20","00:00","","1.1","","-1.4","","83","","","","35","","11","","24.1","","88.36","","","","","","NA"
"-114.01","51.12","CALGARY INTL A","3031092","2025-10-20 01:00","2025","10","20","01:00","","1.3","","-1.8","","80","","","","34","","5","","24.1","","88.43","","","","","","NA"
"-114.01","51.12","CALGARY INTL A","3031092","2025-10-20 02:00","2025","10","20","02:00","","2.4","","-1.2","","77","","","","25","","7","","24.1","","88.49","","","","","","Mostly Cloudy"
"-114.01","51.12","CALGARY INTL A","3031092","2025-10-20 03:00","2025","10","20","03:00","","3.0","","-1.2","","74","","","","26","","8","","24.1","","88.56","","","","","","NA"
"-114.01","51.12","CALGARY INTL A","3031092","2025-10-20 04:00","2025","10","20","04:00","","3.4","","-1.5","","70","","","","28","","15","","24.1","","88.65","","","","","","NA"
"-114.01","51.12","CALGARY INTL A","3031092","2025-10-20 05:00","2025","10","20","05:00","","2.5","","-1.5","","75","","","","","","0","","24.1","","88.77","","","","","","Mainly Clear"
"-114.01","51.12","CALGARY INTL A","3031092","2025-10-20 06:00","2025","10","20","06:00","","3.7","","-2.6","","64","","","","32","","18","","24.1","","88.88","","","","","","NA"
"-114.01","51.12","CALGARY INTL A","3031092","2025-10-20 07:00","2025","10","20","07:00","","3.1","","-3.4","","62","","","","33","","18","","64.4","","88.95","","","","","","NA"
"-114.01","51.12","CALGARY INTL A","3031092","2025-10-20 08:00","2025","10","20","08:00","","2.9","","-3.5","","63","","","","34","","22","","64.4","","89.04","","","","","","Mainly Clear"
"-114.01","51.12","CALGARY INTL A","3031092","2025-10-20 09:00","2025","10","20","09:00","","4.0","","-3.3","","59","","","","33","","23","","64.4","","89.09","","","","","","NA"
"-114.01","51.12","CALGARY INTL A","3031092","2025-10-20 10:00","2025","10","20","10:00","","5.3","","-3.2","","54","","","","34","","20","","64.4","","89.13","","","","","","NA"
"-114.01","51.12","CALGARY INTL A","3031092","2025-10-20 11:00","2025","10","20","11:00","","6.4","","-3.6","","49","","","","35","","21","","64.4","","89.16","","","","","","Mainly Clear"
"-114.01","51.12","CALGARY INTL A","3031092","2025-10-20 12:00","2025","10","20","12:00","","7.0","","-4.2","","45","","","","","","0","","64.4","","89.14","","","","","","NA"
"-114.01","51.12","CALGARY INTL A","3031092","2025-10-20 13:00","2025","10","20","13:00","","8.2","","-4.1","","42","","","","16","","8","","64.4","","89.07","","","","","","NA"
"-114.01","51.12","CALGARY INTL A","3031092","2025-10-20 14:00","2025","10","20","14:00","","9.5","","-4.5","","37","","","","18","","16","","64.4","","89.03","","","","","","Mainly Clear"
"-114.01","51.12","CALGARY INTL A","3031092","2025-10-20 15:00","2025","10","20","15:00","","9.9","","-4.3","","36","","","","17","","21","","64.4","","88.99","","","","","","NA"
"-114.01","51.12","CALGARY INTL A","3031092","2025-10-20 16:00","2025","10","20","16:00","","9.1","","-3.3","","41","","","","18","","19","","64.4","","88.97","","","","","","NA"
"-114.01","51.12","CALGARY INTL A","3031092","2025-10-20 17:00","2025","10","20","17:00","","6.7","","-3.1","","49","","","","18","","14","","64.4","","88.93","","","","","","Mostly Cloudy"
"-114.01","51.12","CALGARY INTL A","3031092","2025-10-20 18:00","2025","10","20","18:00","","7.1","","-3.1","","48","","","","18","","3","","64.4","","88.94","","","","","","NA"
"-114.01","51.12","CALGARY INTL A","3031092","2025-10-20 19:00","2025","10","20","19:00","","5.7","","-3.9","","50","","","","15","","6","","24.1","","88.94","","","","","","NA"
"-114.01","51.12","CALGARY INTL A","3031092","2025-10-20 20:00","2025","10","20","20:00","","7.5","","-6.6","","36","","","","27","","11","","24.1","","88.90","","","","","","Mainly Clear"
"-114.01","51.12","CALGARY INTL A","3031092","2025-10-20 21:00","2025","10","20","21:00","","7.5","","-5.6","","39","","","","23","","20","","24.1","","88.88","","","","","","NA"
"-114.01","51.12","CALGARY INTL A","3031092","2025-10-20 22:00","2025","10","20","22:00","","8.2","","-5.2","","38","","","","21","","5","","24.1","","88.83","","","","","","NA"
"-114.01","51.12","CALGARY INTL A","3031092","2025-10-20 23:00","2025","10","20","23:00","","7.8","","-5.2","","39","","","","21","","10","","24.1","","88.73","","","","","","Mostly Cloudy"
"-114.01","51.12","CALGARY INTL A","3031092","2025-10-21 00:00","2025","10","21","00:00","","7.8","","-4.8","","41","","","","17","","3","","24.1","","88.70","","","","","","NA"
"-114.01","51.12","CALGARY INTL A","3031092","2025-10-21 01:00","2025","10","21","01:00","","7.0","","-4.5","","44","","","","26","","6","","24.1","","88.69","","","","","","NA"
"-114.01","51.12","CALGARY INTL A","3031092","2025-10-21 02:00","2025","10","21","02:00","","6.5","","-4.6","","45","","","","32","","9","","24.1","","88.73","","","","","","Mainly Clear"
"-114.01","51.12","CALGARY INTL A","3031092","2025-10-21 03:00","2025","10","21","03:00","","7.4","","-4.8","","42","","","","13","","5","","24.1","","88.71","","","","","","NA"
"-114.01","51.12","CALGARY INTL A","3031092","2025-10-21 04:00","2025","10","21","04:00","","8.1","","-4.8","","40","","","","33","","5","","24.1","","88.74","","","","","","NA"
"-114.01","51.12","CALGARY INTL A","3031092","2025-10-21 05:00","2025","10","21","05:00","","2.6","","-4.5","","60","","","","","","0","","24.1","","88.83","","","","","","Clear"
"-114.01","51.12","CALGARY INTL A","3031092","2025-10-21 06:00","2025","10","21","06:00","","1.8","","-5.2","","60","","","","1","","4","","24.1","","88.85","","","","","","NA"
"-114.01","51.12","CALGARY INTL A","3031092","2025-10-21 07:00","2025","10","21","07:00","","3.6","","-4.8","","54","","","","16","","5","","64.4","","88.87","","","","","","NA"
"-114.01","51.12","CALGARY INTL A","3031092","2025-10-21 08:00","2025","10","21","08:00","","4.6","","-4.3","","52","","","","17","","7","","64.4","","88.95","","","","","","Mainly Clear"
"-114.01","51.12","CALGARY INTL A","3031092","2025-10-21 09:00","2025","10","21","09:00","","8.2","","-4.1","","42","","","","23","","11","","64.4","","89.00","","","","","","NA"
"-114.01","51.12","CALGARY INTL A","3031092","2025-10-21 10:00","2025","10","21","10:00","","11.1","","-4.9","","32","","","","28","","19","","64.4","","89.02","","","","","","NA"
"-114.01","51.12","CALGARY INTL A","3031092","2025-10-21 11:00","2025","10","21","11:00","","12.2","","-6.5","","26","","","","27","","23","","64.4","","89.04","","","","","","Mainly Clear"
"-114.01","51.12","CALGARY INTL A","3031092","2025-10-21 12:00","2025","10","21","12:00","","13.0","","-6.9","","24","","","","28","","27","","64.4","","89.04","","","","","","NA"
"-114.01","51.12","CALGARY INTL A","3031092","2025-10-21 13:00","2025","10","21","13:00","","13.4","","-7.2","","23","","","","27","","25","","64.4","","88.99","","","","","","NA"
"-114.01","51.12","CALGARY INTL A","3031092","2025-10-21 14:00","2025","10","21","14:00","","13.3","","-7.3","","23","","","","27","","23","","64.4","","89.01","","","","","","Mainly Clear"
"-114.01","51.12","CALGARY INTL A","3031092","2025-10-21 15:00","2025","10","21","15:00","","13.4","","-7.4","","23","","","","27","","22","","64.4","","89.00","","","","","","NA"
"-114.01","51.12","CALGARY INTL A","3031092","2025-10-21 16:00","2025","10","21","16:00","","12.6","","-8.1","","23","","","","28","","30","","64.4","","89.02","","","","","","NA"
"-114.01","51.12","CALGARY INTL A","3031092","2025-10-21 17:00","2025","10","21","17:00","","11.4","","-7.7","","25","","","","28","","31","","64.4","","89.00","","","","","","Mostly Cloudy"
"-114.01","51.12","CALGARY INTL A","3031092","2025-10-21 18:00","2025","10","21","18:00","","10.1","","-7.2","","29","","","","28","","22","","64.4","","89.02","","","","","","NA"
"-114.01","51.12","CALGARY INTL A","3031092","2025-10-21 19:00","2025","10","21","19:00","","8.9","","-7.0","","32","","","","28","","23","","24.1","","89.05","","","","","","NA"
"-114.01","51.12","CALGARY INTL A","3031092","2025-10-21 20:00","2025","10","21","20:00","","8.8","","-6.9","","32","","","","29","","23","","24.1","","89.07","","","","","","Clear"
"-114.01","51.12","CALGARY INTL A","3031092","2025-10-21 21:00","2025","10","21","21:00","","8.1","","-6.7","","34","","","","30","","23","","24.1","","89.10","","","","","","NA"
"-114.01","51.12","CALGARY INTL A","3031092","2025-10-21 22:00","2025","10","21","22:00","","4.6","","-6.8","","43","","","","35","","7","","24.1","","89.15","","","","","","NA"
"-114.01","51.12","CALGARY INTL A","3031092","2025-10-21 23:00","2025","10","21","23:00","","3.7","","-6.6","","47","","","","2","","8","","24.1","","89.19","","","","","","Clear"
"-114.01","51.12","CALGARY INTL A","3031092","2025-10-22 00:00","2025","10","22","00:00","","2.2","","-6.6","","52","","","","2","","4","","24.1","","89.22","","","","","","NA"
"-114.01","51.12","CALGARY INTL A","3031092","2025-10-22 01:00","2025","10","22","01:00","","2.0","","-7.0","","51","","","","5","","6","","24.1","","89.24","","","","","","NA"
"-114.01","51.12","CALGARY INTL A","3031092","2025-10-22 02:00","2025","10","22","02:00","","0.9","","-7.0","","56","","","","31","","6","","24.1","","89.23","","","","","","Clear"
"-114.01","51.12","CALGARY INTL A","3031092","2025-10-22 03:00","2025","10","22","03:00","","0.1","","-6.8","","60","","","","6","","3","","24.1","","89.21","","","","","","NA"
"-114.01","51.12","CALGARY INTL A","3031092","2025-10-22 04:00","2025","10","22","04:00","","-0.3","","-6.5","","63","","","","20","","5","","24.1","","89.18","","","","-2","","NA"
"-114.01","51.12","CALGARY INTL A","3031092","2025-10-22 05:00","2025","10","22","05:00","","-1.7","","-7.1","","67","","","","","","0","","24.1","","89.17","","","","","","Clear"
"-114.01","51.12","CALGARY INTL A","3031092","2025-10-22 06:00","2025","10","22","06:00","","-2.4","","-7.4","","69","","","","14","","4","","24.1","","89.16","","","","-4","","NA"
"-114.01","51.12","CALGARY INTL A","3031092","2025-10-22 07:00","2025","10","22","07:00","","-1.2","","-6.3","","68","","","","","","0","","64.4","","89.12","","","","","","NA"
"-114.01","51.12","CALGARY INTL A","3031092","2025-10-22 08:00","2025","10","22","08:00","","-1.7","","-6.9","","68","","","","","","0","","64.4","","89.09","","","","","","Mostly Cloudy"
"-114.01","51.12","CALGARY INTL A","3031092","2025-10-22 09:00","2025","10","22","09:00","","2.6","","-4.9","","57","","","","","","0","","64.4","","89.05","","","","","","NA"
"-114.01","51.12","CALGARY INTL A","3031092","2025-10-22 10:00","2025","10","22","10:00","","6.1","","-4.9","","45","","","","17","","8","","64.4","","89.00","","","","","","NA"
"-114.01","51.12","CALGARY INTL A","3031092","2025-10-22 11:00","2025","10","22","11:00","","8.1","","-5.2","","38","","","","18","","18","","64.4","","88.92","","","","","","Mostly Cloudy"
"-114.01","51.12","CALGARY INTL A","3031092","2025-10-22 12:00","2025","10","22","12:00","","9.9","","-4.3","","36","","","","17","","15","","64.4","","88.86","","","","","","NA"
"-114.01","51.12","CALGARY INTL A","3031092","2025-10-22 13:00","2025","10","22","13:00","","11.9","","-4.5","","31","","","","17","","23","","64.4","","88.75","","","","","","NA"
"-114.01","51.12","CALGARY INTL A","3031092","2025-10-22 14:00","2025","10","22","14:00","","13.1","","-3.8","","31","","","","17","","17","","48.3","","88.66","","","","","","Mainly Clear"
"-114.01","51.12","CALGARY INTL A","3031092","2025-10-22 15:00","2025","10","22","15:00","","14.1","","-4.9","","26","","","","18","","18","","48.3","","88.61","","","","","","NA"
"-114.01","51.12","CALGARY INTL A","3031092","2025-10-22 16:00","2025","10","22","16:00","","13.7","","-4.0","","29","","","","19","","18","","48.3","","88.55","","","","","","NA"
"-114.01","51.12","CALGARY INTL A","3031092","2025-10-22 17:00","2025","10","22","17:00","","12.6","","-3.2","","33","","","","16","","7","","32.2","","88.48","","","","","","Mainly Clear"
"-114.01","51.12","CALGARY INTL A","3031092","2025-10-22 18:00","2025","10","22","18:00","","8.9","","-3.5","","41","","","","12","","8","","24.1","","88.39","","","","","","NA"
"-114.01","51.12","CALGARY INTL A","3031092","2025-10-22 19:00","2025","10","22","19:00","","7.0","","-2.9","","49","","","","11","","5","","24.1","","88.32","","","","","","NA"
"-114.01","51.12","CALGARY INTL A","3031092","2025-10-22 20:00","2025","10","22","20:00","","6.6","","-2.4","","52","","","","22","","3","","24.1","","88.30","","","","","","Mainly Clear"
"-114.01","51.12","CALGARY INTL A","3031092","2025-10-22 21:00","2025","10","22","21:00","","4.9","","-2.5","","58","","","","19","","8","","24.1","","88.24","","","","","","NA"
"-114.01","51.12","CALGARY INTL A","3031092","2025-10-22 22:00","2025","10","22","22:00","","3.1","","-3.2","","63","","","","9","","4","","24.1","","88.20","","","","","","NA"
"-114.01","51.12","CALGARY INTL A","3031092","2025-10-22 23:00","2025","10","22","23:00","","6.8","","-2.8","","50","","","","22","","17","","24.1","","88.22","","","","","","Mostly Cloudy"
"-114.01","51.12","CALGARY INTL A","3031092","2025-10-23 00:00","2025","10","23","00:00","","5.5","","-2.6","","56","","","","23","","8","","24.1","","88.23","","","","","","NA"
"-114.01","51.12","CALGARY INTL A","3031092","2025-10-23 01:00","2025","10","23","01:00","","11.8","","-3.0","","35","","","","28","","22","","24.1","","88.30","","","","","","NA"
"-114.01","51.12","CALGARY INTL A","3031092","2025-10-23 02:00","2025","10","23","02:00","","10.0","","-2.8","","40","","","","27","","20","","24.1","","88.33","","","","","","Clear"
"-114.01","51.12","CALGARY INTL A","3031092","2025-10-23 03:00","2025","10","23","03:00","","9.0","","-3.1","","42","","","","26","","12","","24.1","","88.44","","","","","","NA"
"-114.01","51.12","CALGARY INTL A","3031092","2025-10-23 04:00","2025","10","23","04:00","","9.4","","-5.9","","33","","","","28","","23","","24.1","","88.53","","","","","","NA"
"-114.01","51.12","CALGARY INTL A","3031092","2025-10-23 05:00","2025","10","23","05:00","","9.2","","-8.1","","29","","","","27","","24","","24.1","","88.64","","","","","","Clear"
"-114.01","51.12","CALGARY INTL A","3031092","2025-10-23 06:00","2025","10","23","06:00","","9.0","","-7.8","","30","","","","28","","30","","24.1","","88.70","","","","","","NA"
"-114.01","51.12","CALGARY INTL A","3031092","2025-10-23 07:00","2025","10","23","07:00","","8.9","","-7.8","","30","","","","27","","22","","64.4","","88.73","","","","","","NA"
"-114.01","51.12","CALGARY INTL A","3031092","2025-10-23 08:00","2025","10","23","08:00","","9.2","","-7.8","","29","","","","28","","26","","64.4","","88.77","","","","","","Mainly Clear"
"-114.01","51.12","CALGARY INTL A","3031092","2025-10-23 09:00","2025","10","23","09:00","","10.8","","-7.9","","26","","","","27","","19","","64.4","","88.77","","","","","","NA"
"-114.01","51.12","CALGARY INTL A","3031092","2025-10-23 10:00","2025","10","23","10:00","","12.4","","-8.7","","22","","","","27","","22","","64.4","","88.77","","","","","","NA"
"-114.01","51.12","CALGARY INTL A","3031092","2025-10-23 11:00","2025","10","23","11:00","","13.2","","-9.4","","20","","","","25","","13","","64.4","","88.74","","","","","","Mostly Cloudy"
"-114.01","51.12","CALGARY INTL A","3031092","2025-10-23 12:00","2025","10","23","12:00","","14.9","","-9.0","","18","","","","24","","12","","64.4","","88.74","","","","","","NA"
"-114.01","51.12","CALGARY INTL A","3031092","2025-10-23 13:00","2025","10","23","13:00","","15.1","","-7.6","","20","","","","26","","13","","64.4","","88.71","","","","","","NA"
"-114.01","51.12","CALGARY INTL A","3031092","2025-10-23 14:00","2025","10","23","14:00","","15.7","","-6.8","","21","","","","22","","13","","64.4","","88.64","","","","","","Mostly Cloudy"
"-114.01","51.12","CALGARY INTL A","3031092","2025-10-23 15:00","2025","10","23","15:00","","15.5","","-7.0","","21","","","","21","","16","","48.3","","88.59","","","","","","NA"
"-114.01","51.12","CALGARY INTL A","3031092","2025-10-23 16:00","2025","10","23","16:00","","15.3","","-6.4","","22","","","","27","","9","","48.3","","88.59","","","","","","NA"
"-114.01","51.12","CALGARY INTL A","3031092","2025-10-23 17:00","2025","10","23","17:00","","13.9","","-3.5","","30","","","","26","","14","","64.4","","88.57","","","","","","Cloudy"
"-114.01","51.12","CALGARY INTL A","3031092","2025-10-23 18:00","2025","10","23","18:00","","13.1","","-3.4","","32","","","","27","","18","","24.1","","88.53","","","","","","NA"
"-114.01","51.12","CALGARY INTL A","3031092","2025-10-23 19:00","2025","10","23","19:00","","11.3","","-3.0","","36","","","","17","","10","","24.1","","88.49","","","","","","NA"
"-114.01","51.12","CALGARY INTL A","3031092","2025-10-23 20:00","2025","10","23","20:00","","11.1","","-3.2","","37","","","","","","0","","24.1","","88.51","","","","","","Mostly Cloudy"
"-114.01","51.12","CALGARY INTL A","3031092","2025-10-23 21:00","2025","10","23","21:00","","12.5","","-2.7","","35","","","","28","","34","","24.1","","88.50","","","","","","NA"
"-114.01","51.12","CALGARY INTL A","3031092","2025-10-23 22:00","2025","10","23","22:00","","11.9","","-2.3","","37","","","","28","","11","","24.1","","88.49","","","","","","NA"
"-114.01","51.12","CALGARY INTL A","3031092","2025-10-23 23:00","2025","10","23","23:00","","11.0","","-2.2","","40","","","","23","","3","","24.1","","88.48","","","","","","Cloudy"
"-114.01","51.12","CALGARY INTL A","3031092","2025-10-24 00:00","2025","10","24","00:00","","11.2","","-1.9","","40","","","","24","","7","","24.1","","88.41","","","","","","NA"
"-114.01","51.12","CALGARY INTL A","3031092","2025-10-24 01:00","2025","10","24","01:00","","9.9","","-1.9","","44","","","","","","0","","24.1","","88.34","","","","","","NA"
"-114.01","51.12","CALGARY INTL A","3031092","2025-10-24 02:00","2025","10","24","02:00","","8.9","","-1.2","","49","","","","19","","17","","24.1","","88.34","","","","","","Mostly Cloudy"
"-114.01","51.12","CALGARY INTL A","3031092","2025-10-24 03:00","2025","10","24","03:00","","11.2","","-1.2","","42","","","","23","","19","","24.1","","88.27","","","","","","NA"
"-114.01","51.12","CALGARY INTL A","3031092","2025-10-24 04:00","2025","10","24","04:00","","12.9","","-1.9","","36","","","","28","","11","","24.1","","88.28","","","","","","NA"
"-114.01","51.12","CALGARY INTL A","3031092","2025-10-24 05:00","2025","10","24","05:00","","12.1","","-3.0","","35","","","","33","","15","","24.1","","88.32","","","","","","Mainly Clear"
"-114.01","51.12","CALGARY INTL A","3031092","2025-10-24 06:00","2025","10","24","06:00","","10.7","","-3.6","","36","","","","36","","9","","24.1","","88.27","","","","","","NA"
"-114.01","51.12","CALGARY INTL A","3031092","2025-10-24 07:00","2025","10","24","07:00","","9.0","","-1.4","","48","","","","22","","14","","64.4","","88.25","","","","","","NA"
"-114.01","51.12","CALGARY INTL A","3031092","2025-10-24 08:00","2025","10","24","08:00","","6.6","","-1.6","","56","","","","20","","8","","64.4","","88.24","","","","","","Mostly Cloudy"
"-114.01","51.12","CALGARY INTL A","3031092","2025-10-24 09:00","2025","10","24","09:00","","6.6","","-1.4","","56","","","","17","","15","","64.4","","88.23","","","","","","NA"
"-114.01","51.12","CALGARY INTL A","3031092","2025-10-24 10:00","2025","10","24","10:00","","8.9","","-1.1","","50","","","","21","","11","","64.4","","88.18","","","","","","NA"
"-114.01","51.12","CALGARY INTL A","3031092","2025-10-24 11:00","2025","10","24","11:00","","10.6","","-0.5","","46","","","","21","","8","","64.4","","88.08","","","","","","Mostly Cloudy"
"-114.01","51.12","CALGARY INTL A","3031092","2025-10-24 12:00","2025","10","24","12:00","","14.7","","-0.8","","34","","","","18","","13","","64.4","","87.98","","","","","","NA"
"-114.01","51.12","CALGARY INTL A","3031092","2025-10-24 13:00","2025","10","24","13:00","","18.0","","-3.6","","22","","","","17","","23","","64.4","","87.85","","","","","","NA"
"-114.01","51.12","CALGARY INTL A","3031092","2025-10-24 14:00","2025","10","24","14:00","","16.9","","-5.9","","20","","","","18","","31","","64.4","","87.80","","","","","","Mostly Cloudy"
"-114.01","51.12","CALGARY INTL A","3031092","2025-10-24 15:00","2025","10","24","15:00","","17.9","","-7.3","","17","","","","15","","35","","64.4","","87.66","","","","","","NA"
"-114.01","51.12","CALGARY INTL A","3031092","2025-10-24 16:00","2025","10","24","16:00","","19.5","","-10.1","","12","","","","21","","26","","64.4","","87.56","","","","","","NA"
"-114.01","51.12","CALGARY INTL A","3031092","2025-10-24 17:00","2025","10","24","17:00","","18.0","","-8.2","","16","","","","20","","21","","64.4","","87.54","","","","","","Mostly Cloudy"
"-114.01","51.12","CALGARY INTL A","3031092","2025-10-24 18:00","2025","10","24","18:00","","15.6","","-9.6","","17","","","","19","","28","","24.1","","87.48","","","","","","NA"
"-114.01","51.12","CALGARY INTL A","3031092","2025-10-24 19:00","2025","10","24","19:00","","13.2","","-10.2","","19","","","","19","","18","","24.1","","87.44","","","","","","NA"
"-114.01","51.12","CALGARY INTL A","3031092","2025-10-24 20:00","2025","10","24","20:00","","12.0","","-7.5","","25","","","","18","","25","","24.1","","87.36","","","","","","Mostly Cloudy"
"-114.01","51.12","CALGARY INTL A","3031092","2025-10-24 21:00","2025","10","24","21:00","","12.4","","-7.6","","24","","","","18","","34","","24.1","","87.35","","","","","","NA"
"-114.01","51.12","CALGARY INTL A","3031092","2025-10-24 22:00","2025","10","24","22:00","","11.8","","-7.6","","25","","","","17","","18","","24.1","","87.38","","","","","","NA"
"-114.01","51.12","CALGARY INTL A","3031092","2025-10-24 23:00","2025","10","24","23:00","","11.5","","-6.2","","28","","","","18","","12","","24.1","","87.32","","","","","","Mostly Cloudy"
"-114.01","51.12","CALGARY INTL A","3031092","2025-10-25 00:00","2025","10","25","00:00","","11.6","","-5.2","","30","","","","19","","17","","24.1","","87.28","","","","","","NA"
"-114.01","51.12","CALGARY INTL A","3031092","2025-10-25 01:00","2025","10","25","01:00","","12.3","","-4.3","","31","","","","21","","25","","24.1","","87.30","","","","","","NA"
"-114.01","51.12","CALGARY INTL A","3031092","2025-10-25 02:00","2025","10","25","02:00","","11.3","","-3.6","","35","","","","18","","25","","24.1","","87.26","","","","","","Clear"
"-114.01","51.12","CALGARY INTL A","3031092","2025-10-25 03:00","2025","10","25","03:00","","11.1","","-3.1","","37","","","","18","","16","","24.1","","87.27","","","","","","NA"
"-114.01","51.12","CALGARY INTL A","3031092","2025-10-25 04:00","2025","10","25","04:00","","10.8","","-2.0","","41","","","","21","","18","","24.1","","87.34","","","","","","NA"
"-114.01","51.12","CALGARY INTL A","3031092","2025-10-25 05:00","2025","10","25","05:00","","9.0","","0.6","","55","","","","25","","16","","24.1","","87.53","","","","","","Mostly Cloudy"
"-114.01","51.12","CALGARY INTL A","3031092","2025-10-25 06:00","2025","10","25","06:00","","7.1","","-2.0","","52","","","","20","","19","","24.1","","87.58","","","","","","NA"
"-114.01","51.12","CALGARY INTL A","3031092","2025-10-25 07:00","2025","10","25","07:00","","5.3","","-0.4","","67","","","","17","","24","","64.4","","87.63","","","","","","NA"
"-114.01","51.12","CALGARY INTL A","3031092","2025-10-25 08:00","2025","10","25","08:00","","8.6","","-7.0","","33","","","","25","","28","","64.4","","87.64","","","","","","Clear"
"-114.01","51.12","CALGARY INTL A","3031092","2025-10-25 09:00","2025","10","25","09:00","","10.2","","-9.9","","23","","","","27","","33","","64.4","","87.73","","","","","","NA"
"-114.01","51.12","CALGARY INTL A","3031092","2025-10-25 10:00","2025","10","25","10:00","","11.3","","-11.9","","18","","","","30","","37","","64.4","","87.83","","","","","","NA"
"-114.01","51.12","CALGARY INTL A","3031092","2025-10-25 11:00","2025","10","25","11:00","","12.0","","-11.3","","18","","","","33","","15","","64.4","","87.85","","","","","","Mainly Clear"
"-114.01","51.12","CALGARY INTL A","3031092","2025-10-25 12:00","2025","10","25","12:00","","12.8","","-12.1","","17","","","","27","","5","","64.4","","87.88","","","","","","NA"
"-114.01","51.12","CALGARY INTL A","3031092","2025-10-25 13:00","2025","10","25","13:00","","12.9","","-12.5","","16","","","","","","0","","64.4","","87.89","","","","","","NA"
"-114.01","51.12","CALGARY INTL A","3031092","2025-10-25 14:00","2025","10","25","14:00","","13.6","","-8.9","","20","","","","12","","18","","64.4","","87.83","","","","","","Mostly Cloudy"
"-114.01","51.12","CALGARY INTL A","3031092","2025-10-25 15:00","2025","10","25","15:00","","12.9","","-11.5","","17","","","","14","","32","","64.4","","87.85","","","","","","NA"
"-114.01","51.12","CALGARY INTL A","3031092","2025-10-25 16:00","2025","10","25","16:00","","11.9","","-10.0","","21","","","","12","","22","","64.4","","87.81","","","","","","NA"
"-114.01","51.12","CALGARY INTL A","3031092","2025-10-25 17:00","2025","10","25","17:00","","10.8","","-9.4","","23","","","","11","","23","","64.4","","87.73","","","","","","Mostly Cloudy"
"-114.01","51.12","CALGARY INTL A","3031092","2025-10-25 18:00","2025","10","25","18:00","","9.8","","-7.4","","29","","","","13","","23","","24.1","","87.68","","","","","","NA"
"-114.01","51.12","CALGARY INTL A","3031092","2025-10-25 19:00","2025","10","25","19:00","","9.0","","-5.7","","35","","","","13","","24","","24.1","","87.62","","","","","","NA"
"-114.01","51.12","CALGARY INTL A","3031092","2025-10-25 20:00","2025","10","25","20:00","","8.7","","-5.5","","36","","","","13","","20","","24.1","","87.53","","","","","","Mostly Cloudy"
"-114.01","51.12","CALGARY INTL A","3031092","2025-10-25 21:00","2025","10","25","21:00","","7.3","","-5.3","","40","","","","13","","19","","24.1","","87.42","","","","","","NA"
"-114.01","51.12","CALGARY INTL A","3031092","2025-10-25 22:00","2025","10","25","22:00","","6.7","","-3.6","","48","","","","13","","25","","24.1","","87.35","","","","","","NA"
"-114.01","51.12","CALGARY INTL A","3031092","2025-10-25 23:00","2025","10","25","23:00","","6.3","","-2.2","","54","","","","17","","16","","12.9","","87.33","","","","","","Rain"
"-114.01","51.12","CALGARY INTL A","3031092","2025-10-26 00:00","2025","10","26","00:00","","5.3","","-1.4","","62","","","","15","","10","","24.1","","87.28","","","","","","NA"
"-114.01","51.12","CALGARY INTL A","3031092","2025-10-26 01:00","2025","10","26","01:00","","5.2","","-1.3","","63","","","","","","0","","24.1","","87.23","","","","","","NA"
"-114.01","51.12","CALGARY INTL A","3031092","2025-10-26 02:00","2025","10","26","02:00","","5.2","","-1.7","","61","","","","20","","8","","24.1","","87.23","","","","","","Mostly Cloudy"
"-114.01","51.12","CALGARY INTL A","3031092","2025-10-26 03:00","2025","10","26","03:00","","5.1","","-1.3","","63","","","","","","0","","24.1","","87.23","","","","","","NA"
"-114.01","51.12","CALGARY INTL A","3031092","2025-10-26 04:00","2025","10","26","04:00","","4.6","","-3.0","","58","","","","22","","9","","24.1","","87.22","","","","","","NA"
"-114.01","51.12","CALGARY INTL A","3031092","2025-10-26 05:00","2025","10","26","05:00","","2.8","","-4.4","","59","","","","21","","8","","24.1","","87.23","","","","","","Clear"
"-114.01","51.12","CALGARY INTL A","3031092","2025-10-26 06:00","2025","10","26","06:00","","3.9","","-4.5","","54","","","","22","","10","","24.1","","87.22","","","","","","NA"
"-114.01","51.12","CALGARY INTL A","3031092","2025-10-26 07:00","2025","10","26","07:00","","1.2","","-5.1","","63","","","","18","","3","","48.3","","87.24","","","","","","NA"
"-114.01","51.12","CALGARY INTL A","3031092","2025-10-26 08:00","2025","10","26","08:00","","1.5","","-4.9","","62","","","","19","","5","","64.4","","87.24","","","","","","Mostly Cloudy"
"-114.01","51.12","CALGARY INTL A","3031092","2025-10-26 09:00","2025","10","26","09:00","","4.6","","-4.9","","50","","","","20","","8","","64.4","","87.26","","","","","","NA"
"-114.01","51.12","CALGARY INTL A","3031092","2025-10-26 10:00","2025","10","26","10:00","","6.8","","-7.0","","37","","","","25","","6","","64.4","","87.29","","","","","","NA"
"-114.01","51.12","CALGARY INTL A","3031092","2025-10-26 11:00","2025","10","26","11:00","","9.8","","-8.5","","27","","","","30","","34","","64.4","","87.29","","","","","","Mostly Cloudy"
"-114.01","51.12","CALGARY INTL A","3031092","2025-10-26 12:00","2025","10","26","12:00","","9.6","","-8.7","","27","","","","27","","24","","48.3","","87.34","","","","","","NA"
"-114.01","51.12","CALGARY INTL A","3031092","2025-10-26 13:00","2025","10","26","13:00","","10.2","","-9.4","","24","","","","27","","31","","48.3","","87.33","","","","","","NA"
"-114.01","51.12","CALGARY INTL A","3031092","2025-10-26 14:00","2025","10","26","14:00","","10.1","","-10.2","","23","","","","28","","40","","48.3","","87.37","","","","","","Mostly Cloudy"
"-114.01","51.12","CALGARY INTL A","3031092","2025-10-26 15:00","2025","10","26","15:00","","9.7","","-11.1","","22","","","","28","","33","","48.3","","87.40","","","","","","NA"
"-114.01","51.12","CALGARY INTL A","3031092","2025-10-26 16:00","2025","10","26","16:00","","9.1","","-9.9","","25","","","","28","","24","","32.2","","87.46","","","","","","NA"
"-114.01","51.12","CALGARY INTL A","3031092","2025-10-26 17:00","2025","10","26","17:00","","8.0","","-9.0","","29","","","","27","","26","","24.1","","87.51","","","","","","Mostly Cloudy"
"-114.01","51.12","CALGARY INTL A","3031092","2025-10-26 18:00","2025","10","26","18:00","","6.2","","-9.8","","31","","","","28","","23","","24.1","","87.57","","","","","","NA"
"-114.01","51.12","CALGARY INTL A","3031092","2025-10-26 19:00","2025","10","26","19:00","","5.6","","-11.1","","29","","","","27","","18","","24.1","","87.60","","","","","","NA"
"-114.01","51.12","CALGARY INTL A","3031092","2025-10-26 20:00","2025","10","26","20:00","","4.8","","-10.4","","32","","","","25","","11","","24.1","","87.65","","","","","","Mainly Clear"
"-114.01","51.12","CALGARY INTL A","3031092","2025-10-26 21:00","2025","10","26","21:00","","4.9","","-10.0","","33","","","","23","","11","","24.1","","87.68","","","","","","NA"
"-114.01","51.12","CALGARY INTL A","3031092","2025-10-26 22:00","2025","10","26","22:00","","4.5","","-10.6","","33","","","","25","","9","","24.1","","87.72","","","","","","NA"
"-114.01","51.12","CALGARY INTL A","3031092","2025-10-26 23:00","2025","10","26","23:00","","4.5","","-11.8","","30","","","","28","","12","","24.1","","87.76","","","","","","Mainly Clear"
"-114.01","51.12","CALGARY INTL A","3031092","2025-10-27 00:00","2025","10","27","00:00","","4.7","","-12.3","","28","","","","27","","21","","24.1","","87.77","","","","","","NA"
"-114.01","51.12","CALGARY INTL A","3031092","2025-10-27 01:00","2025","10","27","01:00","","3.6","","-12.3","","30","","","","25","","17","","24.1","","87.82","","","","","","NA"
"-114.01","51.12","CALGARY INTL A","3031092","2025-10-27 02:00","2025","10","27","02:00","","3.3","","-12.6","","30","","","","27","","17","","24.1","","87.88","","","","","","Clear"
"-114.01","51.12","CALGARY INTL A","3031092","2025-10-27 03:00","2025","10","27","03:00","","3.6","","-12.5","","30","","","","28","","22","","24.1","","87.91","","","","","","NA"
"-114.01","51.12","CALGARY INTL A","3031092","2025-10-27 04:00","2025","10","27","04:00","","3.8","","-12.0","","31","","","","28","","22","","24.1","","87.95","","","","","","NA"
"-114.01","51.12","CALGARY INTL A","3031092","2025-10-27 05:00","2025","10","27","05:00","","4.0","","-11.9","","30","","","","27","","18","","24.1","","88.03","","","","","","Mainly Clear"
"-114.01","51.12","CALGARY INTL A","3031092","2025-10-27 06:00","2025","10","27","06:00","","4.3","","-12.0","","29","","","","28","","22","","24.1","","88.09","","","","","","NA"
"-114.01","51.12","CALGARY INTL A","3031092","2025-10-27 07:00","2025","10","27","07:00","","3.8","","-12.1","","30","","","","28","","19","","64.4","","88.17","","","","","","NA"
"-114.01","51.12","CALGARY INTL A","3031092","2025-10-27 08:00","2025","10","27","08:00","","3.7","","-12.2","","30","","","","28","","25","","64.4","","88.27","","","","","","Mostly Cloudy"
"-114.01","51.12","CALGARY INTL A","3031092","2025-10-27 09:00","2025","10","27","09:00","","4.9","","-12.4","","27","","","","28","","31","","64.4","","88.34","","","","","","NA"
"-114.01","51.12","CALGARY INTL A","3031092","2025-10-27 10:00","2025","10","27","10:00","","4.9","","-12.6","","27","","","","28","","27","","64.4","","88.41","","","","","","NA"
"-114.01","51.12","CALGARY INTL A","3031092","2025-10-27 11:00","2025","10","27","11:00","","6.7","","-13.7","","22","","","","28","","32","","64.4","","88.48","","","","","","Mostly Cloudy"
"-114.01","51.12","CALGARY INTL A","3031092","2025-10-27 12:00","2025","10","27","12:00","","7.0","","-14.9","","20","","","","28","","28","","64.4","","88.54","","","","","","NA"
"-114.01","51.12","CALGARY INTL A","3031092","2025-10-27 13:00","2025","10","27","13:00","","6.8","","-15.0","","19","","","","28","","23","","64.4","","88.62","","","","","","NA"
"-114.01","51.12","CALGARY INTL A","3031092","2025-10-27 14:00","2025","10","27","14:00","","7.0","","-15.6","","18","","","","27","","30","","64.4","","88.68","","","","","","Mostly Cloudy"
"-114.01","51.12","CALGARY INTL A","3031092","2025-10-27 15:00","2025","10","27","15:00","","6.5","","-14.9","","20","","","","30","","28","","64.4","","88.80","","","","","","NA"
"-114.01","51.12","CALGARY INTL A","3031092","2025-10-27 16:00","2025","10","27","16:00","","6.6","","-15.1","","20","","","","30","","33","","64.4","","88.86","","","","","","NA"
"-114.01","51.12","CALGARY INTL A","3031092","2025-10-27 17:00","2025","10","27","17:00","","5.8","","-14.7","","21","","","","27","","30","","32.2","","88.96","","","","","","Mostly Cloudy"
"-114.01","51.12","CALGARY INTL A","3031092","2025-10-27 18:00","2025","10","27","18:00","","4.4","","-14.4","","24","","","","28","","23","","24.1","","89.05","","","","","","NA"
"-114.01","51.12","CALGARY INTL A","3031092","2025-10-27 19:00","2025","10","27","19:00","","3.4","","-14.3","","26","","","","28","","21","","24.1","","89.11","","","","","","NA"
"-114.01","51.12","CALGARY INTL A","3031092","2025-10-27 20:00","2025","10","27","20:00","","2.9","","-14.2","","28","","","","28","","22","","24.1","","89.20","","","","","","Clear"
"-114.01","51.12","CALGARY INTL A","3031092","2025-10-27 21:00","2025","10","27","21:00","","2.8","","-14.1","","28","","","","28","","21","","24.1","","89.28","","","","","","NA"
"-114.01","51.12","CALGARY INTL A","3031092","2025-10-27 22:00","2025","10","27","22:00","","2.5","","-13.9","","29","","","","28","","19","","24.1","","89.35","","","","","","NA"
"-114.01","51.12","CALGARY INTL A","3031092","2025-10-27 23:00","2025","10","27","23:00","","2.7","","-13.7","","29","","","","28","","26","","24.1","","89.38","","","","","","Clear"
"-114.01","51.12","CALGARY INTL A","3031092","2025-10-28 00:00","2025","10","28","00:00","","2.3","","-13.9","","29","","","","28","","23","","24.1","","89.43","","","","","","NA"
"-114.01","51.12","CALGARY INTL A","3031092","2025-10-28 01:00","2025","10","28","01:00","","1.8","","-14.0","","30","","","","27","","17","","24.1","","89.51","","","","","","NA"
"-114.01","51.12","CALGARY INTL A","3031092","2025-10-28 02:00","2025","10","28","02:00","","1.9","","-14.2","","29","","","","27","","18","","24.1","","89.57","","","","","","Clear"
"-114.01","51.12","CALGARY INTL A","3031092","2025-10-28 03:00","2025","10","28","03:00","","2.1","","-14.1","","29","","","","27","","22","","24.1","","89.64","","","","","","NA"
"-114.01","51.12","CALGARY INTL A","3031092","2025-10-28 04:00","2025","10","28","04:00","","1.8","","-13.9","","30","","","","27","","21","","24.1","","89.71","","","","","","NA"
"-114.01","51.12","CALGARY INTL A","3031092","2025-10-28 05:00","2025","10","28","05:00","","1.8","","-13.9","","30","","","","28","","18","","24.1","","89.75","","","","","","Clear"
"-114.01","51.12","CALGARY INTL A","3031092","2025-10-28 06:00","2025","10","28","06:00","","1.5","","-13.9","","31","","","","28","","13","","24.1","","89.77","","","","","","NA"
"-114.01","51.12","CALGARY INTL A","3031092","2025-10-28 07:00","2025","10","28","07:00","","-2.1","","-13.6","","42","","","","14","","6","","64.4","","89.83","","","","-4","","NA"
"-114.01","51.12","CALGARY INTL A","3031092","2025-10-28 08:00","2025","10","28","08:00","","-1.5","","-13.2","","41","","","","17","","11","","64.4","","89.89","","","","-5","","Clear"
"-114.01","51.12","CALGARY INTL A","3031092","2025-10-28 09:00","2025","10","28","09:00","","0.5","","-11.6","","40","","","","19","","8","","64.4","","89.93","","","","","","NA"
"-114.01","51.12","CALGARY INTL A","3031092","2025-10-28 10:00","2025","10","28","10:00","","3.9","","-12.8","","29","","","","23","","10","","64.4","","89.93","","","","","","NA"
"-114.01","51.12","CALGARY INTL A","3031092","2025-10-28 11:00","2025","10","28","11:00","","5.4","","-13.9","","24","","","","23","","10","","64.4","","89.94","","","","","","Clear"
"-114.01","51.12","CALGARY INTL A","3031092","2025-10-28 12:00","2025","10","28","12:00","","6.1","","-14.6","","21","","","","26","","5","","64.4","","89.88","","","","","","NA"
"-114.01","51.12","CALGARY INTL A","3031092","2025-10-28 13:00","2025","10","28","13:00","","6.9","","-14.2","","21","","","","17","","14","","64.4","","89.81","","","","","","NA"
"-114.01","51.12","CALGARY INTL A","3031092","2025-10-28 14:00","2025","10","28","14:00","","7.5","","-14.6","","19","","","","18","","18","","64.4","","89.73","","","","","","Mainly Clear"
"-114.01","51.12","CALGARY INTL A","3031092","2025-10-28 15:00","2025","10","28","15:00","","7.4","","-13.2","","22","","","","17","","18","","64.4","","89.67","","","","","","NA"
"-114.01","51.12","CALGARY INTL A","3031092","2025-10-28 16:00","2025","10","28","16:00","","6.0","","-13.3","","24","","","","15","","23","","64.4","","89.64","","","","","","NA"
"-114.01","51.12","CALGARY INTL A","3031092","2025-10-28 17:00","2025","10","28","17:00","","5.4","","-13.1","","25","","","","15","","24","","64.4","","89.55","","","","","","Cloudy"
"-114.01","51.12","CALGARY INTL A","3031092","2025-10-28 18:00","2025","10","28","18:00","","4.8","","-13.0","","26","","","","14","","23","","24.1","","89.46","","","","","","NA"
"-114.01","51.12","CALGARY INTL A","3031092","2025-10-28 19:00","2025","10","28","19:00","","4.5","","-12.1","","29","","","","16","","16","","24.1","","89.36","","","","","","NA"
"-114.01","51.12","CALGARY INTL A","3031092","2025-10-28 20:00","2025","10","28","20:00","","3.2","","-10.8","","35","","","","18","","13","","24.1","","89.29","","","","","","Mostly Cloudy"
"-114.01","51.12","CALGARY INTL A","3031092","2025-10-28 21:00","2025","10","28","21:00","","4.0","","-10.4","","35","","","","18","","18","","24.1","","89.17","","","","","","NA"
"-114.01","51.12","CALGARY INTL A","3031092","2025-10-28 22:00","2025","10","28","22:00","","3.8","","-9.7","","37","","","","20","","16","","24.1","","89.03","","","","","","NA"
"-114.01","51.12","CALGARY INTL A","3031092","2025-10-28 23:00","2025","10","28","23:00","","3.2","","-9.3","","40","","","","19","","11","","24.1","","88.94","","","","","","Mostly Cloudy"
"-114.01","51.12","CALGARY INTL A","3031092","2025-10-29 00:00","2025","10","29","00:00","","3.3","","-9.8","","38","","","","23","","11","","24.1","","88.85","","","","","","NA"
"-114.01","51.12","CALGARY INTL A","3031092","2025-10-29 01:00","2025","10","29","01:00","","1.9","","-8.9","","45","","","","21","","11","","24.1","","88.70","","","","","","NA"
"-114.01","51.12","CALGARY INTL A","3031092","2025-10-29 02:00","2025","10","29","02:00","","3.6","","-7.7","","44","","","","23","","13","","24.1","","88.56","","","","","","Mainly Clear"
"-114.01","51.12","CALGARY INTL A","3031092","2025-10-29 03:00","2025","10","29","03:00","","2.1","","-6.9","","52","","","","21","","8","","24.1","","88.43","","","","","","NA"
"-114.01","51.12","CALGARY INTL A","3031092","2025-10-29 04:00","2025","10","29","04:00","","5.0","","-3.8","","53","","","","18","","22","","24.1","","88.37","","","","","","NA"
"-114.01","51.12","CALGARY INTL A","3031092","2025-10-29 05:00","2025","10","29","05:00","","5.6","","-3.5","","52","","","","20","","21","","24.1","","88.23","","","","","","Clear"
"-114.01","51.12","CALGARY INTL A","3031092","2025-10-29 06:00","2025","10","29","06:00","","4.7","","-3.1","","57","","","","29","","13","","24.1","","88.44","","","","","","NA"
"-114.01","51.12","CALGARY INTL A","3031092","2025-10-29 07:00","2025","10","29","07:00","","6.1","","-3.9","","49","","","","35","","12","","24.1","","88.41","","","","","","NA"
"-114.01","51.12","CALGARY INTL A","3031092","2025-10-29 08:00","2025","10","29","08:00","","7.8","","-5.8","","37","","","","27","","20","","48.3","","88.39","","","","","","Mostly Cloudy"
"-114.01","51.12","CALGARY INTL A","3031092","2025-10-29 09:00","2025","10","29","09:00","","8.7","","-6.7","","33","","","","28","","18","","64.4","","88.44","","","","","","NA"
"-114.01","51.12","CALGARY INTL A","3031092","2025-10-29 10:00","2025","10","29","10:00","","9.7","","-8.0","","28","","","","28","","36","","64.4","","88.48","","","","","","NA"
"-114.01","51.12","CALGARY INTL A","3031092","2025-10-29 11:00","2025","10","29","11:00","","11.2","","-9.3","","23","","","","28","","43","","64.4","","88.55","","","","","","Mainly Clear"
"-114.01","51.12","CALGARY INTL A","3031092","2025-10-29 12:00","2025","10","29","12:00","","11.2","","-9.1","","23","","","","28","","37","","64.4","","88.67","","","","","","NA"
"-114.01","51.12","CALGARY INTL A","3031092","2025-10-29 13:00","2025","10","29","13:00","","11.1","","-9.0","","24","","","","28","","38","","64.4","","88.72","","","","","","NA"
"-114.01","51.12","CALGARY INTL A","3031092","2025-10-29 14:00","2025","10","29","14:00","","11.7","","-9.1","","23","","","","27","","31","","64.4","","88.80","","","","","","Mainly Clear"
"-114.01","51.12","CALGARY INTL A","3031092","2025-10-29 15:00","2025","10","29","15:00","","11.6","","-9.1","","23","","","","28","","36","","64.4","","88.84","","","","","","NA"
"-114.01","51.12","CALGARY INTL A","3031092","2025-10-29 16:00","2025","10","29","16:00","","10.6","","-8.5","","25","","","","28","","34","","64.4","","88.94","","","","","","NA"
"-114.01","51.12","CALGARY INTL A","3031092","2025-10-29 17:00","2025","10","29","17:00","","9.7","","-8.2","","27","","","","28","","19","","64.4","","89.05","","","","","","Mainly Clear"
"-114.01","51.12","CALGARY INTL A","3031092","2025-10-29 18:00","2025","10","29","18:00","","8.4","","-8.2","","30","","","","28","","28","","24.1","","89.14","","","","","","NA"
"-114.01","51.12","CALGARY INTL A","3031092","2025-10-29 19:00","2025","10","29","19:00","","7.4","","-7.7","","33","","","","28","","23","","24.1","","89.22","","","","","","NA"
"-114.01","51.12","CALGARY INTL A","3031092","2025-10-29 20:00","2025","10","29","20:00","","6.9","","-7.5","","35","","","","28","","26","","24.1","","89.29","","","","","","Mainly Clear"
"-114.01","51.12","CALGARY INTL A","3031092","2025-10-29 21:00","2025","10","29","21:00","","7.5","","-7.7","","33","","","","29","","27","","24.1","","89.36","","","","","","NA"
"-114.01","51.12","CALGARY INTL A","3031092","2025-10-29 22:00","2025","10","29","22:00","","7.7","","-8.0","","32","","","","29","","25","","24.1","","89.43","","","","","","NA"
"-114.01","51.12","CALGARY INTL A","3031092","2025-10-29 23:00","2025","10","29","23:00","","7.5","","-7.6","","33","","","","35","","26","","24.1","","89.52","","","","","","Mostly Cloudy"
"-114.01","51.12","CALGARY INTL A","3031092","2025-10-30 00:00","2025","10","30","00:00","","5.6","","-7.7","","38","","","","1","","10","","24.1","","89.57","","","","","","NA"
"-114.01","51.12","CALGARY INTL A","3031092","2025-10-30 01:00","2025","10","30","01:00","","5.4","","-7.2","","40","","","","20","","4","","24.1","","89.62","","","","","","NA"
"-114.01","51.12","CALGARY INTL A","3031092","2025-10-30 02:00","2025","10","30","02:00","","2.9","","-7.0","","48","","","","32","","8","","24.1","","89.69","","","","","","Mainly Clear"
"-114.01","51.12","CALGARY INTL A","3031092","2025-10-30 03:00","2025","10","30","03:00","","1.0","","-5.7","","61","","","","1","","17","","24.1","","89.76","","","","","","NA"
"-114.01","51.12","CALGARY INTL A","3031092","2025-10-30 04:00","2025","10","30","04:00","","-0.5","","-5.3","","70","","","","1","","19","","24.1","","89.79","","","","-6","","NA"
"-114.01","51.12","CALGARY INTL A","3031092","2025-10-30 05:00","2025","10","30","05:00","","-0.4","","-4.6","","73","","","","34","","12","","24.1","","89.81","","","","-4","","Clear"
"-114.01","51.12","CALGARY INTL A","3031092","2025-10-30 06:00","2025","10","30","06:00","","-1.6","","-6.1","","71","","","","35","","4","","24.1","","89.80","","","","-3","","NA"
"-114.01","51.12","CALGARY INTL A","3031092","2025-10-30 07:00","2025","10","30","07:00","","1.3","","-4.0","","68","","","","24","","7","","32.2","","89.82","","","","","","NA"
"-114.01","51.12","CALGARY INTL A","3031092","2025-10-30 08:00","2025","10","30","08:00","","1.8","","-3.7","","67","","","","24","","4","","64.4","","89.84","","","","","","Mostly Cloudy"
"-114.01","51.12","CALGARY INTL A","3031092","2025-10-30 09:00","2025","10","30","09:00","","1.9","","-3.6","","67","","","","35","","5","","64.4","","89.85","","","","","","NA"
"-114.01","51.12","CALGARY INTL A","3031092","2025-10-30 10:00","2025","10","30","10:00","","5.0","","-3.3","","55","","","","23","","7","","64.4","","89.85","","","","","","NA"
"-114.01","51.12","CALGARY INTL A","3031092","2025-10-30 11:00","2025","10","30","11:00","","6.5","","-3.2","","50","","","","21","","10","","64.4","","89.79","","","","","","Mainly Clear"
"-114.01","51.12","CALGARY INTL A","3031092","2025-10-30 12:00","2025","10","30","12:00","","7.6","","-3.9","","44","","","","21","","13","","64.4","","89.75","","","","","","NA"
"-114.01","51.12","CALGARY INTL A","3031092","2025-10-30 13:00","2025","10","30","13:00","","8.3","","-4.2","","41","","","","23","","14","","64.4","","89.66","","","","","","NA"
"-114.01","51.12","CALGARY INTL A","3031092","2025-10-30 14:00","2025","10","30","14:00","","8.7","","-4.6","","39","","","","30","","8","","64.4","","89.62","","","","","","Mostly Cloudy"
"-114.01","51.12","CALGARY INTL A","3031092","2025-10-30 15:00","2025","10","30","15:00","","9.7","","-5.1","","35","","","","35","","4","","48.3","","89.56","","","","","","NA"
"-114.01","51.12","CALGARY INTL A","3031092","2025-10-30 16:00","2025","10","30","16:00","","9.1","","-6.2","","33","","","","4","","15","","48.3","","89.56","","","","","","NA"
"-114.01","51.12","CALGARY INTL A","3031092","2025-10-30 17:00","2025","10","30","17:00","","5.6","","-5.8","","44","","","","8","","10","","48.3","","89.56","","","","","","Mostly Cloudy"
"-114.01","51.12","CALGARY INTL A","3031092","2025-10-30 18:00","2025","10","30","18:00","","4.0","","-6.1","","48","","","","8","","10","","24.1","","89.57","","","","","","NA"
"-114.01","51.12","CALGARY INTL A","3031092","2025-10-30 19:00","2025","10","30","19:00","","3.8","","-5.7","","50","","","","10","","10","","24.1","","89.59","","","","","","NA"
"-114.01","51.12","CALGARY INTL A","3031092","2025-10-30 20:00","2025","10","30","20:00","","1.6","","-5.6","","59","","","","35","","6","","24.1","","89.63","","","","","","Clear"
"-114.01","51.12","CALGARY INTL A","3031092","2025-10-30 21:00","2025","10","30","21:00","","0.5","","-6.5","","59","","","","","","0","","24.1","","89.63","","","","","","NA"
"-114.01","51.12","CALGARY INTL A","3031092","2025-10-30 22:00","2025","10","30","22:00","","-0.8","","-6.5","","66","","","","36","","3","","24.1","","89.58","","","","-2","","NA"
"-114.01","51.12","CALGARY INTL A","3031092","2025-10-30 23:00","2025","10","30","23:00","","-3.0","","-7.9","","69","","","","34","","3","","24.1","","89.58","","","","-4","","Clear"
"-114.01","51.12","CALGARY INTL A","3031092","2025-10-31 00:00","2025","10","31","00:00","","-3.7","","-8.2","","71","","","","","","0","","24.1","","89.54","","","","","","NA"
"-114.01","51.12","CALGARY INTL A","3031092","2025-10-31 01:00","2025","10","31","01:00","","-3.5","","-8.8","","67","","","","7","","5","","24.1","","89.54","","","","-6","","NA"
"-114.01","51.12","CALGARY INTL A","3031092","2025-10-31 02:00","2025","10","31","02:00","","-3.6","","-8.2","","71","","","","27","","3","","24.1","","89.45","","","","-5","","Clear"
"-114.01","51.12","CALGARY INTL A","3031092","2025-10-31 03:00","2025","10","31","03:00","","-3.8","","-7.8","","74","","","","22","","8","","24.1","","89.42","","","","-7","","NA"
"-114.01","51.12","CALGARY INTL A","3031092","2025-10-31 04:00","2025","10","31","04:00","","-3.0","","-7.2","","73","","","","20","","8","","24.1","","89.37","","","","-6","","NA"
"-114.01","51.12","CALGARY INTL A","3031092","2025-10-31 05:00","2025","10","31","05:00","","-4.2","","-7.7","","77","","","","20","","8","","24.1","","89.35","","","","-8","","Clear"
"-114.01","51.12","CALGARY INTL A","3031092","2025-10-31 06:00","2025","10","31","06:00","","-4.9","","-7.6","","81","","","","19","","10","","24.1","","89.29","","","","-9","","NA"
"-114.01","51.12","CALGARY INTL A","3031092","2025-10-31 07:00","2025","10","31","07:00","","-3.5","","-7.1","","76","","","","20","","11","","32.2","","89.22","","","","-8","","NA"
"-114.01","51.12","CALGARY INTL A","3031092","2025-10-31 08:00","2025","10","31","08:00","","-4.0","","-7.3","","78","","","","19","","8","","64.4","","89.16","","","","-7","","Mostly Cloudy"
"-114.01","51.12","CALGARY INTL A","3031092","2025-10-31 09:00","2025","10","31","09:00","","-2.4","","-5.9","","76","","","","20","","8","","64.4","","89.10","","","","-6","","NA"
"-114.01","51.12","CALGARY INTL A","3031092","2025-10-31 10:00","2025","10","31","10:00","","-0.5","","-5.7","","68","","","","19","","11","","64.4","","89.02","","","","-4","","NA"
"-114.01","51.12","CALGARY INTL A","3031092","2025-10-31 11:00","2025","10","31","11:00","","0.8","","-6.5","","58","","","","19","","13","","64.4","","88.93","","","","","","Cloudy"
"-114.01","51.12","CALGARY INTL A","3031092","2025-10-31 12:00","2025","10","31","12:00","","2.3","","-5.8","","55","","","","17","","19","","64.4","","88.79","","","","","","NA"
"-114.01","51.12","CALGARY INTL A","3031092","2025-10-31 13:00","2025","10","31","13:00","","3.7","","-5.8","","50","","","","18","","23","","64.4","","88.70","","","","","","NA"
"-114.01","51.12","CALGARY INTL A","3031092","2025-10-31 14:00","2025","10","31","14:00","","4.4","","-4.5","","53","","","","19","","15","","48.3","","88.63","","","","","","Cloudy"
"-114.01","51.12","CALGARY INTL A","3031092","2025-10-31 15:00","2025","10","31","15:00","","5.5","","-3.5","","52","","","","19","","12","","64.4","","88.56","","","","","","NA"
"-114.01","51.12","CALGARY INTL A","3031092","2025-10-31 16:00","2025","10","31","16:00","","6.0","","-4.1","","48","","","","23","","8","","64.4","","88.46","","","","","","NA"
"-114.01","51.12","CALGARY INTL A","3031092","2025-10-31 17:00","2025","10","31","17:00","","6.4","","-4.2","","47","","","","28","","4","","64.4","","88.32","","","","","","Cloudy"
"-114.01","51.12","CALGARY INTL A","3031092","2025-10-31 18:00","2025","10","31","18:00","","6.7","","-4.0","","46","","","","22","","10","","24.1","","88.16","","","","","","NA"
"-114.01","51.12","CALGARY INTL A","3031092","2025-10-31 19:00","2025","10","31","19:00","","6.2","","-3.8","","48","","","","19","","6","","24.1","","88.07","","","","","","NA"
"-114.01","51.12","CALGARY INTL A","3031092","2025-10-31 20:00","2025","10","31","20:00","","9.3","","-5.7","","34","","","","18","","12","","24.1","","88.01","","","","","","Mainly Clear"
"-114.01","51.12","CALGARY INTL A","3031092","2025-10-31 21:00","2025","10","31","21:00","","9.4","","-5.8","","34","","","","21","","13","","24.1","","87.93","","","","","","NA"
"-114.01","51.12","CALGARY INTL A","3031092","2025-10-31 22:00","2025","10","31","22:00","","9.4","","-5.3","","35","","","","19","","9","","24.1","","87.88","","","","","","NA"
"-114.01","51.12","CALGARY INTL A","3031092","2025-10-31 23:00","2025","10","31","23:00","","9.4","","-4.3","","38","","","","26","","5","","24.1","","87.89","","","","","","Mostly Cloudy"
