"Longitude (x)","Latitude (y)","Station Name","Climate ID","Date/Time (LST)","Year","Month","Day","Time (LST)","Flag","Temp (°C)","Temp Flag","Dew Point Temp (°C)","Dew Point Temp Flag","Rel Hum (%)","Rel Hum Flag","Precip. Amount (mm)","Precip. Amount Flag","Wind Dir (10s deg)","Wind Dir Flag","Wind Spd (km/h)","Wind Spd Flag","Visibility (km)","Visibility Flag","Stn Press (kPa)","Stn Press Flag","Hmdx","Hmdx Flag","Wind Chill","Wind Chill Flag","Weather"
"-114.01","51.12","CALGARY INTL A","3031092","2025-05-01 00:00","2025","05","01","00:00","","5.2","","-3.1","","55","","","","34","","9","","24.1","","89.17","","","","","","NA"
"-114.01","51.12","CALGARY INTL A","3031092","2025-05-01 01:00","2025","05","01","01:00","","4.8","","-3.6","","54","","","","34","","10","","24.1","","89.25","","","","","","NA"
"-114.01","51.12","CALGARY INTL A","3031092","2025-05-01 02:00","2025","05","01","02:00","","3.7","","-3.9","","58","","","","35","","8","","24.1","","89.31","","","","","","Clear"
"-114.01","51.12","CALGARY INTL A","3031092","2025-05-01 03:00","2025","05","01","03:00","","3.9","","-4.1","","56","","","","28","","5","","24.1","","89.34","","","","","","NA"
"-114.01","51.12","CALGARY INTL A","3031092","2025-05-01 04:00","2025","05","01","04:00","","2.7","","-4.6","","59","","","","27","","4","","24.1","","89.40","","","","","","NA"
"-114.01","51.12","CALGARY INTL A","3031092","2025-05-01 05:00","2025","05","01","05:00","","3.8","","-4.2","","56","","","","23","","8","","32.2","","89.41","","","","","","Clear"
"-114.01","51.12","CALGARY INTL A","3031092","2025-05-01 06:00","2025","05","01","06:00","","4.1","","-4.6","","53","","","","22","","10","","48.3","","89.44","","","","","","NA"
"-114.01","51.12","CALGARY INTL A","3031092","2025-05-01 07:00","2025","05","01","07:00","","7.5","","-4.7","","42","","","","22","","10","","64.4","","89.43","","","","","","NA"
"-114.01","51.12","CALGARY INTL A","3031092","2025-05-01 08:00","2025","05","01","08:00","","8.9","","-4.2","","39","","","","21","","11","","64.4","","89.42","","","","","","Clear"
"-114.01","51.12","CALGARY INTL A","3031092","2025-05-01 09:00","2025","05","01","09:00","","12.3","","-2.7","","35","","","","19","","18","","64.4","","89.38","","","","","","NA"
"-114.01","51.12","CALGARY INTL A","3031092","2025-05-01 10:00","2025","05","01","10:00","","14.1","","-3.9","","28","","","","18","","13","","64.4","","89.34","","","","","","NA"
"-114.01","51.12","CALGARY INTL A","3031092","2025-05-01 11:00","2025","05","01","11:00","","15.6","","-3.1","","27","","","","18","","18","","64.4","","89.30","","","","","","Clear"
"-114.01","51.12","CALGARY INTL A","3031092","2025-05-01 12:00","2025","05","01","12:00","","16.7","","-4.8","","22","","","","17","","18","","64.4","","89.22","","","","","","NA"
"-114.01","51.12","CALGARY INTL A","3031092","2025-05-01 13:00","2025","05","01","13:00","","17.5","","-5.9","","20","","","","16","","17","","64.4","","89.14","","","","","","NA"
"-114.01","51.12","CALGARY INTL A","3031092","2025-05-01 14:00","2025","05","01","14:00","","18.3","","-5.7","","19","","","","17","","10","","64.4","","89.09","","","","","","Mainly Clear"
"-114.01","51.12","CALGARY INTL A","3031092","2025-05-01 15:00","2025","05","01","15:00","","19.6","","-5.3","","18","","","","18","","23","","64.4","","89.02","","","","","","NA"
"-114.01","51.12","CALGARY INTL A","3031092","2025-05-01 16:00","2025","05","01","16:00","","19.9","","-4.8","","18","","","","14","","19","","64.4","","88.97","","","","","","NA"
"-114.01","51.12","CALGARY INTL A","3031092","2025-05-01 17:00","2025","05","01","17:00","","20.1","","-5.4","","17","","","","14","","23","","64.4","","88.91","","","","","","Mostly Cloudy"
"-114.01","51.12","CALGARY INTL A","3031092","2025-05-01 18:00","2025","05","01","18:00","","19.8","","-4.4","","19","","","","16","","19","","48.3","","88.88","","","","","","NA"
"-114.01","51.12","CALGARY INTL A","3031092","2025-05-01 19:00","2025","05","01","19:00","","18.6","","-4.9","","20","","","","14","","18","","32.2","","88.86","","","","","","NA"
"-114.01","51.12","CALGARY INTL A","3031092","2025-05-01 20:00","2025","05","01","20:00","","17.0","","-3.9","","24","","","","14","","23","","24.1","","88.84","","","","","","Mostly Cloudy"
"-114.01","51.12","CALGARY INTL A","3031092","2025-05-01 21:00","2025","05","01","21:00","","15.5","","-3.7","","26","","","","19","","7","","24.1","","88.88","","","","","","NA"
"-114.01","51.12","CALGARY INTL A","3031092","2025-05-01 22:00","2025","05","01","22:00","","12.3","","-3.2","","34","","","","17","","3","","24.1","","88.84","","","","","","NA"
"-114.01","51.12","CALGARY INTL A","3031092","2025-05-01 23:00","2025","05","01","23:00","","11.8","","-3.0","","35","","","","21","","5","","24.1","","88.82","","","","","","Mainly Clear"
"-114.01","51.12","CALGARY INTL A","3031092","2025-05-02 00:00","2025","05","02","00:00","","10.8","","-5.8","","31","","","","23","","8","","24.1","","88.81","","","","","","NA"
"-114.01","51.12","CALGARY INTL A","3031092","2025-05-02 01:00","2025","05","02","01:00","","11.1","","-6.5","","28","","","","28","","6","","24.1","","88.80","","","","","","NA"
"-114.01","51.12","CALGARY INTL A","3031092","2025-05-02 02:00","2025","05","02","02:00","","12.2","","-7.1","","25","","","","31","","6","","24.1","","88.78","","","","","","Clear"
"-114.01","51.12","CALGARY INTL A","3031092","2025-05-02 03:00","2025","05","02","03:00","","6.7","","-5.5","","42","","","","19","","4","","24.1","","88.77","","","","","","NA"
"-114.01","51.12","CALGARY INTL A","3031092","2025-05-02 04:00","2025","05","02","04:00","","5.7","","-5.4","","45","","","","7","","7","","24.1","","88.77","","","","","","NA"
"-114.01","51.12","CALGARY INTL A","3031092","2025-05-02 05:00","2025","05","02","05:00","","6.1","","-6.0","","42","","","","3","","4","","32.2","","88.76","","","","","","Mainly Clear"
"-114.01","51.12","CALGARY INTL A","3031092","2025-05-02 06:00","2025","05","02","06:00","","6.6","","-4.5","","45","","","","15","","4","","48.3","","88.75","","","","","","NA"
"-114.01","51.12","CALGARY INTL A","3031092","2025-05-02 07:00","2025","05","02","07:00","","12.1","","-2.9","","35","","","","9","","5","","64.4","","88.75","","","","","","NA"
"-114.01","51.12","CALGARY INTL A","3031092","2025-05-02 08:00","2025","05","02","08:00","","16.1","","-4.5","","24","","","","30","","3","","64.4","","88.73","","","","","","Clear"
"-114.01","51.12","CALGARY INTL A","3031092","2025-05-02 09:00","2025","05","02","09:00","","18.5","","-7.2","","17","","","","36","","12","","64.4","","88.70","","","","","","NA"
"-114.01","51.12","CALGARY INTL A","3031092","2025-05-02 10:00","2025","05","02","10:00","","18.6","","-7.7","","16","","","","8","","8","","64.4","","88.67","","","","","","NA"
"-114.01","51.12","CALGARY INTL A","3031092","2025-05-02 11:00","2025","05","02","11:00","","19.6","","-6.9","","16","","","","4","","9","","64.4","","88.63","","","","","","Clear"
"-114.01","51.12","CALGARY INTL A","3031092","2025-05-02 12:00","2025","05","02","12:00","","21.1","","-3.9","","18","","","","21","","7","","64.4","","88.58","","","","","","NA"
"-114.01","51.12","CALGARY INTL A","3031092","2025-05-02 13:00","2025","05","02","13:00","","21.9","","-6.2","","15","","","","20","","6","","64.4","","88.51","","","","","","NA"
"-114.01","51.12","CALGARY INTL A","3031092","2025-05-02 14:00","2025","05","02","14:00","","23.0","","-5.6","","14","","","","19","","16","","48.3","","88.46","","","","","","Clear"
"-114.01","51.12","CALGARY INTL A","3031092","2025-05-02 15:00","2025","05","02","15:00","","23.4","","-3.7","","16","","","","16","","10","","48.3","","88.41","","","","","","NA"
"-114.01","51.12","CALGARY INTL A","3031092","2025-05-02 16:00","2025","05","02","16:00","","23.8","","-4.0","","15","","","","19","","13","","48.3","","88.35","","","","","","NA"
"-114.01","51.12","CALGARY INTL A","3031092","2025-05-02 17:00","2025","05","02","17:00","","24.2","","-3.5","","15","","","","16","","14","","32.2","","88.29","","","","","","Clear"
"-114.01","51.12","CALGARY INTL A","3031092","2025-05-02 18:00","2025","05","02","18:00","","23.5","","-1.7","","18","","","","17","","14","","32.2","","88.26","","","","","","NA"
"-114.01","51.12","CALGARY INTL A","3031092","2025-05-02 19:00","2025","05","02","19:00","","22.1","","-4.1","","17","","","","19","","18","","64.4","","88.22","","","","","","NA"
"-114.01","51.12","CALGARY INTL A","3031092","2025-05-02 20:00","2025","05","02","20:00","","20.4","","-4.3","","18","","","","12","","8","","64.4","","88.25","","","","","","Clear"
"-114.01","51.12","CALGARY INTL A","3031092","2025-05-02 21:00","2025","05","02","21:00","","20.6","","-6.2","","16","","","","29","","7","","24.1","","88.27","","","","","","NA"
"-114.01","51.12","CALGARY INTL A","3031092","2025-05-02 22:00","2025","05","02","22:00","","17.9","","-5.3","","20","","","","28","","7","","24.1","","88.25","","","","","","NA"
"-114.01","51.12","CALGARY INTL A","3031092","2025-05-02 23:00","2025","05","02","23:00","","15.9","","-5.0","","23","","","","24","","7","","24.1","","88.26","","","","","","Clear"
"-114.01","51.12","CALGARY INTL A","3031092","2025-05-03 00:00","2025","05","03","00:00","","13.4","","-4.6","","28","","","","23","","5","","24.1","","88.27","","","","","","NA"
"-114.01","51.12","CALGARY INTL A","3031092","2025-05-03 01:00","2025","05","03","01:00","","11.5","","-3.8","","34","","","","16","","3","","24.1","","88.27","","","","","","NA"
"-114.01","51.12","CALGARY INTL A","3031092","2025-05-03 02:00","2025","05","03","02:00","","13.3","","-4.9","","28","","","","34","","13","","24.1","","88.28","","","","","","Clear"
"-114.01","51.12","CALGARY INTL A","3031092","2025-05-03 03:00","2025","05","03","03:00","","13.3","","-4.1","","29","","","","34","","15","","24.1","","88.28","","","","","","NA"
"-114.01","51.12","CALGARY INTL A","3031092","2025-05-03 04:00","2025","05","03","04:00","","10.8","","-3.9","","35","","","","35","","11","","24.1","","88.30","","","","","","NA"
"-114.01","51.12","CALGARY INTL A","3031092","2025-05-03 05:00","2025","05","03","05:00","","8.6","","-3.0","","44","","","","3","","5","","32.2","","88.31","","","","","","Clear"
"-114.01","51.12","CALGARY INTL A","3031092","2025-05-03 06:00","2025","05","03","06:00","","9.7","","-3.3","","40","","","","18","","3","","64.4","","88.34","","","","","","NA"
"-114.01","51.12","CALGARY INTL A","3031092","2025-05-03 07:00","2025","05","03","07:00","","12.7","","-2.5","","35","","","","","","0","","64.4","","88.35","","","","","","NA"
"-114.01","51.12","CALGARY INTL A","3031092","2025-05-03 08:00","2025","05","03","08:00","","15.3","","-1.6","","31","","","","","","0","","64.4","","88.34","","","","","","Clear"
"-114.01","51.12","CALGARY INTL A","3031092","2025-05-03 09:00","2025","05","03","09:00","","19.8","","-1.2","","24","","","","23","","10","","64.4","","88.32","","","","","","NA"
"-114.01","51.12","CALGARY INTL A","3031092","2025-05-03 10:00","2025","05","03","10:00","","21.9","","0.6","","24","","","","20","","11","","64.4","","88.26","","","","","","NA"
"-114.01","51.12","CALGARY INTL A","3031092","2025-05-03 11:00","2025","05","03","11:00","","22.5","","-1.9","","19","","","","13","","11","","64.4","","88.19","","","","","","Clear"
"-114.01","51.12","CALGARY INTL A","3031092","2025-05-03 12:00","2025","05","03","12:00","","23.5","","-1.5","","19","","","","17","","10","","64.4","","88.14","","","","","","NA"
"-114.01","51.12","CALGARY INTL A","3031092","2025-05-03 13:00","2025","05","03","13:00","","24.2","","-1.9","","17","","","","13","","18","","64.4","","88.05","","","","","","NA"
"-114.01","51.12","CALGARY INTL A","3031092","2025-05-03 14:00","2025","05","03","14:00","","25.3","","-1.8","","16","","","","12","","10","","64.4","","87.99","","","","","","Mostly Cloudy"
"-114.01","51.12","CALGARY INTL A","3031092","2025-05-03 15:00","2025","05","03","15:00","","24.4","","-1.4","","18","","","","18","","11","","64.4","","87.95","","","","","","NA"
"-114.01","51.12","CALGARY INTL A","3031092","2025-05-03 16:00","2025","05","03","16:00","","25.3","","-2.0","","16","","","","22","","20","","64.4","","87.89","","","","","","NA"
"-114.01","51.12","CALGARY INTL A","3031092","2025-05-03 17:00","2025","05","03","17:00","","25.3","","-2.1","","16","","","","21","","23","","64.4","","87.85","","","","","","Mainly Clear"
"-114.01","51.12","CALGARY INTL A","3031092","2025-05-03 18:00","2025","05","03","18:00","","24.3","","-2.6","","16","","","","24","","21","","48.3","","87.84","","","","","","NA"
"-114.01","51.12","CALGARY INTL A","3031092","2025-05-03 19:00","2025","05","03","19:00","","23.0","","-0.9","","20","","","","21","","26","","24.1","","87.84","","","","","","NA"
"-114.01","51.12","CALGARY INTL A","3031092","2025-05-03 20:00","2025","05","03","20:00","","21.3","","-0.4","","23","","","","21","","34","","16.1","","87.86","","","","","","Mainly Clear"
"-114.01","51.12","CALGARY INTL A","3031092","2025-05-03 21:00","2025","05","03","21:00","","17.7","","2.1","","35","","","","28","","17","","16.1","","87.95","","","","","","NA"
"-114.01","51.12","CALGARY INTL A","3031092","2025-05-03 22:00","2025","05","03","22:00","","15.8","","2.4","","40","","","","26","","13","","24.1","","87.99","","","","","","NA"
"-114.01","51.12","CALGARY INTL A","3031092","2025-05-03 23:00","2025","05","03","23:00","","15.3","","2.4","","41","","","","26","","7","","24.1","","88.02","","","","","","Mainly Clear"
"-114.01","51.12","CALGARY INTL A","3031092","2025-05-04 00:00","2025","05","04","00:00","","13.3","","1.9","","46","","","","18","","8","","24.1","","88.07","","","","","","NA"
"-114.01","51.12","CALGARY INTL A","3031092","2025-05-04 01:00","2025","05","04","01:00","","12.6","","5.0","","60","","","","36","","27","","24.1","","88.19","","","","","","NA"
"-114.01","51.12","CALGARY INTL A","3031092","2025-05-04 02:00","2025","05","04","02:00","","10.2","","5.6","","73","","","","35","","39","","16.1","","88.26","","","","","","Mostly Cloudy"
"-114.01","51.12","CALGARY INTL A","3031092","2025-05-04 03:00","2025","05","04","03:00","","6.9","","2.3","","73","","","","35","","39","","16.1","","88.38","","","","","","NA"
"-114.01","51.12","CALGARY INTL A","3031092","2025-05-04 04:00","2025","05","04","04:00","","6.5","","2.2","","74","","","","35","","41","","12.9","","88.50","","","","","","NA"
"-114.01","51.12","CALGARY INTL A","3031092","2025-05-04 05:00","2025","05","04","05:00","","5.8","","1.4","","73","","","","35","","28","","12.9","","88.61","","","","","","Cloudy"
"-114.01","51.12","CALGARY INTL A","3031092","2025-05-04 06:00","2025","05","04","06:00","","5.2","","-0.1","","69","","","","35","","29","","12.9","","88.70","","","","","","NA"
"-114.01","51.12","CALGARY INTL A","3031092","2025-05-04 07:00","2025","05","04","07:00","","4.6","","-1.2","","66","","","","34","","35","","24.1","","88.80","","","","","","NA"
"-114.01","51.12","CALGARY INTL A","3031092","2025-05-04 08:00","2025","05","04","08:00","","4.0","","-1.3","","68","","","","33","","27","","24.1","","88.89","","","","","","Cloudy"
"-114.01","51.12","CALGARY INTL A","3031092","2025-05-04 09:00","2025","05","04","09:00","","5.2","","-2.6","","57","","","","33","","28","","24.1","","88.85","","","","","","Rain"
"-114.01","51.12","CALGARY INTL A","3031092","2025-05-04 10:00","2025","05","04","10:00","","7.1","","-4.1","","45","","","","32","","26","","32.2","","88.85","","","","","","NA"
"-114.01","51.12","CALGARY INTL A","3031092","2025-05-04 11:00","2025","05","04","11:00","","6.8","","-3.3","","49","","","","32","","14","","32.2","","88.87","","","","","","Rain"
"-114.01","51.12","CALGARY INTL A","3031092","2025-05-04 12:00","2025","05","04","12:00","","7.2","","-2.1","","52","","","","23","","6","","32.2","","88.88","","","","","","Rain"
"-114.01","51.12","CALGARY INTL A","3031092","2025-05-04 13:00","2025","05","04","13:00","","8.6","","-4.5","","39","","","","33","","22","","32.2","","88.87","","","","","","Rain"
"-114.01","51.12","CALGARY INTL A","3031092","2025-05-04 14:00","2025","05","04","14:00","","9.0","","-3.4","","42","","","","35","","12","","32.2","","88.88","","","","","","Cloudy"
"-114.01","51.12","CALGARY INTL A","3031092","2025-05-04 15:00","2025","05","04","15:00","","9.4","","-2.4","","43","","","","20","","11","","24.1","","88.88","","","","","","NA"
"-114.01","51.12","CALGARY INTL A","3031092","2025-05-04 16:00","2025","05","04","16:00","","9.3","","-3.3","","41","","","","28","","16","","32.2","","88.88","","","","","","NA"
"-114.01","51.12","CALGARY INTL A","3031092","2025-05-04 17:00","2025","05","04","17:00","","9.4","","-2.4","","43","","","","27","","13","","24.1","","88.90","","","","","","Cloudy"
"-114.01","51.12","CALGARY INTL A","3031092","2025-05-04 18:00","2025","05","04","18:00","","9.7","","-2.0","","44","","","","29","","24","","24.1","","88.92","","","","","","NA"
"-114.01","51.12","CALGARY INTL A","3031092","2025-05-04 19:00","2025","05","04","19:00","","8.9","","-2.6","","44","","","","32","","22","","16.1","","89.00","","","","","","NA"
"-114.01","51.12","CALGARY INTL A","3031092","2025-05-04 20:00","2025","05","04","20:00","","8.6","","-3.9","","41","","","","33","","19","","24.1","","89.08","","","","","","Mostly Cloudy"
"-114.01","51.12","CALGARY INTL A","3031092","2025-05-04 21:00","2025","05","04","21:00","","7.9","","-3.9","","43","","","","34","","9","","16.1","","89.16","","","","","","NA"
"-114.01","51.12","CALGARY INTL A","3031092","2025-05-04 22:00","2025","05","04","22:00","","7.2","","-3.3","","47","","","","31","","16","","16.1","","89.24","","","","","","NA"
"-114.01","51.12","CALGARY INTL A","3031092","2025-05-04 23:00","2025","05","04","23:00","","6.4","","-4.2","","47","","","","31","","19","","16.1","","89.31","","","","","","Mostly Cloudy"
"-114.01","51.12","CALGARY INTL A","3031092","2025-05-05 00:00","2025","05","05","00:00","","6.4","","-5.7","","42","","","","33","","28","","16.1","","89.38","","","","","","NA"
"-114.01","51.12","CALGARY INTL A","3031092","2025-05-05 01:00","2025","05","05","01:00","","6.5","","-7.2","","37","","","","32","","20","","16.1","","89.46","","","","","","NA"
"-114.01","51.12","CALGARY INTL A","3031092","2025-05-05 02:00","2025","05","05","02:00","","4.2","","-4.5","","53","","","","29","","11","","24.1","","89.52","","","","","","Mainly Clear"
"-114.01","51.12","CALGARY INTL A","3031092","2025-05-05 03:00","2025","05","05","03:00","","3.6","","-6.2","","49","","","","33","","16","","24.1","","89.57","","","","","","NA"
"-114.01","51.12","CALGARY INTL A","3031092","2025-05-05 04:00","2025","05","05","04:00","","2.4","","-6.9","","50","","","","33","","14","","24.1","","89.64","","","","","","NA"
"-114.01","51.12","CALGARY INTL A","3031092","2025-05-05 05:00","2025","05","05","05:00","","2.1","","-7.8","","48","","","","34","","14","","64.4","","89.69","","","","","","Clear"
"-114.01","51.12","CALGARY INTL A","3031092","2025-05-05 06:00","2025","05","05","06:00","","3.1","","-7.8","","45","","","","35","","10","","64.4","","89.76","","","","","","NA"
"-114.01","51.12","CALGARY INTL A","3031092","2025-05-05 07:00","2025","05","05","07:00","","6.1","","-7.7","","37","","","","34","","15","","64.4","","89.81","","","","","","NA"
"-114.01","51.12","CALGARY INTL A","3031092","2025-05-05 08:00","2025","05","05","08:00","","8.1","","-7.2","","33","","","","35","","17","","64.4","","89.83","","","","","","Clear"
"-114.01","51.12","CALGARY INTL A","3031092","2025-05-05 09:00","2025","05","05","09:00","","9.4","","-8.1","","28","","","","35","","26","","64.4","","89.86","","","","","","NA"
"-114.01","51.12","CALGARY INTL A","3031092","2025-05-05 10:00","2025","05","05","10:00","","10.0","","-9.2","","25","","","","36","","14","","64.4","","89.86","","","","","","NA"
"-114.01","51.12","CALGARY INTL A","3031092","2025-05-05 11:00","2025","05","05","11:00","","10.6","","-9.4","","23","","","","2","","9","","64.4","","89.83","","","","","","Mainly Clear"
"-114.01","51.12","CALGARY INTL A","3031092","2025-05-05 12:00","2025","05","05","12:00","","11.3","","-10.9","","20","","","","6","","11","","64.4","","89.79","","","","","","NA"
"-114.01","51.12","CALGARY INTL A","3031092","2025-05-05 13:00","2025","05","05","13:00","","12.2","","-8.8","","22","","","","","","0","","64.4","","89.75","","","","","","NA"
"-114.01","51.12","CALGARY INTL A","3031092","2025-05-05 14:00","2025","05","05","14:00","","12.4","","-9.7","","20","","","","16","","6","","64.4","","89.71","","","","","","Clear"
"-114.01","51.12","CALGARY INTL A","3031092","2025-05-05 15:00","2025","05","05","15:00","","13.8","","-8.9","","20","","","","17","","7","","64.4","","89.68","","","","","","NA"
"-114.01","51.12","CALGARY INTL A","3031092","2025-05-05 16:00","2025","05","05","16:00","","13.8","","-10.7","","17","","","","21","","9","","64.4","","89.65","","","","","","NA"
"-114.01","51.12","CALGARY INTL A","3031092","2025-05-05 17:00","2025","05","05","17:00","","14.1","","-11.0","","16","","","","16","","7","","64.4","","89.65","","","","","","Clear"
"-114.01","51.12","CALGARY INTL A","3031092","2025-05-05 18:00","2025","05","05","18:00","","13.8","","-9.6","","19","","","","18","","14","","64.4","","89.62","","","","","","NA"
"-114.01","51.12","CALGARY INTL A","3031092","2025-05-05 19:00","2025","05","05","19:00","","12.8","","-9.4","","20","","","","15","","18","","48.3","","89.62","","","","","","NA"
"-114.01","51.12","CALGARY INTL A","3031092","2025-05-05 20:00","2025","05","05","20:00","","11.7","","-11.4","","19","","","","15","","22","","48.3","","89.64","","","","","","Clear"
"-114.01","51.12","CALGARY INTL A","3031092","2025-05-05 21:00","2025","05","05","21:00","","9.9","","-10.7","","22","","","","16","","17","","24.1","","89.69","","","","","","NA"
"-114.01","51.12","CALGARY INTL A","3031092","2025-05-05 22:00","2025","05","05","22:00","","7.8","","-9.8","","28","","","","18","","14","","24.1","","89.70","","","","","","NA"
"-114.01","51.12","CALGARY INTL A","3031092","2025-05-05 23:00","2025","05","05","23:00","","6.8","","-8.9","","32","","","","18","","11","","24.1","","89.70","","","","","","Clear"
"-114.01","51.12","CALGARY INTL A","3031092","2025-05-06 00:00","2025","05","06","00:00","","5.5","","-8.9","","35","","","","19","","13","","24.1","","89.70","","","","","","NA"
"-114.01","51.12","CALGARY INTL A","3031092","2025-05-06 01:00","2025","05","06","01:00","","5.5","","-8.3","","36","","","","18","","9","","24.1","","89.67","","","","","","NA"
"-114.01","51.12","CALGARY INTL A","3031092","2025-05-06 02:00","2025","05","06","02:00","","5.2","","-8.1","","38","","","","17","","10","","24.1","","89.67","","","","","","Clear"
"-114.01","51.12","CALGARY INTL A","3031092","2025-05-06 03:00","2025","05","06","03:00","","3.5","","-7.3","","45","","","","18","","10","","24.1","","89.68","","","","","","NA"
"-114.01","51.12","CALGARY INTL A","3031092","2025-05-06 04:00","2025","05","06","04:00","","2.5","","-6.6","","51","","","","17","","11","","24.1","","89.71","","","","","","NA"
"-114.01","51.12","CALGARY INTL A","3031092","2025-05-06 05:00","2025","05","06","05:00","","2.2","","-6.3","","53","","","","18","","10","","24.1","","89.70","","","","","","Mainly Clear"
"-114.01","51.12","CALGARY INTL A","3031092","2025-05-06 06:00","2025","05","06","06:00","","2.1","","-5.3","","58","","","","19","","9","","32.2","","89.71","","","","","","NA"
"-114.01","51.12","CALGARY INTL A","3031092","2025-05-06 07:00","2025","05","06","07:00","","5.3","","-4.7","","49","","","","19","","7","","64.4","","89.68","","","","","","NA"
"-114.01","51.12","CALGARY INTL A","3031092","2025-05-06 08:00","2025","05","06","08:00","","8.8","","-6.4","","34","","","","18","","19","","64.4","","89.71","","","","","","Mainly Clear"
"-114.01","51.12","CALGARY INTL A","3031092","2025-05-06 09:00","2025","05","06","09:00","","12.4","","-6.8","","25","","","","17","","24","","64.4","","89.70","","","","","","NA"
"-114.01","51.12","CALGARY INTL A","3031092","2025-05-06 10:00","2025","05","06","10:00","","15.1","","-7.8","","20","","","","17","","26","","64.4","","89.65","","","","","","NA"
"-114.01","51.12","CALGARY INTL A","3031092","2025-05-06 11:00","2025","05","06","11:00","","16.1","","-8.1","","18","","","","17","","29","","64.4","","89.62","","","","","","Mainly Clear"
"-114.01","51.12","CALGARY INTL A","3031092","2025-05-06 12:00","2025","05","06","12:00","","16.7","","-6.5","","20","","","","18","","35","","64.4","","89.51","","","","","","NA"
"-114.01","51.12","CALGARY INTL A","3031092","2025-05-06 13:00","2025","05","06","13:00","","18.0","","-7.5","","17","","","","16","","28","","64.4","","89.44","","","","","","NA"
"-114.01","51.12","CALGARY INTL A","3031092","2025-05-06 14:00","2025","05","06","14:00","","18.5","","-8.7","","15","","","","17","","32","","64.4","","89.38","","","","","","Mainly Clear"
"-114.01","51.12","CALGARY INTL A","3031092","2025-05-06 15:00","2025","05","06","15:00","","19.1","","-8.1","","15","","","","16","","37","","64.4","","89.27","","","","","","NA"
"-114.01","51.12","CALGARY INTL A","3031092","2025-05-06 16:00","2025","05","06","16:00","","19.0","","-9.4","","14","","","","18","","42","","64.4","","89.18","","","","","","NA"
"-114.01","51.12","CALGARY INTL A","3031092","2025-05-06 17:00","2025","05","06","17:00","","18.7","","-8.1","","15","","","","17","","41","","64.4","","89.03","","","","","","Mainly Clear"
"-114.01","51.12","CALGARY INTL A","3031092","2025-05-06 18:00","2025","05","06","18:00","","18.2","","-7.7","","16","","","","17","","39","","64.4","","88.99","","","","","","NA"
"-114.01","51.12","CALGARY INTL A","3031092","2025-05-06 19:00","2025","05","06","19:00","","16.6","","-6.8","","19","","","","17","","37","","48.3","","88.95","","","","","","NA"
"-114.01","51.12","CALGARY INTL A","3031092","2025-05-06 20:00","2025","05","06","20:00","","14.7","","-5.4","","24","","","","17","","35","","32.2","","88.96","","","","","","Mainly Clear"
"-114.01","51.12","CALGARY INTL A","3031092","2025-05-06 21:00","2025","05","06","21:00","","13.3","","-4.5","","29","","","","17","","35","","24.1","","88.98","","","","","","NA"
"-114.01","51.12","CALGARY INTL A","3031092","2025-05-06 22:00","2025","05","06","22:00","","12.1","","-2.7","","35","","","","17","","35","","24.1","","88.93","","","","","","NA"
"-114.01","51.12","CALGARY INTL A","3031092","2025-05-06 23:00","2025","05","06","23:00","","11.0","","-1.3","","42","","","","18","","36","","24.1","","88.85","","","","","","Clear"
"-114.01","51.12","CALGARY INTL A","3031092","2025-05-07 00:00","2025","05","07","00:00","","8.7","","-1.1","","50","","","","18","","32","","24.1","","88.78","","","","","","NA"
"-114.01","51.12","CALGARY INTL A","3031092","2025-05-07 01:00","2025","05","07","01:00","","6.9","","-0.9","","57","","","","19","","14","","24.1","","88.73","","","","","","NA"
"-114.01","51.12","CALGARY INTL A","3031092","2025-05-07 02:00","2025","05","07","02:00","","5.0","","-0.9","","65","","","","18","","15","","24.1","","88.66","","","","","","Mainly Clear"
"-114.01","51.12","CALGARY INTL A","3031092","2025-05-07 03:00","2025","05","07","03:00","","4.1","","-0.8","","70","","","","20","","10","","24.1","","88.58","","","","","","NA"
"-114.01","51.12","CALGARY INTL A","3031092","2025-05-07 04:00","2025","05","07","04:00","","3.9","","-1.1","","70","","","","17","","9","","24.1","","88.53","","","","","","NA"
"-114.01","51.12","CALGARY INTL A","3031092","2025-05-07 05:00","2025","05","07","05:00","","3.1","","-1.2","","73","","","","18","","10","","48.3","","88.48","","","","","","Mainly Clear"
"-114.01","51.12","CALGARY INTL A","3031092","2025-05-07 06:00","2025","05","07","06:00","","5.9","","-1.1","","61","","","","20","","16","","64.4","","88.45","","","","","","NA"
"-114.01","51.12","CALGARY INTL A","3031092","2025-05-07 07:00","2025","05","07","07:00","","9.3","","-1.5","","47","","","","20","","12","","64.4","","88.41","","","","","","NA"
"-114.01","51.12","CALGARY INTL A","3031092","2025-05-07 08:00","2025","05","07","08:00","","11.7","","-0.3","","43","","","","19","","12","","48.3","","88.38","","","","","","Mostly Cloudy"
"-114.01","51.12","CALGARY INTL A","3031092","2025-05-07 09:00","2025","05","07","09:00","","14.4","","-3.2","","29","","","","23","","6","","48.3","","88.37","","","","","","NA"
"-114.01","51.12","CALGARY INTL A","3031092","2025-05-07 10:00","2025","05","07","10:00","","17.7","","-3.3","","24","","","","17","","6","","32.2","","88.35","","","","","","NA"
"-114.01","51.12","CALGARY INTL A","3031092","2025-05-07 11:00","2025","05","07","11:00","","19.7","","-4.4","","19","","","","3","","9","","64.4","","88.34","","","","","","Mostly Cloudy"
"-114.01","51.12","CALGARY INTL A","3031092","2025-05-07 12:00","2025","05","07","12:00","","20.4","","-8.8","","13","","","","29","","26","","48.3","","88.35","","","","","","NA"
"-114.01","51.12","CALGARY INTL A","3031092","2025-05-07 13:00","2025","05","07","13:00","","21.0","","-6.8","","15","","","","26","","16","","64.4","","88.33","","","","","","NA"
"-114.01","51.12","CALGARY INTL A","3031092","2025-05-07 14:00","2025","05","07","14:00","","20.2","","-6.5","","16","","","","26","","15","","64.4","","88.34","","","","","","Mostly Cloudy"
"-114.01","51.12","CALGARY INTL A","3031092","2025-05-07 15:00","2025","05","07","15:00","","20.3","","-5.5","","17","","","","22","","23","","64.4","","88.32","","","","","","NA"
"-114.01","51.12","CALGARY INTL A","3031092","2025-05-07 16:00","2025","05","07","16:00","","19.8","","-2.3","","22","","","","22","","9","","64.4","","88.31","","","","","","NA"
"-114.01","51.12","CALGARY INTL A","3031092","2025-05-07 17:00","2025","05","07","17:00","","19.4","","-4.8","","19","","","","20","","14","","64.4","","88.28","","","","","","Mostly Cloudy"
"-114.01","51.12","CALGARY INTL A","3031092","2025-05-07 18:00","2025","05","07","18:00","","18.6","","-3.0","","23","","","","20","","16","","64.4","","88.24","","","","","","NA"
"-114.01","51.12","CALGARY INTL A","3031092","2025-05-07 19:00","2025","05","07","19:00","","17.5","","-0.8","","29","","","","19","","12","","32.2","","88.24","","","","","","NA"
"-114.01","51.12","CALGARY INTL A","3031092","2025-05-07 20:00","2025","05","07","20:00","","17.4","","-1.3","","28","","","","20","","11","","32.2","","88.24","","","","","","Mostly Cloudy"
"-114.01","51.12","CALGARY INTL A","3031092","2025-05-07 21:00","2025","05","07","21:00","","17.0","","-1.1","","29","","","","21","","8","","24.1","","88.27","","","","","","NA"
"-114.01","51.12","CALGARY INTL A","3031092","2025-05-07 22:00","2025","05","07","22:00","","16.2","","-0.9","","31","","","","22","","6","","24.1","","88.27","","","","","","NA"
"-114.01","51.12","CALGARY INTL A","3031092","2025-05-07 23:00","2025","05","07","23:00","","12.8","","0.0","","41","","","","24","","12","","24.1","","88.20","","","","","","Mainly Clear"
"-114.01","51.12","CALGARY INTL A","3031092","2025-05-08 00:00","2025","05","08","00:00","","12.5","","0.2","","43","","","","21","","7","","24.1","","88.22","","","","","","NA"
"-114.01","51.12","CALGARY INTL A","3031092","2025-05-08 01:00","2025","05","08","01:00","","10.7","","0.6","","50","","","","18","","8","","24.1","","88.17","","","","","","NA"
"-114.01","51.12","CALGARY INTL A","3031092","2025-05-08 02:00","2025","05","08","02:00","","11.7","","-0.2","","43","","","","20","","12","","24.1","","88.13","","","","","","Clear"
"-114.01","51.12","CALGARY INTL A","3031092","2025-05-08 03:00","2025","05","08","03:00","","11.3","","-0.3","","44","","","","19","","9","","24.1","","88.14","","","","","","NA"
"-114.01","51.12","CALGARY INTL A","3031092","2025-05-08 04:00","2025","05","08","04:00","","10.2","","-0.2","","48","","","","22","","8","","24.1","","88.22","","","","","","NA"
"-114.01","51.12","CALGARY INTL A","3031092","2025-05-08 05:00","2025","05","08","05:00","","7.8","","0.8","","61","","","","35","","27","","24.1","","88.33","","","","","","Mostly Cloudy"
"-114.01","51.12","CALGARY INTL A","3031092","2025-05-08 06:00","2025","05","08","06:00","","8.6","","2.4","","65","","","","34","","16","","32.2","","88.40","","","","","","NA"
"-114.01","51.12","CALGARY INTL A","3031092","2025-05-08 07:00","2025","05","08","07:00","","10.8","","2.6","","57","","","","34","","9","","32.2","","88.52","","","","","","NA"
"-114.01","51.12","CALGARY INTL A","3031092","2025-05-08 08:00","2025","05","08","08:00","","11.9","","2.3","","51","","","","33","","12","","32.2","","88.63","","","","","","Mostly Cloudy"
"-114.01","51.12","CALGARY INTL A","3031092","2025-05-08 09:00","2025","05","08","09:00","","13.1","","1.8","","46","","","","1","","26","","64.4","","88.76","","","","","","NA"
"-114.01","51.12","CALGARY INTL A","3031092","2025-05-08 10:00","2025","05","08","10:00","","13.6","","1.5","","44","","","","1","","21","","64.4","","88.81","","","","","","NA"
"-114.01","51.12","CALGARY INTL A","3031092","2025-05-08 11:00","2025","05","08","11:00","","14.5","","1.8","","42","","","","36","","16","","64.4","","88.89","","","","","","Mostly Cloudy"
"-114.01","51.12","CALGARY INTL A","3031092","2025-05-08 12:00","2025","05","08","12:00","","11.3","","2.7","","55","","","","1","","34","","64.4","","89.02","","","","","","NA"
"-114.01","51.12","CALGARY INTL A","3031092","2025-05-08 13:00","2025","05","08","13:00","","12.6","","-0.4","","41","","","","2","","36","","64.4","","89.09","","","","","","NA"
"-114.01","51.12","CALGARY INTL A","3031092","2025-05-08 14:00","2025","05","08","14:00","","14.4","","0.6","","39","","","","2","","24","","64.4","","89.15","","","","","","Mainly Clear"
"-114.01","51.12","CALGARY INTL A","3031092","2025-05-08 15:00","2025","05","08","15:00","","14.2","","-1.1","","35","","","","2","","26","","48.3","","89.23","","","","","","NA"
"-114.01","51.12","CALGARY INTL A","3031092","2025-05-08 16:00","2025","05","08","16:00","","14.2","","-1.7","","33","","","","3","","29","","48.3","","89.27","","","","","","NA"
"-114.01","51.12","CALGARY INTL A","3031092","2025-05-08 17:00","2025","05","08","17:00","","14.2","","-1.3","","34","","","","3","","23","","32.2","","89.34","","","","","","Mainly Clear"
"-114.01","51.12","CALGARY INTL A","3031092","2025-05-08 18:00","2025","05","08","18:00","","12.8","","-2.4","","35","","","","3","","34","","32.2","","89.42","","","","","","NA"
"-114.01","51.12","CALGARY INTL A","3031092","2025-05-08 19:00","2025","05","08","19:00","","11.6","","-3.3","","35","","","","3","","26","","32.2","","89.53","","","","","","NA"
"-114.01","51.12","CALGARY INTL A","3031092","2025-05-08 20:00","2025","05","08","20:00","","10.8","","-4.3","","34","","","","4","","19","","32.2","","89.60","","","","","","Mostly Cloudy"
"-114.01","51.12","CALGARY INTL A","3031092","2025-05-08 21:00","2025","05","08","21:00","","9.5","","-4.5","","37","","","","4","","11","","24.1","","89.71","","","","","","NA"
"-114.01","51.12","CALGARY INTL A","3031092","2025-05-08 22:00","2025","05","08","22:00","","8.9","","-5.9","","35","","","","3","","10","","24.1","","89.80","","","","","","NA"
"-114.01","51.12","CALGARY INTL A","3031092","2025-05-08 23:00","2025","05","08","23:00","","8.0","","-5.5","","38","","","","","","0","","24.1","","89.83","","","","","","Mostly Cloudy"
"-114.01","51.12","CALGARY INTL A","3031092","2025-05-09 00:00","2025","05","09","00:00","","8.5","","-5.3","","37","","","","4","","3","","24.1","","89.85","","","","","","NA"
"-114.01","51.12","CALGARY INTL A","3031092","2025-05-09 01:00","2025","05","09","01:00","","8.7","","-4.9","","38","","","","1","","3","","24.1","","89.88","","","","","","NA"
"-114.01","51.12","CALGARY INTL A","3031092","2025-05-09 02:00","2025","05","09","02:00","","8.4","","-4.4","","40","","","","16","","5","","24.1","","89.90","","","","","","Mostly Cloudy"
"-114.01","51.12","CALGARY INTL A","3031092","2025-05-09 03:00","2025","05","09","03:00","","7.8","","-3.8","","44","","","","17","","10","","24.1","","89.89","","","","","","NA"
"-114.01","51.12","CALGARY INTL A","3031092","2025-05-09 04:00","2025","05","09","04:00","","7.3","","-3.5","","46","","","","18","","13","","24.1","","89.91","","","","","","NA"
"-114.01","51.12","CALGARY INTL A","3031092","2025-05-09 05:00","2025","05","09","05:00","","7.8","","-3.3","","45","","","","18","","11","","32.2","","89.89","","","","","","Mostly Cloudy"
"-114.01","51.12","CALGARY INTL A","3031092","2025-05-09 06:00","2025","05","09","06:00","","8.6","","-3.4","","42","","","","19","","18","","48.3","","89.87","","","","","","NA"
"-114.01","51.12","CALGARY INTL A","3031092","2025-05-09 07:00","2025","05","09","07:00","","9.0","","-3.0","","43","","","","18","","17","","48.3","","89.83","","","","","","NA"
"-114.01","51.12","CALGARY INTL A","3031092","2025-05-09 08:00","2025","05","09","08:00","","10.3","","-3.2","","39","","","","18","","27","","48.3","","89.81","","","","","","Cloudy"
"-114.01","51.12","CALGARY INTL A","3031092","2025-05-09 09:00","2025","05","09","09:00","","11.9","","-4.0","","33","","","","18","","31","","48.3","","89.73","","","","","","NA"
"-114.01","51.12","CALGARY INTL A","3031092","2025-05-09 10:00","2025","05","09","10:00","","13.7","","-4.0","","29","","","","18","","33","","48.3","","89.66","","","","","","NA"
"-114.01","51.12","CALGARY INTL A","3031092","2025-05-09 11:00","2025","05","09","11:00","","15.4","","-2.2","","30","","","","16","","30","","48.3","","89.57","","","","","","Cloudy"
"-114.01","51.12","CALGARY INTL A","3031092","2025-05-09 12:00","2025","05","09","12:00","","16.6","","-3.1","","26","","","","17","","21","","48.3","","89.46","","","","","","NA"
"-114.01","51.12","CALGARY INTL A","3031092","2025-05-09 13:00","2025","05","09","13:00","","17.9","","-5.2","","20","","","","19","","20","","48.3","","89.35","","","","","","NA"
"-114.01","51.12","CALGARY INTL A","3031092","2025-05-09 14:00","2025","05","09","14:00","","19.2","","-3.5","","21","","","","15","","17","","48.3","","89.27","","","","","","Cloudy"
"-114.01","51.12","CALGARY INTL A","3031092","2025-05-09 15:00","2025","05","09","15:00","","19.6","","-3.6","","20","","","","16","","17","","48.3","","89.19","","","","","","NA"
"-114.01","51.12","CALGARY INTL A","3031092","2025-05-09 16:00","2025","05","09","16:00","","19.6","","-5.1","","18","","","","16","","19","","48.3","","89.10","","","","","","NA"
"-114.01","51.12","CALGARY INTL A","3031092","2025-05-09 17:00","2025","05","09","17:00","","20.5","","-6.7","","15","","","","","","0","","48.3","","89.07","","","","","","Cloudy"
"-114.01","51.12","CALGARY INTL A","3031092","2025-05-09 18:00","2025","05","09","18:00","","20.7","","-11.4","","10","","","","30","","5","","32.2","","89.03","","","","","","NA"
"-114.01","51.12","CALGARY INTL A","3031092","2025-05-09 19:00","2025","05","09","19:00","","20.4","","-10.7","","11","","","","29","","18","","32.2","","89.00","","","","","","NA"
"-114.01","51.12","CALGARY INTL A","3031092","2025-05-09 20:00","2025","05","09","20:00","","18.6","","-11.9","","11","","","","28","","10","","32.2","","88.99","","","","","","Mostly Cloudy"
"-114.01","51.12","CALGARY INTL A","3031092","2025-05-09 21:00","2025","05","09","21:00","","16.4","","-11.6","","13","","","","25","","5","","24.1","","89.01","","","","","","NA"
"-114.01","51.12","CALGARY INTL A","3031092","2025-05-09 22:00","2025","05","09","22:00","","12.8","","-10.4","","19","","","","36","","8","","24.1","","89.03","","","","","","NA"
"-114.01","51.12","CALGARY INTL A","3031092","2025-05-09 23:00","2025","05","09","23:00","","10.7","","-8.5","","25","","","","32","","5","","24.1","","89.01","","","","","","Mainly Clear"
"-114.01","51.12","CALGARY INTL A","3031092","2025-05-10 00:00","2025","05","10","00:00","","8.7","","-9.2","","27","","","","35","","11","","24.1","","89.00","","","","","","NA"
"-114.01","51.12","CALGARY INTL A","3031092","2025-05-10 01:00","2025","05","10","01:00","","7.7","","-8.8","","30","","","","33","","9","","24.1","","88.98","","","","","","NA"
"-114.01","51.12","CALGARY INTL A","3031092","2025-05-10 02:00","2025","05","10","02:00","","7.6","","-9.5","","28","","","","33","","10","","24.1","","88.97","","","","","","Mainly Clear"
"-114.01","51.12","CALGARY INTL A","3031092","2025-05-10 03:00","2025","05","10","03:00","","5.2","","-7.3","","40","","","","18","","8","","24.1","","88.99","","","","","","NA"
"-114.01","51.12","CALGARY INTL A","3031092","2025-05-10 04:00","2025","05","10","04:00","","4.6","","-6.7","","44","","","","32","","10","","24.1","","88.97","","","","","","NA"
"-114.01","51.12","CALGARY INTL A","3031092","2025-05-10 05:00","2025","05","10","05:00","","5.1","","-6.0","","45","","","","","","0","","32.2","","88.98","","","","","","Mainly Clear"
"-114.01","51.12","CALGARY INTL A","3031092","2025-05-10 06:00","2025","05","10","06:00","","6.8","","-5.6","","41","","","","21","","5","","64.4","","89.00","","","","","","NA"
"-114.01","51.12","CALGARY INTL A","3031092","2025-05-10 07:00","2025","05","10","07:00","","9.8","","-4.0","","37","","","","33","","14","","48.3","","89.01","","","","","","NA"
"-114.01","51.12","CALGARY INTL A","3031092","2025-05-10 08:00","2025","05","10","08:00","","12.5","","-2.3","","35","","","","36","","16","","64.4","","88.99","","","","","","Mostly Cloudy"
"-114.01","51.12","CALGARY INTL A","3031092","2025-05-10 09:00","2025","05","10","09:00","","14.1","","-2.6","","31","","","","36","","16","","64.4","","88.94","","","","","","NA"
"-114.01","51.12","CALGARY INTL A","3031092","2025-05-10 10:00","2025","05","10","10:00","","15.4","","-3.4","","27","","","","8","","5","","48.3","","88.87","","","","","","NA"
"-114.01","51.12","CALGARY INTL A","3031092","2025-05-10 11:00","2025","05","10","11:00","","17.4","","-3.1","","24","","","","8","","8","","48.3","","88.80","","","","","","Mostly Cloudy"
"-114.01","51.12","CALGARY INTL A","3031092","2025-05-10 12:00","2025","05","10","12:00","","18.9","","-3.9","","21","","","","13","","14","","48.3","","88.68","","","","","","NA"
"-114.01","51.12","CALGARY INTL A","3031092","2025-05-10 13:00","2025","05","10","13:00","","20.5","","-5.0","","17","","","","16","","15","","32.2","","88.59","","","","","","NA"
"-114.01","51.12","CALGARY INTL A","3031092","2025-05-10 14:00","2025","05","10","14:00","","22.4","","-3.5","","17","","","","12","","17","","32.2","","88.46","","","","","","Mostly Cloudy"
"-114.01","51.12","CALGARY INTL A","3031092","2025-05-10 15:00","2025","05","10","15:00","","23.0","","-4.0","","16","","","","19","","19","","32.2","","88.35","","","","","","NA"
"-114.01","51.12","CALGARY INTL A","3031092","2025-05-10 16:00","2025","05","10","16:00","","23.2","","-4.1","","16","","","","11","","5","","32.2","","88.23","","","","","","NA"
"-114.01","51.12","CALGARY INTL A","3031092","2025-05-10 17:00","2025","05","10","17:00","","23.6","","-8.8","","11","","","","26","","13","","32.2","","88.19","","","","","","Cloudy"
"-114.01","51.12","CALGARY INTL A","3031092","2025-05-10 18:00","2025","05","10","18:00","","23.6","","-8.5","","11","","","","27","","23","","24.1","","88.16","","","","","","NA"
"-114.01","51.12","CALGARY INTL A","3031092","2025-05-10 19:00","2025","05","10","19:00","","21.6","","-5.6","","16","","","","30","","25","","16.1","","88.16","","","","","","NA"
"-114.01","51.12","CALGARY INTL A","3031092","2025-05-10 20:00","2025","05","10","20:00","","19.2","","-6.3","","17","","","","28","","21","","24.1","","88.21","","","","","","Mostly Cloudy"
"-114.01","51.12","CALGARY INTL A","3031092","2025-05-10 21:00","2025","05","10","21:00","","17.8","","-5.8","","19","","","","29","","22","","24.1","","88.24","","","","","","NA"
"-114.01","51.12","CALGARY INTL A","3031092","2025-05-10 22:00","2025","05","10","22:00","","16.7","","-4.3","","23","","","","28","","15","","24.1","","88.27","","","","","","NA"
"-114.01","51.12","CALGARY INTL A","3031092","2025-05-10 23:00","2025","05","10","23:00","","14.2","","-2.2","","32","","","","33","","9","","24.1","","88.23","","","","","","Mainly Clear"
"-114.01","51.12","CALGARY INTL A","3031092","2025-05-11 00:00","2025","05","11","00:00","","11.9","","-2.8","","36","","","","34","","10","","24.1","","88.19","","","","","","NA"
"-114.01","51.12","CALGARY INTL A","3031092","2025-05-11 01:00","2025","05","11","01:00","","12.1","","-2.5","","36","","","","23","","5","","24.1","","88.19","","","","","","NA"
"-114.01","51.12","CALGARY INTL A","3031092","2025-05-11 02:00","2025","05","11","02:00","","12.0","","-1.5","","39","","","","33","","26","","24.1","","88.25","","","","","","Mostly Cloudy"
"-114.01","51.12","CALGARY INTL A","3031092","2025-05-11 03:00","2025","05","11","03:00","","10.7","","-1.1","","44","","","","34","","23","","24.1","","88.26","","","","","","NA"
"-114.01","51.12","CALGARY INTL A","3031092","2025-05-11 04:00","2025","05","11","04:00","","9.2","","-0.9","","49","","","","34","","10","","24.1","","88.30","","","","","","NA"
"-114.01","51.12","CALGARY INTL A","3031092","2025-05-11 05:00","2025","05","11","05:00","","7.9","","-0.3","","56","","","","35","","15","","32.2","","88.30","","","","","","Mainly Clear"
"-114.01","51.12","CALGARY INTL A","3031092","2025-05-11 06:00","2025","05","11","06:00","","8.7","","0.5","","56","","","","35","","5","","32.2","","88.35","","","","","","NA"
"-114.01","51.12","CALGARY INTL A","3031092","2025-05-11 07:00","2025","05","11","07:00","","11.0","","0.7","","49","","","","33","","9","","32.2","","88.38","","","","","","NA"
"-114.01","51.12","CALGARY INTL A","3031092","2025-05-11 08:00","2025","05","11","08:00","","13.1","","0.7","","43","","","","1","","8","","48.3","","88.32","","","","","","Mainly Clear"
"-114.01","51.12","CALGARY INTL A","3031092","2025-05-11 09:00","2025","05","11","09:00","","14.2","","-0.8","","36","","","","7","","6","","32.2","","88.27","","","","","","NA"
"-114.01","51.12","CALGARY INTL A","3031092","2025-05-11 10:00","2025","05","11","10:00","","15.2","","-1.1","","32","","","","36","","9","","48.3","","88.23","","","","","","NA"
"-114.01","51.12","CALGARY INTL A","3031092","2025-05-11 11:00","2025","05","11","11:00","","17.6","","-0.7","","29","","","","11","","11","","32.2","","88.18","","","","","","Cloudy"
"-114.01","51.12","CALGARY INTL A","3031092","2025-05-11 12:00","2025","05","11","12:00","","16.3","","-1.1","","30","","","","11","","11","","32.2","","88.14","","","","","","NA"
"-114.01","51.12","CALGARY INTL A","3031092","2025-05-11 13:00","2025","05","11","13:00","","16.7","","-1.9","","28","","","","12","","22","","24.1","","88.14","","","","","","NA"
"-114.01","51.12","CALGARY INTL A","3031092","2025-05-11 14:00","2025","05","11","14:00","","16.9","","-1.0","","29","","","","16","","26","","24.1","","88.11","","","","","","Cloudy"
"-114.01","51.12","CALGARY INTL A","3031092","2025-05-11 15:00","2025","05","11","15:00","","17.4","","-1.4","","28","","","","21","","12","","24.1","","88.07","","","","","","NA"
"-114.01","51.12","CALGARY INTL A","3031092","2025-05-11 16:00","2025","05","11","16:00","","17.8","","-0.9","","28","","","","21","","7","","32.2","","88.01","","","","","","NA"
"-114.01","51.12","CALGARY INTL A","3031092","2025-05-11 17:00","2025","05","11","17:00","","16.5","","-0.2","","32","","","","19","","6","","32.2","","87.99","","","","","","Mostly Cloudy"
"-114.01","51.12","CALGARY INTL A","3031092","2025-05-11 18:00","2025","05","11","18:00","","17.4","","-0.7","","29","","","","11","","7","","24.1","","87.92","","","","","","NA"
"-114.01","51.12","CALGARY INTL A","3031092","2025-05-11 19:00","2025","05","11","19:00","","16.6","","-0.7","","31","","","","7","","5","","32.2","","87.91","","","","","","NA"
"-114.01","51.12","CALGARY INTL A","3031092","2025-05-11 20:00","2025","05","11","20:00","","16.0","","-1.2","","31","","","","10","","10","","32.2","","87.92","","","","","","Cloudy"
"-114.01","51.12","CALGARY INTL A","3031092","2025-05-11 21:00","2025","05","11","21:00","","13.4","","-0.2","","39","","","","8","","10","","16.1","","87.90","","","","","","NA"
"-114.01","51.12","CALGARY INTL A","3031092","2025-05-11 22:00","2025","05","11","22:00","","12.8","","0.2","","42","","","","5","","16","","16.1","","87.84","","","","","","NA"
"-114.01","51.12","CALGARY INTL A","3031092","2025-05-11 23:00","2025","05","11","23:00","","11.6","","2.6","","54","","","","35","","25","","16.1","","87.92","","","","","","Cloudy"
"-114.01","51.12","CALGARY INTL A","3031092","2025-05-12 00:00","2025","05","12","00:00","","10.2","","3.4","","62","","","","36","","19","","24.1","","87.88","","","","","","NA"
"-114.01","51.12","CALGARY INTL A","3031092","2025-05-12 01:00","2025","05","12","01:00","","9.8","","3.4","","64","","","","35","","12","","24.1","","87.83","","","","","","NA"
"-114.01","51.12","CALGARY INTL A","3031092","2025-05-12 02:00","2025","05","12","02:00","","9.3","","3.5","","67","","","","34","","13","","24.1","","87.85","","","","","","Cloudy"
"-114.01","51.12","CALGARY INTL A","3031092","2025-05-12 03:00","2025","05","12","03:00","","8.8","","4.2","","72","","","","2","","4","","16.1","","87.88","","","","","","Rain"
"-114.01","51.12","CALGARY INTL A","3031092","2025-05-12 04:00","2025","05","12","04:00","","7.9","","5.6","","85","","","","11","","6","","12.9","","87.87","","","","","","Rain"
"-114.01","51.12","CALGARY INTL A","3031092","2025-05-12 05:00","2025","05","12","05:00","","7.5","","6.4","","93","","","","6","","17","","12.9","","87.71","","","","","","Rain"
"-114.01","51.12","CALGARY INTL A","3031092","2025-05-12 06:00","2025","05","12","06:00","","7.5","","6.1","","91","","","","2","","3","","11.3","","87.71","","","","","","Rain"
"-114.01","51.12","CALGARY INTL A","3031092","2025-05-12 07:00","2025","05","12","07:00","","7.7","","6.4","","91","","","","35","","3","","9.7","","87.71","","","","","","Rain,Fog"
"-114.01","51.12","CALGARY INTL A","3031092","2025-05-12 08:00","2025","05","12","08:00","","7.8","","6.3","","90","","","","","","0","","8.1","","87.67","","","","","","Rain,Fog"
"-114.01","51.12","CALGARY INTL A","3031092","2025-05-12 09:00","2025","05","12","09:00","","8.1","","6.8","","91","","","","23","","8","","9.7","","87.60","","","","","","Rain,Fog"
"-114.01","51.12","CALGARY INTL A","3031092","2025-05-12 10:00","2025","05","12","10:00","","9.1","","6.5","","83","","","","15","","5","","14.5","","87.55","","","","","","Rain"
"-114.01","51.12","CALGARY INTL A","3031092","2025-05-12 11:00","2025","05","12","11:00","","10.5","","6.8","","78","","","","15","","7","","24.1","","87.50","","","","","","Rain Showers"
"-114.01","51.12","CALGARY INTL A","3031092","2025-05-12 12:00","2025","05","12","12:00","","10.1","","7.3","","83","","","","13","","9","","19.3","","87.43","","","","","","Rain Showers"
"-114.01","51.12","CALGARY INTL A","3031092","2025-05-12 13:00","2025","05","12","13:00","","7.5","","5.5","","87","","","","32","","17","","24.1","","87.48","","","","","","Rain Showers"
"-114.01","51.12","CALGARY INTL A","3031092","2025-05-12 14:00","2025","05","12","14:00","","8.9","","5.4","","79","","","","34","","16","","24.1","","87.49","","","","","","Rain Showers"
"-114.01","51.12","CALGARY INTL A","3031092","2025-05-12 15:00","2025","05","12","15:00","","8.4","","5.6","","83","","","","34","","21","","24.1","","87.52","","","","","","Rain Showers"
"-114.01","51.12","CALGARY INTL A","3031092","2025-05-12 16:00","2025","05","12","16:00","","7.6","","3.8","","77","","","","32","","28","","24.1","","87.63","","","","","","NA"
"-114.01","51.12","CALGARY INTL A","3031092","2025-05-12 17:00","2025","05","12","17:00","","7.3","","3.7","","77","","","","34","","24","","24.1","","87.75","","","","","","Cloudy"
"-114.01","51.12","CALGARY INTL A","3031092","2025-05-12 18:00","2025","05","12","18:00","","5.9","","2.9","","81","","","","34","","31","","24.1","","87.82","","","","","","Rain Showers"
"-114.01","51.12","CALGARY INTL A","3031092","2025-05-12 19:00","2025","05","12","19:00","","4.7","","2.7","","87","","","","33","","34","","16.1","","87.87","","","","","","Rain Showers"
"-114.01","51.12","CALGARY INTL A","3031092","2025-05-12 20:00","2025","05","12","20:00","","4.4","","2.6","","88","","","","33","","28","","16.1","","87.98","","","","","","Rain Showers"
"-114.01","51.12","CALGARY INTL A","3031092","2025-05-12 21:00","2025","05","12","21:00","","4.6","","3.1","","90","","","","32","","21","","11.3","","88.08","","","","","","Rain Showers"
"-114.01","51.12","CALGARY INTL A","3031092","2025-05-12 22:00","2025","05","12","22:00","","4.7","","2.8","","87","","","","32","","21","","12.9","","88.09","","","","","","Rain Showers"
"-114.01","51.12","CALGARY INTL A","3031092","2025-05-12 23:00","2025","05","12","23:00","","5.1","","2.6","","83","","","","32","","17","","19.3","","88.11","","","","","","Mostly Cloudy"
"-114.01","51.12","CALGARY INTL A","3031092","2025-05-13 00:00","2025","05","13","00:00","","5.5","","2.8","","83","","","","31","","18","","24.1","","88.16","","","","","","NA"
"-114.01","51.12","CALGARY INTL A","3031092","2025-05-13 01:00","2025","05","13","01:00","","5.7","","3.1","","83","","","","23","","6","","24.1","","88.17","","","","","","NA"
"-114.01","51.12","CALGARY INTL A","3031092","2025-05-13 02:00","2025","05","13","02:00","","6.9","","2.9","","75","","","","29","","16","","24.1","","88.17","","","","","","Mostly Cloudy"
"-114.01","51.12","CALGARY INTL A","3031092","2025-05-13 03:00","2025","05","13","03:00","","7.2","","2.4","","72","","","","29","","13","","24.1","","88.20","","","","","","NA"
"-114.01","51.12","CALGARY INTL A","3031092","2025-05-13 04:00","2025","05","13","04:00","","7.8","","1.7","","65","","","","32","","16","","24.1","","88.27","","","","","","NA"
"-114.01","51.12","CALGARY INTL A","3031092","2025-05-13 05:00","2025","05","13","05:00","","7.8","","1.7","","65","","","","33","","19","","32.2","","88.31","","","","","","Mostly Cloudy"
"-114.01","51.12","CALGARY INTL A","3031092","2025-05-13 06:00","2025","05","13","06:00","","7.7","","2.0","","67","","","","33","","17","","32.2","","88.35","","","","","","NA"
"-114.01","51.12","CALGARY INTL A","3031092","2025-05-13 07:00","2025","05","13","07:00","","8.6","","2.4","","65","","","","33","","18","","40.2","","88.41","","","","","","NA"
"-114.01","51.12","CALGARY INTL A","3031092","2025-05-13 08:00","2025","05","13","08:00","","10.5","","2.8","","59","","","","34","","20","","32.2","","88.45","","","","","","Mostly Cloudy"
"-114.01","51.12","CALGARY INTL A","3031092","2025-05-13 09:00","2025","05","13","09:00","","11.8","","3.6","","57","","","","36","","14","","48.3","","88.48","","","","","","NA"
"-114.01","51.12","CALGARY INTL A","3031092","2025-05-13 10:00","2025","05","13","10:00","","13.7","","4.4","","53","","","","36","","13","","32.2","","88.47","","","","","","NA"
"-114.01","51.12","CALGARY INTL A","3031092","2025-05-13 11:00","2025","05","13","11:00","","15.3","","3.3","","44","","","","2","","14","","32.2","","88.46","","","","","","Mostly Cloudy"
"-114.01","51.12","CALGARY INTL A","3031092","2025-05-13 12:00","2025","05","13","12:00","","15.4","","1.8","","40","","","","5","","10","","32.2","","88.43","","","","","","NA"
"-114.01","51.12","CALGARY INTL A","3031092","2025-05-13 13:00","2025","05","13","13:00","","14.5","","0.3","","38","","","","29","","7","","24.1","","88.43","","","","","","Rain Showers"
"-114.01","51.12","CALGARY INTL A","3031092","2025-05-13 14:00","2025","05","13","14:00","","10.8","","4.0","","63","","","","23","","15","","24.1","","88.51","","","","","","Rain Showers"
"-114.01","51.12","CALGARY INTL A","3031092","2025-05-13 15:00","2025","05","13","15:00","","9.1","","5.7","","79","","","","18","","12","","32.2","","88.54","","","","","","Rain Showers"
"-114.01","51.12","CALGARY INTL A","3031092","2025-05-13 16:00","2025","05","13","16:00","","10.2","","5.4","","72","","","","4","","19","","32.2","","88.46","","","","","","Rain Showers"
"-114.01","51.12","CALGARY INTL A","3031092","2025-05-13 17:00","2025","05","13","17:00","","12.8","","5.5","","61","","","","21","","13","","32.2","","88.42","","","","","","Mostly Cloudy"
"-114.01","51.12","CALGARY INTL A","3031092","2025-05-13 18:00","2025","05","13","18:00","","11.7","","4.7","","62","","","","18","","19","","32.2","","88.42","","","","","","NA"
"-114.01","51.12","CALGARY INTL A","3031092","2025-05-13 19:00","2025","05","13","19:00","","12.4","","3.9","","56","","","","19","","16","","32.2","","88.41","","","","","","NA"
"-114.01","51.12","CALGARY INTL A","3031092","2025-05-13 20:00","2025","05","13","20:00","","11.3","","3.9","","60","","","","18","","13","","32.2","","88.41","","","","","","Mostly Cloudy"
"-114.01","51.12","CALGARY INTL A","3031092","2025-05-13 21:00","2025","05","13","21:00","","10.7","","3.1","","59","","","","19","","14","","24.1","","88.41","","","","","","NA"
"-114.01","51.12","CALGARY INTL A","3031092","2025-05-13 22:00","2025","05","13","22:00","","9.6","","3.4","","65","","","","18","","14","","24.1","","88.40","","","","","","NA"
"-114.01","51.12","CALGARY INTL A","3031092","2025-05-13 23:00","2025","05","13","23:00","","8.6","","2.9","","68","","","","19","","10","","24.1","","88.37","","","","","","Mainly Clear"
"-114.01","51.12","CALGARY INTL A","3031092","2025-05-14 00:00","2025","05","14","00:00","","8.9","","3.3","","68","","","","24","","9","","24.1","","88.37","","","","","","NA"
"-114.01","51.12","CALGARY INTL A","3031092","2025-05-14 01:00","2025","05","14","01:00","","7.7","","2.8","","71","","","","21","","8","","24.1","","88.35","","","","","","NA"
"-114.01","51.12","CALGARY INTL A","3031092","2025-05-14 02:00","2025","05","14","02:00","","7.8","","3.1","","72","","","","24","","4","","24.1","","88.31","","","","","","Mainly Clear"
"-114.01","51.12","CALGARY INTL A","3031092","2025-05-14 03:00","2025","05","14","03:00","","5.5","","2.6","","82","","","","17","","10","","24.1","","88.30","","","","","","NA"
"-114.01","51.12","CALGARY INTL A","3031092","2025-05-14 04:00","2025","05","14","04:00","","6.9","","2.1","","72","","","","22","","9","","24.1","","88.30","","","","","","NA"
"-114.01","51.12","CALGARY INTL A","3031092","2025-05-14 05:00","2025","05","14","05:00","","6.4","","1.9","","73","","","","22","","8","","32.2","","88.30","","","","","","Mainly Clear"
"-114.01","51.12","CALGARY INTL A","3031092","2025-05-14 06:00","2025","05","14","06:00","","6.0","","2.4","","78","","","","19","","7","","64.4","","88.30","","","","","","NA"
"-114.01","51.12","CALGARY INTL A","3031092","2025-05-14 07:00","2025","05","14","07:00","","10.0","","2.6","","60","","","","21","","5","","64.4","","88.33","","","","","","NA"
"-114.01","51.12","CALGARY INTL A","3031092","2025-05-14 08:00","2025","05","14","08:00","","12.6","","3.4","","53","","","","34","","5","","64.4","","88.31","","","","","","Mostly Cloudy"
"-114.01","51.12","CALGARY INTL A","3031092","2025-05-14 09:00","2025","05","14","09:00","","14.2","","-0.1","","37","","","","32","","13","","64.4","","88.27","","","","","","NA"
"-114.01","51.12","CALGARY INTL A","3031092","2025-05-14 10:00","2025","05","14","10:00","","15.3","","1.5","","39","","","","33","","6","","64.4","","88.25","","","","","","NA"
"-114.01","51.12","CALGARY INTL A","3031092","2025-05-14 11:00","2025","05","14","11:00","","16.4","","-0.3","","32","","","","36","","4","","64.4","","88.25","","","","","","Mostly Cloudy"
"-114.01","51.12","CALGARY INTL A","3031092","2025-05-14 12:00","2025","05","14","12:00","","15.7","","-1.6","","30","","","","3","","8","","64.4","","88.22","","","","","","NA"
"-114.01","51.12","CALGARY INTL A","3031092","2025-05-14 13:00","2025","05","14","13:00","","16.9","","-1.3","","29","","","","29","","8","","48.3","","88.20","","","","","","NA"
"-114.01","51.12","CALGARY INTL A","3031092","2025-05-14 14:00","2025","05","14","14:00","","15.5","","-0.5","","33","","","","31","","27","","32.2","","88.17","","","","","","Mostly Cloudy"
"-114.01","51.12","CALGARY INTL A","3031092","2025-05-14 15:00","2025","05","14","15:00","","16.4","","0.8","","35","","","","7","","23","","32.2","","88.16","","","","","","NA"
"-114.01","51.12","CALGARY INTL A","3031092","2025-05-14 16:00","2025","05","14","16:00","","17.1","","-0.7","","30","","","","13","","7","","32.2","","88.15","","","","","","NA"
"-114.01","51.12","CALGARY INTL A","3031092","2025-05-14 17:00","2025","05","14","17:00","","16.5","","1.1","","35","","","","10","","16","","32.2","","88.16","","","","","","Mostly Cloudy"
"-114.01","51.12","CALGARY INTL A","3031092","2025-05-14 18:00","2025","05","14","18:00","","12.3","","4.4","","58","","","","33","","36","","19.3","","88.27","","","","","","Rain Showers"
"-114.01","51.12","CALGARY INTL A","3031092","2025-05-14 19:00","2025","05","14","19:00","","10.1","","6.2","","77","","","","32","","32","","16.1","","88.36","","","","","","Rain Showers"
"-114.01","51.12","CALGARY INTL A","3031092","2025-05-14 20:00","2025","05","14","20:00","","8.7","","6.6","","86","","","","35","","16","","8.1","","88.44","","","","","","Moderate Rain Showers,Fog"
"-114.01","51.12","CALGARY INTL A","3031092","2025-05-14 21:00","2025","05","14","21:00","","7.9","","6.0","","88","","","","35","","20","","8.1","","88.49","","","","","","Rain Showers,Fog"
"-114.01","51.12","CALGARY INTL A","3031092","2025-05-14 22:00","2025","05","14","22:00","","7.6","","6.0","","90","","","","36","","26","","8.1","","88.51","","","","","","Rain Showers,Fog"
"-114.01","51.12","CALGARY INTL A","3031092","2025-05-14 23:00","2025","05","14","23:00","","6.4","","4.6","","88","","","","36","","35","","11.3","","88.53","","","","","","Rain Showers"
"-114.01","51.12","CALGARY INTL A","3031092","2025-05-15 00:00","2025","05","15","00:00","","5.3","","3.8","","90","","","","36","","27","","12.9","","88.58","","","","","","Rain Showers"
"-114.01","51.12","CALGARY INTL A","3031092","2025-05-15 01:00","2025","05","15","01:00","","4.8","","3.0","","88","","","","35","","31","","12.9","","88.61","","","","","","NA"
"-114.01","51.12","CALGARY INTL A","3031092","2025-05-15 02:00","2025","05","15","02:00"
"-114.01","51.12","CALGARY INTL A","3031092","2025-05-15 03:00","2025","05","15","03:00","","3.8","","1.8","","87","","","","33","","34","","12.9","","88.70","","","","","","Rain Showers"
"-114.01","51.12","CALGARY INTL A","3031092","2025-05-15 04:00","2025","05","15","04:00","","3.8","","1.9","","88","","","","34","","27","","16.1","","88.74","","","","","","NA"
"-114.01","51.12","CALGARY INTL A","3031092","2025-05-15 05:00","2025","05","15","05:00","","4.0","","2.0","","86","","","","33","","29","","16.1","","88.76","","","","","","Rain"
"-114.01","51.12","CALGARY INTL A","3031092","2025-05-15 06:00","2025","05","15","06:00","","4.1","","1.8","","85","","","","34","","38","","19.3","","88.79","","","","","","Rain"
"-114.01","51.12","CALGARY INTL A","3031092","2025-05-15 07:00","2025","05","15","07:00","","4.4","","2.0","","84","","","","34","","28","","24.1","","88.83","","","","","","Rain"
"-114.01","51.12","CALGARY INTL A","3031092","2025-05-15 08:00","2025","05","15","08:00","","4.9","","1.7","","80","","","","35","","34","","32.2","","88.85","","","","","","Cloudy"
"-114.01","51.12","CALGARY INTL A","3031092","2025-05-15 09:00","2025","05","15","09:00","","5.6","","1.3","","74","","","","34","","38","","24.1","","88.87","","","","","","NA"
"-114.01","51.12","CALGARY INTL A","3031092","2025-05-15 10:00","2025","05","15","10:00","","6.5","","1.4","","70","","","","35","","35","","24.1","","88.87","","","","","","NA"
"-114.01","51.12","CALGARY INTL A","3031092","2025-05-15 11:00","2025","05","15","11:00","","7.4","","1.6","","66","","","","33","","26","","32.2","","88.87","","","","","","Cloudy"
"-114.01","51.12","CALGARY INTL A","3031092","2025-05-15 12:00","2025","05","15","12:00","","8.3","","2.0","","64","","","","34","","31","","48.3","","88.86","","","","","","NA"
"-114.01","51.12","CALGARY INTL A","3031092","2025-05-15 13:00","2025","05","15","13:00","","8.3","","1.2","","61","","","","34","","30","","48.3","","88.86","","","","","","NA"
"-114.01","51.12","CALGARY INTL A","3031092","2025-05-15 14:00","2025","05","15","14:00","","9.1","","1.5","","59","","","","35","","30","","32.2","","88.86","","","","","","Mostly Cloudy"
"-114.01","51.12","CALGARY INTL A","3031092","2025-05-15 15:00","2025","05","15","15:00","","10.1","","1.1","","53","","","","3","","31","","32.2","","88.84","","","","","","NA"
"-114.01","51.12","CALGARY INTL A","3031092","2025-05-15 16:00","2025","05","15","16:00","","9.8","","1.5","","56","","","","5","","25","","24.1","","88.83","","","","","","NA"
"-114.01","51.12","CALGARY INTL A","3031092","2025-05-15 17:00","2025","05","15","17:00","","10.7","","1.9","","54","","","","1","","13","","24.1","","88.81","","","","","","Mostly Cloudy"
"-114.01","51.12","CALGARY INTL A","3031092","2025-05-15 18:00","2025","05","15","18:00","","9.9","","1.9","","58","","","","3","","19","","24.1","","88.81","","","","","","NA"
"-114.01","51.12","CALGARY INTL A","3031092","2025-05-15 19:00","2025","05","15","19:00","","9.0","","1.4","","59","","","","4","","11","","48.3","","88.80","","","","","","NA"
"-114.01","51.12","CALGARY INTL A","3031092","2025-05-15 20:00","2025","05","15","20:00","","7.0","","1.9","","70","","","","8","","13","","32.2","","88.82","","","","","","Mainly Clear"
"-114.01","51.12","CALGARY INTL A","3031092","2025-05-15 21:00","2025","05","15","21:00","","6.1","","1.6","","73","","","","10","","10","","24.1","","88.85","","","","","","NA"
"-114.01","51.12","CALGARY INTL A","3031092","2025-05-15 22:00","2025","05","15","22:00","","6.2","","1.8","","74","","","","13","","6","","24.1","","88.85","","","","","","NA"
"-114.01","51.12","CALGARY INTL A","3031092","2025-05-15 23:00","2025","05","15","23:00","","6.5","","1.6","","71","","","","19","","4","","24.1","","88.83","","","","","","Mostly Cloudy"
"-114.01","51.12","CALGARY INTL A","3031092","2025-05-16 00:00","2025","05","16","00:00","","6.0","","1.8","","74","","","","18","","4","","24.1","","88.80","","","","","","NA"
"-114.01","51.12","CALGARY INTL A","3031092","2025-05-16 01:00","2025","05","16","01:00","","5.8","","1.8","","75","","","","17","","6","","24.1","","88.78","","","","","","NA"
"-114.01","51.12","CALGARY INTL A","3031092","2025-05-16 02:00","2025","05","16","02:00","","5.9","","2.3","","77","","","","15","","5","","24.1","","88.77","","","","","","Mostly Cloudy"
"-114.01","51.12","CALGARY INTL A","3031092","2025-05-16 03:00","2025","05","16","03:00","","5.4","","2.5","","81","","","","16","","9","","24.1","","88.76","","","","","","NA"
"-114.01","51.12","CALGARY INTL A","3031092","2025-05-16 04:00","2025","05","16","04:00","","4.7","","2.2","","84","","","","10","","6","","24.1","","88.78","","","","","","NA"
"-114.01","51.12","CALGARY INTL A","3031092","2025-05-16 05:00","2025","05","16","05:00","","5.2","","2.7","","84","","","","16","","7","","24.1","","88.79","","","","","","Mostly Cloudy"
"-114.01","51.12","CALGARY INTL A","3031092","2025-05-16 06:00","2025","05","16","06:00","","5.5","","2.6","","81","","","","18","","10","","24.1","","88.78","","","","","","NA"
"-114.01","51.12","CALGARY INTL A","3031092","2025-05-16 07:00","2025","05","16","07:00","","6.2","","2.6","","78","","","","18","","11","","24.1","","88.76","","","","","","NA"
"-114.01","51.12","CALGARY INTL A","3031092","2025-05-16 08:00","2025","05","16","08:00","","6.6","","2.8","","77","","","","14","","11","","24.1","","88.77","","","","","","Cloudy"
"-114.01","51.12","CALGARY INTL A","3031092","2025-05-16 09:00","2025","05","16","09:00","","7.1","","2.9","","74","","","","17","","10","","14.5","","88.74","","","","","","NA"
"-114.01","51.12","CALGARY INTL A","3031092","2025-05-16 10:00","2025","05","16","10:00","","8.3","","3.0","","69","","","","17","","6","","24.1","","88.73","","","","","","NA"
"-114.01","51.12","CALGARY INTL A","3031092","2025-05-16 11:00","2025","05","16","11:00","","9.9","","4.3","","68","","","","16","","15","","24.1","","88.70","","","","","","Cloudy"
"-114.01","51.12","CALGARY INTL A","3031092","2025-05-16 12:00","2025","05","16","12:00","","10.3","","4.0","","65","","","","13","","14","","24.1","","88.69","","","","","","NA"
"-114.01","51.12","CALGARY INTL A","3031092","2025-05-16 13:00","2025","05","16","13:00","","11.9","","4.9","","62","","","","14","","15","","24.1","","88.67","","","","","","NA"
"-114.01","51.12","CALGARY INTL A","3031092","2025-05-16 14:00","2025","05","16","14:00","","11.4","","4.2","","61","","","","16","","18","","32.2","","88.66","","","","","","Cloudy"
"-114.01","51.12","CALGARY INTL A","3031092","2025-05-16 15:00","2025","05","16","15:00","","12.4","","3.9","","56","","","","14","","14","","12.9","","88.64","","","","","","NA"
"-114.01","51.12","CALGARY INTL A","3031092","2025-05-16 16:00","2025","05","16","16:00","","11.7","","3.8","","58","","","","16","","20","","24.1","","88.63","","","","","","NA"
"-114.01","51.12","CALGARY INTL A","3031092","2025-05-16 17:00","2025","05","16","17:00","","11.4","","3.6","","58","","","","15","","19","","24.1","","88.60","","","","","","Cloudy"
"-114.01","51.12","CALGARY INTL A","3031092","2025-05-16 18:00","2025","05","16","18:00","","11.2","","3.7","","60","","","","13","","15","","24.1","","88.59","","","","","","NA"
"-114.01","51.12","CALGARY INTL A","3031092","2025-05-16 19:00","2025","05","16","19:00","","10.8","","3.3","","60","","","","17","","17","","16.1","","88.57","","","","","","Rain Showers"
"-114.01","51.12","CALGARY INTL A","3031092","2025-05-16 20:00","2025","05","16","20:00","","10.4","","2.4","","57","","","","17","","15","","12.9","","88.57","","","","","","Rain"
"-114.01","51.12","CALGARY INTL A","3031092","2025-05-16 21:00","2025","05","16","21:00","","9.0","","4.9","","75","","","","12","","17","","12.9","","88.59","","","","","","Rain"
"-114.01","51.12","CALGARY INTL A","3031092","2025-05-16 22:00","2025","05","16","22:00","","7.1","","4.5","","84","","","","17","","9","","9.7","","88.61","","","","","","Rain"
"-114.01","51.12","CALGARY INTL A","3031092","2025-05-16 23:00","2025","05","16","23:00","","7.0","","5.7","","91","","","","9","","11","","12.9","","88.58","","","","","","Rain"
"-114.01","51.12","CALGARY INTL A","3031092","2025-05-17 00:00","2025","05","17","00:00","","7.1","","6.0","","93","","","","12","","12","","12.9","","88.56","","","","","","Rain"
"-114.01","51.12","CALGARY INTL A","3031092","2025-05-17 01:00","2025","05","17","01:00","","7.2","","5.8","","91","","","","14","","11","","12.9","","88.55","","","","","","Rain"
"-114.01","51.12","CALGARY INTL A","3031092","2025-05-17 02:00","2025","05","17","02:00","","7.0","","5.6","","90","","","","15","","13","","12.9","","88.53","","","","","","Rain"
"-114.01","51.12","CALGARY INTL A","3031092","2025-05-17 03:00","2025","05","17","03:00","","6.2","","5.0","","92","","","","15","","12","","12.9","","88.51","","","","","","NA"
"-114.01","51.12","CALGARY INTL A","3031092","2025-05-17 04:00","2025","05","17","04:00","","6.0","","5.0","","93","","","","14","","13","","12.9","","88.50","","","","","","NA"
"-114.01","51.12","CALGARY INTL A","3031092","2025-05-17 05:00","2025","05","17","05:00","","5.4","","4.7","","95","","","","15","","7","","8.1","","88.48","","","","","","Fog"
"-114.01","51.12","CALGARY INTL A","3031092","2025-05-17 06:00","2025","05","17","06:00","","5.5","","4.9","","96","","","","12","","8","","4.8","","88.47","","","","","","Fog"
"-114.01","51.12","CALGARY INTL A","3031092","2025-05-17 07:00","2025","05","17","07:00","","6.6","","5.2","","91","","","","16","","12","","6.4","","88.48","","","","","","Fog"
"-114.01","51.12","CALGARY INTL A","3031092","2025-05-17 08:00","2025","05","17","08:00","","8.0","","5.1","","82","","","","13","","9","","12.9","","88.48","","","","","","Mostly Cloudy"
"-114.01","51.12","CALGARY INTL A","3031092","2025-05-17 09:00","2025","05","17","09:00","","8.1","","5.0","","81","","","","19","","7","","19.3","","88.47","","","","","","NA"
"-114.01","51.12","CALGARY INTL A","3031092","2025-05-17 10:00","2025","05","17","10:00","","10.0","","5.0","","71","","","","11","","10","","24.1","","88.43","","","","","","NA"
"-114.01","51.12","CALGARY INTL A","3031092","2025-05-17 11:00","2025","05","17","11:00","","11.6","","5.1","","64","","","","10","","4","","32.2","","88.39","","","","","","Mostly Cloudy"
"-114.01","51.12","CALGARY INTL A","3031092","2025-05-17 12:00","2025","05","17","12:00","","12.2","","4.2","","58","","","","17","","7","","32.2","","88.36","","","","","","NA"
"-114.01","51.12","CALGARY INTL A","3031092","2025-05-17 13:00","2025","05","17","13:00","","14.2","","4.7","","53","","","","12","","13","","32.2","","88.32","","","","","","NA"
"-114.01","51.12","CALGARY INTL A","3031092","2025-05-17 14:00","2025","05","17","14:00","","11.8","","4.7","","61","","","","10","","16","","48.3","","88.33","","","","","","Rain Showers"
"-114.01","51.12","CALGARY INTL A","3031092","2025-05-17 15:00","2025","05","17","15:00","","8.3","","4.9","","79","","","","12","","24","","32.2","","88.33","","","","","","Moderate Rain Showers"
"-114.01","51.12","CALGARY INTL A","3031092","2025-05-17 16:00","2025","05","17","16:00","","12.2","","6.0","","66","","","","12","","22","","32.2","","88.30","","","","","","NA"
"-114.01","51.12","CALGARY INTL A","3031092","2025-05-17 17:00","2025","05","17","17:00","","11.9","","4.0","","58","","","","12","","20","","32.2","","88.29","","","","","","Mostly Cloudy"
"-114.01","51.12","CALGARY INTL A","3031092","2025-05-17 18:00","2025","05","17","18:00","","11.7","","5.2","","64","","","","8","","10","","24.1","","88.25","","","","","","NA"
"-114.01","51.12","CALGARY INTL A","3031092","2025-05-17 19:00","2025","05","17","19:00","","11.2","","3.2","","58","","","","15","","10","","11.3","","88.28","","","","","","Rain Showers"
"-114.01","51.12","CALGARY INTL A","3031092","2025-05-17 20:00","2025","05","17","20:00","","8.1","","5.6","","84","","","","7","","18","","11.3","","88.26","","","","","","Rain Showers"
"-114.01","51.12","CALGARY INTL A","3031092","2025-05-17 21:00","2025","05","17","21:00","","8.1","","5.6","","84","","","","9","","14","","12.9","","88.28","","","","","","NA"
"-114.01","51.12","CALGARY INTL A","3031092","2025-05-17 22:00","2025","05","17","22:00","","8.4","","6.0","","85","","","","7","","4","","16.1","","88.32","","","","","","NA"
"-114.01","51.12","CALGARY INTL A","3031092","2025-05-17 23:00","2025","05","17","23:00","","8.5","","6.7","","89","","","","30","","7","","12.9","","88.33","","","","","","Rain"
"-114.01","51.12","CALGARY INTL A","3031092","2025-05-18 00:00","2025","05","18","00:00","","8.4","","6.5","","88","","","","4","","4","","14.5","","88.30","","","","","","Rain"
"-114.01","51.12","CALGARY INTL A","3031092","2025-05-18 01:00","2025","05","18","01:00","","8.0","","5.9","","86","","","","17","","4","","16.1","","88.29","","","","","","NA"
"-114.01","51.12","CALGARY INTL A","3031092","2025-05-18 02:00","2025","05","18","02:00","","7.2","","5.0","","86","","","","13","","8","","24.1","","88.24","","","","","","Mainly Clear"
"-114.01","51.12","CALGARY INTL A","3031092","2025-05-18 03:00","2025","05","18","03:00","","6.2","","4.5","","89","","","","15","","4","","24.1","","88.20","","","","","","NA"
"-114.01","51.12","CALGARY INTL A","3031092","2025-05-18 04:00","2025","05","18","04:00","","6.2","","5.1","","93","","","","22","","3","","16.1","","88.17","","","","","","NA"
"-114.01","51.12","CALGARY INTL A","3031092","2025-05-18 05:00","2025","05","18","05:00","","5.2","","4.6","","96","","","","34","","8","","9.7","","88.13","","","","","","Fog"
"-114.01","51.12","CALGARY INTL A","3031092","2025-05-18 06:00","2025","05","18","06:00","","5.9","","5.3","","96","","","","10","","6","","6.4","","88.15","","","","","","Fog"
"-114.01","51.12","CALGARY INTL A","3031092","2025-05-18 07:00","2025","05","18","07:00","","6.1","","5.8","","98","","","","14","","5","","0.4","","88.18","","","","","","Fog"
"-114.01","51.12","CALGARY INTL A","3031092","2025-05-18 08:00","2025","05","18","08:00","","6.9","","6.5","","97","","","","12","","3","","3.6","","88.18","","","","","","Fog"
"-114.01","51.12","CALGARY INTL A","3031092","2025-05-18 09:00","2025","05","18","09:00","","7.6","","6.4","","92","","","","14","","5","","9.7","","88.20","","","","","","Rain Showers,Fog"
"-114.01","51.12","CALGARY INTL A","3031092","2025-05-18 10:00","2025","05","18","10:00","","7.7","","6.3","","91","","","","17","","4","","9.7","","88.24","","","","","","Rain,Fog"
"-114.01","51.12","CALGARY INTL A","3031092","2025-05-18 11:00","2025","05","18","11:00","","8.3","","6.4","","88","","","","12","","8","","8.1","","88.28","","","","","","Rain,Fog"
"-114.01","51.12","CALGARY INTL A","3031092","2025-05-18 12:00","2025","05","18","12:00","","8.1","","7.0","","92","","","","8","","11","","14.5","","88.31","","","","","","Rain"
"-114.01","51.12","CALGARY INTL A","3031092","2025-05-18 13:00","2025","05","18","13:00","","9.7","","7.3","","85","","","","9","","7","","12.9","","88.32","","","","","","NA"
"-114.01","51.12","CALGARY INTL A","3031092","2025-05-18 14:00","2025","05","18","14:00","","11.2","","6.8","","75","","","","11","","5","","19.3","","88.31","","","","","","Cloudy"
"-114.01","51.12","CALGARY INTL A","3031092","2025-05-18 15:00","2025","05","18","15:00","","11.4","","6.5","","72","","","","","","0","","24.1","","88.30","","","","","","NA"
"-114.01","51.12","CALGARY INTL A","3031092","2025-05-18 16:00","2025","05","18","16:00","","10.4","","7.5","","82","","","","26","","12","","19.3","","88.30","","","","","","Rain Showers"
"-114.01","51.12","CALGARY INTL A","3031092","2025-05-18 17:00","2025","05","18","17:00","","8.8","","6.9","","87","","","","35","","13","","12.9","","88.38","","","","","","Thunderstorms,Moderate Rain Showers,Snow Pellets"
"-114.01","51.12","CALGARY INTL A","3031092","2025-05-18 18:00","2025","05","18","18:00","","8.8","","6.8","","87","","","","14","","22","","11.3","","88.46","","","","","","Rain Showers"
"-114.01","51.12","CALGARY INTL A","3031092","2025-05-18 19:00","2025","05","18","19:00","","7.8","","6.8","","93","","","","17","","17","","4.8","","88.57","","","","","","Rain,Fog"
"-114.01","51.12","CALGARY INTL A","3031092","2025-05-18 20:00","2025","05","18","20:00","","6.5","","5.6","","94","","","","14","","14","","3.2","","88.67","","","","","","Rain,Fog"
"-114.01","51.12","CALGARY INTL A","3031092","2025-05-18 21:00","2025","05","18","21:00","","6.4","","5.3","","93","","","","15","","13","","8.1","","88.72","","","","","","Rain,Fog"
"-114.01","51.12","CALGARY INTL A","3031092","2025-05-18 22:00","2025","05","18","22:00","","6.0","","4.9","","93","","","","12","","16","","9.7","","88.73","","","","","","Rain,Fog"
"-114.01","51.12","CALGARY INTL A","3031092","2025-05-18 23:00","2025","05","18","23:00","","5.2","","4.5","","95","","","","11","","12","","4.8","","88.74","","","","","","Rain,Fog"
"-114.01","51.12","CALGARY INTL A","3031092","2025-05-19 00:00","2025","05","19","00:00","","4.0","","3.7","","97","","","","12","","16","","1.6","","88.74","","","","","","Rain,Fog"
"-114.01","51.12","CALGARY INTL A","3031092","2025-05-19 01:00","2025","05","19","01:00","","3.8","","3.4","","97","","","","12","","10","","2.0","","88.76","","","","","","Rain,Fog"
"-114.01","51.12","CALGARY INTL A","3031092","2025-05-19 02:00","2025","05","19","02:00","","3.4","","3.1","","98","","","","11","","11","","2.0","","88.74","","","","","","Rain,Fog"
"-114.01","51.12","CALGARY INTL A","3031092","2025-05-19 03:00","2025","05","19","03:00","","2.9","","2.5","","97","","","","13","","11","","2.0","","88.74","","","","","","Rain,Fog"
"-114.01","51.12","CALGARY INTL A","3031092","2025-05-19 04:00","2025","05","19","04:00","","2.8","","2.2","","96","","","","13","","7","","2.0","","88.74","","","","","","Rain,Fog"
"-114.01","51.12","CALGARY INTL A","3031092","2025-05-19 05:00","2025","05","19","05:00","","3.0","","2.3","","95","","","","15","","12","","4.8","","88.77","","","","","","Fog"
"-114.01","51.12","CALGARY INTL A","3031092","2025-05-19 06:00","2025","05","19","06:00","","3.0","","2.2","","95","","","","17","","10","","4.8","","88.73","","","","","","Drizzle,Fog"
"-114.01","51.12","CALGARY INTL A","3031092","2025-05-19 07:00","2025","05","19","07:00","","3.1","","2.7","","97","","","","15","","11","","3.6","","88.73","","","","","","Fog"
"-114.01","51.12","CALGARY INTL A","3031092","2025-05-19 08:00","2025","05","19","08:00","","4.1","","3.5","","96","","","","18","","14","","4.8","","88.67","","","","","","Fog"
"-114.01","51.12","CALGARY INTL A","3031092","2025-05-19 09:00","2025","05","19","09:00","","4.7","","3.6","","93","","","","16","","12","","19.3","","88.63","","","","","","NA"
"-114.01","51.12","CALGARY INTL A","3031092","2025-05-19 10:00","2025","05","19","10:00","","5.9","","3.6","","85","","","","18","","11","","24.1","","88.58","","","","","","NA"
"-114.01","51.12","CALGARY INTL A","3031092","2025-05-19 11:00","2025","05","19","11:00","","8.6","","4.4","","75","","","","17","","16","","24.1","","88.53","","","","","","Mostly Cloudy"
"-114.01","51.12","CALGARY INTL A","3031092","2025-05-19 12:00","2025","05","19","12:00","","10.1","","4.8","","70","","","","17","","20","","32.2","","88.47","","","","","","NA"
"-114.01","51.12","CALGARY INTL A","3031092","2025-05-19 13:00","2025","05","19","13:00","","11.6","","4.8","","63","","","","16","","19","","48.3","","88.42","","","","","","NA"
"-114.01","51.12","CALGARY INTL A","3031092","2025-05-19 14:00","2025","05","19","14:00","","12.7","","5.2","","60","","","","17","","22","","48.3","","88.37","","","","","","Mostly Cloudy"
"-114.01","51.12","CALGARY INTL A","3031092","2025-05-19 15:00","2025","05","19","15:00","","13.2","","5.7","","60","","","","14","","18","","48.3","","88.32","","","","","","NA"
"-114.01","51.12","CALGARY INTL A","3031092","2025-05-19 16:00","2025","05","19","16:00","","15.2","","6.0","","54","","","","17","","17","","64.4","","88.28","","","","","","NA"
"-114.01","51.12","CALGARY INTL A","3031092","2025-05-19 17:00","2025","05","19","17:00","","13.3","","2.0","","46","","","","22","","19","","64.4","","88.27","","","","","","Rain Showers"
"-114.01","51.12","CALGARY INTL A","3031092","2025-05-19 18:00","2025","05","19","18:00","","10.9","","4.6","","65","","","","10","","17","","64.4","","88.26","","","","","","NA"
"-114.01","51.12","CALGARY INTL A","3031092","2025-05-19 19:00","2025","05","19","19:00","","11.0","","3.5","","60","","","","9","","17","","48.3","","88.29","","","","","","NA"
"-114.01","51.12","CALGARY INTL A","3031092","2025-05-19 20:00","2025","05","19","20:00","","10.3","","3.9","","65","","","","9","","3","","48.3","","88.31","","","","","","Mostly Cloudy"
"-114.01","51.12","CALGARY INTL A","3031092","2025-05-19 21:00","2025","05","19","21:00","","10.3","","1.4","","54","","","","31","","6","","32.2","","88.34","","","","","","NA"
"-114.01","51.12","CALGARY INTL A","3031092","2025-05-19 22:00","2025","05","19","22:00","","10.4","","-0.9","","45","","","","27","","9","","24.1","","88.36","","","","","","NA"
"-114.01","51.12","CALGARY INTL A","3031092","2025-05-19 23:00","2025","05","19","23:00","","9.9","","-0.6","","48","","","","33","","23","","24.1","","88.38","","","","","","Mostly Cloudy"
"-114.01","51.12","CALGARY INTL A","3031092","2025-05-20 00:00","2025","05","20","00:00","","7.9","","3.1","","71","","","","34","","17","","24.1","","88.39","","","","","","NA"
"-114.01","51.12","CALGARY INTL A","3031092","2025-05-20 01:00","2025","05","20","01:00","","7.8","","3.4","","74","","","","33","","18","","24.1","","88.42","","","","","","NA"
"-114.01","51.12","CALGARY INTL A","3031092","2025-05-20 02:00","2025","05","20","02:00","","7.7","","3.1","","73","","","","34","","19","","24.1","","88.46","","","","","","Mostly Cloudy"
"-114.01","51.12","CALGARY INTL A","3031092","2025-05-20 03:00","2025","05","20","03:00","","7.2","","3.1","","75","","","","34","","18","","24.1","","88.51","","","","","","NA"
"-114.01","51.12","CALGARY INTL A","3031092","2025-05-20 04:00","2025","05","20","04:00","","6.6","","3.4","","80","","","","34","","14","","24.1","","88.53","","","","","","NA"
"-114.01","51.12","CALGARY INTL A","3031092","2025-05-20 05:00","2025","05","20","05:00","","6.6","","3.5","","80","","","","33","","12","","48.3","","88.55","","","","","","Mostly Cloudy"
"-114.01","51.12","CALGARY INTL A","3031092","2025-05-20 06:00","2025","05","20","06:00","","6.2","","3.4","","82","","","","33","","14","","48.3","","88.58","","","","","","NA"
"-114.01","51.12","CALGARY INTL A","3031092","2025-05-20 07:00","2025","05","20","07:00","","7.9","","3.2","","72","","","","33","","18","","64.4","","88.60","","","","","","NA"
"-114.01","51.12","CALGARY INTL A","3031092","2025-05-20 08:00","2025","05","20","08:00","","9.5","","3.0","","63","","","","36","","19","","64.4","","88.62","","","","","","Mainly Clear"
"-114.01","51.12","CALGARY INTL A","3031092","2025-05-20 09:00","2025","05","20","09:00","","10.3","","3.5","","63","","","","3","","17","","64.4","","88.62","","","","","","NA"
"-114.01","51.12","CALGARY INTL A","3031092","2025-05-20 10:00","2025","05","20","10:00","","11.5","","2.7","","55","","","","2","","20","","64.4","","88.62","","","","","","NA"
"-114.01","51.12","CALGARY INTL A","3031092","2025-05-20 11:00","2025","05","20","11:00","","12.5","","1.4","","47","","","","9","","9","","64.4","","88.59","","","","","","Mostly Cloudy"
"-114.01","51.12","CALGARY INTL A","3031092","2025-05-20 12:00","2025","05","20","12:00","","12.3","","0.9","","46","","","","4","","17","","64.4","","88.55","","","","","","NA"
"-114.01","51.12","CALGARY INTL A","3031092","2025-05-20 13:00","2025","05","20","13:00","","11.6","","-0.3","","44","","","","6","","13","","64.4","","88.57","","","","","","Rain Showers"
"-114.01","51.12","CALGARY INTL A","3031092","2025-05-20 14:00","2025","05","20","14:00","","11.6","","2.3","","53","","","","11","","13","","64.4","","88.58","","","","","","Mostly Cloudy"
"-114.01","51.12","CALGARY INTL A","3031092","2025-05-20 15:00","2025","05","20","15:00","","11.3","","3.2","","57","","","","13","","14","","48.3","","88.62","","","","","","NA"
"-114.01","51.12","CALGARY INTL A","3031092","2025-05-20 16:00","2025","05","20","16:00","","10.7","","1.3","","52","","","","7","","10","","32.2","","88.65","","","","","","NA"
"-114.01","51.12","CALGARY INTL A","3031092","2025-05-20 17:00","2025","05","20","17:00","","10.7","","2.0","","55","","","","7","","14","","24.1","","88.67","","","","","","Mostly Cloudy"
"-114.01","51.12","CALGARY INTL A","3031092","2025-05-20 18:00","2025","05","20","18:00","","10.6","","1.0","","51","","","","","","0","","32.2","","88.74","","","","","","NA"
"-114.01","51.12","CALGARY INTL A","3031092","2025-05-20 19:00","2025","05","20","19:00","","8.6","","2.6","","66","","","","27","","8","","24.1","","88.80","","","","","","Rain Showers,Snow Pellets"
"-114.01","51.12","CALGARY INTL A","3031092","2025-05-20 20:00","2025","05","20","20:00","","7.8","","3.4","","73","","","","23","","8","","24.1","","88.83","","","","","","Rain Showers"
"-114.01","51.12","CALGARY INTL A","3031092","2025-05-20 21:00","2025","05","20","21:00","","6.7","","3.4","","79","","","","28","","22","","16.1","","88.90","","","","","","Rain Showers"
"-114.01","51.12","CALGARY INTL A","3031092","2025-05-20 22:00","2025","05","20","22:00","","6.2","","3.4","","82","","","","30","","18","","11.3","","88.93","","","","","","Rain Showers"
"-114.01","51.12","CALGARY INTL A","3031092","2025-05-20 23:00","2025","05","20","23:00","","6.5","","3.2","","79","","","","29","","18","","19.3","","88.93","","","","","","Rain Showers"
"-114.01","51.12","CALGARY INTL A","3031092","2025-05-21 00:00","2025","05","21","00:00","","7.0","","3.7","","80","","","","29","","16","","24.1","","88.91","","","","","","Rain Showers"
"-114.01","51.12","CALGARY INTL A","3031092","2025-05-21 01:00","2025","05","21","01:00","","6.5","","2.8","","77","","","","30","","15","","24.1","","88.91","","","","","","NA"
"-114.01","51.12","CALGARY INTL A","3031092","2025-05-21 02:00","2025","05","21","02:00","","6.8","","2.2","","73","","","","27","","17","","24.1","","88.91","","","","","","Mostly Cloudy"
"-114.01","51.12","CALGARY INTL A","3031092","2025-05-21 03:00","2025","05","21","03:00","","6.1","","2.5","","78","","","","28","","13","","24.1","","88.92","","","","","","NA"
"-114.01","51.12","CALGARY INTL A","3031092","2025-05-21 04:00","2025","05","21","04:00","","6.1","","2.6","","78","","","","29","","8","","24.1","","88.92","","","","","","NA"
"-114.01","51.12","CALGARY INTL A","3031092","2025-05-21 05:00","2025","05","21","05:00","","7.2","","1.8","","68","","","","30","","14","","64.4","","88.95","","","","","","Mostly Cloudy"
"-114.01","51.12","CALGARY INTL A","3031092","2025-05-21 06:00","2025","05","21","06:00","","7.1","","1.7","","68","","","","34","","18","","64.4","","89.00","","","","","","NA"
"-114.01","51.12","CALGARY INTL A","3031092","2025-05-21 07:00","2025","05","21","07:00","","7.6","","3.1","","73","","","","36","","19","","64.4","","89.04","","","","","","NA"
"-114.01","51.12","CALGARY INTL A","3031092","2025-05-21 08:00","2025","05","21","08:00","","7.3","","2.9","","74","","","","35","","23","","64.4","","89.07","","","","","","Mostly Cloudy"
"-114.01","51.12","CALGARY INTL A","3031092","2025-05-21 09:00","2025","05","21","09:00","","7.9","","3.4","","73","","","","34","","17","","48.3","","89.08","","","","","","NA"
"-114.01","51.12","CALGARY INTL A","3031092","2025-05-21 10:00","2025","05","21","10:00","","7.9","","3.6","","74","","","","35","","20","","32.2","","89.09","","","","","","Rain Showers"
"-114.01","51.12","CALGARY INTL A","3031092","2025-05-21 11:00","2025","05","21","11:00","","8.4","","2.6","","67","","","","36","","23","","14.5","","89.12","","","","","","Rain Showers"
"-114.01","51.12","CALGARY INTL A","3031092","2025-05-21 12:00","2025","05","21","12:00","","6.5","","2.9","","78","","","","30","","20","","11.3","","89.20","","","","","","Rain Showers"
"-114.01","51.12","CALGARY INTL A","3031092","2025-05-21 13:00","2025","05","21","13:00","","5.1","","3.7","","91","","","","2","","10","","24.1","","89.24","","","","","","Rain Showers"
"-114.01","51.12","CALGARY INTL A","3031092","2025-05-21 14:00","2025","05","21","14:00","","6.7","","4.3","","84","","","","33","","20","","32.2","","89.22","","","","","","Rain Showers"
"-114.01","51.12","CALGARY INTL A","3031092","2025-05-21 15:00","2025","05","21","15:00","","10.3","","4.2","","66","","","","36","","26","","48.3","","89.17","","","","","","NA"
"-114.01","51.12","CALGARY INTL A","3031092","2025-05-21 16:00","2025","05","21","16:00","","9.6","","4.0","","68","","","","36","","26","","32.2","","89.19","","","","","","NA"
"-114.01","51.12","CALGARY INTL A","3031092","2025-05-21 17:00","2025","05","21","17:00","","10.4","","3.5","","62","","","","35","","25","","24.1","","89.25","","","","","","Mostly Cloudy"
"-114.01","51.12","CALGARY INTL A","3031092","2025-05-21 18:00","2025","05","21","18:00","","8.9","","3.2","","67","","","","36","","23","","24.1","","89.25","","","","","","NA"
"-114.01","51.12","CALGARY INTL A","3031092","2025-05-21 19:00","2025","05","21","19:00","","8.0","","2.0","","66","","","","34","","30","","24.1","","89.28","","","","","","NA"
"-114.01","51.12","CALGARY INTL A","3031092","2025-05-21 20:00","2025","05","21","20:00","","7.2","","3.1","","75","","","","1","","18","","24.1","","89.32","","","","","","Mostly Cloudy"
"-114.01","51.12","CALGARY INTL A","3031092","2025-05-21 21:00","2025","05","21","21:00","","6.2","","2.9","","79","","","","35","","9","","24.1","","89.37","","","","","","NA"
"-114.01","51.12","CALGARY INTL A","3031092","2025-05-21 22:00","2025","05","21","22:00","","6.2","","2.0","","74","","","","32","","8","","24.1","","89.37","","","","","","NA"
"-114.01","51.12","CALGARY INTL A","3031092","2025-05-21 23:00","2025","05","21","23:00","","6.1","","2.1","","76","","","","29","","8","","24.1","","89.35","","","","","","Mostly Cloudy"
"-114.01","51.12","CALGARY INTL A","3031092","2025-05-22 00:00","2025","05","22","00:00","","5.7","","1.8","","76","","","","29","","7","","24.1","","89.32","","","","","","NA"
"-114.01","51.12","CALGARY INTL A","3031092","2025-05-22 01:00","2025","05","22","01:00","","4.9","","1.4","","78","","","","34","","4","","24.1","","89.28","","","","","","NA"
"-114.01","51.12","CALGARY INTL A","3031092","2025-05-22 02:00","2025","05","22","02:00","","4.9","","1.5","","78","","","","","","0","","24.1","","89.26","","","","","","Clear"
"-114.01","51.12","CALGARY INTL A","3031092","2025-05-22 03:00","2025","05","22","03:00","","3.5","","1.1","","84","","","","22","","8","","24.1","","89.23","","","","","","NA"
"-114.01","51.12","CALGARY INTL A","3031092","2025-05-22 04:00","2025","05","22","04:00"
"-114.01","51.12","CALGARY INTL A","3031092","2025-05-22 05:00","2025","05","22","05:00","","3.0","","1.4","","89","","","","23","","11","","48.3","","89.22","","","","","","Mainly Clear"
"-114.01","51.12","CALGARY INTL A","3031092","2025-05-22 06:00","2025","05","22","06:00","","4.2","","1.8","","84","","","","22","","6","","64.4","","89.22","","","","","","NA"
"-114.01","51.12","CALGARY INTL A","3031092","2025-05-22 07:00","2025","05","22","07:00","","5.9","","1.7","","74","","","","23","","6","","64.4","","89.21","","","","","","NA"
"-114.01","51.12","CALGARY INTL A","3031092","2025-05-22 08:00","2025","05","22","08:00","","8.3","","2.6","","67","","","","20","","12","","64.4","","89.20","","","","","","Mostly Cloudy"
"-114.01","51.12","CALGARY INTL A","3031092","2025-05-22 09:00","2025","05","22","09:00","","9.4","","3.1","","65","","","","17","","9","","64.4","","89.19","","","","","","NA"
"-114.01","51.12","CALGARY INTL A","3031092","2025-05-22 10:00","2025","05","22","10:00","","11.1","","2.8","","56","","","","15","","13","","64.4","","89.15","","","","","","NA"
"-114.01","51.12","CALGARY INTL A","3031092","2025-05-22 11:00","2025","05","22","11:00","","11.9","","4.0","","58","","","","15","","16","","48.3","","89.15","","","","","","Cloudy"
"-114.01","51.12","CALGARY INTL A","3031092","2025-05-22 12:00","2025","05","22","12:00","","12.4","","2.2","","49","","","","17","","14","","48.3","","89.10","","","","","","NA"
"-114.01","51.12","CALGARY INTL A","3031092","2025-05-22 13:00","2025","05","22","13:00","","13.4","","3.8","","52","","","","15","","16","","48.3","","89.07","","","","","","NA"
"-114.01","51.12","CALGARY INTL A","3031092","2025-05-22 14:00","2025","05","22","14:00","","14.3","","-0.3","","37","","","","15","","14","","32.2","","89.03","","","","","","Mostly Cloudy"
"-114.01","51.12","CALGARY INTL A","3031092","2025-05-22 15:00","2025","05","22","15:00","","15.0","","-2.4","","30","","","","14","","17","","24.1","","89.00","","","","","","NA"
"-114.01","51.12","CALGARY INTL A","3031092","2025-05-22 16:00","2025","05","22","16:00","","14.5","","-2.7","","30","","","","17","","16","","24.1","","89.00","","","","","","NA"
"-114.01","51.12","CALGARY INTL A","3031092","2025-05-22 17:00","2025","05","22","17:00","","14.3","","0.8","","39","","","","25","","15","","24.1","","89.02","","","","","","Cloudy"
"-114.01","51.12","CALGARY INTL A","3031092","2025-05-22 18:00","2025","05","22","18:00","","13.4","","1.8","","45","","","","29","","13","","32.2","","89.01","","","","","","NA"
"-114.01","51.12","CALGARY INTL A","3031092","2025-05-22 19:00","2025","05","22","19:00","","12.3","","1.0","","46","","","","26","","9","","16.1","","89.06","","","","","","NA"
"-114.01","51.12","CALGARY INTL A","3031092","2025-05-22 20:00","2025","05","22","20:00","","12.0","","1.4","","48","","","","28","","8","","16.1","","89.07","","","","","","Mostly Cloudy"
"-114.01","51.12","CALGARY INTL A","3031092","2025-05-22 21:00","2025","05","22","21:00","","12.0","","1.2","","47","","","","27","","6","","12.9","","89.06","","","","","","NA"
"-114.01","51.12","CALGARY INTL A","3031092","2025-05-22 22:00","2025","05","22","22:00","","10.8","","2.6","","57","","","","11","","5","","12.9","","89.08","","","","","","NA"
"-114.01","51.12","CALGARY INTL A","3031092","2025-05-22 23:00","2025","05","22","23:00","","11.1","","2.5","","55","","","","","","0","","12.9","","89.09","","","","","","Cloudy"
"-114.01","51.12","CALGARY INTL A","3031092","2025-05-23 00:00","2025","05","23","00:00","","9.0","","3.0","","66","","","","35","","8","","12.9","","89.07","","","","","","NA"
"-114.01","51.12","CALGARY INTL A","3031092","2025-05-23 01:00","2025","05","23","01:00","","7.8","","2.8","","70","","","","2","","5","","16.1","","89.06","","","","","","NA"
"-114.01","51.12","CALGARY INTL A","3031092","2025-05-23 02:00","2025","05","23","02:00","","7.6","","3.0","","73","","","","","","0","","16.1","","89.04","","","","","","Mostly Cloudy"
"-114.01","51.12","CALGARY INTL A","3031092","2025-05-23 03:00","2025","05","23","03:00","","6.9","","2.9","","76","","","","","","0","","16.1","","89.03","","","","","","NA"
"-114.01","51.12","CALGARY INTL A","3031092","2025-05-23 04:00","2025","05","23","04:00","","7.0","","3.8","","80","","","","3","","4","","16.1","","89.02","","","","","","NA"
"-114.01","51.12","CALGARY INTL A","3031092","2025-05-23 05:00","2025","05","23","05:00","","6.7","","3.1","","78","","","","3","","3","","24.1","","89.03","","","","","","Mostly Cloudy"
"-114.01","51.12","CALGARY INTL A","3031092","2025-05-23 06:00","2025","05","23","06:00","","7.4","","3.5","","76","","","","28","","3","","24.1","","89.04","","","","","","NA"
"-114.01","51.12","CALGARY INTL A","3031092","2025-05-23 07:00","2025","05","23","07:00","","9.1","","4.3","","72","","","","8","","7","","64.4","","89.08","","","","","","NA"
"-114.01","51.12","CALGARY INTL A","3031092","2025-05-23 08:00","2025","05","23","08:00","","11.2","","3.5","","59","","","","11","","4","","64.4","","89.08","","","","","","Mostly Cloudy"
"-114.01","51.12","CALGARY INTL A","3031092","2025-05-23 09:00","2025","05","23","09:00","","13.5","","3.1","","49","","","","13","","10","","64.4","","89.08","","","","","","NA"
"-114.01","51.12","CALGARY INTL A","3031092","2025-05-23 10:00","2025","05","23","10:00","","14.3","","4.8","","53","","","","18","","21","","48.3","","89.07","","","","","","NA"
"-114.01","51.12","CALGARY INTL A","3031092","2025-05-23 11:00","2025","05","23","11:00","","15.0","","3.8","","47","","","","18","","13","","48.3","","89.07","","","","","","Mostly Cloudy"
"-114.01","51.12","CALGARY INTL A","3031092","2025-05-23 12:00","2025","05","23","12:00","","15.9","","4.2","","45","","","","12","","19","","32.2","","89.02","","","","","","NA"
"-114.01","51.12","CALGARY INTL A","3031092","2025-05-23 13:00","2025","05","23","13:00","","14.9","","5.3","","52","","","","14","","27","","24.1","","89.03","","","","","","NA"
"-114.01","51.12","CALGARY INTL A","3031092","2025-05-23 14:00","2025","05","23","14:00","","14.7","","5.0","","52","","","","16","","22","","14.5","","89.06","","","","","","Thunderstorms"
"-114.01","51.12","CALGARY INTL A","3031092","2025-05-23 15:00","2025","05","23","15:00","","10.9","","7.4","","79","","","","19","","9","","14.5","","89.12","","","","","","Rain Showers"
"-114.01","51.12","CALGARY INTL A","3031092","2025-05-23 16:00","2025","05","23","16:00","","13.8","","8.5","","70","","","","18","","22","","24.1","","89.09","","","","","","NA"
"-114.01","51.12","CALGARY INTL A","3031092","2025-05-23 17:00","2025","05","23","17:00","","14.0","","5.3","","56","","","","21","","18","","32.2","","89.05","","","","","","Mostly Cloudy"
"-114.01","51.12","CALGARY INTL A","3031092","2025-05-23 18:00","2025","05","23","18:00","","12.9","","6.6","","65","","","","18","","18","","32.2","","89.06","","","","","","NA"
"-114.01","51.12","CALGARY INTL A","3031092","2025-05-23 19:00","2025","05","23","19:00","","13.1","","6.1","","62","","","","16","","15","","24.1","","89.08","","","","","","NA"
"-114.01","51.12","CALGARY INTL A","3031092","2025-05-23 20:00","2025","05","23","20:00","","11.9","","6.9","","71","","","","15","","26","","24.1","","89.09","","","","","","Mostly Cloudy"
"-114.01","51.12","CALGARY INTL A","3031092","2025-05-23 21:00","2025","05","23","21:00","","10.8","","6.7","","76","","","","17","","17","","24.1","","89.13","","","","","","NA"
"-114.01","51.12","CALGARY INTL A","3031092","2025-05-23 22:00","2025","05","23","22:00","","9.8","","6.5","","79","","","","17","","16","","24.1","","89.15","","","","","","NA"
"-114.01","51.12","CALGARY INTL A","3031092","2025-05-23 23:00","2025","05","23","23:00","","8.8","","6.2","","84","","","","18","","21","","24.1","","89.15","","","","","","Mainly Clear"
"-114.01","51.12","CALGARY INTL A","3031092","2025-05-24 00:00","2025","05","24","00:00","","8.3","","6.7","","90","","","","18","","18","","24.1","","89.14","","","","","","NA"
"-114.01","51.12","CALGARY INTL A","3031092","2025-05-24 01:00","2025","05","24","01:00","","7.9","","5.7","","86","","","","16","","14","","24.1","","89.13","","","","","","NA"
"-114.01","51.12","CALGARY INTL A","3031092","2025-05-24 02:00","2025","05","24","02:00","","7.1","","5.0","","86","","","","18","","10","","24.1","","89.14","","","","","","Clear"
"-114.01","51.12","CALGARY INTL A","3031092","2025-05-24 03:00","2025","05","24","03:00","","7.0","","5.1","","87","","","","21","","8","","24.1","","89.16","","","","","","NA"
"-114.01","51.12","CALGARY INTL A","3031092","2025-05-24 04:00","2025","05","24","04:00","","6.4","","5.2","","92","","","","17","","5","","24.1","","89.17","","","","","","NA"
"-114.01","51.12","CALGARY INTL A","3031092","2025-05-24 05:00","2025","05","24","05:00","","5.6","","4.7","","94","","","","18","","6","","64.4","","89.20","","","","","","Mainly Clear"
"-114.01","51.12","CALGARY INTL A","3031092","2025-05-24 06:00","2025","05","24","06:00","","6.8","","5.8","","93","","","","19","","8","","64.4","","89.24","","","","","","NA"
"-114.01","51.12","CALGARY INTL A","3031092","2025-05-24 07:00","2025","05","24","07:00","","8.7","","6.4","","86","","","","20","","8","","48.3","","89.27","","","","","","NA"
"-114.01","51.12","CALGARY INTL A","3031092","2025-05-24 08:00","2025","05","24","08:00","","10.4","","5.6","","72","","","","19","","10","","48.3","","89.29","","","","","","Mainly Clear"
"-114.01","51.12","CALGARY INTL A","3031092","2025-05-24 09:00","2025","05","24","09:00","","12.6","","5.6","","62","","","","16","","18","","64.4","","89.30","","","","","","NA"
"-114.01","51.12","CALGARY INTL A","3031092","2025-05-24 10:00","2025","05","24","10:00","","14.4","","7.2","","62","","","","17","","22","","64.4","","89.29","","","","","","NA"
"-114.01","51.12","CALGARY INTL A","3031092","2025-05-24 11:00","2025","05","24","11:00","","16.4","","6.1","","50","","","","15","","23","","64.4","","89.27","","","","","","Mainly Clear"
"-114.01","51.12","CALGARY INTL A","3031092","2025-05-24 12:00","2025","05","24","12:00","","17.6","","6.9","","49","","","","16","","24","","64.4","","89.24","","","","","","NA"
"-114.01","51.12","CALGARY INTL A","3031092","2025-05-24 13:00","2025","05","24","13:00","","18.4","","4.1","","38","","","","16","","23","","48.3","","89.23","","","","","","NA"
"-114.01","51.12","CALGARY INTL A","3031092","2025-05-24 14:00","2025","05","24","14:00","","19.3","","3.9","","36","","","","15","","18","","48.3","","89.22","","","","","","Mostly Cloudy"
"-114.01","51.12","CALGARY INTL A","3031092","2025-05-24 15:00","2025","05","24","15:00","","20.0","","5.0","","37","","","","16","","26","","32.2","","89.17","","","","","","NA"
"-114.01","51.12","CALGARY INTL A","3031092","2025-05-24 16:00","2025","05","24","16:00","","20.1","","4.7","","36","","","","17","","17","","32.2","","89.15","","","","","","NA"
"-114.01","51.12","CALGARY INTL A","3031092","2025-05-24 17:00","2025","05","24","17:00","","20.0","","3.4","","33","","","","15","","27","","32.2","","89.14","","","","","","Mostly Cloudy"
"-114.01","51.12","CALGARY INTL A","3031092","2025-05-24 18:00","2025","05","24","18:00","","19.3","","5.2","","39","","","","17","","24","","32.2","","89.15","","","","","","NA"
"-114.01","51.12","CALGARY INTL A","3031092","2025-05-24 19:00","2025","05","24","19:00","","18.2","","4.3","","39","","","","16","","32","","64.4","","89.15","","","","","","NA"
"-114.01","51.12","CALGARY INTL A","3031092","2025-05-24 20:00","2025","05","24","20:00","","16.9","","4.7","","44","","","","14","","19","","48.3","","89.17","","","","","","Mainly Clear"
"-114.01","51.12","CALGARY INTL A","3031092","2025-05-24 21:00","2025","05","24","21:00","","14.9","","4.8","","50","","","","15","","23","","32.2","","89.20","","","","","","NA"
"-114.01","51.12","CALGARY INTL A","3031092","2025-05-24 22:00","2025","05","24","22:00","","13.5","","5.2","","57","","","","16","","18","","24.1","","89.22","","","","","","NA"
"-114.01","51.12","CALGARY INTL A","3031092","2025-05-24 23:00","2025","05","24","23:00","","12.4","","5.0","","60","","","","17","","19","","24.1","","89.22","","","","","","Mainly Clear"
"-114.01","51.12","CALGARY INTL A","3031092","2025-05-25 00:00","2025","05","25","00:00","","11.6","","4.8","","63","","","","17","","16","","24.1","","89.22","","","","","","NA"
"-114.01","51.12","CALGARY INTL A","3031092","2025-05-25 01:00","2025","05","25","01:00","","10.6","","5.0","","68","","","","19","","7","","24.1","","89.18","","","","","","NA"
"-114.01","51.12","CALGARY INTL A","3031092","2025-05-25 02:00","2025","05","25","02:00","","9.5","","5.0","","74","","","","17","","15","","24.1","","89.15","","","","","","Clear"
"-114.01","51.12","CALGARY INTL A","3031092","2025-05-25 03:00","2025","05","25","03:00","","8.7","","5.2","","79","","","","17","","13","","24.1","","89.13","","","","","","NA"
"-114.01","51.12","CALGARY INTL A","3031092","2025-05-25 04:00","2025","05","25","04:00","","8.4","","5.4","","81","","","","18","","7","","24.1","","89.11","","","","","","NA"
"-114.01","51.12","CALGARY INTL A","3031092","2025-05-25 05:00","2025","05","25","05:00","","8.0","","5.4","","84","","","","19","","8","","48.3","","89.10","","","","","","Mainly Clear"
"-114.01","51.12","CALGARY INTL A","3031092","2025-05-25 06:00","2025","05","25","06:00","","8.8","","6.2","","84","","","","18","","5","","64.4","","89.12","","","","","","NA"
"-114.01","51.12","CALGARY INTL A","3031092","2025-05-25 07:00","2025","05","25","07:00","","10.8","","6.1","","73","","","","20","","5","","64.4","","89.11","","","","","","NA"
"-114.01","51.12","CALGARY INTL A","3031092","2025-05-25 08:00","2025","05","25","08:00","","13.0","","7.4","","69","","","","18","","6","","64.4","","89.11","","","","","","Mainly Clear"
"-114.01","51.12","CALGARY INTL A","3031092","2025-05-25 09:00","2025","05","25","09:00","","15.2","","6.7","","57","","","","19","","10","","64.4","","89.08","","","","","","NA"
"-114.01","51.12","CALGARY INTL A","3031092","2025-05-25 10:00","2025","05","25","10:00","","18.1","","6.3","","46","","","","15","","18","","64.4","","89.05","","","","","","NA"
"-114.01","51.12","CALGARY INTL A","3031092","2025-05-25 11:00","2025","05","25","11:00","","19.7","","6.7","","42","","","","17","","21","","64.4","","88.99","","","","","","Clear"
"-114.01","51.12","CALGARY INTL A","3031092","2025-05-25 12:00","2025","05","25","12:00","","22.0","","6.3","","36","","","","15","","22","","48.3","","88.94","","","","","","NA"
"-114.01","51.12","CALGARY INTL A","3031092","2025-05-25 13:00","2025","05","25","13:00","","23.1","","6.3","","33","","","","16","","20","","48.3","","88.89","","","","","","NA"
"-114.01","51.12","CALGARY INTL A","3031092","2025-05-25 14:00","2025","05","25","14:00","","24.2","","4.1","","27","","","","17","","19","","48.3","","88.83","","","","","","Clear"
"-114.01","51.12","CALGARY INTL A","3031092","2025-05-25 15:00","2025","05","25","15:00","","24.4","","4.5","","27","","","","17","","26","","32.2","","88.79","","","","","","NA"
"-114.01","51.12","CALGARY INTL A","3031092","2025-05-25 16:00","2025","05","25","16:00","","25.0","","4.5","","26","","","","14","","26","","32.2","","88.75","","","","","","NA"
"-114.01","51.12","CALGARY INTL A","3031092","2025-05-25 17:00","2025","05","25","17:00","","24.9","","5.2","","28","","","","17","","22","","32.2","","88.70","","","","","","Mainly Clear"
"-114.01","51.12","CALGARY INTL A","3031092","2025-05-25 18:00","2025","05","25","18:00","","24.7","","4.6","","27","","","","16","","32","","32.2","","88.65","","","","","","NA"
"-114.01","51.12","CALGARY INTL A","3031092","2025-05-25 19:00","2025","05","25","19:00","","23.5","","5.0","","30","","","","16","","26","","64.4","","88.65","","","","","","NA"
"-114.01","51.12","CALGARY INTL A","3031092","2025-05-25 20:00","2025","05","25","20:00","","22.1","","5.9","","35","","","","15","","27","","64.4","","88.65","","","","","","Mainly Clear"
"-114.01","51.12","CALGARY INTL A","3031092","2025-05-25 21:00","2025","05","25","21:00","","20.0","","6.3","","40","","","","15","","30","","32.2","","88.67","","","","","","NA"
"-114.01","51.12","CALGARY INTL A","3031092","2025-05-25 22:00","2025","05","25","22:00","","17.8","","6.0","","46","","","","16","","21","","24.1","","88.68","","","","","","NA"
"-114.01","51.12","CALGARY INTL A","3031092","2025-05-25 23:00","2025","05","25","23:00","","16.5","","6.0","","50","","","","16","","18","","24.1","","88.65","","","","","","Clear"
"-114.01","51.12","CALGARY INTL A","3031092","2025-05-26 00:00","2025","05","26","00:00","","13.9","","6.1","","59","","","","18","","10","","24.1","","88.62","","","","","","NA"
"-114.01","51.12","CALGARY INTL A","3031092","2025-05-26 01:00","2025","05","26","01:00","","12.3","","6.3","","66","","","","18","","12","","24.1","","88.58","","","","","","NA"
"-114.01","51.12","CALGARY INTL A","3031092","2025-05-26 02:00","2025","05","26","02:00","","12.6","","6.3","","66","","","","18","","10","","24.1","","88.57","","","","","","Clear"
"-114.01","51.12","CALGARY INTL A","3031092","2025-05-26 03:00","2025","05","26","03:00","","12.3","","6.7","","68","","","","23","","5","","24.1","","88.56","","","","","","NA"
"-114.01","51.12","CALGARY INTL A","3031092","2025-05-26 04:00","2025","05","26","04:00","","9.8","","6.1","","77","","","","19","","11","","24.1","","88.56","","","","","","NA"
"-114.01","51.12","CALGARY INTL A","3031092","2025-05-26 05:00","2025","05","26","05:00","","10.1","","5.9","","75","","","","22","","9","","64.4","","88.58","","","","","","Mainly Clear"
"-114.01","51.12","CALGARY INTL A","3031092","2025-05-26 06:00","2025","05","26","06:00","","11.0","","5.8","","70","","","","19","","10","","64.4","","88.56","","","","","","NA"
"-114.01","51.12","CALGARY INTL A","3031092","2025-05-26 07:00","2025","05","26","07:00","","13.8","","5.9","","59","","","","19","","10","","64.4","","88.55","","","","","","NA"
"-114.01","51.12","CALGARY INTL A","3031092","2025-05-26 08:00","2025","05","26","08:00","","15.4","","6.6","","55","","","","17","","10","","64.4","","88.54","","","","","","Mainly Clear"
"-114.01","51.12","CALGARY INTL A","3031092","2025-05-26 09:00","2025","05","26","09:00","","18.1","","7.7","","50","","","","17","","16","","64.4","","88.51","","","","","","NA"
"-114.01","51.12","CALGARY INTL A","3031092","2025-05-26 10:00","2025","05","26","10:00","","20.8","","9.3","","48","","","","16","","18","","64.4","","88.50","","","","","","NA"
"-114.01","51.12","CALGARY INTL A","3031092","2025-05-26 11:00","2025","05","26","11:00","","23.6","","8.4","","38","","","","15","","28","","64.4","","88.46","","","","","","Mostly Cloudy"
"-114.01","51.12","CALGARY INTL A","3031092","2025-05-26 12:00","2025","05","26","12:00","","26.0","","8.4","","32","","","","18","","26","","64.4","","88.42","","27","","","","NA"
"-114.01","51.12","CALGARY INTL A","3031092","2025-05-26 13:00","2025","05","26","13:00","","26.9","","7.1","","28","","","","18","","29","","64.4","","88.36","","27","","","","NA"
"-114.01","51.12","CALGARY INTL A","3031092","2025-05-26 14:00","2025","05","26","14:00","","25.9","","6.7","","29","","","","19","","24","","64.4","","88.33","","26","","","","Mostly Cloudy"
"-114.01","51.12","CALGARY INTL A","3031092","2025-05-26 15:00","2025","05","26","15:00","","25.9","","4.2","","24","","","","19","","18","","64.4","","88.28","","25","","","","NA"
"-114.01","51.12","CALGARY INTL A","3031092","2025-05-26 16:00","2025","05","26","16:00","","27.7","","2.9","","20","","","","21","","30","","48.3","","88.26","","26","","","","NA"
"-114.01","51.12","CALGARY INTL A","3031092","2025-05-26 17:00","2025","05","26","17:00","","25.2","","2.2","","22","","","","20","","23","","48.3","","88.29","","","","","","Mostly Cloudy"
"-114.01","51.12","CALGARY INTL A","3031092","2025-05-26 18:00","2025","05","26","18:00","","20.0","","5.1","","37","","","","28","","28","","48.3","","88.42","","","","","","NA"
"-114.01","51.12","CALGARY INTL A","3031092","2025-05-26 19:00","2025","05","26","19:00","","21.1","","4.4","","33","","","","28","","45","","24.1","","88.46","","","","","","NA"
"-114.01","51.12","CALGARY INTL A","3031092","2025-05-26 20:00","2025","05","26","20:00","","17.5","","3.0","","38","","","","27","","32","","24.1","","88.56","","","","","","Mostly Cloudy"
"-114.01","51.12","CALGARY INTL A","3031092","2025-05-26 21:00","2025","05","26","21:00","","16.0","","3.0","","41","","","","28","","19","","24.1","","88.66","","","","","","NA"
"-114.01","51.12","CALGARY INTL A","3031092","2025-05-26 22:00","2025","05","26","22:00","","16.0","","1.5","","37","","","","26","","21","","24.1","","88.74","","","","","","NA"
"-114.01","51.12","CALGARY INTL A","3031092","2025-05-26 23:00","2025","05","26","23:00","","15.5","","1.2","","38","","","","28","","24","","24.1","","88.81","","","","","","Clear"
"-114.01","51.12","CALGARY INTL A","3031092","2025-05-27 00:00","2025","05","27","00:00","","13.1","","1.2","","44","","","","31","","11","","24.1","","88.88","","","","","","NA"
"-114.01","51.12","CALGARY INTL A","3031092","2025-05-27 01:00","2025","05","27","01:00","","14.6","","-0.7","","35","","","","28","","26","","24.1","","88.89","","","","","","NA"
"-114.01","51.12","CALGARY INTL A","3031092","2025-05-27 02:00","2025","05","27","02:00","","13.3","","-0.7","","38","","","","27","","19","","24.1","","88.91","","","","","","Clear"
"-114.01","51.12","CALGARY INTL A","3031092","2025-05-27 03:00","2025","05","27","03:00","","12.7","","-1.1","","38","","","","28","","16","","24.1","","88.97","","","","","","NA"
"-114.01","51.12","CALGARY INTL A","3031092","2025-05-27 04:00","2025","05","27","04:00","","13.2","","-1.6","","36","","","","28","","26","","24.1","","88.96","","","","","","NA"
"-114.01","51.12","CALGARY INTL A","3031092","2025-05-27 05:00","2025","05","27","05:00","","13.6","","-1.4","","35","","","","28","","26","","64.4","","89.00","","","","","","Mainly Clear"
"-114.01","51.12","CALGARY INTL A","3031092","2025-05-27 06:00","2025","05","27","06:00","","14.3","","-1.5","","33","","","","28","","27","","64.4","","89.04","","","","","","NA"
"-114.01","51.12","CALGARY INTL A","3031092","2025-05-27 07:00","2025","05","27","07:00","","15.6","","-0.8","","32","","","","28","","22","","64.4","","89.10","","","","","","NA"
"-114.01","51.12","CALGARY INTL A","3031092","2025-05-27 08:00","2025","05","27","08:00","","17.0","","-0.6","","30","","","","28","","21","","64.4","","89.16","","","","","","Mostly Cloudy"
"-114.01","51.12","CALGARY INTL A","3031092","2025-05-27 09:00","2025","05","27","09:00","","18.4","","-1.6","","26","","","","30","","15","","64.4","","89.18","","","","","","NA"
"-114.01","51.12","CALGARY INTL A","3031092","2025-05-27 10:00","2025","05","27","10:00","","19.2","","-1.5","","24","","","","26","","9","","64.4","","89.18","","","","","","NA"
"-114.01","51.12","CALGARY INTL A","3031092","2025-05-27 11:00","2025","05","27","11:00","","19.6","","-1.4","","24","","","","21","","14","","64.4","","89.18","","","","","","Mostly Cloudy"
"-114.01","51.12","CALGARY INTL A","3031092","2025-05-27 12:00","2025","05","27","12:00","","20.4","","-1.5","","23","","","","28","","13","","64.4","","89.20","","","","","","NA"
"-114.01","51.12","CALGARY INTL A","3031092","2025-05-27 13:00","2025","05","27","13:00","","21.4","","2.1","","27","","","","35","","13","","64.4","","89.19","","","","","","NA"
"-114.01","51.12","CALGARY INTL A","3031092","2025-05-27 14:00","2025","05","27","14:00","","21.9","","1.1","","25","","","","36","","10","","64.4","","89.18","","","","","","Mostly Cloudy"
"-114.01","51.12","CALGARY INTL A","3031092","2025-05-27 15:00","2025","05","27","15:00","","22.7","","1.7","","25","","","","1","","8","","64.4","","89.17","","","","","","NA"
"-114.01","51.12","CALGARY INTL A","3031092","2025-05-27 16:00","2025","05","27","16:00","","22.4","","1.8","","25","","","","5","","8","","64.4","","89.17","","","","","","NA"
"-114.01","51.12","CALGARY INTL A","3031092","2025-05-27 17:00","2025","05","27","17:00","","22.5","","1.2","","24","","","","5","","8","","64.4","","89.17","","","","","","Mostly Cloudy"
"-114.01","51.12","CALGARY INTL A","3031092","2025-05-27 18:00","2025","05","27","18:00","","22.9","","2.9","","26","","","","35","","8","","64.4","","89.18","","","","","","NA"
"-114.01","51.12","CALGARY INTL A","3031092","2025-05-27 19:00","2025","05","27","19:00","","21.2","","3.3","","30","","","","7","","13","","64.4","","89.20","","","","","","NA"
"-114.01","51.12","CALGARY INTL A","3031092","2025-05-27 20:00","2025","05","27","20:00","","20.0","","2.2","","30","","","","11","","14","","64.4","","89.23","","","","","","Mostly Cloudy"
"-114.01","51.12","CALGARY INTL A","3031092","2025-05-27 21:00","2025","05","27","21:00","","18.6","","2.1","","33","","","","13","","9","","64.4","","89.28","","","","","","NA"
"-114.01","51.12","CALGARY INTL A","3031092","2025-05-27 22:00","2025","05","27","22:00","","17.6","","2.1","","35","","","","17","","6","","24.1","","89.33","","","","","","NA"
"-114.01","51.12","CALGARY INTL A","3031092","2025-05-27 23:00","2025","05","27","23:00","","17.5","","2.5","","36","","","","20","","7","","24.1","","89.33","","","","","","Mainly Clear"
"-114.01","51.12","CALGARY INTL A","3031092","2025-05-28 00:00","2025","05","28","00:00","","15.9","","4.0","","45","","","","19","","4","","24.1","","89.36","","","","","","NA"
"-114.01","51.12","CALGARY INTL A","3031092","2025-05-28 01:00","2025","05","28","01:00","","14.1","","5.1","","55","","","","23","","4","","24.1","","89.37","","","","","","NA"
"-114.01","51.12","CALGARY INTL A","3031092","2025-05-28 02:00","2025","05","28","02:00","","11.8","","4.8","","62","","","","3","","4","","24.1","","89.38","","","","","","Clear"
"-114.01","51.12","CALGARY INTL A","3031092","2025-05-28 03:00","2025","05","28","03:00","","10.6","","3.7","","62","","","","2","","5","","24.1","","89.42","","","","","","NA"
"-114.01","51.12","CALGARY INTL A","3031092","2025-05-28 04:00","2025","05","28","04:00","","10.1","","3.8","","65","","","","17","","4","","24.1","","89.43","","","","","","NA"
"-114.01","51.12","CALGARY INTL A","3031092","2025-05-28 05:00","2025","05","28","05:00","","10.0","","4.0","","66","","","","","","0","","64.4","","89.45","","","","","","Mostly Cloudy"
"-114.01","51.12","CALGARY INTL A","3031092","2025-05-28 06:00","2025","05","28","06:00","","12.5","","6.5","","66","","","","","","0","","64.4","","89.48","","","","","","NA"
"-114.01","51.12","CALGARY INTL A","3031092","2025-05-28 07:00","2025","05","28","07:00","","15.0","","5.0","","51","","","","16","","4","","64.4","","89.51","","","","","","NA"
"-114.01","51.12","CALGARY INTL A","3031092","2025-05-28 08:00","2025","05","28","08:00","","17.9","","5.1","","42","","","","","","0","","64.4","","89.51","","","","","","Mainly Clear"
"-114.01","51.12","CALGARY INTL A","3031092","2025-05-28 09:00","2025","05","28","09:00","","20.5","","3.5","","32","","","","8","","3","","64.4","","89.49","","","","","","NA"
"-114.01","51.12","CALGARY INTL A","3031092","2025-05-28 10:00","2025","05","28","10:00","","22.5","","5.3","","32","","","","18","","19","","64.4","","89.47","","","","","","NA"
"-114.01","51.12","CALGARY INTL A","3031092","2025-05-28 11:00","2025","05","28","11:00","","23.3","","4.0","","28","","","","16","","17","","64.4","","89.44","","","","","","Mainly Clear"
"-114.01","51.12","CALGARY INTL A","3031092","2025-05-28 12:00","2025","05","28","12:00","","24.4","","3.6","","26","","","","19","","20","","64.4","","89.36","","","","","","NA"
"-114.01","51.12","CALGARY INTL A","3031092","2025-05-28 13:00","2025","05","28","13:00","","24.9","","5.5","","28","","","","16","","25","","64.4","","89.32","","","","","","NA"
"-114.01","51.12","CALGARY INTL A","3031092","2025-05-28 14:00","2025","05","28","14:00","","25.7","","6.4","","29","","","","17","","16","","64.4","","89.28","","25","","","","Mainly Clear"
"-114.01","51.12","CALGARY INTL A","3031092","2025-05-28 15:00","2025","05","28","15:00","","26.3","","6.0","","27","","","","18","","15","","64.4","","89.22","","26","","","","NA"
"-114.01","51.12","CALGARY INTL A","3031092","2025-05-28 16:00","2025","05","28","16:00","","26.1","","4.4","","24","","","","15","","22","","64.4","","89.17","","25","","","","NA"
"-114.01","51.12","CALGARY INTL A","3031092","2025-05-28 17:00","2025","05","28","17:00","","25.7","","3.6","","23","","","","16","","25","","64.4","","89.14","","25","","","","Mainly Clear"
"-114.01","51.12","CALGARY INTL A","3031092","2025-05-28 18:00","2025","05","28","18:00","","25.2","","3.9","","25","","","","18","","18","","64.4","","89.09","","","","","","NA"
"-114.01","51.12","CALGARY INTL A","3031092","2025-05-28 19:00","2025","05","28","19:00","","24.0","","3.5","","26","","","","17","","27","","32.2","","89.08","","","","","","NA"
"-114.01","51.12","CALGARY INTL A","3031092","2025-05-28 20:00","2025","05","28","20:00","","22.3","","4.4","","31","","","","16","","23","","24.1","","89.05","","","","","","Clear"
"-114.01","51.12","CALGARY INTL A","3031092","2025-05-28 21:00","2025","05","28","21:00","","20.5","","5.2","","36","","","","16","","19","","24.1","","89.04","","","","","","NA"
"-114.01","51.12","CALGARY INTL A","3031092","2025-05-28 22:00","2025","05","28","22:00","","18.5","","4.8","","40","","","","16","","20","","24.1","","89.02","","","","","","NA"
"-114.01","51.12","CALGARY INTL A","3031092","2025-05-28 23:00","2025","05","28","23:00","","16.0","","4.9","","47","","","","18","","14","","24.1","","88.99","","","","","","Clear"
"-114.01","51.12","CALGARY INTL A","3031092","2025-05-29 00:00","2025","05","29","00:00","","15.5","","5.2","","50","","","","18","","15","","24.1","","88.95","","","","","","NA"
"-114.01","51.12","CALGARY INTL A","3031092","2025-05-29 01:00","2025","05","29","01:00","","15.0","","5.6","","53","","","","16","","13","","24.1","","88.90","","","","","","NA"
"-114.01","51.12","CALGARY INTL A","3031092","2025-05-29 02:00","2025","05","29","02:00","","13.5","","5.5","","58","","","","18","","11","","24.1","","88.85","","","","","","Clear"
"-114.01","51.12","CALGARY INTL A","3031092","2025-05-29 03:00","2025","05","29","03:00","","13.8","","5.5","","57","","","","19","","12","","24.1","","88.80","","","","","","NA"
"-114.01","51.12","CALGARY INTL A","3031092","2025-05-29 04:00","2025","05","29","04:00","","12.0","","5.6","","65","","","","17","","10","","32.2","","88.74","","","","","","NA"
"-114.01","51.12","CALGARY INTL A","3031092","2025-05-29 05:00","2025","05","29","05:00","","11.9","","6.0","","67","","","","19","","9","","48.3","","88.72","","","","","","Clear"
"-114.01","51.12","CALGARY INTL A","3031092","2025-05-29 06:00","2025","05","29","06:00","","14.0","","6.2","","59","","","","21","","7","","48.3","","88.67","","","","","","NA"
"-114.01","51.12","CALGARY INTL A","3031092","2025-05-29 07:00","2025","05","29","07:00","","16.0","","6.4","","53","","","","22","","9","","48.3","","88.65","","","","","","NA"
"-114.01","51.12","CALGARY INTL A","3031092","2025-05-29 08:00","2025","05","29","08:00","","18.4","","7.3","","48","","","","18","","12","","48.3","","88.60","","","","","","Clear"
"-114.01","51.12","CALGARY INTL A","3031092","2025-05-29 09:00","2025","05","29","09:00","","20.8","","8.3","","44","","","","16","","13","","48.3","","88.58","","","","","","NA"
"-114.01","51.12","CALGARY INTL A","3031092","2025-05-29 10:00","2025","05","29","10:00","","23.5","","8.3","","37","","","","17","","13","","32.2","","88.52","","","","","","NA"
"-114.01","51.12","CALGARY INTL A","3031092","2025-05-29 11:00","2025","05","29","11:00","","26.0","","9.7","","35","","","","18","","13","","32.2","","88.46","","27","","","","Clear"
"-114.01","51.12","CALGARY INTL A","3031092","2025-05-29 12:00","2025","05","29","12:00","","27.7","","8.5","","29","","","","18","","12","","32.2","","88.39","","28","","","","NA"
"-114.01","51.12","CALGARY INTL A","3031092","2025-05-29 13:00","2025","05","29","13:00","","28.9","","6.4","","24","","","","17","","13","","48.3","","88.34","","29","","","","NA"
"-114.01","51.12","CALGARY INTL A","3031092","2025-05-29 14:00","2025","05","29","14:00","","28.4","","4.5","","21","","","","17","","14","","48.3","","88.26","","28","","","","Mostly Cloudy"
"-114.01","51.12","CALGARY INTL A","3031092","2025-05-29 15:00","2025","05","29","15:00","","29.1","","5.5","","22","","","","16","","17","","32.2","","88.19","","29","","","","NA"
"-114.01","51.12","CALGARY INTL A","3031092","2025-05-29 16:00","2025","05","29","16:00","","29.9","","3.2","","18","","","","19","","24","","32.2","","88.13","","29","","","","NA"
"-114.01","51.12","CALGARY INTL A","3031092","2025-05-29 17:00","2025","05","29","17:00","","28.8","","4.9","","21","","","","29","","40","","24.1","","88.10","","28","","","","Mostly Cloudy"
"-114.01","51.12","CALGARY INTL A","3031092","2025-05-29 18:00","2025","05","29","18:00","","25.8","","4.4","","25","","","","28","","40","","24.1","","88.17","","25","","","","NA"
"-114.01","51.12","CALGARY INTL A","3031092","2025-05-29 19:00","2025","05","29","19:00","","19.8","","9.1","","50","","","","27","","32","","32.2","","88.39","","","","","","Rain Showers"
"-114.01","51.12","CALGARY INTL A","3031092","2025-05-29 20:00","2025","05","29","20:00","","17.6","","7.8","","52","","","","26","","32","","24.1","","88.45","","","","","","Mostly Cloudy"
"-114.01","51.12","CALGARY INTL A","3031092","2025-05-29 21:00","2025","05","29","21:00","","17.5","","6.0","","47","","","","26","","28","","24.1","","88.52","","","","","","NA"
"-114.01","51.12","CALGARY INTL A","3031092","2025-05-29 22:00","2025","05","29","22:00","","17.4","","3.6","","39","","","","29","","20","","24.1","","88.74","","","","","","NA"
"-114.01","51.12","CALGARY INTL A","3031092","2025-05-29 23:00","2025","05","29","23:00","","16.9","","4.0","","42","","","","32","","16","","24.1","","88.90","","","","","","Mostly Cloudy"
"-114.01","51.12","CALGARY INTL A","3031092","2025-05-30 00:00","2025","05","30","00:00","","15.3","","4.8","","49","","","","33","","22","","24.1","","89.04","","","","","","NA"
"-114.01","51.12","CALGARY INTL A","3031092","2025-05-30 01:00","2025","05","30","01:00","","13.6","","6.9","","64","","","","35","","26","","24.1","","89.18","","","","","","NA"
"-114.01","51.12","CALGARY INTL A","3031092","2025-05-30 02:00","2025","05","30","02:00","","11.9","","7.6","","75","","","","35","","14","","24.1","","89.25","","","","","","Clear"
"-114.01","51.12","CALGARY INTL A","3031092","2025-05-30 03:00","2025","05","30","03:00","","11.4","","6.8","","73","","","","34","","12","","24.1","","89.30","","","","","","NA"
"-114.01","51.12","CALGARY INTL A","3031092","2025-05-30 04:00","2025","05","30","04:00","","10.9","","6.2","","72","","","","34","","13","","24.1","","89.41","","","","","","NA"
"-114.01","51.12","CALGARY INTL A","3031092","2025-05-30 05:00","2025","05","30","05:00","","10.3","","6.2","","75","","","","35","","3","","40.2","","89.51","","","","","","Mainly Clear"
"-114.01","51.12","CALGARY INTL A","3031092","2025-05-30 06:00","2025","05","30","06:00","","11.5","","6.8","","72","","","","35","","12","","64.4","","89.61","","","","","","NA"
"-114.01","51.12","CALGARY INTL A","3031092","2025-05-30 07:00","2025","05","30","07:00","","13.2","","2.5","","48","","","","1","","24","","64.4","","89.66","","","","","","NA"
"-114.01","51.12","CALGARY INTL A","3031092","2025-05-30 08:00","2025","05","30","08:00","","13.7","","-0.6","","37","","","","3","","19","","64.4","","89.70","","","","","","Clear"
"-114.01","51.12","CALGARY INTL A","3031092","2025-05-30 09:00","2025","05","30","09:00","","15.0","","-0.4","","35","","","","2","","13","","64.4","","89.72","","","","","","NA"
"-114.01","51.12","CALGARY INTL A","3031092","2025-05-30 10:00","2025","05","30","10:00","","15.9","","1.5","","38","","","","24","","4","","64.4","","89.71","","","","","","NA"
"-114.01","51.12","CALGARY INTL A","3031092","2025-05-30 11:00","2025","05","30","11:00","","17.1","","2.0","","36","","","","15","","7","","48.3","","89.69","","","","","","Clear"
"-114.01","51.12","CALGARY INTL A","3031092","2025-05-30 12:00","2025","05","30","12:00","","18.7","","3.1","","35","","","","17","","11","","32.2","","89.64","","","","","","NA"
"-114.01","51.12","CALGARY INTL A","3031092","2025-05-30 13:00","2025","05","30","13:00","","20.6","","3.9","","33","","","","16","","20","","32.2","","89.56","","","","","","NA"
"-114.01","51.12","CALGARY INTL A","3031092","2025-05-30 14:00","2025","05","30","14:00","","22.0","","5.7","","34","","","","18","","16","","48.3","","89.51","","","","","","Mainly Clear"
"-114.01","51.12","CALGARY INTL A","3031092","2025-05-30 15:00","2025","05","30","15:00","","23.5","","5.6","","31","","","","17","","16","","32.2","","89.44","","","","","","NA"
"-114.01","51.12","CALGARY INTL A","3031092","2025-05-30 16:00","2025","05","30","16:00","","24.8","","5.5","","28","","","","17","","22","","32.2","","89.36","","","","","","NA"
"-114.01","51.12","CALGARY INTL A","3031092","2025-05-30 17:00","2025","05","30","17:00","","24.9","","4.8","","27","","","","19","","17","","32.2","","89.30","","","","","","Clear"
"-114.01","51.12","CALGARY INTL A","3031092","2025-05-30 18:00","2025","05","30","18:00","","25.0","","4.9","","27","","","","18","","12","","32.2","","89.27","","","","","","NA"
"-114.01","51.12","CALGARY INTL A","3031092","2025-05-30 19:00","2025","05","30","19:00","","24.4","","2.7","","24","","","","30","","10","","64.4","","89.25","","","","","","NA"
"-114.01","51.12","CALGARY INTL A","3031092","2025-05-30 20:00","2025","05","30","20:00","","24.1","","1.4","","22","","","","27","","13","","64.4","","89.25","","","","","","Mainly Clear"
"-114.01","51.12","CALGARY INTL A","3031092","2025-05-30 21:00","2025","05","30","21:00","","22.5","","2.2","","26","","","","28","","11","","64.4","","89.26","","","","","","NA"
"-114.01","51.12","CALGARY INTL A","3031092","2025-05-30 22:00","2025","05","30","22:00","","21.1","","2.4","","29","","","","28","","13","","24.1","","89.30","","","","","","NA"
"-114.01","51.12","CALGARY INTL A","3031092","2025-05-30 23:00","2025","05","30","23:00","","21.1","","2.0","","28","","","","28","","18","","24.1","","89.27","","","","","","Mainly Clear"
"-114.01","51.12","CALGARY INTL A","3031092","2025-05-31 00:00","2025","05","31","00:00","","20.9","","2.0","","28","","","","29","","16","","24.1","","89.27","","","","","","NA"
"-114.01","51.12","CALGARY INTL A","3031092","2025-05-31 01:00","2025","05","31","01:00","","19.8","","2.1","","31","","","","","","0","","24.1","","89.22","","","","","","NA"
"-114.01","51.12","CALGARY INTL A","3031092","2025-05-31 02:00","2025","05","31","02:00","","18.4","","2.8","","35","","","","23","","13","","24.1","","89.18","","","","","","Mainly Clear"
"-114.01","51.12","CALGARY INTL A","3031092","2025-05-31 03:00","2025","05","31","03:00","","16.5","","4.2","","44","","","","21","","8","","24.1","","89.16","","","","","","NA"
"-114.01","51.12","CALGARY INTL A","3031092","2025-05-31 04:00","2025","05","31","04:00","","14.4","","5.4","","54","","","","19","","13","","32.2","","89.15","","","","","","NA"
"-114.01","51.12","CALGARY INTL A","3031092","2025-05-31 05:00","2025","05","31","05:00","","15.4","","4.6","","48","","","","23","","9","","64.4","","89.11","","","","","","Mostly Cloudy"
"-114.01","51.12","CALGARY INTL A","3031092","2025-05-31 06:00","2025","05","31","06:00","","15.8","","5.2","","49","","","","19","","3","","64.4","","89.08","","","","","","NA"
"-114.01","51.12","CALGARY INTL A","3031092","2025-05-31 07:00","2025","05","31","07:00","","16.1","","6.7","","53","","","","12","","5","","64.4","","89.05","","","","","","NA"
"-114.01","51.12","CALGARY INTL A","3031092","2025-05-31 08:00","2025","05","31","08:00","","19.1","","6.0","","42","","","","15","","6","","64.4","","88.92","","","","","","Mostly Cloudy"
"-114.01","51.12","CALGARY INTL A","3031092","2025-05-31 09:00","2025","05","31","09:00","","19.0","","6.6","","44","","","","18","","14","","64.4","","88.83","","","","","","NA"
"-114.01","51.12","CALGARY INTL A","3031092","2025-05-31 10:00","2025","05","31","10:00","","20.9","","6.6","","39","","","","19","","19","","64.4","","88.77","","","","","","NA"
"-114.01","51.12","CALGARY INTL A","3031092","2025-05-31 11:00","2025","05","31","11:00","","23.1","","5.7","","32","","","","19","","18","","64.4","","88.63","","","","","","Mostly Cloudy"
"-114.01","51.12","CALGARY INTL A","3031092","2025-05-31 12:00","2025","05","31","12:00","","26.1","","6.9","","29","","","","19","","18","","64.4","","88.51","","26","","","","NA"
"-114.01","51.12","CALGARY INTL A","3031092","2025-05-31 13:00","2025","05","31","13:00","","28.0","","6.0","","24","","","","18","","20","","64.4","","88.35","","28","","","","NA"
"-114.01","51.12","CALGARY INTL A","3031092","2025-05-31 14:00","2025","05","31","14:00","","30.1","","1.4","","16","","","","23","","29","","64.4","","88.18","","28","","","","Mostly Cloudy"
"-114.01","51.12","CALGARY INTL A","3031092","2025-05-31 15:00","2025","05","31","15:00","","30.5","","2.7","","17","","","","18","","30","","64.4","","88.06","","29","","","","NA"
"-114.01","51.12","CALGARY INTL A","3031092","2025-05-31 16:00","2025","05","31","16:00","","31.0","","0.3","","14","","","","21","","31","","64.4","","87.95","","29","","","","NA"
"-114.01","51.12","CALGARY INTL A","3031092","2025-05-31 17:00","2025","05","31","17:00","","31.0","","-0.6","","13","","","","23","","33","","64.4","","87.84","","29","","","","Mainly Clear"
"-114.01","51.12","CALGARY INTL A","3031092","2025-05-31 18:00","2025","05","31","18:00","","29.8","","-1.1","","13","","","","23","","33","","32.2","","87.79","","27","","","","NA"
"-114.01","51.12","CALGARY INTL A","3031092","2025-05-31 19:00","2025","05","31","19:00","","28.8","","-1.3","","14","","","","21","","31","","16.1","","87.73","","26","","","","NA"
"-114.01","51.12","CALGARY INTL A","3031092","2025-05-31 20:00","2025","05","31","20:00","","27.6","","-1.7","","14","","","","25","","24","","16.1","","87.77","","25","","","","Mainly Clear"
"-114.01","51.12","CALGARY INTL A","3031092","2025-05-31 21:00","2025","05","31","21:00","","12.1","","4.9","","61","","","","35","","63","","3.2","","88.18","","","","","","Haze"
"-114.01","51.12","CALGARY INTL A","3031092","2025-05-31 22:00","2025","05","31","22:00","","9.6","","2.0","","59","","","","35","","50","","12.9","","88.37","","","","","","NA"
"-114.01","51.12","CALGARY INTL A","3031092","2025-05-31 23:00","2025","05","31","23:00","","8.0","","2.2","","67","","","","36","","45","","16.1","","88.49","","","","","","Mostly Cloudy"
