"Longitude (x)","Latitude (y)","Station Name","Climate ID","Date/Time (LST)","Year","Month","Day","Time (LST)","Flag","Temp (°C)","Temp Flag","Dew Point Temp (°C)","Dew Point Temp Flag","Rel Hum (%)","Rel Hum Flag","Precip. Amount (mm)","Precip. Amount Flag","Wind Dir (10s deg)","Wind Dir Flag","Wind Spd (km/h)","Wind Spd Flag","Visibility (km)","Visibility Flag","Stn Press (kPa)","Stn Press Flag","Hmdx","Hmdx Flag","Wind Chill","Wind Chill Flag","Weather"
"-114.01","51.12","CALGARY INTL A","3031092","2025-11-01 00:00","2025","11","01","00:00","","6.3","","-3.8","","48","","","","30","","4","","24.1","","87.88","","","","","","NA"
"-114.01","51.12","CALGARY INTL A","3031092","2025-11-01 01:00","2025","11","01","01:00","","5.6","","-3.9","","50","","","","","","0","","24.1","","87.91","","","","","","NA"
"-114.01","51.12","CALGARY INTL A","3031092","2025-11-01 02:00","2025","11","01","02:00","","6.7","","-3.4","","48","","","","18","","8","","24.1","","87.96","","","","","","Cloudy"
"-114.01","51.12","CALGARY INTL A","3031092","2025-11-01 03:00","2025","11","01","03:00","","4.5","","-3.4","","56","","","","17","","9","","24.1","","87.98","","","","","","NA"
"-114.01","51.12","CALGARY INTL A","3031092","2025-11-01 04:00","2025","11","01","04:00","","9.8","","-2.0","","44","","","","23","","13","","24.1","","87.93","","","","","","NA"
"-114.01","51.12","CALGARY INTL A","3031092","2025-11-01 05:00","2025","11","01","05:00","","11.9","","-1.4","","40","","","","23","","15","","24.1","","87.90","","","","","","Mostly Cloudy"
"-114.01","51.12","CALGARY INTL A","3031092","2025-11-01 06:00","2025","11","01","06:00","","11.3","","-0.8","","43","","","","23","","22","","24.1","","87.93","","","","","","NA"
"-114.01","51.12","CALGARY INTL A","3031092","2025-11-01 07:00","2025","11","01","07:00","","11.3","","0.0","","46","","","","23","","15","","24.1","","88.01","","","","","","NA"
"-114.01","51.12","CALGARY INTL A","3031092","2025-11-01 08:00","2025","11","01","08:00","","10.6","","0.7","","50","","","","28","","8","","32.2","","88.03","","","","","","Mostly Cloudy"
"-114.01","51.12","CALGARY INTL A","3031092","2025-11-01 09:00","2025","11","01","09:00","","10.1","","0.9","","53","","","","14","","5","","32.2","","87.99","","","","","","NA"
"-114.01","51.12","CALGARY INTL A","3031092","2025-11-01 10:00","2025","11","01","10:00","","11.0","","1.0","","50","","","","19","","17","","24.1","","87.90","","","","","","NA"
"-114.01","51.12","CALGARY INTL A","3031092","2025-11-01 11:00","2025","11","01","11:00","","12.4","","0.8","","45","","","","19","","13","","32.2","","87.74","","","","","","Mostly Cloudy"
"-114.01","51.12","CALGARY INTL A","3031092","2025-11-01 12:00","2025","11","01","12:00","","12.7","","0.9","","44","","","","19","","17","","32.2","","87.64","","","","","","NA"
"-114.01","51.12","CALGARY INTL A","3031092","2025-11-01 13:00","2025","11","01","13:00","","13.0","","1.8","","46","","","","19","","27","","32.2","","87.42","","","","","","NA"
"-114.01","51.12","CALGARY INTL A","3031092","2025-11-01 14:00","2025","11","01","14:00","","14.5","","1.5","","41","","","","19","","36","","32.2","","87.16","","","","","","Mainly Clear"
"-114.01","51.12","CALGARY INTL A","3031092","2025-11-01 15:00","2025","11","01","15:00","","14.5","","2.0","","43","","","","21","","32","","32.2","","87.08","","","","","","NA"
"-114.01","51.12","CALGARY INTL A","3031092","2025-11-01 16:00","2025","11","01","16:00","","13.2","","2.3","","47","","","","23","","19","","32.2","","87.20","","","","","","NA"
"-114.01","51.12","CALGARY INTL A","3031092","2025-11-01 17:00","2025","11","01","17:00","","11.9","","3.1","","55","","","","18","","11","","24.1","","87.28","","","","","","Rain"
"-114.01","51.12","CALGARY INTL A","3031092","2025-11-01 18:00","2025","11","01","18:00","","9.3","","5.2","","75","","","","27","","16","","24.1","","87.30","","","","","","Rain"
"-114.01","51.12","CALGARY INTL A","3031092","2025-11-01 19:00","2025","11","01","19:00","","8.7","","5.2","","78","","","","23","","10","","24.1","","87.32","","","","","","NA"
"-114.01","51.12","CALGARY INTL A","3031092","2025-11-01 20:00","2025","11","01","20:00","","7.1","","4.5","","83","","","","24","","9","","24.1","","87.37","","","","","","Clear"
"-114.01","51.12","CALGARY INTL A","3031092","2025-11-01 21:00","2025","11","01","21:00","","6.6","","3.4","","80","","","","27","","21","","24.1","","87.44","","","","","","NA"
"-114.01","51.12","CALGARY INTL A","3031092","2025-11-01 22:00","2025","11","01","22:00","","5.2","","1.6","","78","","","","33","","21","","24.1","","87.62","","","","","","NA"
"-114.01","51.12","CALGARY INTL A","3031092","2025-11-01 23:00","2025","11","01","23:00","","3.0","","0.3","","82","","","","36","","15","","24.1","","87.80","","","","","","Mainly Clear"
"-114.01","51.12","CALGARY INTL A","3031092","2025-11-02 00:00","2025","11","02","00:00","","2.1","","-0.6","","83","","","","34","","41","","16.1","","88.06","","","","","","NA"
"-114.01","51.12","CALGARY INTL A","3031092","2025-11-02 01:00","2025","11","02","01:00","","1.2","","-0.7","","88","","","","33","","29","","4.8","","88.25","","","","","","Drizzle,Snow"
"-114.01","51.12","CALGARY INTL A","3031092","2025-11-02 02:00","2025","11","02","02:00","","0.4","","-0.4","","94","","","","35","","21","","12.9","","88.39","","","","","","Mainly Clear"
"-114.01","51.12","CALGARY INTL A","3031092","2025-11-02 03:00","2025","11","02","03:00","","0.0","","-1.2","","91","","","","32","","8","","24.1","","88.48","","","","-3","","NA"
"-114.01","51.12","CALGARY INTL A","3031092","2025-11-02 04:00","2025","11","02","04:00","","0.0","","-1.8","","88","","","","22","","12","","24.1","","88.49","","","","-4","","NA"
"-114.01","51.12","CALGARY INTL A","3031092","2025-11-02 05:00","2025","11","02","05:00","","-0.2","","-2.2","","87","","","","23","","17","","24.1","","88.54","","","","-5","","Clear"
"-114.01","51.12","CALGARY INTL A","3031092","2025-11-02 06:00","2025","11","02","06:00","","-2.0","","-3.3","","91","","","","19","","10","","24.1","","88.56","","","","-6","","NA"
"-114.01","51.12","CALGARY INTL A","3031092","2025-11-02 07:00","2025","11","02","07:00","","-0.5","","-5.3","","70","","","","25","","17","","24.1","","88.50","","","","-5","","NA"
"-114.01","51.12","CALGARY INTL A","3031092","2025-11-02 08:00","2025","11","02","08:00","","0.2","","-6.4","","61","","","","24","","14","","48.3","","88.59","","","","","","Mainly Clear"
"-114.01","51.12","CALGARY INTL A","3031092","2025-11-02 09:00","2025","11","02","09:00","","1.7","","-5.9","","57","","","","26","","18","","48.3","","88.66","","","","","","NA"
"-114.01","51.12","CALGARY INTL A","3031092","2025-11-02 10:00","2025","11","02","10:00","","3.0","","-3.5","","62","","","","28","","29","","48.3","","88.76","","","","","","NA"
"-114.01","51.12","CALGARY INTL A","3031092","2025-11-02 11:00","2025","11","02","11:00","","5.6","","-5.0","","47","","","","27","","34","","48.3","","88.77","","","","","","Mainly Clear"
"-114.01","51.12","CALGARY INTL A","3031092","2025-11-02 12:00","2025","11","02","12:00","","6.7","","-8.1","","34","","","","28","","38","","32.2","","88.83","","","","","","NA"
"-114.01","51.12","CALGARY INTL A","3031092","2025-11-02 13:00","2025","11","02","13:00","","7.0","","-10.8","","27","","","","27","","33","","32.2","","88.87","","","","","","NA"
"-114.01","51.12","CALGARY INTL A","3031092","2025-11-02 14:00","2025","11","02","14:00","","7.0","","-9.6","","30","","","","27","","42","","32.2","","88.91","","","","","","Mainly Clear"
"-114.01","51.12","CALGARY INTL A","3031092","2025-11-02 15:00","2025","11","02","15:00","","7.2","","-11.8","","25","","","","27","","39","","48.3","","88.93","","","","","","NA"
"-114.01","51.12","CALGARY INTL A","3031092","2025-11-02 16:00","2025","11","02","16:00","","6.7","","-12.7","","24","","","","27","","35","","32.2","","88.99","","","","","","NA"
"-114.01","51.12","CALGARY INTL A","3031092","2025-11-02 17:00","2025","11","02","17:00","","5.4","","-12.3","","27","","","","27","","18","","32.2","","89.08","","","","","","Mainly Clear"
"-114.01","51.12","CALGARY INTL A","3031092","2025-11-02 18:00","2025","11","02","18:00","","4.3","","-11.6","","31","","","","28","","17","","24.1","","89.11","","","","","","NA"
"-114.01","51.12","CALGARY INTL A","3031092","2025-11-02 19:00","2025","11","02","19:00","","3.2","","-11.2","","34","","","","27","","13","","24.1","","89.15","","","","","","NA"
"-114.01","51.12","CALGARY INTL A","3031092","2025-11-02 20:00","2025","11","02","20:00","","2.6","","-10.7","","37","","","","27","","16","","24.1","","89.13","","","","","","Clear"
"-114.01","51.12","CALGARY INTL A","3031092","2025-11-02 21:00","2025","11","02","21:00","","3.3","","-12.5","","31","","","","26","","17","","24.1","","89.14","","","","","","NA"
"-114.01","51.12","CALGARY INTL A","3031092","2025-11-02 22:00","2025","11","02","22:00","","2.4","","-12.4","","33","","","","25","","19","","24.1","","89.15","","","","","","NA"
"-114.01","51.12","CALGARY INTL A","3031092","2025-11-02 23:00","2025","11","02","23:00","","1.8","","-12.4","","34","","","","25","","9","","24.1","","89.23","","","","","","Mainly Clear"
"-114.01","51.12","CALGARY INTL A","3031092","2025-11-03 00:00","2025","11","03","00:00","","-0.1","","-12.5","","39","","","","21","","11","","24.1","","89.24","","","","-4","","NA"
"-114.01","51.12","CALGARY INTL A","3031092","2025-11-03 01:00","2025","11","03","01:00","","-0.2","","-11.7","","42","","","","","","0","","24.1","","89.24","","","","","","NA"
"-114.01","51.12","CALGARY INTL A","3031092","2025-11-03 02:00","2025","11","03","02:00","","4.8","","-12.0","","28","","","","26","","24","","24.1","","89.18","","","","","","Mainly Clear"
"-114.01","51.12","CALGARY INTL A","3031092","2025-11-03 03:00","2025","11","03","03:00","","4.7","","-12.7","","27","","","","28","","22","","24.1","","89.18","","","","","","NA"
"-114.01","51.12","CALGARY INTL A","3031092","2025-11-03 04:00","2025","11","03","04:00","","2.9","","-12.1","","32","","","","25","","9","","24.1","","89.16","","","","","","NA"
"-114.01","51.12","CALGARY INTL A","3031092","2025-11-03 05:00","2025","11","03","05:00","","0.2","","-11.3","","42","","","","18","","7","","24.1","","89.15","","","","","","Mainly Clear"
"-114.01","51.12","CALGARY INTL A","3031092","2025-11-03 06:00","2025","11","03","06:00","","0.9","","-11.3","","40","","","","20","","7","","24.1","","89.10","","","","","","NA"
"-114.01","51.12","CALGARY INTL A","3031092","2025-11-03 07:00","2025","11","03","07:00","","1.4","","-11.9","","37","","","","24","","9","","24.1","","89.07","","","","","","NA"
"-114.01","51.12","CALGARY INTL A","3031092","2025-11-03 08:00","2025","11","03","08:00","","1.7","","-11.9","","36","","","","23","","8","","64.4","","89.03","","","","","","Mostly Cloudy"
"-114.01","51.12","CALGARY INTL A","3031092","2025-11-03 09:00","2025","11","03","09:00","","1.7","","-11.5","","37","","","","20","","5","","64.4","","89.03","","","","","","NA"
"-114.01","51.12","CALGARY INTL A","3031092","2025-11-03 10:00","2025","11","03","10:00","","3.6","","-12.2","","31","","","","25","","5","","64.4","","88.98","","","","","","NA"
"-114.01","51.12","CALGARY INTL A","3031092","2025-11-03 11:00","2025","11","03","11:00","","5.5","","-12.4","","26","","","","32","","7","","64.4","","88.91","","","","","","Cloudy"
"-114.01","51.12","CALGARY INTL A","3031092","2025-11-03 12:00","2025","11","03","12:00","","6.3","","-11.6","","27","","","","23","","8","","64.4","","88.89","","","","","","NA"
"-114.01","51.12","CALGARY INTL A","3031092","2025-11-03 13:00","2025","11","03","13:00","","7.8","","-14.8","","19","","","","31","","5","","64.4","","88.78","","","","","","NA"
"-114.01","51.12","CALGARY INTL A","3031092","2025-11-03 14:00","2025","11","03","14:00","","8.2","","-14.8","","18","","","","14","","5","","64.4","","88.71","","","","","","Cloudy"
"-114.01","51.12","CALGARY INTL A","3031092","2025-11-03 15:00","2025","11","03","15:00","","7.9","","-14.4","","19","","","","19","","6","","64.4","","88.66","","","","","","NA"
"-114.01","51.12","CALGARY INTL A","3031092","2025-11-03 16:00","2025","11","03","16:00","","6.7","","-14.2","","21","","","","15","","14","","64.4","","88.64","","","","","","NA"
"-114.01","51.12","CALGARY INTL A","3031092","2025-11-03 17:00","2025","11","03","17:00","","5.1","","-12.2","","28","","","","15","","12","","64.4","","88.60","","","","","","Cloudy"
"-114.01","51.12","CALGARY INTL A","3031092","2025-11-03 18:00","2025","11","03","18:00","","4.6","","-12.0","","29","","","","14","","10","","24.1","","88.56","","","","","","NA"
"-114.01","51.12","CALGARY INTL A","3031092","2025-11-03 19:00","2025","11","03","19:00","","3.5","","-11.5","","33","","","","18","","9","","24.1","","88.55","","","","","","NA"
"-114.01","51.12","CALGARY INTL A","3031092","2025-11-03 20:00","2025","11","03","20:00","","4.3","","-11.2","","32","","","","22","","6","","24.1","","88.53","","","","","","Cloudy"
"-114.01","51.12","CALGARY INTL A","3031092","2025-11-03 21:00","2025","11","03","21:00","","2.2","","-10.5","","39","","","","34","","4","","24.1","","88.50","","","","","","NA"
"-114.01","51.12","CALGARY INTL A","3031092","2025-11-03 22:00","2025","11","03","22:00","","1.0","","-9.8","","44","","","","34","","9","","24.1","","88.50","","","","","","NA"
"-114.01","51.12","CALGARY INTL A","3031092","2025-11-03 23:00","2025","11","03","23:00","","1.0","","-9.9","","44","","","","6","","3","","24.1","","88.48","","","","","","Cloudy"
"-114.01","51.12","CALGARY INTL A","3031092","2025-11-04 00:00","2025","11","04","00:00","","1.7","","-9.8","","42","","","","31","","8","","24.1","","88.48","","","","","","NA"
"-114.01","51.12","CALGARY INTL A","3031092","2025-11-04 01:00","2025","11","04","01:00","","1.1","","-10.2","","43","","","","30","","5","","24.1","","88.48","","","","","","NA"
"-114.01","51.12","CALGARY INTL A","3031092","2025-11-04 02:00","2025","11","04","02:00","","-0.1","","-9.7","","48","","","","34","","7","","24.1","","88.52","","","","-3","","Clear"
"-114.01","51.12","CALGARY INTL A","3031092","2025-11-04 03:00","2025","11","04","03:00","","-1.9","","-9.7","","55","","","","35","","7","","24.1","","88.57","","","","-5","","NA"
"-114.01","51.12","CALGARY INTL A","3031092","2025-11-04 04:00","2025","11","04","04:00","","-3.9","","-10.7","","59","","","","2","","8","","24.1","","88.62","","","","-7","","NA"
"-114.01","51.12","CALGARY INTL A","3031092","2025-11-04 05:00","2025","11","04","05:00","","-2.0","","-11.1","","50","","","","33","","5","","24.1","","88.69","","","","-4","","Clear"
"-114.01","51.12","CALGARY INTL A","3031092","2025-11-04 06:00","2025","11","04","06:00","","-2.0","","-11.9","","47","","","","33","","11","","24.1","","88.78","","","","-6","","NA"
"-114.01","51.12","CALGARY INTL A","3031092","2025-11-04 07:00","2025","11","04","07:00","","-3.2","","-12.1","","51","","","","31","","4","","32.2","","88.87","","","","-5","","NA"
"-114.01","51.12","CALGARY INTL A","3031092","2025-11-04 08:00","2025","11","04","08:00","","-2.6","","-11.9","","49","","","","31","","8","","64.4","","88.95","","","","-6","","Mainly Clear"
"-114.01","51.12","CALGARY INTL A","3031092","2025-11-04 09:00","2025","11","04","09:00","","-0.4","","-11.1","","45","","","","34","","17","","64.4","","89.04","","","","-5","","NA"
"-114.01","51.12","CALGARY INTL A","3031092","2025-11-04 10:00","2025","11","04","10:00","","2.3","","-9.8","","40","","","","34","","18","","64.4","","89.10","","","","","","NA"
"-114.01","51.12","CALGARY INTL A","3031092","2025-11-04 11:00","2025","11","04","11:00","","4.1","","-8.5","","39","","","","36","","13","","64.4","","89.19","","","","","","Clear"
"-114.01","51.12","CALGARY INTL A","3031092","2025-11-04 12:00","2025","11","04","12:00","","5.0","","-8.2","","38","","","","3","","4","","64.4","","89.22","","","","","","NA"
"-114.01","51.12","CALGARY INTL A","3031092","2025-11-04 13:00","2025","11","04","13:00","","5.5","","-8.0","","37","","","","","","0","","64.4","","89.23","","","","","","NA"
"-114.01","51.12","CALGARY INTL A","3031092","2025-11-04 14:00","2025","11","04","14:00","","6.1","","-8.2","","35","","","","17","","5","","64.4","","89.23","","","","","","Clear"
"-114.01","51.12","CALGARY INTL A","3031092","2025-11-04 15:00","2025","11","04","15:00","","6.2","","-8.3","","35","","","","14","","15","","64.4","","89.21","","","","","","NA"
"-114.01","51.12","CALGARY INTL A","3031092","2025-11-04 16:00","2025","11","04","16:00","","5.5","","-8.4","","36","","","","14","","14","","64.4","","89.23","","","","","","NA"
"-114.01","51.12","CALGARY INTL A","3031092","2025-11-04 17:00","2025","11","04","17:00","","3.7","","-8.4","","41","","","","15","","14","","64.4","","89.25","","","","","","Clear"
"-114.01","51.12","CALGARY INTL A","3031092","2025-11-04 18:00","2025","11","04","18:00","","2.7","","-8.4","","44","","","","14","","13","","64.4","","89.29","","","","","","NA"
"-114.01","51.12","CALGARY INTL A","3031092","2025-11-04 19:00","2025","11","04","19:00","","-0.3","","-9.1","","52","","","","16","","12","","24.1","","89.31","","","","-4","","NA"
"-114.01","51.12","CALGARY INTL A","3031092","2025-11-04 20:00","2025","11","04","20:00","","0.9","","-8.9","","48","","","","18","","10","","24.1","","89.28","","","","","","Clear"
"-114.01","51.12","CALGARY INTL A","3031092","2025-11-04 21:00","2025","11","04","21:00","","-0.7","","-9.1","","53","","","","18","","8","","24.1","","89.31","","","","-4","","NA"
"-114.01","51.12","CALGARY INTL A","3031092","2025-11-04 22:00","2025","11","04","22:00","","-1.9","","-9.6","","56","","","","","","0","","24.1","","89.32","","","","","","NA"
"-114.01","51.12","CALGARY INTL A","3031092","2025-11-04 23:00","2025","11","04","23:00","","-2.6","","-9.6","","59","","","","18","","6","","24.1","","89.28","","","","-5","","Clear"
"-114.01","51.12","CALGARY INTL A","3031092","2025-11-05 00:00","2025","11","05","00:00","","-4.2","","-10.2","","64","","","","","","0","","24.1","","89.24","","","","","","NA"
"-114.01","51.12","CALGARY INTL A","3031092","2025-11-05 01:00","2025","11","05","01:00","","-6.3","","-11.3","","68","","","","3","","8","","24.1","","89.19","","","","-10","","NA"
"-114.01","51.12","CALGARY INTL A","3031092","2025-11-05 02:00","2025","11","05","02:00","","-4.8","","-10.5","","65","","","","","","0","","24.1","","89.15","","","","","","Mostly Cloudy"
"-114.01","51.12","CALGARY INTL A","3031092","2025-11-05 03:00","2025","11","05","03:00","","-5.7","","-10.8","","67","","","","","","0","","24.1","","89.09","","","","","","NA"
"-114.01","51.12","CALGARY INTL A","3031092","2025-11-05 04:00","2025","11","05","04:00","","-7.3","","-11.9","","70","","","","36","","5","","24.1","","89.04","","","","-10","","NA"
"-114.01","51.12","CALGARY INTL A","3031092","2025-11-05 05:00","2025","11","05","05:00","","-5.7","","-11.0","","67","","","","9","","6","","24.1","","88.94","","","","-9","","Mostly Cloudy"
"-114.01","51.12","CALGARY INTL A","3031092","2025-11-05 06:00","2025","11","05","06:00","","-5.2","","-10.1","","69","","","","23","","7","","24.1","","88.92","","","","-8","","NA"
"-114.01","51.12","CALGARY INTL A","3031092","2025-11-05 07:00","2025","11","05","07:00","","-5.2","","-9.1","","75","","","","18","","5","","24.1","","88.84","","","","-7","","NA"
"-114.01","51.12","CALGARY INTL A","3031092","2025-11-05 08:00","2025","11","05","08:00","","-4.2","","-9.2","","68","","","","","","0","","64.4","","88.77","","","","","","Cloudy"
"-114.01","51.12","CALGARY INTL A","3031092","2025-11-05 09:00","2025","11","05","09:00","","-3.2","","-7.9","","70","","","","17","","10","","64.4","","88.68","","","","-7","","NA"
"-114.01","51.12","CALGARY INTL A","3031092","2025-11-05 10:00","2025","11","05","10:00","","-2.5","","-7.8","","67","","","","17","","12","","48.3","","88.60","","","","-7","","NA"
"-114.01","51.12","CALGARY INTL A","3031092","2025-11-05 11:00","2025","11","05","11:00","","-1.6","","-5.7","","74","","","","15","","18","","64.4","","88.51","","","","-7","","Cloudy"
"-114.01","51.12","CALGARY INTL A","3031092","2025-11-05 12:00","2025","11","05","12:00","","-0.6","","-5.0","","72","","","","16","","10","","64.4","","88.41","","","","-4","","NA"
"-114.01","51.12","CALGARY INTL A","3031092","2025-11-05 13:00","2025","11","05","13:00","","0.4","","-4.3","","71","","","","17","","14","","64.4","","88.26","","","","","","NA"
"-114.01","51.12","CALGARY INTL A","3031092","2025-11-05 14:00","2025","11","05","14:00","","0.9","","-4.0","","70","","","","19","","8","","48.3","","88.15","","","","","","Cloudy"
"-114.01","51.12","CALGARY INTL A","3031092","2025-11-05 15:00","2025","11","05","15:00","","2.8","","-2.5","","68","","","","19","","8","","48.3","","88.06","","","","","","NA"
"-114.01","51.12","CALGARY INTL A","3031092","2025-11-05 16:00","2025","11","05","16:00","","3.8","","-1.5","","68","","","","17","","21","","48.3","","87.98","","","","","","NA"
"-114.01","51.12","CALGARY INTL A","3031092","2025-11-05 17:00","2025","11","05","17:00","","4.0","","-0.9","","70","","","","16","","16","","48.3","","87.93","","","","","","Cloudy"
"-114.01","51.12","CALGARY INTL A","3031092","2025-11-05 18:00","2025","11","05","18:00","","3.8","","-1.4","","69","","","","16","","20","","24.1","","87.88","","","","","","NA"
"-114.01","51.12","CALGARY INTL A","3031092","2025-11-05 19:00","2025","11","05","19:00","","3.2","","0.0","","80","","","","17","","10","","24.1","","87.80","","","","","","Rain"
"-114.01","51.12","CALGARY INTL A","3031092","2025-11-05 20:00","2025","11","05","20:00","","3.4","","0.4","","81","","","","15","","8","","24.1","","87.73","","","","","","Cloudy"
"-114.01","51.12","CALGARY INTL A","3031092","2025-11-05 21:00","2025","11","05","21:00","","3.4","","0.4","","81","","","","21","","5","","24.1","","87.67","","","","","","NA"
"-114.01","51.12","CALGARY INTL A","3031092","2025-11-05 22:00","2025","11","05","22:00","","2.6","","-1.1","","76","","","","24","","6","","24.1","","87.65","","","","","","NA"
"-114.01","51.12","CALGARY INTL A","3031092","2025-11-05 23:00","2025","11","05","23:00","","3.6","","-1.4","","70","","","","23","","7","","24.1","","87.61","","","","","","Cloudy"
"-114.01","51.12","CALGARY INTL A","3031092","2025-11-06 00:00","2025","11","06","00:00","","2.8","","-2.0","","70","","","","22","","12","","24.1","","87.61","","","","","","NA"
"-114.01","51.12","CALGARY INTL A","3031092","2025-11-06 01:00","2025","11","06","01:00","","1.8","","-3.0","","70","","","","17","","14","","24.1","","87.62","","","","","","NA"
"-114.01","51.12","CALGARY INTL A","3031092","2025-11-06 02:00","2025","11","06","02:00","","3.1","","-2.6","","66","","","","22","","10","","24.1","","87.66","","","","","","Mostly Cloudy"
"-114.01","51.12","CALGARY INTL A","3031092","2025-11-06 03:00","2025","11","06","03:00","","2.0","","-2.4","","73","","","","19","","4","","24.1","","87.67","","","","","","NA"
"-114.01","51.12","CALGARY INTL A","3031092","2025-11-06 04:00","2025","11","06","04:00","","2.6","","-2.3","","70","","","","22","","8","","24.1","","87.65","","","","","","NA"
"-114.01","51.12","CALGARY INTL A","3031092","2025-11-06 05:00","2025","11","06","05:00","","4.0","","-2.2","","64","","","","27","","7","","24.1","","87.67","","","","","","Mostly Cloudy"
"-114.01","51.12","CALGARY INTL A","3031092","2025-11-06 06:00","2025","11","06","06:00","","4.9","","-3.4","","55","","","","23","","7","","24.1","","87.69","","","","","","NA"
"-114.01","51.12","CALGARY INTL A","3031092","2025-11-06 07:00","2025","11","06","07:00","","6.3","","-3.7","","49","","","","24","","9","","32.2","","87.72","","","","","","NA"
"-114.01","51.12","CALGARY INTL A","3031092","2025-11-06 08:00","2025","11","06","08:00","","9.6","","-4.0","","38","","","","28","","23","","48.3","","87.80","","","","","","Mostly Cloudy"
"-114.01","51.12","CALGARY INTL A","3031092","2025-11-06 09:00","2025","11","06","09:00","","10.5","","-4.0","","36","","","","28","","23","","48.3","","87.89","","","","","","NA"
"-114.01","51.12","CALGARY INTL A","3031092","2025-11-06 10:00","2025","11","06","10:00","","11.9","","-3.9","","33","","","","27","","21","","48.3","","87.97","","","","","","NA"
"-114.01","51.12","CALGARY INTL A","3031092","2025-11-06 11:00","2025","11","06","11:00","","12.6","","-5.7","","27","","","","28","","26","","64.4","","88.02","","","","","","Mostly Cloudy"
"-114.01","51.12","CALGARY INTL A","3031092","2025-11-06 12:00","2025","11","06","12:00","","13.1","","-6.8","","24","","","","27","","29","","64.4","","88.08","","","","","","NA"
"-114.01","51.12","CALGARY INTL A","3031092","2025-11-06 13:00","2025","11","06","13:00","","13.5","","-6.6","","24","","","","30","","27","","64.4","","88.10","","","","","","NA"
"-114.01","51.12","CALGARY INTL A","3031092","2025-11-06 14:00","2025","11","06","14:00","","13.0","","-6.6","","25","","","","28","","28","","48.3","","88.12","","","","","","Mostly Cloudy"
"-114.01","51.12","CALGARY INTL A","3031092","2025-11-06 15:00","2025","11","06","15:00","","12.3","","-3.6","","33","","","","5","","17","","48.3","","88.19","","","","","","NA"
"-114.01","51.12","CALGARY INTL A","3031092","2025-11-06 16:00","2025","11","06","16:00","","10.2","","-3.2","","39","","","","6","","12","","32.2","","88.27","","","","","","NA"
"-114.01","51.12","CALGARY INTL A","3031092","2025-11-06 17:00","2025","11","06","17:00","","6.0","","-3.6","","50","","","","7","","11","","32.2","","88.33","","","","","","Mainly Clear"
"-114.01","51.12","CALGARY INTL A","3031092","2025-11-06 18:00","2025","11","06","18:00","","3.8","","-3.2","","60","","","","12","","8","","24.1","","88.37","","","","","","NA"
"-114.01","51.12","CALGARY INTL A","3031092","2025-11-06 19:00","2025","11","06","19:00","","3.3","","-2.8","","64","","","","","","0","","24.1","","88.35","","","","","","NA"
"-114.01","51.12","CALGARY INTL A","3031092","2025-11-06 20:00","2025","11","06","20:00","","2.5","","-2.1","","71","","","","18","","4","","24.1","","88.32","","","","","","Mainly Clear"
"-114.01","51.12","CALGARY INTL A","3031092","2025-11-06 21:00","2025","11","06","21:00","","1.3","","-2.2","","78","","","","18","","7","","24.1","","88.31","","","","","","NA"
"-114.01","51.12","CALGARY INTL A","3031092","2025-11-06 22:00","2025","11","06","22:00","","-1.7","","-3.1","","90","","","","9","","9","","24.1","","88.29","","","","-5","","NA"
"-114.01","51.12","CALGARY INTL A","3031092","2025-11-06 23:00","2025","11","06","23:00","","-1.3","","-2.6","","91","","","","11","","6","","16.1","","88.21","","","","-4","","Mostly Cloudy"
"-114.01","51.12","CALGARY INTL A","3031092","2025-11-07 00:00","2025","11","07","00:00","","-2.4","","-3.0","","96","","","","10","","13","","0.4","","88.12","","","","-7","","Freezing Fog"
"-114.01","51.12","CALGARY INTL A","3031092","2025-11-07 01:00","2025","11","07","01:00","","-1.6","","-1.9","","97","","","","13","","10","","0.4","","88.07","","","","-5","","Freezing Fog"
"-114.01","51.12","CALGARY INTL A","3031092","2025-11-07 02:00","2025","11","07","02:00","","-1.3","","-1.6","","98","","","","12","","15","","0.8","","87.96","","","","-6","","Freezing Fog"
"-114.01","51.12","CALGARY INTL A","3031092","2025-11-07 03:00","2025","11","07","03:00","","-1.3","","-1.6","","98","","","","14","","7","","1.2","","87.89","","","","-4","","Fog"
"-114.01","51.12","CALGARY INTL A","3031092","2025-11-07 04:00","2025","11","07","04:00","","-1.6","","-1.9","","98","","","","14","","18","","0.4","","87.76","","","","-7","","Freezing Fog"
"-114.01","51.12","CALGARY INTL A","3031092","2025-11-07 05:00","2025","11","07","05:00","","-1.2","","-1.5","","98","","","","14","","17","","0.4","","87.68","","","","-6","","Freezing Fog"
"-114.01","51.12","CALGARY INTL A","3031092","2025-11-07 06:00","2025","11","07","06:00","","-1.2","","-1.4","","98","","","","10","","7","","1.2","","87.67","","","","-4","","Fog"
"-114.01","51.12","CALGARY INTL A","3031092","2025-11-07 07:00","2025","11","07","07:00","","-1.3","","-1.6","","98","","","","6","","16","","0.6","","87.66","","","","-6","","Freezing Drizzle,Freezing Fog"
"-114.01","51.12","CALGARY INTL A","3031092","2025-11-07 08:00","2025","11","07","08:00","","-1.4","","-1.7","","98","","","","3","","19","","0.4","","87.71","","","","-7","","Snow,Freezing Fog"
"-114.01","51.12","CALGARY INTL A","3031092","2025-11-07 09:00","2025","11","07","09:00","","-1.4","","-1.7","","98","","","","1","","9","","1.6","","87.77","","","","-5","","Snow,Fog"
"-114.01","51.12","CALGARY INTL A","3031092","2025-11-07 10:00","2025","11","07","10:00","","-1.3","","-1.6","","97","","","","1","","8","","8.1","","87.75","","","","-4","","Snow,Fog"
"-114.01","51.12","CALGARY INTL A","3031092","2025-11-07 11:00","2025","11","07","11:00","","-0.8","","-1.6","","94","","","","2","","22","","32.2","","87.90","","","","-7","","Cloudy"
"-114.01","51.12","CALGARY INTL A","3031092","2025-11-07 12:00","2025","11","07","12:00","","-0.5","","-1.6","","92","","","","36","","21","","32.2","","88.02","","","","-6","","NA"
"-114.01","51.12","CALGARY INTL A","3031092","2025-11-07 13:00","2025","11","07","13:00","","0.3","","-1.0","","91","","","","34","","21","","64.4","","88.11","","","","","","NA"
"-114.01","51.12","CALGARY INTL A","3031092","2025-11-07 14:00","2025","11","07","14:00","","1.2","","-0.8","","87","","","","35","","22","","48.3","","88.17","","","","","","Mostly Cloudy"
"-114.01","51.12","CALGARY INTL A","3031092","2025-11-07 15:00","2025","11","07","15:00","","2.0","","-0.5","","84","","","","36","","17","","32.2","","88.28","","","","","","NA"
"-114.01","51.12","CALGARY INTL A","3031092","2025-11-07 16:00","2025","11","07","16:00","","2.4","","-0.7","","80","","","","35","","21","","24.1","","88.39","","","","","","NA"
"-114.01","51.12","CALGARY INTL A","3031092","2025-11-07 17:00","2025","11","07","17:00","","2.1","","-1.1","","79","","","","35","","16","","24.1","","88.49","","","","","","Mostly Cloudy"
"-114.01","51.12","CALGARY INTL A","3031092","2025-11-07 18:00","2025","11","07","18:00","","2.0","","-1.2","","79","","","","35","","13","","24.1","","88.57","","","","","","NA"
"-114.01","51.12","CALGARY INTL A","3031092","2025-11-07 19:00","2025","11","07","19:00","","1.9","","-2.0","","76","","","","30","","4","","24.1","","88.64","","","","","","NA"
"-114.01","51.12","CALGARY INTL A","3031092","2025-11-07 20:00","2025","11","07","20:00","","1.6","","-2.1","","76","","","","","","0","","24.1","","88.69","","","","","","Mainly Clear"
"-114.01","51.12","CALGARY INTL A","3031092","2025-11-07 21:00","2025","11","07","21:00","","1.0","","-2.0","","80","","","","22","","8","","24.1","","88.75","","","","","","NA"
"-114.01","51.12","CALGARY INTL A","3031092","2025-11-07 22:00","2025","11","07","22:00","","-0.3","","-2.7","","84","","","","22","","6","","24.1","","88.81","","","","-2","","NA"
"-114.01","51.12","CALGARY INTL A","3031092","2025-11-07 23:00","2025","11","07","23:00","","0.0","","-2.5","","84","","","","22","","5","","24.1","","88.84","","","","-2","","Clear"
"-114.01","51.12","CALGARY INTL A","3031092","2025-11-08 00:00","2025","11","08","00:00","","-1.4","","-4.9","","77","","","","1","","7","","24.1","","88.92","","","","-4","","NA"
"-114.01","51.12","CALGARY INTL A","3031092","2025-11-08 01:00","2025","11","08","01:00","","-2.5","","-6.4","","75","","","","16","","4","","24.1","","88.98","","","","-4","","NA"
"-114.01","51.12","CALGARY INTL A","3031092","2025-11-08 02:00","2025","11","08","02:00","","-1.9","","-7.2","","67","","","","17","","7","","24.1","","89.02","","","","-5","","Mainly Clear"
"-114.01","51.12","CALGARY INTL A","3031092","2025-11-08 03:00","2025","11","08","03:00","","5.3","","-7.6","","39","","","","28","","26","","24.1","","89.07","","","","","","NA"
"-114.01","51.12","CALGARY INTL A","3031092","2025-11-08 04:00","2025","11","08","04:00","","5.0","","-7.8","","39","","","","28","","21","","24.1","","89.14","","","","","","NA"
"-114.01","51.12","CALGARY INTL A","3031092","2025-11-08 05:00","2025","11","08","05:00","","5.0","","-7.7","","39","","","","28","","24","","24.1","","89.22","","","","","","Mostly Cloudy"
"-114.01","51.12","CALGARY INTL A","3031092","2025-11-08 06:00","2025","11","08","06:00","","1.7","","-6.6","","54","","","","6","","8","","24.1","","89.29","","","","","","NA"
"-114.01","51.12","CALGARY INTL A","3031092","2025-11-08 07:00","2025","11","08","07:00","","0.0","","-7.7","","57","","","","31","","5","","24.1","","89.37","","","","-2","","NA"
"-114.01","51.12","CALGARY INTL A","3031092","2025-11-08 08:00","2025","11","08","08:00","","-0.3","","-7.4","","59","","","","33","","11","","64.4","","89.46","","","","-4","","Mostly Cloudy"
"-114.01","51.12","CALGARY INTL A","3031092","2025-11-08 09:00","2025","11","08","09:00","","0.1","","-5.9","","64","","","","","","0","","64.4","","89.54","","","","","","NA"
"-114.01","51.12","CALGARY INTL A","3031092","2025-11-08 10:00","2025","11","08","10:00","","2.6","","-6.0","","53","","","","36","","5","","64.4","","89.62","","","","","","NA"
"-114.01","51.12","CALGARY INTL A","3031092","2025-11-08 11:00","2025","11","08","11:00","","4.4","","-5.4","","49","","","","15","","3","","64.4","","89.68","","","","","","Mostly Cloudy"
"-114.01","51.12","CALGARY INTL A","3031092","2025-11-08 12:00","2025","11","08","12:00","","6.2","","-4.1","","48","","","","14","","6","","64.4","","89.70","","","","","","NA"
"-114.01","51.12","CALGARY INTL A","3031092","2025-11-08 13:00","2025","11","08","13:00","","6.3","","-3.1","","51","","","","12","","11","","64.4","","89.72","","","","","","NA"
"-114.01","51.12","CALGARY INTL A","3031092","2025-11-08 14:00","2025","11","08","14:00","","5.8","","-3.3","","52","","","","12","","16","","64.4","","89.77","","","","","","Cloudy"
"-114.01","51.12","CALGARY INTL A","3031092","2025-11-08 15:00","2025","11","08","15:00","","5.7","","-2.8","","54","","","","13","","14","","64.4","","89.80","","","","","","NA"
"-114.01","51.12","CALGARY INTL A","3031092","2025-11-08 16:00","2025","11","08","16:00","","4.5","","-3.6","","56","","","","15","","15","","48.3","","89.85","","","","","","NA"
"-114.01","51.12","CALGARY INTL A","3031092","2025-11-08 17:00","2025","11","08","17:00","","3.6","","-4.2","","57","","","","16","","15","","48.3","","89.87","","","","","","Mostly Cloudy"
"-114.01","51.12","CALGARY INTL A","3031092","2025-11-08 18:00","2025","11","08","18:00","","2.1","","-3.6","","66","","","","16","","10","","24.1","","89.91","","","","","","NA"
"-114.01","51.12","CALGARY INTL A","3031092","2025-11-08 19:00","2025","11","08","19:00","","0.6","","-3.5","","74","","","","17","","12","","24.1","","89.90","","","","","","NA"
"-114.01","51.12","CALGARY INTL A","3031092","2025-11-08 20:00","2025","11","08","20:00","","0.4","","-3.7","","74","","","","18","","12","","24.1","","89.91","","","","","","Mostly Cloudy"
"-114.01","51.12","CALGARY INTL A","3031092","2025-11-08 21:00","2025","11","08","21:00","","0.4","","-4.3","","71","","","","17","","9","","24.1","","89.92","","","","","","NA"
"-114.01","51.12","CALGARY INTL A","3031092","2025-11-08 22:00","2025","11","08","22:00","","0.0","","-3.5","","77","","","","16","","12","","24.1","","89.91","","","","-4","","NA"
"-114.01","51.12","CALGARY INTL A","3031092","2025-11-08 23:00","2025","11","08","23:00","","-0.3","","-3.3","","80","","","","18","","16","","24.1","","89.87","","","","-5","","Mostly Cloudy"
"-114.01","51.12","CALGARY INTL A","3031092","2025-11-09 00:00","2025","11","09","00:00","","-1.7","","-3.7","","86","","","","18","","10","","24.1","","89.86","","","","-5","","NA"
"-114.01","51.12","CALGARY INTL A","3031092","2025-11-09 01:00","2025","11","09","01:00","","-1.1","","-3.4","","84","","","","18","","14","","24.1","","89.80","","","","-6","","NA"
"-114.01","51.12","CALGARY INTL A","3031092","2025-11-09 02:00","2025","11","09","02:00","","-1.9","","-4.1","","85","","","","16","","10","","24.1","","89.81","","","","-6","","Mainly Clear"
"-114.01","51.12","CALGARY INTL A","3031092","2025-11-09 03:00","2025","11","09","03:00","","-2.8","","-4.3","","89","","","","16","","11","","24.1","","89.71","","","","-7","","NA"
"-114.01","51.12","CALGARY INTL A","3031092","2025-11-09 04:00","2025","11","09","04:00","","-3.2","","-4.5","","90","","","","18","","12","","24.1","","89.70","","","","-8","","NA"
"-114.01","51.12","CALGARY INTL A","3031092","2025-11-09 05:00","2025","11","09","05:00","","-3.2","","-4.5","","91","","","","16","","9","","24.1","","89.63","","","","-7","","Mostly Cloudy"
"-114.01","51.12","CALGARY INTL A","3031092","2025-11-09 06:00","2025","11","09","06:00","","-2.9","","-4.2","","91","","","","19","","7","","24.1","","89.62","","","","-6","","NA"
"-114.01","51.12","CALGARY INTL A","3031092","2025-11-09 07:00","2025","11","09","07:00","","-2.1","","-3.7","","89","","","","19","","9","","24.1","","89.61","","","","-6","","NA"
"-114.01","51.12","CALGARY INTL A","3031092","2025-11-09 08:00","2025","11","09","08:00","","-1.3","","-3.4","","86","","","","21","","10","","48.3","","89.59","","","","-5","","Cloudy"
"-114.01","51.12","CALGARY INTL A","3031092","2025-11-09 09:00","2025","11","09","09:00","","-1.6","","-3.5","","86","","","","19","","13","","64.4","","89.54","","","","-6","","NA"
"-114.01","51.12","CALGARY INTL A","3031092","2025-11-09 10:00","2025","11","09","10:00","","-0.1","","-3.0","","81","","","","18","","10","","64.4","","89.51","","","","-3","","NA"
"-114.01","51.12","CALGARY INTL A","3031092","2025-11-09 11:00","2025","11","09","11:00","","2.2","","-2.4","","72","","","","16","","9","","64.4","","89.49","","","","","","Cloudy"
"-114.01","51.12","CALGARY INTL A","3031092","2025-11-09 12:00","2025","11","09","12:00","","4.5","","-2.2","","62","","","","16","","10","","64.4","","89.46","","","","","","NA"
"-114.01","51.12","CALGARY INTL A","3031092","2025-11-09 13:00","2025","11","09","13:00","","6.5","","-1.5","","57","","","","18","","13","","64.4","","89.40","","","","","","NA"
"-114.01","51.12","CALGARY INTL A","3031092","2025-11-09 14:00","2025","11","09","14:00","","7.2","","-0.8","","56","","","","18","","15","","64.4","","89.33","","","","","","Cloudy"
"-114.01","51.12","CALGARY INTL A","3031092","2025-11-09 15:00","2025","11","09","15:00","","7.0","","-0.8","","58","","","","20","","14","","64.4","","89.28","","","","","","NA"
"-114.01","51.12","CALGARY INTL A","3031092","2025-11-09 16:00","2025","11","09","16:00","","6.3","","-0.6","","61","","","","18","","13","","64.4","","89.23","","","","","","NA"
"-114.01","51.12","CALGARY INTL A","3031092","2025-11-09 17:00","2025","11","09","17:00","","6.5","","-0.5","","61","","","","21","","10","","32.2","","89.18","","","","","","Cloudy"
"-114.01","51.12","CALGARY INTL A","3031092","2025-11-09 18:00","2025","11","09","18:00","","5.5","","-0.6","","65","","","","","","0","","24.1","","89.13","","","","","","NA"
"-114.01","51.12","CALGARY INTL A","3031092","2025-11-09 19:00","2025","11","09","19:00","","6.3","","0.0","","64","","","","22","","7","","24.1","","89.08","","","","","","NA"
"-114.01","51.12","CALGARY INTL A","3031092","2025-11-09 20:00","2025","11","09","20:00","","4.9","","-0.6","","68","","","","18","","5","","24.1","","89.02","","","","","","Cloudy"
"-114.01","51.12","CALGARY INTL A","3031092","2025-11-09 21:00","2025","11","09","21:00","","6.9","","-0.4","","60","","","","24","","4","","24.1","","88.92","","","","","","NA"
"-114.01","51.12","CALGARY INTL A","3031092","2025-11-09 22:00","2025","11","09","22:00","","12.4","","-3.1","","34","","","","23","","13","","24.1","","88.83","","","","","","NA"
"-114.01","51.12","CALGARY INTL A","3031092","2025-11-09 23:00","2025","11","09","23:00","","11.3","","-3.3","","36","","","","23","","4","","24.1","","88.72","","","","","","Cloudy"
"-114.01","51.12","CALGARY INTL A","3031092","2025-11-10 00:00","2025","11","10","00:00","","11.2","","-3.2","","36","","","","22","","17","","24.1","","88.62","","","","","","NA"
"-114.01","51.12","CALGARY INTL A","3031092","2025-11-10 01:00","2025","11","10","01:00","","10.5","","-3.3","","38","","","","21","","14","","24.1","","88.49","","","","","","NA"
"-114.01","51.12","CALGARY INTL A","3031092","2025-11-10 02:00","2025","11","10","02:00","","9.5","","-3.4","","40","","","","21","","13","","24.1","","88.40","","","","","","Mostly Cloudy"
"-114.01","51.12","CALGARY INTL A","3031092","2025-11-10 03:00","2025","11","10","03:00","","6.2","","-3.3","","51","","","","28","","3","","24.1","","88.29","","","","","","NA"
"-114.01","51.12","CALGARY INTL A","3031092","2025-11-10 04:00","2025","11","10","04:00","","4.3","","-3.3","","58","","","","4","","12","","24.1","","88.24","","","","","","NA"
"-114.01","51.12","CALGARY INTL A","3031092","2025-11-10 05:00","2025","11","10","05:00","","11.6","","-3.1","","36","","","","24","","13","","24.1","","88.26","","","","","","Mostly Cloudy"
"-114.01","51.12","CALGARY INTL A","3031092","2025-11-10 06:00","2025","11","10","06:00","","13.8","","-1.5","","34","","","","29","","32","","24.1","","88.40","","","","","","NA"
"-114.01","51.12","CALGARY INTL A","3031092","2025-11-10 07:00","2025","11","10","07:00","","12.5","","0.3","","43","","","","27","","45","","24.1","","88.16","","","","","","NA"
"-114.01","51.12","CALGARY INTL A","3031092","2025-11-10 08:00","2025","11","10","08:00","","12.8","","-0.7","","39","","","","27","","31","","48.3","","88.07","","","","","","Mainly Clear"
"-114.01","51.12","CALGARY INTL A","3031092","2025-11-10 09:00","2025","11","10","09:00","","12.8","","-4.8","","29","","","","31","","41","","64.4","","88.14","","","","","","NA"
"-114.01","51.12","CALGARY INTL A","3031092","2025-11-10 10:00","2025","11","10","10:00","","14.0","","-5.6","","25","","","","32","","32","","64.4","","88.24","","","","","","NA"
"-114.01","51.12","CALGARY INTL A","3031092","2025-11-10 11:00","2025","11","10","11:00","","14.6","","-6.3","","23","","","","29","","45","","64.4","","88.32","","","","","","Mostly Cloudy"
"-114.01","51.12","CALGARY INTL A","3031092","2025-11-10 12:00","2025","11","10","12:00","","13.2","","-6.3","","25","","","","29","","30","","64.4","","88.36","","","","","","NA"
"-114.01","51.12","CALGARY INTL A","3031092","2025-11-10 13:00","2025","11","10","13:00","","13.3","","-6.2","","25","","","","28","","27","","64.4","","88.34","","","","","","NA"
"-114.01","51.12","CALGARY INTL A","3031092","2025-11-10 14:00","2025","11","10","14:00","","13.1","","-6.2","","26","","","","26","","20","","64.4","","88.35","","","","","","Mainly Clear"
"-114.01","51.12","CALGARY INTL A","3031092","2025-11-10 15:00","2025","11","10","15:00","","14.0","","-6.2","","24","","","","29","","36","","64.4","","88.36","","","","","","NA"
"-114.01","51.12","CALGARY INTL A","3031092","2025-11-10 16:00","2025","11","10","16:00","","12.5","","-6.0","","27","","","","29","","25","","64.4","","88.39","","","","","","NA"
"-114.01","51.12","CALGARY INTL A","3031092","2025-11-10 17:00","2025","11","10","17:00","","11.5","","-6.5","","28","","","","28","","35","","64.4","","88.42","","","","","","Mainly Clear"
"-114.01","51.12","CALGARY INTL A","3031092","2025-11-10 18:00","2025","11","10","18:00","","11.2","","-6.4","","29","","","","28","","37","","24.1","","88.48","","","","","","NA"
"-114.01","51.12","CALGARY INTL A","3031092","2025-11-10 19:00","2025","11","10","19:00","","10.3","","-6.1","","31","","","","28","","15","","24.1","","88.46","","","","","","NA"
"-114.01","51.12","CALGARY INTL A","3031092","2025-11-10 20:00","2025","11","10","20:00","","10.4","","-6.2","","30","","","","26","","17","","24.1","","88.41","","","","","","Mainly Clear"
"-114.01","51.12","CALGARY INTL A","3031092","2025-11-10 21:00","2025","11","10","21:00","","11.1","","-6.2","","29","","","","27","","39","","24.1","","88.44","","","","","","NA"
"-114.01","51.12","CALGARY INTL A","3031092","2025-11-10 22:00","2025","11","10","22:00","","10.8","","-5.9","","30","","","","27","","29","","24.1","","88.53","","","","","","NA"
"-114.01","51.12","CALGARY INTL A","3031092","2025-11-10 23:00","2025","11","10","23:00","","9.5","","-5.9","","33","","","","26","","15","","24.1","","88.54","","","","","","Clear"
"-114.01","51.12","CALGARY INTL A","3031092","2025-11-11 00:00","2025","11","11","00:00","","7.5","","-5.9","","38","","","","22","","10","","24.1","","88.55","","","","","","NA"
"-114.01","51.12","CALGARY INTL A","3031092","2025-11-11 01:00","2025","11","11","01:00","","5.8","","-5.8","","43","","","","22","","4","","24.1","","88.52","","","","","","NA"
"-114.01","51.12","CALGARY INTL A","3031092","2025-11-11 02:00","2025","11","11","02:00","","5.6","","-5.9","","43","","","","25","","7","","24.1","","88.50","","","","","","Mainly Clear"
"-114.01","51.12","CALGARY INTL A","3031092","2025-11-11 03:00","2025","11","11","03:00","","5.8","","-5.7","","44","","","","23","","12","","24.1","","88.54","","","","","","NA"
"-114.01","51.12","CALGARY INTL A","3031092","2025-11-11 04:00","2025","11","11","04:00","","3.1","","-5.9","","52","","","","22","","11","","24.1","","88.57","","","","","","NA"
"-114.01","51.12","CALGARY INTL A","3031092","2025-11-11 05:00","2025","11","11","05:00","","2.7","","-5.7","","54","","","","20","","5","","24.1","","88.59","","","","","","Clear"
"-114.01","51.12","CALGARY INTL A","3031092","2025-11-11 06:00","2025","11","11","06:00","","0.0","","-5.6","","66","","","","17","","4","","24.1","","88.64","","","","-1","","NA"
"-114.01","51.12","CALGARY INTL A","3031092","2025-11-11 07:00","2025","11","11","07:00","","1.6","","-5.5","","60","","","","18","","8","","24.1","","88.69","","","","","","NA"
"-114.01","51.12","CALGARY INTL A","3031092","2025-11-11 08:00","2025","11","11","08:00","","-0.1","","-5.8","","65","","","","17","","8","","48.3","","88.71","","","","-3","","Mostly Cloudy"
"-114.01","51.12","CALGARY INTL A","3031092","2025-11-11 09:00","2025","11","11","09:00","","1.9","","-4.5","","63","","","","32","","9","","64.4","","88.80","","","","","","NA"
"-114.01","51.12","CALGARY INTL A","3031092","2025-11-11 10:00","2025","11","11","10:00","","4.7","","-3.7","","55","","","","1","","9","","64.4","","88.83","","","","","","NA"
"-114.01","51.12","CALGARY INTL A","3031092","2025-11-11 11:00","2025","11","11","11:00","","5.0","","-3.4","","55","","","","1","","5","","64.4","","88.85","","","","","","Mostly Cloudy"
"-114.01","51.12","CALGARY INTL A","3031092","2025-11-11 12:00","2025","11","11","12:00","","7.9","","-3.1","","46","","","","20","","9","","64.4","","88.80","","","","","","NA"
"-114.01","51.12","CALGARY INTL A","3031092","2025-11-11 13:00","2025","11","11","13:00","","11.9","","-7.2","","26","","","","28","","25","","64.4","","88.76","","","","","","NA"
"-114.01","51.12","CALGARY INTL A","3031092","2025-11-11 14:00","2025","11","11","14:00","","11.5","","-8.4","","24","","","","28","","30","","64.4","","88.75","","","","","","Mostly Cloudy"
"-114.01","51.12","CALGARY INTL A","3031092","2025-11-11 15:00","2025","11","11","15:00","","10.9","","-8.4","","25","","","","29","","33","","64.4","","88.78","","","","","","NA"
"-114.01","51.12","CALGARY INTL A","3031092","2025-11-11 16:00","2025","11","11","16:00","","10.4","","-8.2","","26","","","","29","","25","","64.4","","88.78","","","","","","NA"
"-114.01","51.12","CALGARY INTL A","3031092","2025-11-11 17:00","2025","11","11","17:00","","9.8","","-8.2","","27","","","","28","","29","","64.4","","88.80","","","","","","Mostly Cloudy"
"-114.01","51.12","CALGARY INTL A","3031092","2025-11-11 18:00","2025","11","11","18:00","","8.8","","-7.9","","30","","","","27","","7","","24.1","","88.85","","","","","","NA"
"-114.01","51.12","CALGARY INTL A","3031092","2025-11-11 19:00","2025","11","11","19:00","","8.2","","-7.9","","31","","","","27","","17","","24.1","","88.84","","","","","","NA"
"-114.01","51.12","CALGARY INTL A","3031092","2025-11-11 20:00","2025","11","11","20:00","","7.0","","-7.9","","34","","","","30","","17","","24.1","","88.86","","","","","","Mainly Clear"
"-114.01","51.12","CALGARY INTL A","3031092","2025-11-11 21:00","2025","11","11","21:00","","4.9","","-7.7","","40","","","","21","","9","","24.1","","88.91","","","","","","NA"
"-114.01","51.12","CALGARY INTL A","3031092","2025-11-11 22:00","2025","11","11","22:00","","3.0","","-7.6","","46","","","","2","","18","","24.1","","88.96","","","","","","NA"
"-114.01","51.12","CALGARY INTL A","3031092","2025-11-11 23:00","2025","11","11","23:00","","2.4","","-7.4","","48","","","","36","","9","","24.1","","89.02","","","","","","Mostly Cloudy"
"-114.01","51.12","CALGARY INTL A","3031092","2025-11-12 00:00","2025","11","12","00:00","","2.3","","-7.6","","48","","","","36","","10","","24.1","","89.05","","","","","","NA"
"-114.01","51.12","CALGARY INTL A","3031092","2025-11-12 01:00","2025","11","12","01:00","","1.7","","-5.9","","57","","","","36","","10","","24.1","","89.00","","","","","","NA"
"-114.01","51.12","CALGARY INTL A","3031092","2025-11-12 02:00","2025","11","12","02:00","","1.4","","-5.4","","61","","","","","","0","","24.1","","89.01","","","","","","Mostly Cloudy"
"-114.01","51.12","CALGARY INTL A","3031092","2025-11-12 03:00","2025","11","12","03:00","","1.1","","-5.0","","64","","","","7","","4","","24.1","","89.02","","","","","","NA"
"-114.01","51.12","CALGARY INTL A","3031092","2025-11-12 04:00","2025","11","12","04:00","","1.3","","-4.7","","64","","","","18","","4","","24.1","","88.99","","","","","","NA"
"-114.01","51.12","CALGARY INTL A","3031092","2025-11-12 05:00","2025","11","12","05:00","","1.2","","-3.9","","69","","","","16","","4","","24.1","","88.93","","","","","","Mostly Cloudy"
"-114.01","51.12","CALGARY INTL A","3031092","2025-11-12 06:00","2025","11","12","06:00","","2.1","","-3.2","","68","","","","17","","6","","24.1","","88.85","","","","","","NA"
"-114.01","51.12","CALGARY INTL A","3031092","2025-11-12 07:00","2025","11","12","07:00","","2.0","","-3.3","","68","","","","16","","13","","24.1","","88.81","","","","","","NA"
"-114.01","51.12","CALGARY INTL A","3031092","2025-11-12 08:00","2025","11","12","08:00","","1.0","","-3.5","","72","","","","11","","7","","64.4","","88.80","","","","","","Mostly Cloudy"
"-114.01","51.12","CALGARY INTL A","3031092","2025-11-12 09:00","2025","11","12","09:00","","1.7","","-2.9","","71","","","","15","","5","","64.4","","88.81","","","","","","NA"
"-114.01","51.12","CALGARY INTL A","3031092","2025-11-12 10:00","2025","11","12","10:00","","1.8","","-3.3","","69","","","","9","","7","","64.4","","88.80","","","","","","NA"
"-114.01","51.12","CALGARY INTL A","3031092","2025-11-12 11:00","2025","11","12","11:00","","2.5","","-3.1","","66","","","","8","","7","","48.3","","88.79","","","","","","Mostly Cloudy"
"-114.01","51.12","CALGARY INTL A","3031092","2025-11-12 12:00","2025","11","12","12:00","","3.5","","-2.8","","63","","","","10","","5","","48.3","","88.74","","","","","","NA"
"-114.01","51.12","CALGARY INTL A","3031092","2025-11-12 13:00","2025","11","12","13:00","","3.9","","-2.6","","62","","","","","","0","","64.4","","88.68","","","","","","NA"
"-114.01","51.12","CALGARY INTL A","3031092","2025-11-12 14:00","2025","11","12","14:00","","4.4","","-2.4","","61","","","","10","","3","","64.4","","88.63","","","","","","Mostly Cloudy"
"-114.01","51.12","CALGARY INTL A","3031092","2025-11-12 15:00","2025","11","12","15:00","","4.5","","-2.4","","61","","","","7","","5","","64.4","","88.60","","","","","","NA"
"-114.01","51.12","CALGARY INTL A","3031092","2025-11-12 16:00","2025","11","12","16:00","","4.3","","-2.0","","63","","","","9","","10","","64.4","","88.58","","","","","","NA"
"-114.01","51.12","CALGARY INTL A","3031092","2025-11-12 17:00","2025","11","12","17:00","","3.0","","-2.3","","68","","","","13","","10","","64.4","","88.56","","","","","","Mostly Cloudy"
"-114.01","51.12","CALGARY INTL A","3031092","2025-11-12 18:00","2025","11","12","18:00","","2.4","","-2.3","","71","","","","15","","6","","24.1","","88.55","","","","","","NA"
"-114.01","51.12","CALGARY INTL A","3031092","2025-11-12 19:00","2025","11","12","19:00","","2.0","","-2.1","","74","","","","18","","7","","24.1","","88.50","","","","","","NA"
"-114.01","51.12","CALGARY INTL A","3031092","2025-11-12 20:00","2025","11","12","20:00","","0.3","","-3.0","","78","","","","19","","13","","24.1","","88.46","","","","","","Mostly Cloudy"
"-114.01","51.12","CALGARY INTL A","3031092","2025-11-12 21:00","2025","11","12","21:00","","0.7","","-2.4","","80","","","","17","","9","","24.1","","88.35","","","","","","NA"
"-114.01","51.12","CALGARY INTL A","3031092","2025-11-12 22:00","2025","11","12","22:00","","0.4","","-2.2","","83","","","","20","","5","","24.1","","88.33","","","","","","NA"
"-114.01","51.12","CALGARY INTL A","3031092","2025-11-12 23:00","2025","11","12","23:00","","0.9","","-2.2","","80","","","","16","","7","","24.1","","88.22","","","","","","Mainly Clear"
"-114.01","51.12","CALGARY INTL A","3031092","2025-11-13 00:00","2025","11","13","00:00","","0.0","","-2.5","","83","","","","16","","5","","24.1","","88.17","","","","-2","","NA"
"-114.01","51.12","CALGARY INTL A","3031092","2025-11-13 01:00","2025","11","13","01:00","","-1.5","","-3.4","","86","","","","18","","7","","24.1","","88.06","","","","-4","","NA"
"-114.01","51.12","CALGARY INTL A","3031092","2025-11-13 02:00","2025","11","13","02:00","","-2.4","","-4.2","","87","","","","18","","12","","24.1","","87.98","","","","-7","","Mainly Clear"
"-114.01","51.12","CALGARY INTL A","3031092","2025-11-13 03:00","2025","11","13","03:00","","-2.2","","-4.2","","86","","","","17","","9","","24.1","","87.89","","","","-6","","NA"
"-114.01","51.12","CALGARY INTL A","3031092","2025-11-13 04:00","2025","11","13","04:00","","-2.2","","-4.2","","86","","","","19","","7","","24.1","","87.82","","","","-5","","NA"
"-114.01","51.12","CALGARY INTL A","3031092","2025-11-13 05:00","2025","11","13","05:00","","-1.3","","-3.5","","85","","","","18","","5","","24.1","","87.74","","","","-3","","Mostly Cloudy"
"-114.01","51.12","CALGARY INTL A","3031092","2025-11-13 06:00","2025","11","13","06:00","","-1.2","","-3.9","","82","","","","16","","8","","24.1","","87.67","","","","-4","","NA"
"-114.01","51.12","CALGARY INTL A","3031092","2025-11-13 07:00","2025","11","13","07:00","","-1.6","","-4.2","","82","","","","18","","12","","24.1","","87.59","","","","-6","","NA"
"-114.01","51.12","CALGARY INTL A","3031092","2025-11-13 08:00","2025","11","13","08:00","","0.4","","-3.4","","76","","","","","","0","","48.3","","87.49","","","","","","Mostly Cloudy"
"-114.01","51.12","CALGARY INTL A","3031092","2025-11-13 09:00","2025","11","13","09:00","","0.8","","-2.9","","76","","","","","","0","","48.3","","87.41","","","","","","NA"
"-114.01","51.12","CALGARY INTL A","3031092","2025-11-13 10:00","2025","11","13","10:00","","8.9","","0.6","","56","","","","17","","10","","48.3","","87.31","","","","","","NA"
"-114.01","51.12","CALGARY INTL A","3031092","2025-11-13 11:00","2025","11","13","11:00","","9.1","","1.8","","60","","","","32","","4","","48.3","","87.27","","","","","","Mostly Cloudy"
"-114.01","51.12","CALGARY INTL A","3031092","2025-11-13 12:00","2025","11","13","12:00","","11.6","","1.7","","51","","","","31","","13","","32.2","","87.17","","","","","","NA"
"-114.01","51.12","CALGARY INTL A","3031092","2025-11-13 13:00","2025","11","13","13:00","","12.3","","2.6","","51","","","","3","","12","","32.2","","87.07","","","","","","NA"
"-114.01","51.12","CALGARY INTL A","3031092","2025-11-13 14:00","2025","11","13","14:00","","15.9","","1.0","","36","","","","10","","9","","24.1","","86.97","","","","","","Cloudy"
"-114.01","51.12","CALGARY INTL A","3031092","2025-11-13 15:00","2025","11","13","15:00","","16.0","","-0.1","","33","","","","23","","27","","32.2","","86.90","","","","","","NA"
"-114.01","51.12","CALGARY INTL A","3031092","2025-11-13 16:00","2025","11","13","16:00","","15.4","","0.3","","35","","","","23","","27","","32.2","","86.81","","","","","","NA"
"-114.01","51.12","CALGARY INTL A","3031092","2025-11-13 17:00","2025","11","13","17:00","","14.4","","0.4","","38","","","","23","","32","","32.2","","86.71","","","","","","Cloudy"
"-114.01","51.12","CALGARY INTL A","3031092","2025-11-13 18:00","2025","11","13","18:00","","13.5","","0.5","","41","","","","23","","18","","24.1","","86.67","","","","","","NA"
"-114.01","51.12","CALGARY INTL A","3031092","2025-11-13 19:00","2025","11","13","19:00","","13.0","","0.6","","42","","","","27","","15","","24.1","","86.65","","","","","","NA"
"-114.01","51.12","CALGARY INTL A","3031092","2025-11-13 20:00","2025","11","13","20:00","","12.4","","0.8","","45","","","","26","","16","","24.1","","86.60","","","","","","Mostly Cloudy"
"-114.01","51.12","CALGARY INTL A","3031092","2025-11-13 21:00","2025","11","13","21:00","","11.7","","1.1","","48","","","","29","","21","","24.1","","86.73","","","","","","NA"
"-114.01","51.12","CALGARY INTL A","3031092","2025-11-13 22:00","2025","11","13","22:00","","2.8","","-2.8","","67","","","","35","","40","","24.1","","87.11","","","","","","NA"
"-114.01","51.12","CALGARY INTL A","3031092","2025-11-13 23:00","2025","11","13","23:00","","2.3","","-1.3","","77","","","","36","","24","","16.1","","87.26","","","","","","Rain"
"-114.01","51.12","CALGARY INTL A","3031092","2025-11-14 00:00","2025","11","14","00:00","","1.7","","-1.8","","78","","","","1","","25","","24.1","","87.29","","","","","","NA"
"-114.01","51.12","CALGARY INTL A","3031092","2025-11-14 01:00","2025","11","14","01:00","","1.8","","-1.2","","81","","","","1","","16","","24.1","","87.41","","","","","","NA"
"-114.01","51.12","CALGARY INTL A","3031092","2025-11-14 02:00","2025","11","14","02:00","","1.3","","-1.5","","82","","","","36","","17","","24.1","","87.46","","","","","","Cloudy"
"-114.01","51.12","CALGARY INTL A","3031092","2025-11-14 03:00","2025","11","14","03:00","","1.0","","-1.5","","83","","","","3","","10","","24.1","","87.61","","","","","","NA"
"-114.01","51.12","CALGARY INTL A","3031092","2025-11-14 04:00","2025","11","14","04:00","","0.5","","-1.0","","90","","","","4","","13","","6.4","","87.66","","","","","","Snow,Fog"
"-114.01","51.12","CALGARY INTL A","3031092","2025-11-14 05:00","2025","11","14","05:00","","-0.6","","-1.8","","91","","","","6","","10","","8.1","","87.77","","","","-4","","Snow,Fog"
"-114.01","51.12","CALGARY INTL A","3031092","2025-11-14 06:00","2025","11","14","06:00","","-0.8","","-1.7","","94","","","","6","","8","","4.8","","87.83","","","","-4","","Snow,Fog"
"-114.01","51.12","CALGARY INTL A","3031092","2025-11-14 07:00","2025","11","14","07:00","","-1.3","","-4.1","","81","","","","5","","14","","11.3","","87.89","","","","-6","","NA"
"-114.01","51.12","CALGARY INTL A","3031092","2025-11-14 08:00","2025","11","14","08:00","","-1.2","","-3.9","","82","","","","10","","6","","14.5","","87.92","","","","-3","","Cloudy"
"-114.01","51.12","CALGARY INTL A","3031092","2025-11-14 09:00","2025","11","14","09:00","","-1.0","","-4.8","","76","","","","","","0","","24.1","","88.00","","","","","","NA"
"-114.01","51.12","CALGARY INTL A","3031092","2025-11-14 10:00","2025","11","14","10:00","","-0.8","","-4.8","","75","","","","2","","8","","24.1","","88.06","","","","-4","","Snow"
"-114.01","51.12","CALGARY INTL A","3031092","2025-11-14 11:00","2025","11","14","11:00","","-1.6","","-5.2","","77","","","","36","","12","","9.7","","88.12","","","","-6","","Snow"
"-114.01","51.12","CALGARY INTL A","3031092","2025-11-14 12:00","2025","11","14","12:00","","-1.0","","-5.4","","73","","","","36","","4","","9.7","","88.12","","","","-2","","Snow"
"-114.01","51.12","CALGARY INTL A","3031092","2025-11-14 13:00","2025","11","14","13:00","","-1.9","","-5.4","","77","","","","28","","4","","4.0","","88.15","","","","-3","","Snow"
"-114.01","51.12","CALGARY INTL A","3031092","2025-11-14 14:00","2025","11","14","14:00","","-1.4","","-6.1","","70","","","","19","","4","","24.1","","88.15","","","","-3","","Mostly Cloudy"
"-114.01","51.12","CALGARY INTL A","3031092","2025-11-14 15:00","2025","11","14","15:00","","-0.9","","-6.4","","67","","","","18","","4","","24.1","","88.18","","","","-2","","NA"
"-114.01","51.12","CALGARY INTL A","3031092","2025-11-14 16:00","2025","11","14","16:00","","-1.2","","-4.2","","80","","","","19","","7","","24.1","","88.22","","","","-4","","NA"
"-114.01","51.12","CALGARY INTL A","3031092","2025-11-14 17:00","2025","11","14","17:00","","-1.2","","-5.8","","71","","","","18","","8","","14.5","","88.26","","","","-4","","Mostly Cloudy"
"-114.01","51.12","CALGARY INTL A","3031092","2025-11-14 18:00","2025","11","14","18:00","","-1.3","","-3.9","","82","","","","17","","7","","24.1","","88.30","","","","-4","","NA"
"-114.01","51.12","CALGARY INTL A","3031092","2025-11-14 19:00","2025","11","14","19:00","","-1.4","","-3.5","","86","","","","17","","9","","24.1","","88.31","","","","-5","","NA"
"-114.01","51.12","CALGARY INTL A","3031092","2025-11-14 20:00","2025","11","14","20:00","","-1.3","","-3.4","","86","","","","18","","15","","16.1","","88.33","","","","-6","","Cloudy"
"-114.01","51.12","CALGARY INTL A","3031092","2025-11-14 21:00","2025","11","14","21:00","","-2.5","","-3.9","","90","","","","19","","12","","16.1","","88.35","","","","-7","","NA"
"-114.01","51.12","CALGARY INTL A","3031092","2025-11-14 22:00","2025","11","14","22:00","","-2.4","","-4.1","","88","","","","19","","10","","16.1","","88.38","","","","-6","","NA"
"-114.01","51.12","CALGARY INTL A","3031092","2025-11-14 23:00","2025","11","14","23:00","","-3.4","","-4.7","","91","","","","19","","10","","24.1","","88.36","","","","-7","","Mainly Clear"
"-114.01","51.12","CALGARY INTL A","3031092","2025-11-15 00:00","2025","11","15","00:00","","-2.4","","-4.1","","88","","","","21","","11","","16.1","","88.34","","","","-6","","NA"
"-114.01","51.12","CALGARY INTL A","3031092","2025-11-15 01:00","2025","11","15","01:00","","-3.0","","-4.6","","88","","","","19","","12","","16.1","","88.30","","","","-7","","NA"
"-114.01","51.12","CALGARY INTL A","3031092","2025-11-15 02:00","2025","11","15","02:00","","-3.0","","-4.2","","92","","","","18","","13","","16.1","","88.25","","","","-8","","Mostly Cloudy"
"-114.01","51.12","CALGARY INTL A","3031092","2025-11-15 03:00","2025","11","15","03:00","","-3.0","","-4.1","","92","","","","19","","12","","16.1","","88.20","","","","-7","","NA"
"-114.01","51.12","CALGARY INTL A","3031092","2025-11-15 04:00","2025","11","15","04:00","","-2.6","","-3.8","","91","","","","19","","14","","16.1","","88.17","","","","-7","","NA"
"-114.01","51.12","CALGARY INTL A","3031092","2025-11-15 05:00","2025","11","15","05:00","","-3.4","","-4.6","","91","","","","18","","11","","16.1","","88.17","","","","-8","","Mostly Cloudy"
"-114.01","51.12","CALGARY INTL A","3031092","2025-11-15 06:00","2025","11","15","06:00","","-3.0","","-4.2","","91","","","","18","","9","","16.1","","88.16","","","","-7","","NA"
"-114.01","51.12","CALGARY INTL A","3031092","2025-11-15 07:00","2025","11","15","07:00","","-2.7","","-4.0","","90","","","","22","","13","","24.1","","88.14","","","","-7","","NA"
"-114.01","51.12","CALGARY INTL A","3031092","2025-11-15 08:00","2025","11","15","08:00","","-2.2","","-4.5","","84","","","","22","","8","","64.4","","88.12","","","","-5","","Mainly Clear"
"-114.01","51.12","CALGARY INTL A","3031092","2025-11-15 09:00","2025","11","15","09:00","","-0.7","","-4.1","","78","","","","26","","4","","64.4","","88.19","","","","-2","","NA"
"-114.01","51.12","CALGARY INTL A","3031092","2025-11-15 10:00","2025","11","15","10:00","","2.4","","-2.4","","70","","","","36","","9","","64.4","","88.22","","","","","","NA"
"-114.01","51.12","CALGARY INTL A","3031092","2025-11-15 11:00","2025","11","15","11:00","","4.8","","-2.3","","60","","","","16","","5","","64.4","","88.25","","","","","","Mainly Clear"
"-114.01","51.12","CALGARY INTL A","3031092","2025-11-15 12:00","2025","11","15","12:00","","8.4","","-2.0","","48","","","","7","","4","","64.4","","88.27","","","","","","NA"
"-114.01","51.12","CALGARY INTL A","3031092","2025-11-15 13:00","2025","11","15","13:00","","9.7","","-1.8","","44","","","","22","","8","","64.4","","88.30","","","","","","NA"
"-114.01","51.12","CALGARY INTL A","3031092","2025-11-15 14:00","2025","11","15","14:00","","7.7","","-1.7","","51","","","","17","","10","","64.4","","88.33","","","","","","Mainly Clear"
"-114.01","51.12","CALGARY INTL A","3031092","2025-11-15 15:00","2025","11","15","15:00","","6.2","","-1.1","","60","","","","17","","13","","64.4","","88.33","","","","","","NA"
"-114.01","51.12","CALGARY INTL A","3031092","2025-11-15 16:00","2025","11","15","16:00","","6.0","","-1.5","","59","","","","11","","13","","64.4","","88.37","","","","","","NA"
"-114.01","51.12","CALGARY INTL A","3031092","2025-11-15 17:00","2025","11","15","17:00","","3.1","","-2.3","","68","","","","15","","7","","64.4","","88.41","","","","","","Mostly Cloudy"
"-114.01","51.12","CALGARY INTL A","3031092","2025-11-15 18:00","2025","11","15","18:00","","3.5","","-1.4","","70","","","","13","","8","","24.1","","88.40","","","","","","NA"
"-114.01","51.12","CALGARY INTL A","3031092","2025-11-15 19:00","2025","11","15","19:00","","4.0","","-0.9","","71","","","","16","","10","","24.1","","88.48","","","","","","NA"
"-114.01","51.12","CALGARY INTL A","3031092","2025-11-15 20:00","2025","11","15","20:00","","4.7","","-0.6","","69","","","","18","","5","","24.1","","88.50","","","","","","Mostly Cloudy"
"-114.01","51.12","CALGARY INTL A","3031092","2025-11-15 21:00","2025","11","15","21:00","","3.3","","-0.7","","75","","","","","","0","","24.1","","88.51","","","","","","NA"
"-114.01","51.12","CALGARY INTL A","3031092","2025-11-15 22:00","2025","11","15","22:00","","4.1","","-1.1","","69","","","","19","","9","","24.1","","88.56","","","","","","NA"
"-114.01","51.12","CALGARY INTL A","3031092","2025-11-15 23:00","2025","11","15","23:00","","6.7","","-3.3","","49","","","","","","0","","24.1","","88.50","","","","","","Mostly Cloudy"
"-114.01","51.12","CALGARY INTL A","3031092","2025-11-16 00:00","2025","11","16","00:00","","5.4","","-3.8","","51","","","","","","0","","24.1","","88.45","","","","","","NA"
"-114.01","51.12","CALGARY INTL A","3031092","2025-11-16 01:00","2025","11","16","01:00","","3.9","","-2.8","","62","","","","19","","8","","24.1","","88.40","","","","","","NA"
"-114.01","51.12","CALGARY INTL A","3031092","2025-11-16 02:00","2025","11","16","02:00","","2.9","","-2.4","","68","","","","14","","13","","24.1","","88.35","","","","","","Mostly Cloudy"
"-114.01","51.12","CALGARY INTL A","3031092","2025-11-16 03:00","2025","11","16","03:00","","2.3","","-2.7","","70","","","","25","","4","","24.1","","88.34","","","","","","NA"
"-114.01","51.12","CALGARY INTL A","3031092","2025-11-16 04:00","2025","11","16","04:00","","0.0","","-3.2","","78","","","","20","","4","","24.1","","88.28","","","","-1","","NA"
"-114.01","51.12","CALGARY INTL A","3031092","2025-11-16 05:00","2025","11","16","05:00","","-1.2","","-3.9","","82","","","","4","","6","","24.1","","88.19","","","","-3","","Mostly Cloudy"
"-114.01","51.12","CALGARY INTL A","3031092","2025-11-16 06:00","2025","11","16","06:00","","-0.8","","-3.5","","82","","","","36","","7","","24.1","","88.13","","","","-3","","NA"
"-114.01","51.12","CALGARY INTL A","3031092","2025-11-16 07:00","2025","11","16","07:00","","-0.2","","-3.4","","79","","","","18","","5","","24.1","","88.10","","","","-2","","NA"
"-114.01","51.12","CALGARY INTL A","3031092","2025-11-16 08:00","2025","11","16","08:00","","-0.2","","-2.9","","82","","","","14","","5","","64.4","","88.05","","","","-2","","Mostly Cloudy"
"-114.01","51.12","CALGARY INTL A","3031092","2025-11-16 09:00","2025","11","16","09:00","","0.4","","-2.8","","79","","","","36","","3","","64.4","","88.04","","","","","","NA"
"-114.01","51.12","CALGARY INTL A","3031092","2025-11-16 10:00","2025","11","16","10:00","","1.3","","-2.6","","75","","","","5","","4","","64.4","","87.99","","","","","","NA"
"-114.01","51.12","CALGARY INTL A","3031092","2025-11-16 11:00","2025","11","16","11:00","","3.5","","-2.2","","66","","","","14","","5","","64.4","","87.91","","","","","","Mostly Cloudy"
"-114.01","51.12","CALGARY INTL A","3031092","2025-11-16 12:00","2025","11","16","12:00","","4.4","","-1.5","","66","","","","19","","16","","64.4","","87.82","","","","","","NA"
"-114.01","51.12","CALGARY INTL A","3031092","2025-11-16 13:00","2025","11","16","13:00","","4.7","","-1.2","","65","","","","18","","7","","64.4","","87.73","","","","","","NA"
"-114.01","51.12","CALGARY INTL A","3031092","2025-11-16 14:00","2025","11","16","14:00","","4.7","","-1.6","","64","","","","19","","12","","64.4","","87.71","","","","","","Mostly Cloudy"
"-114.01","51.12","CALGARY INTL A","3031092","2025-11-16 15:00","2025","11","16","15:00","","5.2","","-1.3","","62","","","","17","","11","","64.4","","87.65","","","","","","NA"
"-114.01","51.12","CALGARY INTL A","3031092","2025-11-16 16:00","2025","11","16","16:00","","5.5","","-1.2","","62","","","","17","","12","","64.4","","87.63","","","","","","NA"
"-114.01","51.12","CALGARY INTL A","3031092","2025-11-16 17:00","2025","11","16","17:00","","3.8","","-1.0","","71","","","","16","","9","","64.4","","87.61","","","","","","Mostly Cloudy"
"-114.01","51.12","CALGARY INTL A","3031092","2025-11-16 18:00","2025","11","16","18:00","","1.5","","-1.6","","80","","","","9","","12","","24.1","","87.57","","","","","","NA"
"-114.01","51.12","CALGARY INTL A","3031092","2025-11-16 19:00","2025","11","16","19:00","","2.6","","-0.2","","82","","","","10","","5","","24.1","","87.55","","","","","","NA"
"-114.01","51.12","CALGARY INTL A","3031092","2025-11-16 20:00","2025","11","16","20:00","","2.7","","0.4","","85","","","","","","0","","24.1","","87.54","","","","","","Cloudy"
"-114.01","51.12","CALGARY INTL A","3031092","2025-11-16 21:00","2025","11","16","21:00","","2.4","","0.0","","84","","","","6","","4","","24.1","","87.51","","","","","","NA"
"-114.01","51.12","CALGARY INTL A","3031092","2025-11-16 22:00","2025","11","16","22:00","","3.4","","0.5","","81","","","","23","","9","","24.1","","87.51","","","","","","NA"
"-114.01","51.12","CALGARY INTL A","3031092","2025-11-16 23:00","2025","11","16","23:00","","3.8","","0.3","","78","","","","23","","13","","24.1","","87.50","","","","","","Mainly Clear"
"-114.01","51.12","CALGARY INTL A","3031092","2025-11-17 00:00","2025","11","17","00:00","","1.4","","-0.9","","85","","","","25","","3","","24.1","","87.51","","","","","","NA"
"-114.01","51.12","CALGARY INTL A","3031092","2025-11-17 01:00","2025","11","17","01:00","","0.2","","-1.4","","89","","","","20","","5","","24.1","","87.53","","","","","","NA"
"-114.01","51.12","CALGARY INTL A","3031092","2025-11-17 02:00","2025","11","17","02:00","","-0.1","","-2.5","","84","","","","33","","4","","24.1","","87.48","","","","-1","","Mainly Clear"
"-114.01","51.12","CALGARY INTL A","3031092","2025-11-17 03:00","2025","11","17","03:00","","2.5","","-0.4","","81","","","","20","","6","","24.1","","87.48","","","","","","NA"
"-114.01","51.12","CALGARY INTL A","3031092","2025-11-17 04:00","2025","11","17","04:00","","2.7","","0.0","","82","","","","21","","13","","24.1","","87.55","","","","","","NA"
"-114.01","51.12","CALGARY INTL A","3031092","2025-11-17 05:00","2025","11","17","05:00","","3.3","","-0.1","","78","","","","30","","7","","24.1","","87.58","","","","","","Mostly Cloudy"
"-114.01","51.12","CALGARY INTL A","3031092","2025-11-17 06:00","2025","11","17","06:00","","2.8","","-0.5","","79","","","","30","","5","","24.1","","87.60","","","","","","NA"
"-114.01","51.12","CALGARY INTL A","3031092","2025-11-17 07:00","2025","11","17","07:00","","2.2","","0.0","","85","","","","13","","5","","24.1","","87.63","","","","","","NA"
"-114.01","51.12","CALGARY INTL A","3031092","2025-11-17 08:00","2025","11","17","08:00","","3.4","","0.3","","80","","","","18","","5","","64.4","","87.66","","","","","","Mostly Cloudy"
"-114.01","51.12","CALGARY INTL A","3031092","2025-11-17 09:00","2025","11","17","09:00","","3.2","","0.2","","80","","","","17","","9","","64.4","","87.70","","","","","","NA"
"-114.01","51.12","CALGARY INTL A","3031092","2025-11-17 10:00","2025","11","17","10:00","","7.2","","2.4","","72","","","","17","","4","","64.4","","87.74","","","","","","NA"
"-114.01","51.12","CALGARY INTL A","3031092","2025-11-17 11:00","2025","11","17","11:00","","8.8","","2.8","","66","","","","18","","5","","64.4","","87.81","","","","","","Mostly Cloudy"
"-114.01","51.12","CALGARY INTL A","3031092","2025-11-17 12:00","2025","11","17","12:00","","10.6","","2.9","","59","","","","10","","3","","64.4","","87.82","","","","","","NA"
"-114.01","51.12","CALGARY INTL A","3031092","2025-11-17 13:00","2025","11","17","13:00","","13.9","","0.3","","39","","","","32","","16","","64.4","","87.86","","","","","","NA"
"-114.01","51.12","CALGARY INTL A","3031092","2025-11-17 14:00","2025","11","17","14:00","","13.8","","0.3","","39","","","","35","","13","","64.4","","87.90","","","","","","Mostly Cloudy"
"-114.01","51.12","CALGARY INTL A","3031092","2025-11-17 15:00","2025","11","17","15:00","","12.6","","-0.3","","41","","","","1","","18","","64.4","","88.00","","","","","","NA"
"-114.01","51.12","CALGARY INTL A","3031092","2025-11-17 16:00","2025","11","17","16:00","","10.5","","-0.8","","45","","","","36","","15","","64.4","","88.10","","","","","","NA"
"-114.01","51.12","CALGARY INTL A","3031092","2025-11-17 17:00","2025","11","17","17:00","","8.7","","-0.9","","51","","","","36","","20","","64.4","","88.20","","","","","","Mostly Cloudy"
"-114.01","51.12","CALGARY INTL A","3031092","2025-11-17 18:00","2025","11","17","18:00","","6.3","","-0.4","","62","","","","36","","19","","24.1","","88.35","","","","","","NA"
"-114.01","51.12","CALGARY INTL A","3031092","2025-11-17 19:00","2025","11","17","19:00","","4.3","","-0.8","","69","","","","36","","27","","24.1","","88.46","","","","","","NA"
"-114.01","51.12","CALGARY INTL A","3031092","2025-11-17 20:00","2025","11","17","20:00","","2.9","","-1.1","","75","","","","35","","26","","24.1","","88.55","","","","","","Mostly Cloudy"
"-114.01","51.12","CALGARY INTL A","3031092","2025-11-17 21:00","2025","11","17","21:00","","1.9","","-1.5","","78","","","","35","","24","","24.1","","88.62","","","","","","NA"
"-114.01","51.12","CALGARY INTL A","3031092","2025-11-17 22:00","2025","11","17","22:00","","0.5","","-2.0","","83","","","","35","","14","","24.1","","88.67","","","","","","NA"
"-114.01","51.12","CALGARY INTL A","3031092","2025-11-17 23:00","2025","11","17","23:00","","-0.1","","-2.1","","86","","","","33","","11","","24.1","","88.70","","","","-4","","Mainly Clear"
"-114.01","51.12","CALGARY INTL A","3031092","2025-11-18 00:00","2025","11","18","00:00","","-0.8","","-3.0","","85","","","","33","","10","","24.1","","88.71","","","","-4","","NA"
"-114.01","51.12","CALGARY INTL A","3031092","2025-11-18 01:00","2025","11","18","01:00","","-2.4","","-4.2","","88","","","","1","","5","","24.1","","88.70","","","","-4","","NA"
"-114.01","51.12","CALGARY INTL A","3031092","2025-11-18 02:00","2025","11","18","02:00","","-2.2","","-4.1","","86","","","","","","0","","24.1","","88.71","","","","","","Mainly Clear"
"-114.01","51.12","CALGARY INTL A","3031092","2025-11-18 03:00","2025","11","18","03:00","","-4.4","","-5.7","","91","","","","9","","7","","24.1","","88.68","","","","-8","","NA"
"-114.01","51.12","CALGARY INTL A","3031092","2025-11-18 04:00","2025","11","18","04:00","","-3.5","","-5.3","","88","","","","","","0","","24.1","","88.68","","","","","","NA"
"-114.01","51.12","CALGARY INTL A","3031092","2025-11-18 05:00","2025","11","18","05:00","","-3.9","","-6.1","","85","","","","","","0","","24.1","","88.66","","","","","","Mostly Cloudy"
"-114.01","51.12","CALGARY INTL A","3031092","2025-11-18 06:00","2025","11","18","06:00","","-3.5","","-5.8","","84","","","","","","0","","12.9","","88.66","","","","","","NA"
"-114.01","51.12","CALGARY INTL A","3031092","2025-11-18 07:00","2025","11","18","07:00","","-2.1","","-4.9","","81","","","","14","","7","","24.1","","88.63","","","","-5","","NA"
"-114.01","51.12","CALGARY INTL A","3031092","2025-11-18 08:00","2025","11","18","08:00","","-2.2","","-4.7","","83","","","","12","","10","","16.1","","88.60","","","","-6","","Mostly Cloudy"
"-114.01","51.12","CALGARY INTL A","3031092","2025-11-18 09:00","2025","11","18","09:00","","-2.1","","-4.3","","85","","","","16","","11","","19.3","","88.58","","","","-6","","NA"
"-114.01","51.12","CALGARY INTL A","3031092","2025-11-18 10:00","2025","11","18","10:00","","-1.8","","-3.6","","87","","","","15","","11","","12.9","","88.53","","","","-6","","NA"
"-114.01","51.12","CALGARY INTL A","3031092","2025-11-18 11:00","2025","11","18","11:00","","-1.4","","-3.2","","88","","","","16","","10","","12.9","","88.50","","","","-5","","Cloudy"
"-114.01","51.12","CALGARY INTL A","3031092","2025-11-18 12:00","2025","11","18","12:00","","-1.2","","-2.6","","91","","","","18","","12","","12.9","","88.46","","","","-5","","Freezing Rain"
"-114.01","51.12","CALGARY INTL A","3031092","2025-11-18 13:00","2025","11","18","13:00","","-1.1","","-2.4","","91","","","","15","","3","","8.1","","88.35","","","","-2","","Freezing Rain,Fog"
"-114.01","51.12","CALGARY INTL A","3031092","2025-11-18 14:00","2025","11","18","14:00","","-0.2","","-1.5","","91","","","","19","","6","","9.7","","88.35","","","","-2","","Freezing Rain,Fog"
"-114.01","51.12","CALGARY INTL A","3031092","2025-11-18 15:00","2025","11","18","15:00","","0.4","","-1.3","","88","","","","14","","8","","9.7","","88.32","","","","","","Rain,Fog"
"-114.01","51.12","CALGARY INTL A","3031092","2025-11-18 16:00","2025","11","18","16:00","","0.1","","-1.6","","88","","","","","","0","","9.7","","88.35","","","","","","Fog"
"-114.01","51.12","CALGARY INTL A","3031092","2025-11-18 17:00","2025","11","18","17:00","","-0.4","","-1.5","","92","","","","12","","5","","4.8","","88.45","","","","-2","","Fog"
"-114.01","51.12","CALGARY INTL A","3031092","2025-11-18 18:00","2025","11","18","18:00","","-0.3","","-1.1","","94","","","","34","","18","","2.4","","88.54","","","","-5","","Snow,Fog"
"-114.01","51.12","CALGARY INTL A","3031092","2025-11-18 19:00","2025","11","18","19:00","","-0.5","","-1.2","","95","","","","36","","14","","3.2","","88.61","","","","-5","","Snow,Fog"
"-114.01","51.12","CALGARY INTL A","3031092","2025-11-18 20:00","2025","11","18","20:00","","-0.3","","-1.1","","94","","","","32","","8","","8.1","","88.70","","","","-3","","Snow,Fog"
"-114.01","51.12","CALGARY INTL A","3031092","2025-11-18 21:00","2025","11","18","21:00","","0.6","","-2.9","","77","","","","34","","32","","24.1","","88.76","","","","","","NA"
"-114.01","51.12","CALGARY INTL A","3031092","2025-11-18 22:00","2025","11","18","22:00","","0.6","","-2.8","","78","","","","33","","23","","24.1","","88.82","","","","","","NA"
"-114.01","51.12","CALGARY INTL A","3031092","2025-11-18 23:00","2025","11","18","23:00","","0.6","","-3.5","","74","","","","32","","19","","24.1","","88.88","","","","","","Mostly Cloudy"
"-114.01","51.12","CALGARY INTL A","3031092","2025-11-19 00:00","2025","11","19","00:00","","0.0","","-3.7","","76","","","","32","","16","","24.1","","88.89","","","","-5","","NA"
"-114.01","51.12","CALGARY INTL A","3031092","2025-11-19 01:00","2025","11","19","01:00","","0.6","","-2.9","","77","","","","32","","13","","24.1","","88.94","","","","","","NA"
"-114.01","51.12","CALGARY INTL A","3031092","2025-11-19 02:00","2025","11","19","02:00","","0.4","","-2.8","","79","","","","35","","9","","24.1","","88.97","","","","","","Mostly Cloudy"
"-114.01","51.12","CALGARY INTL A","3031092","2025-11-19 03:00","2025","11","19","03:00","","0.1","","-2.9","","81","","","","34","","13","","24.1","","89.05","","","","","","NA"
"-114.01","51.12","CALGARY INTL A","3031092","2025-11-19 04:00","2025","11","19","04:00","","-0.8","","-4.2","","77","","","","32","","11","","24.1","","89.07","","","","-5","","NA"
"-114.01","51.12","CALGARY INTL A","3031092","2025-11-19 05:00","2025","11","19","05:00","","-2.1","","-4.4","","85","","","","32","","10","","24.1","","89.06","","","","-6","","Clear"
"-114.01","51.12","CALGARY INTL A","3031092","2025-11-19 06:00","2025","11","19","06:00","","-3.4","","-4.9","","90","","","","","","0","","24.1","","89.09","","","","","","NA"
"-114.01","51.12","CALGARY INTL A","3031092","2025-11-19 07:00","2025","11","19","07:00","","-4.4","","-5.9","","90","","","","32","","3","","24.1","","89.15","","","","-6","","NA"
"-114.01","51.12","CALGARY INTL A","3031092","2025-11-19 08:00","2025","11","19","08:00","","-5.2","","-6.1","","93","","","","23","","4","","64.4","","89.16","","","","-7","","Clear"
"-114.01","51.12","CALGARY INTL A","3031092","2025-11-19 09:00","2025","11","19","09:00","","-1.0","","-2.9","","87","","","","23","","9","","64.4","","89.18","","","","-4","","NA"
"-114.01","51.12","CALGARY INTL A","3031092","2025-11-19 10:00","2025","11","19","10:00","","0.4","","-2.9","","78","","","","24","","7","","64.4","","89.21","","","","","","NA"
"-114.01","51.12","CALGARY INTL A","3031092","2025-11-19 11:00","2025","11","19","11:00","","1.7","","-2.1","","76","","","","26","","11","","64.4","","89.22","","","","","","Clear"
"-114.01","51.12","CALGARY INTL A","3031092","2025-11-19 12:00","2025","11","19","12:00","","2.5","","-2.6","","69","","","","25","","5","","64.4","","89.17","","","","","","NA"
"-114.01","51.12","CALGARY INTL A","3031092","2025-11-19 13:00","2025","11","19","13:00","","4.0","","-4.1","","55","","","","19","","11","","64.4","","89.11","","","","","","NA"
"-114.01","51.12","CALGARY INTL A","3031092","2025-11-19 14:00","2025","11","19","14:00","","4.7","","-3.8","","54","","","","18","","13","","64.4","","89.05","","","","","","Clear"
"-114.01","51.12","CALGARY INTL A","3031092","2025-11-19 15:00","2025","11","19","15:00","","5.7","","-4.3","","49","","","","20","","14","","64.4","","89.02","","","","","","NA"
"-114.01","51.12","CALGARY INTL A","3031092","2025-11-19 16:00","2025","11","19","16:00","","5.4","","-5.2","","46","","","","20","","12","","64.4","","88.99","","","","","","NA"
"-114.01","51.12","CALGARY INTL A","3031092","2025-11-19 17:00","2025","11","19","17:00","","3.1","","-1.9","","70","","","","18","","8","","48.3","","89.00","","","","","","Clear"
"-114.01","51.12","CALGARY INTL A","3031092","2025-11-19 18:00","2025","11","19","18:00","","1.6","","-1.3","","81","","","","18","","8","","24.1","","88.98","","","","","","NA"
"-114.01","51.12","CALGARY INTL A","3031092","2025-11-19 19:00","2025","11","19","19:00","","0.7","","-1.3","","86","","","","","","0","","24.1","","88.97","","","","","","NA"
"-114.01","51.12","CALGARY INTL A","3031092","2025-11-19 20:00","2025","11","19","20:00","","0.9","","-2.1","","80","","","","20","","9","","24.1","","88.94","","","","","","Clear"
"-114.01","51.12","CALGARY INTL A","3031092","2025-11-19 21:00","2025","11","19","21:00","","-0.1","","-3.1","","80","","","","20","","7","","24.1","","88.90","","","","-3","","NA"
"-114.01","51.12","CALGARY INTL A","3031092","2025-11-19 22:00","2025","11","19","22:00"
"-114.01","51.12","CALGARY INTL A","3031092","2025-11-19 23:00","2025","11","19","23:00","","-5.2","","-7.2","","86","","","","","","0","","24.1","","88.84","","","","","","Clear"
"-114.01","51.12","CALGARY INTL A","3031092","2025-11-20 00:00","2025","11","20","00:00","","-5.0","","-7.4","","84","","","","","","0","","24.1","","88.83","","","","","","NA"
"-114.01","51.12","CALGARY INTL A","3031092","2025-11-20 01:00","2025","11","20","01:00","","-6.8","","-8.7","","86","","","","16","","5","","24.1","","88.81","","","","-9","","NA"
"-114.01","51.12","CALGARY INTL A","3031092","2025-11-20 02:00","2025","11","20","02:00","","-3.1","","-6.0","","81","","","","23","","10","","24.1","","88.77","","","","-7","","Clear"
"-114.01","51.12","CALGARY INTL A","3031092","2025-11-20 03:00","2025","11","20","03:00","","-5.9","","-7.5","","89","","","","","","0","","24.1","","88.76","","","","","","NA"
"-114.01","51.12","CALGARY INTL A","3031092","2025-11-20 04:00","2025","11","20","04:00","","-5.2","","-6.7","","90","","","","","","0","","24.1","","88.71","","","","","","NA"
"-114.01","51.12","CALGARY INTL A","3031092","2025-11-20 05:00","2025","11","20","05:00","","-6.2","","-7.6","","89","","","","15","","3","","24.1","","88.69","","","","-8","","Mainly Clear"
"-114.01","51.12","CALGARY INTL A","3031092","2025-11-20 06:00","2025","11","20","06:00","","-6.2","","-7.5","","90","","","","20","","3","","24.1","","88.66","","","","-8","","NA"
"-114.01","51.12","CALGARY INTL A","3031092","2025-11-20 07:00","2025","11","20","07:00","","-5.5","","-7.1","","88","","","","18","","5","","24.1","","88.64","","","","-8","","NA"
"-114.01","51.12","CALGARY INTL A","3031092","2025-11-20 08:00","2025","11","20","08:00","","-5.2","","-7.2","","86","","","","20","","4","","64.4","","88.65","","","","-7","","Mostly Cloudy"
"-114.01","51.12","CALGARY INTL A","3031092","2025-11-20 09:00","2025","11","20","09:00","","-4.2","","-7.1","","80","","","","","","0","","64.4","","88.65","","","","","","NA"
"-114.01","51.12","CALGARY INTL A","3031092","2025-11-20 10:00","2025","11","20","10:00","","-2.5","","-5.5","","80","","","","21","","3","","64.4","","88.61","","","","-4","","NA"
"-114.01","51.12","CALGARY INTL A","3031092","2025-11-20 11:00","2025","11","20","11:00","","0.6","","-5.7","","63","","","","21","","5","","64.4","","88.55","","","","","","Mainly Clear"
"-114.01","51.12","CALGARY INTL A","3031092","2025-11-20 12:00","2025","11","20","12:00","","2.6","","-5.5","","55","","","","21","","13","","64.4","","88.48","","","","","","NA"
"-114.01","51.12","CALGARY INTL A","3031092","2025-11-20 13:00","2025","11","20","13:00","","3.7","","-5.4","","51","","","","16","","5","","64.4","","88.43","","","","","","NA"
"-114.01","51.12","CALGARY INTL A","3031092","2025-11-20 14:00","2025","11","20","14:00","","4.9","","-5.0","","49","","","","18","","8","","48.3","","88.41","","","","","","Mostly Cloudy"
"-114.01","51.12","CALGARY INTL A","3031092","2025-11-20 15:00","2025","11","20","15:00","","6.1","","-6.7","","39","","","","20","","10","","48.3","","88.35","","","","","","NA"
"-114.01","51.12","CALGARY INTL A","3031092","2025-11-20 16:00","2025","11","20","16:00","","4.6","","-7.1","","43","","","","17","","8","","48.3","","88.37","","","","","","NA"
"-114.01","51.12","CALGARY INTL A","3031092","2025-11-20 17:00","2025","11","20","17:00","","3.2","","-6.3","","50","","","","14","","7","","32.2","","88.39","","","","","","Mainly Clear"
"-114.01","51.12","CALGARY INTL A","3031092","2025-11-20 18:00","2025","11","20","18:00","","5.8","","-7.1","","39","","","","27","","21","","24.1","","88.36","","","","","","NA"
"-114.01","51.12","CALGARY INTL A","3031092","2025-11-20 19:00","2025","11","20","19:00","","6.5","","-7.8","","35","","","","27","","17","","24.1","","88.36","","","","","","NA"
"-114.01","51.12","CALGARY INTL A","3031092","2025-11-20 20:00","2025","11","20","20:00","","6.2","","-6.9","","38","","","","28","","30","","24.1","","88.38","","","","","","Mainly Clear"
"-114.01","51.12","CALGARY INTL A","3031092","2025-11-20 21:00","2025","11","20","21:00","","6.0","","-6.2","","41","","","","29","","23","","24.1","","88.42","","","","","","NA"
"-114.01","51.12","CALGARY INTL A","3031092","2025-11-20 22:00","2025","11","20","22:00","","6.6","","-5.9","","40","","","","27","","22","","24.1","","88.36","","","","","","NA"
"-114.01","51.12","CALGARY INTL A","3031092","2025-11-20 23:00","2025","11","20","23:00","","5.2","","-5.6","","46","","","","22","","15","","24.1","","88.34","","","","","","Mainly Clear"
"-114.01","51.12","CALGARY INTL A","3031092","2025-11-21 00:00","2025","11","21","00:00","","3.1","","-5.5","","53","","","","19","","4","","24.1","","88.37","","","","","","NA"
"-114.01","51.12","CALGARY INTL A","3031092","2025-11-21 01:00","2025","11","21","01:00","","5.0","","-5.9","","45","","","","23","","9","","24.1","","88.38","","","","","","NA"
"-114.01","51.12","CALGARY INTL A","3031092","2025-11-21 02:00","2025","11","21","02:00","","6.9","","-6.6","","37","","","","29","","27","","24.1","","88.35","","","","","","Clear"
"-114.01","51.12","CALGARY INTL A","3031092","2025-11-21 03:00","2025","11","21","03:00","","7.2","","-7.6","","34","","","","29","","27","","24.1","","88.30","","","","","","NA"
"-114.01","51.12","CALGARY INTL A","3031092","2025-11-21 04:00","2025","11","21","04:00","","4.3","","-6.7","","45","","","","12","","8","","24.1","","88.31","","","","","","NA"
"-114.01","51.12","CALGARY INTL A","3031092","2025-11-21 05:00","2025","11","21","05:00","","4.9","","-7.0","","42","","","","24","","9","","19.3","","88.24","","","","","","Mainly Clear"
"-114.01","51.12","CALGARY INTL A","3031092","2025-11-21 06:00","2025","11","21","06:00","","3.9","","-6.9","","45","","","","20","","11","","24.1","","88.16","","","","","","NA"
"-114.01","51.12","CALGARY INTL A","3031092","2025-11-21 07:00","2025","11","21","07:00","","4.3","","-6.5","","45","","","","20","","17","","24.1","","88.16","","","","","","NA"
"-114.01","51.12","CALGARY INTL A","3031092","2025-11-21 08:00","2025","11","21","08:00","","6.7","","-7.2","","36","","","","","","0","","64.4","","88.16","","","","","","Mostly Cloudy"
"-114.01","51.12","CALGARY INTL A","3031092","2025-11-21 09:00","2025","11","21","09:00","","5.4","","-6.3","","43","","","","18","","9","","64.4","","88.11","","","","","","NA"
"-114.01","51.12","CALGARY INTL A","3031092","2025-11-21 10:00","2025","11","21","10:00","","6.7","","-6.9","","37","","","","","","0","","64.4","","88.19","","","","","","NA"
"-114.01","51.12","CALGARY INTL A","3031092","2025-11-21 11:00","2025","11","21","11:00","","8.9","","-5.1","","37","","","","29","","24","","64.4","","88.18","","","","","","Mostly Cloudy"
"-114.01","51.12","CALGARY INTL A","3031092","2025-11-21 12:00","2025","11","21","12:00","","9.8","","-4.4","","36","","","","30","","31","","64.4","","88.19","","","","","","NA"
"-114.01","51.12","CALGARY INTL A","3031092","2025-11-21 13:00","2025","11","21","13:00","","10.3","","-4.3","","36","","","","29","","31","","64.4","","88.19","","","","","","NA"
"-114.01","51.12","CALGARY INTL A","3031092","2025-11-21 14:00","2025","11","21","14:00","","10.1","","-4.3","","36","","","","30","","25","","48.3","","88.20","","","","","","Mostly Cloudy"
"-114.01","51.12","CALGARY INTL A","3031092","2025-11-21 15:00","2025","11","21","15:00","","10.9","","-4.5","","33","","","","28","","24","","32.2","","88.29","","","","","","NA"
"-114.01","51.12","CALGARY INTL A","3031092","2025-11-21 16:00","2025","11","21","16:00","","10.5","","-4.7","","34","","","","28","","32","","24.1","","88.34","","","","","","NA"
"-114.01","51.12","CALGARY INTL A","3031092","2025-11-21 17:00","2025","11","21","17:00","","8.7","","-4.8","","38","","","","29","","17","","24.1","","88.41","","","","","","Mostly Cloudy"
"-114.01","51.12","CALGARY INTL A","3031092","2025-11-21 18:00","2025","11","21","18:00","","7.5","","-4.9","","41","","","","36","","5","","24.1","","88.51","","","","","","NA"
"-114.01","51.12","CALGARY INTL A","3031092","2025-11-21 19:00","2025","11","21","19:00","","4.2","","-4.8","","52","","","","35","","5","","24.1","","88.58","","","","","","NA"
"-114.01","51.12","CALGARY INTL A","3031092","2025-11-21 20:00","2025","11","21","20:00","","4.2","","-5.0","","51","","","","11","","3","","24.1","","88.62","","","","","","Mainly Clear"
"-114.01","51.12","CALGARY INTL A","3031092","2025-11-21 21:00","2025","11","21","21:00","","4.8","","-5.3","","48","","","","29","","13","","24.1","","88.64","","","","","","NA"
"-114.01","51.12","CALGARY INTL A","3031092","2025-11-21 22:00","2025","11","21","22:00","","3.6","","-5.2","","52","","","","","","0","","24.1","","88.71","","","","","","NA"
"-114.01","51.12","CALGARY INTL A","3031092","2025-11-21 23:00","2025","11","21","23:00","","2.9","","-5.4","","54","","","","19","","10","","24.1","","88.74","","","","","","Mostly Cloudy"
"-114.01","51.12","CALGARY INTL A","3031092","2025-11-22 00:00","2025","11","22","00:00","","3.5","","-5.0","","54","","","","21","","11","","24.1","","88.76","","","","","","NA"
"-114.01","51.12","CALGARY INTL A","3031092","2025-11-22 01:00","2025","11","22","01:00","","2.5","","-4.8","","59","","","","23","","14","","24.1","","88.79","","","","","","NA"
"-114.01","51.12","CALGARY INTL A","3031092","2025-11-22 02:00","2025","11","22","02:00","","3.4","","-5.3","","53","","","","24","","12","","24.1","","88.81","","","","","","Mainly Clear"
"-114.01","51.12","CALGARY INTL A","3031092","2025-11-22 03:00","2025","11","22","03:00","","2.0","","-5.5","","58","","","","23","","12","","24.1","","88.77","","","","","","NA"
"-114.01","51.12","CALGARY INTL A","3031092","2025-11-22 04:00","2025","11","22","04:00","","2.9","","-6.4","","50","","","","29","","6","","24.1","","88.76","","","","","","NA"
"-114.01","51.12","CALGARY INTL A","3031092","2025-11-22 05:00","2025","11","22","05:00","","-0.4","","-6.0","","66","","","","22","","9","","24.1","","88.72","","","","-4","","Mostly Cloudy"
"-114.01","51.12","CALGARY INTL A","3031092","2025-11-22 06:00","2025","11","22","06:00","","-1.1","","-6.1","","69","","","","18","","3","","24.1","","88.69","","","","-2","","NA"
"-114.01","51.12","CALGARY INTL A","3031092","2025-11-22 07:00","2025","11","22","07:00","","-1.1","","-6.2","","69","","","","20","","4","","24.1","","88.68","","","","-2","","NA"
"-114.01","51.12","CALGARY INTL A","3031092","2025-11-22 08:00","2025","11","22","08:00","","-1.1","","-6.4","","67","","","","21","","5","","64.4","","88.63","","","","-3","","Mostly Cloudy"
"-114.01","51.12","CALGARY INTL A","3031092","2025-11-22 09:00","2025","11","22","09:00","","-1.3","","-5.5","","73","","","","19","","10","","64.4","","88.57","","","","-5","","NA"
"-114.01","51.12","CALGARY INTL A","3031092","2025-11-22 10:00","2025","11","22","10:00","","0.6","","-5.5","","64","","","","21","","10","","64.4","","88.51","","","","","","NA"
"-114.01","51.12","CALGARY INTL A","3031092","2025-11-22 11:00","2025","11","22","11:00","","3.1","","-4.7","","56","","","","18","","4","","64.4","","88.43","","","","","","Mostly Cloudy"
"-114.01","51.12","CALGARY INTL A","3031092","2025-11-22 12:00","2025","11","22","12:00","","4.5","","-5.1","","50","","","","18","","8","","64.4","","88.33","","","","","","NA"
"-114.01","51.12","CALGARY INTL A","3031092","2025-11-22 13:00","2025","11","22","13:00","","5.7","","-4.5","","48","","","","18","","10","","64.4","","88.26","","","","","","NA"
"-114.01","51.12","CALGARY INTL A","3031092","2025-11-22 14:00","2025","11","22","14:00","","7.0","","-4.5","","44","","","","1","","3","","48.3","","88.22","","","","","","Mostly Cloudy"
"-114.01","51.12","CALGARY INTL A","3031092","2025-11-22 15:00","2025","11","22","15:00","","7.9","","-4.2","","42","","","","19","","5","","32.2","","88.17","","","","","","NA"
"-114.01","51.12","CALGARY INTL A","3031092","2025-11-22 16:00","2025","11","22","16:00","","11.7","","-5.1","","30","","","","27","","27","","32.2","","88.17","","","","","","NA"
"-114.01","51.12","CALGARY INTL A","3031092","2025-11-22 17:00","2025","11","22","17:00","","9.6","","-4.6","","36","","","","20","","5","","32.2","","88.20","","","","","","Mostly Cloudy"
"-114.01","51.12","CALGARY INTL A","3031092","2025-11-22 18:00","2025","11","22","18:00","","8.8","","-4.6","","38","","","","28","","5","","24.1","","88.20","","","","","","NA"
"-114.01","51.12","CALGARY INTL A","3031092","2025-11-22 19:00","2025","11","22","19:00","","8.4","","-4.5","","40","","","","24","","10","","24.1","","88.19","","","","","","NA"
"-114.01","51.12","CALGARY INTL A","3031092","2025-11-22 20:00","2025","11","22","20:00","","5.7","","-4.9","","46","","","","19","","10","","24.1","","88.22","","","","","","Mainly Clear"
"-114.01","51.12","CALGARY INTL A","3031092","2025-11-22 21:00","2025","11","22","21:00","","2.8","","-4.9","","57","","","","33","","4","","24.1","","88.18","","","","","","NA"
"-114.01","51.12","CALGARY INTL A","3031092","2025-11-22 22:00","2025","11","22","22:00","","2.9","","-4.6","","58","","","","23","","3","","24.1","","88.19","","","","","","NA"
"-114.01","51.12","CALGARY INTL A","3031092","2025-11-22 23:00","2025","11","22","23:00","","2.5","","-4.3","","61","","","","20","","3","","24.1","","88.19","","","","","","Clear"
"-114.01","51.12","CALGARY INTL A","3031092","2025-11-23 00:00","2025","11","23","00:00","","-0.2","","-5.1","","70","","","","2","","3","","24.1","","88.21","","","","-1","","NA"
"-114.01","51.12","CALGARY INTL A","3031092","2025-11-23 01:00","2025","11","23","01:00","","0.7","","-5.1","","65","","","","19","","4","","24.1","","88.18","","","","","","NA"
"-114.01","51.12","CALGARY INTL A","3031092","2025-11-23 02:00","2025","11","23","02:00","","-1.7","","-4.9","","79","","","","22","","5","","24.1","","88.19","","","","-4","","Mainly Clear"
"-114.01","51.12","CALGARY INTL A","3031092","2025-11-23 03:00","2025","11","23","03:00","","-3.3","","-6.0","","81","","","","2","","6","","24.1","","88.24","","","","-6","","NA"
"-114.01","51.12","CALGARY INTL A","3031092","2025-11-23 04:00","2025","11","23","04:00","","-2.0","","-5.0","","80","","","","36","","18","","24.1","","88.30","","","","-7","","NA"
"-114.01","51.12","CALGARY INTL A","3031092","2025-11-23 05:00","2025","11","23","05:00","","-2.9","","-5.7","","81","","","","36","","15","","24.1","","88.31","","","","-8","","Clear"
"-114.01","51.12","CALGARY INTL A","3031092","2025-11-23 06:00","2025","11","23","06:00","","-3.3","","-6.4","","79","","","","35","","15","","24.1","","88.37","","","","-8","","NA"
"-114.01","51.12","CALGARY INTL A","3031092","2025-11-23 07:00","2025","11","23","07:00","","-3.3","","-6.2","","81","","","","36","","17","","24.1","","88.45","","","","-9","","NA"
"-114.01","51.12","CALGARY INTL A","3031092","2025-11-23 08:00","2025","11","23","08:00","","-2.1","","-3.4","","91","","","","35","","22","","6.4","","88.54","","","","-8","","Fog"
"-114.01","51.12","CALGARY INTL A","3031092","2025-11-23 09:00","2025","11","23","09:00","","-1.8","","-2.8","","93","","","","35","","19","","8.1","","88.64","","","","-7","","Fog"
"-114.01","51.12","CALGARY INTL A","3031092","2025-11-23 10:00","2025","11","23","10:00","","0.2","","-1.5","","88","","","","36","","12","","12.9","","88.70","","","","","","NA"
"-114.01","51.12","CALGARY INTL A","3031092","2025-11-23 11:00","2025","11","23","11:00","","0.0","","-2.4","","84","","","","33","","13","","16.1","","88.74","","","","-4","","Cloudy"
"-114.01","51.12","CALGARY INTL A","3031092","2025-11-23 12:00","2025","11","23","12:00","","0.4","","-2.2","","82","","","","32","","8","","16.1","","88.75","","","","","","NA"
"-114.01","51.12","CALGARY INTL A","3031092","2025-11-23 13:00","2025","11","23","13:00","","0.9","","-2.1","","80","","","","34","","7","","24.1","","88.74","","","","","","NA"
"-114.01","51.12","CALGARY INTL A","3031092","2025-11-23 14:00","2025","11","23","14:00","","1.0","","-1.9","","81","","","","3","","4","","24.1","","88.72","","","","","","Cloudy"
"-114.01","51.12","CALGARY INTL A","3031092","2025-11-23 15:00","2025","11","23","15:00","","0.5","","-1.8","","85","","","","1","","11","","24.1","","88.75","","","","","","NA"
"-114.01","51.12","CALGARY INTL A","3031092","2025-11-23 16:00","2025","11","23","16:00","","0.4","","-1.8","","85","","","","36","","10","","24.1","","88.80","","","","","","NA"
"-114.01","51.12","CALGARY INTL A","3031092","2025-11-23 17:00","2025","11","23","17:00","","0.0","","-1.7","","88","","","","4","","11","","19.3","","88.83","","","","-4","","Cloudy"
"-114.01","51.12","CALGARY INTL A","3031092","2025-11-23 18:00","2025","11","23","18:00","","-0.6","","-2.6","","87","","","","9","","9","","12.9","","88.86","","","","-4","","NA"
"-114.01","51.12","CALGARY INTL A","3031092","2025-11-23 19:00","2025","11","23","19:00","","-0.8","","-2.5","","88","","","","11","","7","","12.9","","88.88","","","","-3","","NA"
"-114.01","51.12","CALGARY INTL A","3031092","2025-11-23 20:00","2025","11","23","20:00","","-1.0","","-2.3","","91","","","","9","","6","","16.1","","88.88","","","","-3","","Snow"
"-114.01","51.12","CALGARY INTL A","3031092","2025-11-23 21:00","2025","11","23","21:00","","-1.1","","-2.0","","94","","","","11","","7","","12.9","","88.88","","","","-4","","Snow"
"-114.01","51.12","CALGARY INTL A","3031092","2025-11-23 22:00","2025","11","23","22:00","","-1.1","","-1.9","","94","","","","10","","10","","9.7","","88.87","","","","-5","","Snow"
"-114.01","51.12","CALGARY INTL A","3031092","2025-11-23 23:00","2025","11","23","23:00","","-1.3","","-1.9","","96","","","","12","","10","","3.2","","88.88","","","","-5","","Snow,Fog"
"-114.01","51.12","CALGARY INTL A","3031092","2025-11-24 00:00","2025","11","24","00:00","","-1.2","","-1.8","","96","","","","10","","6","","4.8","","88.85","","","","-3","","Snow,Fog"
"-114.01","51.12","CALGARY INTL A","3031092","2025-11-24 01:00","2025","11","24","01:00","","-1.5","","-2.2","","95","","","","12","","17","","4.8","","88.82","","","","-7","","Snow,Fog"
"-114.01","51.12","CALGARY INTL A","3031092","2025-11-24 02:00","2025","11","24","02:00","","-2.1","","-3.6","","89","","","","12","","14","","4.8","","88.79","","","","-7","","Snow,Fog"
"-114.01","51.12","CALGARY INTL A","3031092","2025-11-24 03:00","2025","11","24","03:00","","-2.5","","-3.5","","93","","","","11","","14","","4.8","","88.79","","","","-7","","Snow,Fog"
"-114.01","51.12","CALGARY INTL A","3031092","2025-11-24 04:00","2025","11","24","04:00","","-2.8","","-3.8","","92","","","","11","","16","","4.8","","88.75","","","","-8","","Snow,Fog"
"-114.01","51.12","CALGARY INTL A","3031092","2025-11-24 05:00","2025","11","24","05:00","","-2.8","","-3.9","","92","","","","10","","5","","4.8","","88.76","","","","-5","","Snow,Fog"
"-114.01","51.12","CALGARY INTL A","3031092","2025-11-24 06:00","2025","11","24","06:00","","-2.8","","-3.5","","94","","","","10","","9","","1.6","","88.77","","","","-6","","Snow,Fog"
"-114.01","51.12","CALGARY INTL A","3031092","2025-11-24 07:00","2025","11","24","07:00","","-2.9","","-3.6","","95","","","","4","","8","","0.8","","88.82","","","","-6","","Moderate Snow,Freezing Fog"
"-114.01","51.12","CALGARY INTL A","3031092","2025-11-24 08:00","2025","11","24","08:00","","-3.1","","-3.8","","95","","","","3","","14","","1.2","","88.87","","","","-8","","Snow,Fog"
"-114.01","51.12","CALGARY INTL A","3031092","2025-11-24 09:00","2025","11","24","09:00","","-3.2","","-4.1","","93","","","","7","","14","","1.0","","88.96","","","","-8","","Snow,Fog"
"-114.01","51.12","CALGARY INTL A","3031092","2025-11-24 10:00","2025","11","24","10:00","","-3.1","","-3.9","","94","","","","1","","10","","1.2","","89.05","","","","-7","","Snow,Fog"
"-114.01","51.12","CALGARY INTL A","3031092","2025-11-24 11:00","2025","11","24","11:00","","-2.7","","-3.6","","93","","","","35","","11","","1.0","","89.11","","","","-7","","Snow,Fog"
"-114.01","51.12","CALGARY INTL A","3031092","2025-11-24 12:00","2025","11","24","12:00","","-3.2","","-5.1","","87","","","","34","","20","","2.8","","89.17","","","","-9","","Snow,Fog"
"-114.01","51.12","CALGARY INTL A","3031092","2025-11-24 13:00","2025","11","24","13:00","","-2.6","","-5.4","","81","","","","35","","20","","16.1","","89.21","","","","-9","","Snow"
"-114.01","51.12","CALGARY INTL A","3031092","2025-11-24 14:00","2025","11","24","14:00","","-2.8","","-5.4","","82","","","","34","","16","","9.7","","89.27","","","","-8","","Snow,Fog"
"-114.01","51.12","CALGARY INTL A","3031092","2025-11-24 15:00","2025","11","24","15:00","","-3.0","","-6.0","","79","","","","34","","20","","24.1","","89.34","","","","-9","","NA"
"-114.01","51.12","CALGARY INTL A","3031092","2025-11-24 16:00","2025","11","24","16:00","","-3.0","","-6.5","","77","","","","34","","12","","32.2","","89.39","","","","-7","","NA"
"-114.01","51.12","CALGARY INTL A","3031092","2025-11-24 17:00","2025","11","24","17:00","","-4.4","","-7.2","","80","","","","34","","4","","48.3","","89.46","","","","-6","","Mostly Cloudy"
"-114.01","51.12","CALGARY INTL A","3031092","2025-11-24 18:00","2025","11","24","18:00","","-3.9","","-7.2","","78","","","","28","","5","","24.1","","89.52","","","","-6","","NA"
"-114.01","51.12","CALGARY INTL A","3031092","2025-11-24 19:00","2025","11","24","19:00","","-5.6","","-7.0","","90","","","","","","0","","24.1","","89.55","","","","","","NA"
"-114.01","51.12","CALGARY INTL A","3031092","2025-11-24 20:00","2025","11","24","20:00","","-5.6","","-6.6","","93","","","","","","0","","24.1","","89.56","","","","","","Mainly Clear"
"-114.01","51.12","CALGARY INTL A","3031092","2025-11-24 21:00","2025","11","24","21:00","","-9.5","","-10.8","","90","","","","35","","4","","24.1","","89.60","","","","-12","","NA"
"-114.01","51.12","CALGARY INTL A","3031092","2025-11-24 22:00","2025","11","24","22:00","","-14.3","","-16.3","","85","","","","5","","4","","24.1","","89.63","","","","-17","","NA"
"-114.01","51.12","CALGARY INTL A","3031092","2025-11-24 23:00","2025","11","24","23:00","","-12.9","","-14.6","","88","","","","1","","8","","24.1","","89.68","","","","-18","","Mainly Clear"
"-114.01","51.12","CALGARY INTL A","3031092","2025-11-25 00:00","2025","11","25","00:00","","-12.1","","-13.6","","88","","","","36","","3","","24.1","","89.73","","","","-14","","NA"
"-114.01","51.12","CALGARY INTL A","3031092","2025-11-25 01:00","2025","11","25","01:00","","-12.7","","-14.2","","89","","","","","","0","","24.1","","89.76","","","","","","NA"
"-114.01","51.12","CALGARY INTL A","3031092","2025-11-25 02:00","2025","11","25","02:00","","-11.2","","-12.6","","89","","","","8","","3","","24.1","","89.76","","","","-13","","Mostly Cloudy"
"-114.01","51.12","CALGARY INTL A","3031092","2025-11-25 03:00","2025","11","25","03:00","","-12.4","","-14.0","","89","","","","21","","5","","24.1","","89.77","","","","-16","","NA"
"-114.01","51.12","CALGARY INTL A","3031092","2025-11-25 04:00","2025","11","25","04:00","","-12.2","","-13.8","","88","","","","21","","6","","24.1","","89.75","","","","-16","","NA"
"-114.01","51.12","CALGARY INTL A","3031092","2025-11-25 05:00","2025","11","25","05:00","","-11.9","","-13.7","","87","","","","20","","7","","24.1","","89.76","","","","-16","","Mainly Clear"
"-114.01","51.12","CALGARY INTL A","3031092","2025-11-25 06:00","2025","11","25","06:00","","-12.1","","-13.7","","88","","","","23","","6","","24.1","","89.75","","","","-16","","NA"
"-114.01","51.12","CALGARY INTL A","3031092","2025-11-25 07:00","2025","11","25","07:00","","-11.5","","-13.2","","87","","","","20","","8","","24.1","","89.73","","","","-16","","NA"
"-114.01","51.12","CALGARY INTL A","3031092","2025-11-25 08:00","2025","11","25","08:00","","-11.8","","-13.3","","88","","","","22","","7","","64.4","","89.75","","","","-16","","Clear"
"-114.01","51.12","CALGARY INTL A","3031092","2025-11-25 09:00","2025","11","25","09:00","","-11.4","","-13.1","","88","","","","22","","7","","64.4","","89.77","","","","-16","","NA"
"-114.01","51.12","CALGARY INTL A","3031092","2025-11-25 10:00","2025","11","25","10:00","","-9.9","","-11.4","","89","","","","23","","7","","64.4","","89.77","","","","-14","","NA"
"-114.01","51.12","CALGARY INTL A","3031092","2025-11-25 11:00","2025","11","25","11:00","","-8.0","","-9.7","","88","","","","22","","9","","64.4","","89.76","","","","-13","","Mainly Clear"
"-114.01","51.12","CALGARY INTL A","3031092","2025-11-25 12:00","2025","11","25","12:00","","-6.4","","-10.5","","73","","","","21","","8","","64.4","","89.68","","","","-10","","NA"
"-114.01","51.12","CALGARY INTL A","3031092","2025-11-25 13:00","2025","11","25","13:00","","-3.9","","-9.5","","65","","","","21","","10","","64.4","","89.62","","","","-8","","NA"
"-114.01","51.12","CALGARY INTL A","3031092","2025-11-25 14:00","2025","11","25","14:00","","-3.9","","-9.1","","68","","","","21","","9","","64.4","","89.57","","","","-8","","Mainly Clear"
"-114.01","51.12","CALGARY INTL A","3031092","2025-11-25 15:00","2025","11","25","15:00","","-3.9","","-9.2","","67","","","","23","","9","","64.4","","89.54","","","","-8","","NA"
"-114.01","51.12","CALGARY INTL A","3031092","2025-11-25 16:00","2025","11","25","16:00","","-5.1","","-8.5","","77","","","","19","","7","","48.3","","89.51","","","","-8","","NA"
"-114.01","51.12","CALGARY INTL A","3031092","2025-11-25 17:00","2025","11","25","17:00","","-6.6","","-8.9","","84","","","","18","","9","","48.3","","89.48","","","","-11","","Mainly Clear"
"-114.01","51.12","CALGARY INTL A","3031092","2025-11-25 18:00","2025","11","25","18:00","","-7.8","","-10.0","","84","","","","","","0","","24.1","","89.46","","","","","","NA"
"-114.01","51.12","CALGARY INTL A","3031092","2025-11-25 19:00","2025","11","25","19:00","","-7.9","","-9.6","","88","","","","17","","4","","24.1","","89.41","","","","-10","","NA"
"-114.01","51.12","CALGARY INTL A","3031092","2025-11-25 20:00","2025","11","25","20:00","","-7.8","","-8.8","","93","","","","19","","9","","24.1","","89.35","","","","-12","","Mostly Cloudy"
"-114.01","51.12","CALGARY INTL A","3031092","2025-11-25 21:00","2025","11","25","21:00","","-8.8","","-9.8","","92","","","","19","","8","","24.1","","89.32","","","","-13","","NA"
"-114.01","51.12","CALGARY INTL A","3031092","2025-11-25 22:00","2025","11","25","22:00","","-11.6","","-13.1","","89","","","","","","0","","24.1","","89.28","","","","","","NA"
"-114.01","51.12","CALGARY INTL A","3031092","2025-11-25 23:00","2025","11","25","23:00","","-12.7","","-14.4","","87","","","","30","","5","","24.1","","89.28","","","","-16","","Mostly Cloudy"
"-114.01","51.12","CALGARY INTL A","3031092","2025-11-26 00:00","2025","11","26","00:00","","-11.5","","-13.6","","84","","","","11","","4","","24.1","","89.25","","","","-14","","NA"
"-114.01","51.12","CALGARY INTL A","3031092","2025-11-26 01:00","2025","11","26","01:00","","-12.5","","-14.6","","84","","","","","","0","","24.1","","89.19","","","","","","NA"
"-114.01","51.12","CALGARY INTL A","3031092","2025-11-26 02:00","2025","11","26","02:00","","-11.5","","-13.6","","85","","","","","","0","","24.1","","89.19","","","","","","Mainly Clear"
"-114.01","51.12","CALGARY INTL A","3031092","2025-11-26 03:00","2025","11","26","03:00","","-12.3","","-14.1","","86","","","","34","","3","","24.1","","89.20","","","","-14","","NA"
"-114.01","51.12","CALGARY INTL A","3031092","2025-11-26 04:00","2025","11","26","04:00","","-11.2","","-13.4","","84","","","","3","","5","","24.1","","89.21","","","","-14","","NA"
"-114.01","51.12","CALGARY INTL A","3031092","2025-11-26 05:00","2025","11","26","05:00","","-12.2","","-14.4","","84","","","","","","0","","24.1","","89.22","","","","","","Mostly Cloudy"
"-114.01","51.12","CALGARY INTL A","3031092","2025-11-26 06:00","2025","11","26","06:00","","-12.2","","-14.6","","83","","","","5","","3","","24.1","","89.22","","","","-14","","NA"
"-114.01","51.12","CALGARY INTL A","3031092","2025-11-26 07:00","2025","11","26","07:00","","-12.4","","-14.2","","86","","","","","","0","","24.1","","89.27","","","","","","NA"
"-114.01","51.12","CALGARY INTL A","3031092","2025-11-26 08:00","2025","11","26","08:00","","-10.7","","-12.7","","85","","","","20","","9","","64.4","","89.28","","","","-16","","Mainly Clear"
"-114.01","51.12","CALGARY INTL A","3031092","2025-11-26 09:00","2025","11","26","09:00","","-11.3","","-13.6","","83","","","","2","","11","","64.4","","89.38","","","","-17","","NA"
"-114.01","51.12","CALGARY INTL A","3031092","2025-11-26 10:00","2025","11","26","10:00","","-7.8","","-10.6","","81","","","","34","","5","","64.4","","89.44","","","","-10","","NA"
"-114.01","51.12","CALGARY INTL A","3031092","2025-11-26 11:00","2025","11","26","11:00","","-6.4","","-10.2","","74","","","","","","0","","64.4","","89.48","","","","","","Mostly Cloudy"
"-114.01","51.12","CALGARY INTL A","3031092","2025-11-26 12:00","2025","11","26","12:00","","-4.9","","-9.0","","73","","","","34","","4","","64.4","","89.48","","","","-7","","NA"
"-114.01","51.12","CALGARY INTL A","3031092","2025-11-26 13:00","2025","11","26","13:00","","-2.6","","-8.8","","62","","","","29","","3","","64.4","","89.47","","","","-4","","NA"
"-114.01","51.12","CALGARY INTL A","3031092","2025-11-26 14:00","2025","11","26","14:00","","-2.5","","-7.6","","68","","","","2","","9","","64.4","","89.50","","","","-6","","Mostly Cloudy"
"-114.01","51.12","CALGARY INTL A","3031092","2025-11-26 15:00","2025","11","26","15:00","","-2.3","","-8.3","","64","","","","36","","7","","64.4","","89.55","","","","-5","","NA"
"-114.01","51.12","CALGARY INTL A","3031092","2025-11-26 16:00","2025","11","26","16:00","","-3.7","","-8.7","","69","","","","4","","5","","64.4","","89.60","","","","-6","","NA"
"-114.01","51.12","CALGARY INTL A","3031092","2025-11-26 17:00","2025","11","26","17:00","","-4.4","","-8.8","","72","","","","1","","10","","64.4","","89.66","","","","-9","","Mostly Cloudy"
"-114.01","51.12","CALGARY INTL A","3031092","2025-11-26 18:00","2025","11","26","18:00","","-5.0","","-8.5","","77","","","","3","","3","","24.1","","89.72","","","","-6","","NA"
"-114.01","51.12","CALGARY INTL A","3031092","2025-11-26 19:00","2025","11","26","19:00","","-5.7","","-9.1","","77","","","","34","","3","","24.1","","89.78","","","","-7","","NA"
"-114.01","51.12","CALGARY INTL A","3031092","2025-11-26 20:00","2025","11","26","20:00","","-8.2","","-10.6","","83","","","","34","","5","","24.1","","89.83","","","","-11","","Mainly Clear"
"-114.01","51.12","CALGARY INTL A","3031092","2025-11-26 21:00","2025","11","26","21:00","","-8.8","","-10.9","","85","","","","34","","4","","24.1","","89.86","","","","-11","","NA"
"-114.01","51.12","CALGARY INTL A","3031092","2025-11-26 22:00","2025","11","26","22:00","","-11.2","","-13.5","","83","","","","28","","3","","24.1","","89.88","","","","-13","","NA"
"-114.01","51.12","CALGARY INTL A","3031092","2025-11-26 23:00","2025","11","26","23:00","","-13.6","","-16.6","","78","","","","2","","4","","24.1","","89.88","","","","-16","","Mainly Clear"
"-114.01","51.12","CALGARY INTL A","3031092","2025-11-27 00:00","2025","11","27","00:00","","-13.4","","-15.8","","82","","","","1","","4","","24.1","","89.88","","","","-16","","NA"
"-114.01","51.12","CALGARY INTL A","3031092","2025-11-27 01:00","2025","11","27","01:00","","-12.5","","-14.4","","86","","","","","","0","","24.1","","89.90","","","","","","NA"
"-114.01","51.12","CALGARY INTL A","3031092","2025-11-27 02:00","2025","11","27","02:00","","-12.9","","-14.8","","86","","","","2","","3","","24.1","","89.88","","","","-15","","Clear"
"-114.01","51.12","CALGARY INTL A","3031092","2025-11-27 03:00","2025","11","27","03:00","","-12.4","","-13.9","","89","","","","","","0","","24.1","","89.87","","","","","","NA"
"-114.01","51.12","CALGARY INTL A","3031092","2025-11-27 04:00","2025","11","27","04:00","","-13.3","","-14.9","","87","","","","","","0","","19.3","","89.85","","","","","","NA"
"-114.01","51.12","CALGARY INTL A","3031092","2025-11-27 05:00","2025","11","27","05:00","","-11.9","","-13.5","","88","","","","24","","3","","24.1","","89.80","","","","-14","","Mainly Clear"
"-114.01","51.12","CALGARY INTL A","3031092","2025-11-27 06:00","2025","11","27","06:00","","-12.3","","-14.1","","87","","","","","","0","","24.1","","89.78","","","","","","NA"
"-114.01","51.12","CALGARY INTL A","3031092","2025-11-27 07:00","2025","11","27","07:00","","-13.6","","-15.5","","86","","","","","","0","","24.1","","89.75","","","","","","NA"
"-114.01","51.12","CALGARY INTL A","3031092","2025-11-27 08:00","2025","11","27","08:00","","-10.9","","-12.5","","88","","","","22","","5","","48.3","","89.70","","","","-14","","Mostly Cloudy"
"-114.01","51.12","CALGARY INTL A","3031092","2025-11-27 09:00","2025","11","27","09:00","","-11.0","","-12.6","","88","","","","","","0","","48.3","","89.68","","","","","","NA"
"-114.01","51.12","CALGARY INTL A","3031092","2025-11-27 10:00","2025","11","27","10:00","","-9.6","","-11.1","","89","","","","","","0","","64.4","","89.68","","","","","","NA"
"-114.01","51.12","CALGARY INTL A","3031092","2025-11-27 11:00","2025","11","27","11:00","","-8.4","","-10.2","","87","","","","35","","3","","64.4","","89.66","","","","-10","","Cloudy"
"-114.01","51.12","CALGARY INTL A","3031092","2025-11-27 12:00","2025","11","27","12:00","","-6.8","","-9.9","","78","","","","36","","8","","64.4","","89.60","","","","-11","","NA"
"-114.01","51.12","CALGARY INTL A","3031092","2025-11-27 13:00","2025","11","27","13:00","","-5.8","","-9.5","","76","","","","1","","7","","32.2","","89.55","","","","-9","","NA"
"-114.01","51.12","CALGARY INTL A","3031092","2025-11-27 14:00","2025","11","27","14:00","","-4.9","","-9.4","","71","","","","1","","7","","24.1","","89.50","","","","-8","","Cloudy"
"-114.01","51.12","CALGARY INTL A","3031092","2025-11-27 15:00","2025","11","27","15:00","","-6.3","","-9.2","","80","","","","6","","10","","14.5","","89.46","","","","-11","","NA"
"-114.01","51.12","CALGARY INTL A","3031092","2025-11-27 16:00","2025","11","27","16:00","","-6.7","","-9.5","","81","","","","10","","7","","14.5","","89.48","","","","-10","","NA"
"-114.01","51.12","CALGARY INTL A","3031092","2025-11-27 17:00","2025","11","27","17:00","","-7.3","","-9.7","","83","","","","8","","5","","19.3","","89.50","","","","-10","","Cloudy"
"-114.01","51.12","CALGARY INTL A","3031092","2025-11-27 18:00","2025","11","27","18:00","","-7.0","","-10.0","","80","","","","36","","20","","19.3","","89.50","","","","-14","","NA"
"-114.01","51.12","CALGARY INTL A","3031092","2025-11-27 19:00","2025","11","27","19:00","","-7.3","","-10.1","","81","","","","36","","25","","19.3","","89.51","","","","-15","","Snow"
"-114.01","51.12","CALGARY INTL A","3031092","2025-11-27 20:00","2025","11","27","20:00","","-6.9","","-9.2","","83","","","","35","","34","","6.4","","89.54","","","","-16","","Snow,Fog"
"-114.01","51.12","CALGARY INTL A","3031092","2025-11-27 21:00","2025","11","27","21:00","","-7.6","","-9.4","","87","","","","35","","32","","2.4","","89.56","","","","-17","","Snow"
"-114.01","51.12","CALGARY INTL A","3031092","2025-11-27 22:00","2025","11","27","22:00","","-7.7","","-9.2","","90","","","","36","","26","","1.6","","89.57","","","","-16","","Snow"
"-114.01","51.12","CALGARY INTL A","3031092","2025-11-27 23:00","2025","11","27","23:00","","-7.5","","-9.5","","86","","","","36","","20","","2.4","","89.61","","","","-15","","Snow"
"-114.01","51.12","CALGARY INTL A","3031092","2025-11-28 00:00","2025","11","28","00:00","","-7.8","","-9.6","","87","","","","36","","18","","2.4","","89.60","","","","-15","","Snow"
"-114.01","51.12","CALGARY INTL A","3031092","2025-11-28 01:00","2025","11","28","01:00","","-7.9","","-9.9","","86","","","","36","","26","","2.4","","89.59","","","","-16","","Snow"
"-114.01","51.12","CALGARY INTL A","3031092","2025-11-28 02:00","2025","11","28","02:00","","-8.2","","-10.1","","86","","","","36","","26","","24.1","","89.62","","","","-17","","Snow"
"-114.01","51.12","CALGARY INTL A","3031092","2025-11-28 03:00","2025","11","28","03:00","","-8.4","","-10.6","","84","","","","1","","25","","1.6","","89.66","","","","-17","","Snow"
"-114.01","51.12","CALGARY INTL A","3031092","2025-11-28 04:00","2025","11","28","04:00","","-9.1","","-11.7","","81","","","","35","","34","","2.4","","89.69","","","","-19","","Snow"
"-114.01","51.12","CALGARY INTL A","3031092","2025-11-28 05:00","2025","11","28","05:00","","-9.8","","-12.5","","81","","","","36","","36","","2.4","","89.73","","","","-20","","Snow,Blowing Snow"
"-114.01","51.12","CALGARY INTL A","3031092","2025-11-28 06:00","2025","11","28","06:00","","-10.0","","-12.8","","80","","","","35","","29","","2.4","","89.76","","","","-19","","Snow,Blowing Snow"
"-114.01","51.12","CALGARY INTL A","3031092","2025-11-28 07:00","2025","11","28","07:00","","-10.4","","-12.9","","82","","","","36","","28","","2.0","","89.81","","","","-20","","Snow,Blowing Snow"
"-114.01","51.12","CALGARY INTL A","3031092","2025-11-28 08:00","2025","11","28","08:00","","-10.8","","-13.2","","82","","","","35","","32","","1.2","","89.89","","","","-21","","Snow,Blowing Snow"
"-114.01","51.12","CALGARY INTL A","3031092","2025-11-28 09:00","2025","11","28","09:00","","-10.9","","-13.6","","80","","","","35","","30","","3.6","","89.94","","","","-21","","Snow,Blowing Snow"
"-114.01","51.12","CALGARY INTL A","3031092","2025-11-28 10:00","2025","11","28","10:00","","-10.9","","-13.9","","79","","","","35","","32","","4.0","","90.01","","","","-21","","Snow,Blowing Snow"
"-114.01","51.12","CALGARY INTL A","3031092","2025-11-28 11:00","2025","11","28","11:00","","-11.1","","-14.1","","79","","","","36","","30","","4.0","","90.06","","","","-21","","Snow,Blowing Snow"
"-114.01","51.12","CALGARY INTL A","3031092","2025-11-28 12:00","2025","11","28","12:00","","-11.1","","-14.3","","77","","","","36","","28","","6.4","","90.06","","","","-21","","Snow"
"-114.01","51.12","CALGARY INTL A","3031092","2025-11-28 13:00","2025","11","28","13:00","","-11.6","","-15.0","","76","","","","35","","26","","24.1","","90.09","","","","-21","","NA"
"-114.01","51.12","CALGARY INTL A","3031092","2025-11-28 14:00","2025","11","28","14:00","","-11.7","","-15.4","","75","","","","36","","25","","24.1","","90.09","","","","-21","","Mostly Cloudy"
"-114.01","51.12","CALGARY INTL A","3031092","2025-11-28 15:00","2025","11","28","15:00","","-11.2","","-14.7","","75","","","","35","","18","","14.5","","90.11","","","","-19","","NA"
"-114.01","51.12","CALGARY INTL A","3031092","2025-11-28 16:00","2025","11","28","16:00","","-11.2","","-14.6","","76","","","","36","","15","","9.7","","90.20","","","","-18","","NA"
"-114.01","51.12","CALGARY INTL A","3031092","2025-11-28 17:00","2025","11","28","17:00","","-11.6","","-14.8","","78","","","","36","","14","","14.5","","90.23","","","","-18","","Snow"
"-114.01","51.12","CALGARY INTL A","3031092","2025-11-28 18:00","2025","11","28","18:00","","-11.7","","-14.5","","80","","","","28","","4","","19.3","","90.23","","","","-14","","NA"
"-114.01","51.12","CALGARY INTL A","3031092","2025-11-28 19:00","2025","11","28","19:00","","-12.8","","-15.2","","82","","","","10","","3","","19.3","","90.25","","","","-15","","NA"
"-114.01","51.12","CALGARY INTL A","3031092","2025-11-28 20:00","2025","11","28","20:00","","-14.4","","-16.3","","86","","","","10","","6","","16.1","","90.27","","","","-19","","Mainly Clear"
"-114.01","51.12","CALGARY INTL A","3031092","2025-11-28 21:00","2025","11","28","21:00","","-13.9","","-15.7","","86","","","","18","","9","","12.9","","90.25","","","","-20","","NA"
"-114.01","51.12","CALGARY INTL A","3031092","2025-11-28 22:00","2025","11","28","22:00","","-15.2","","-16.8","","88","","","","18","","13","","12.9","","90.19","","","","-23","","Ice Crystals"
"-114.01","51.12","CALGARY INTL A","3031092","2025-11-28 23:00","2025","11","28","23:00","","-15.3","","-17.0","","87","","","","19","","13","","12.9","","90.15","","","","-23","","Ice Crystals"
"-114.01","51.12","CALGARY INTL A","3031092","2025-11-29 00:00","2025","11","29","00:00","","-16.0","","-18.1","","85","","","","19","","17","","16.1","","90.09","","","","-25","","NA"
"-114.01","51.12","CALGARY INTL A","3031092","2025-11-29 01:00","2025","11","29","01:00","","-16.2","","-18.4","","84","","","","19","","15","","16.1","","89.99","","","","-24","","NA"
"-114.01","51.12","CALGARY INTL A","3031092","2025-11-29 02:00","2025","11","29","02:00","","-16.5","","-18.7","","84","","","","18","","14","","12.9","","89.91","","","","-24","","Ice Crystals"
"-114.01","51.12","CALGARY INTL A","3031092","2025-11-29 03:00","2025","11","29","03:00","","-16.6","","-18.8","","83","","","","18","","13","","12.9","","89.85","","","","-24","","Ice Crystals"
"-114.01","51.12","CALGARY INTL A","3031092","2025-11-29 04:00","2025","11","29","04:00","","-16.0","","-18.0","","85","","","","20","","10","","12.9","","89.80","","","","-22","","Ice Crystals"
"-114.01","51.12","CALGARY INTL A","3031092","2025-11-29 05:00","2025","11","29","05:00","","-18.4","","-20.9","","81","","","","19","","7","","16.1","","89.75","","","","-24","","Ice Crystals"
"-114.01","51.12","CALGARY INTL A","3031092","2025-11-29 06:00","2025","11","29","06:00","","-19.1","","-21.7","","81","","","","19","","10","","16.1","","89.72","","","","-26","","NA"
"-114.01","51.12","CALGARY INTL A","3031092","2025-11-29 07:00","2025","11","29","07:00","","-18.7","","-21.2","","81","","","","22","","8","","24.1","","89.70","","","","-25","","Ice Crystals"
"-114.01","51.12","CALGARY INTL A","3031092","2025-11-29 08:00","2025","11","29","08:00","","-19.6","","-22.2","","80","","","","19","","15","","64.4","","89.69","","","","-29","","Clear"
"-114.01","51.12","CALGARY INTL A","3031092","2025-11-29 09:00","2025","11","29","09:00","","-17.1","","-19.6","","81","","","","22","","17","","64.4","","89.66","","","","-26","","NA"
"-114.01","51.12","CALGARY INTL A","3031092","2025-11-29 10:00","2025","11","29","10:00","","-15.6","","-18.0","","82","","","","21","","9","","64.4","","89.68","","","","-22","","NA"
"-114.01","51.12","CALGARY INTL A","3031092","2025-11-29 11:00","2025","11","29","11:00","","-14.0","","-16.5","","81","","","","17","","7","","64.4","","89.67","","","","-19","","Mainly Clear"
"-114.01","51.12","CALGARY INTL A","3031092","2025-11-29 12:00","2025","11","29","12:00","","-12.3","","-16.1","","74","","","","36","","4","","64.4","","89.66","","","","-15","","NA"
"-114.01","51.12","CALGARY INTL A","3031092","2025-11-29 13:00","2025","11","29","13:00","","-10.5","","-15.4","","67","","","","36","","7","","64.4","","89.65","","","","-15","","NA"
"-114.01","51.12","CALGARY INTL A","3031092","2025-11-29 14:00","2025","11","29","14:00","","-10.9","","-16.0","","67","","","","3","","5","","64.4","","89.60","","","","-14","","Mainly Clear"
"-114.01","51.12","CALGARY INTL A","3031092","2025-11-29 15:00","2025","11","29","15:00","","-11.3","","-16.2","","68","","","","7","","9","","64.4","","89.64","","","","-16","","NA"
"-114.01","51.12","CALGARY INTL A","3031092","2025-11-29 16:00","2025","11","29","16:00","","-11.3","","-15.8","","70","","","","34","","3","","64.4","","89.64","","","","-13","","NA"
"-114.01","51.12","CALGARY INTL A","3031092","2025-11-29 17:00","2025","11","29","17:00","","-14.3","","-17.5","","77","","","","8","","11","","64.4","","89.64","","","","-21","","Mainly Clear"
"-114.01","51.12","CALGARY INTL A","3031092","2025-11-29 18:00","2025","11","29","18:00","","-14.1","","-17.1","","79","","","","12","","4","","24.1","","89.67","","","","-17","","NA"
"-114.01","51.12","CALGARY INTL A","3031092","2025-11-29 19:00","2025","11","29","19:00","","-14.3","","-16.8","","82","","","","19","","8","","24.1","","89.64","","","","-20","","NA"
"-114.01","51.12","CALGARY INTL A","3031092","2025-11-29 20:00","2025","11","29","20:00","","-16.1","","-18.2","","84","","","","18","","7","","24.1","","89.64","","","","-21","","Clear"
"-114.01","51.12","CALGARY INTL A","3031092","2025-11-29 21:00","2025","11","29","21:00","","-15.5","","-17.5","","85","","","","17","","9","","24.1","","89.61","","","","-21","","NA"
"-114.01","51.12","CALGARY INTL A","3031092","2025-11-29 22:00","2025","11","29","22:00","","-16.3","","-18.3","","85","","","","","","0","","24.1","","89.61","","","","","","NA"
"-114.01","51.12","CALGARY INTL A","3031092","2025-11-29 23:00","2025","11","29","23:00","","-16.2","","-18.3","","84","","","","20","","9","","24.1","","89.59","","","","-22","","Clear"
"-114.01","51.12","CALGARY INTL A","3031092","2025-11-30 00:00","2025","11","30","00:00","","-16.2","","-18.1","","86","","","","21","","5","","24.1","","89.57","","","","-20","","NA"
"-114.01","51.12","CALGARY INTL A","3031092","2025-11-30 01:00","2025","11","30","01:00","","-15.3","","-17.6","","83","","","","22","","9","","24.1","","89.53","","","","-21","","NA"
"-114.01","51.12","CALGARY INTL A","3031092","2025-11-30 02:00","2025","11","30","02:00","","-15.2","","-17.5","","83","","","","21","","7","","24.1","","89.49","","","","-20","","Clear"
"-114.01","51.12","CALGARY INTL A","3031092","2025-11-30 03:00","2025","11","30","03:00","","-15.4","","-17.6","","84","","","","21","","5","","24.1","","89.45","","","","-19","","NA"
"-114.01","51.12","CALGARY INTL A","3031092","2025-11-30 04:00","2025","11","30","04:00","","-15.7","","-18.0","","83","","","","21","","9","","24.1","","89.37","","","","-22","","NA"
"-114.01","51.12","CALGARY INTL A","3031092","2025-11-30 05:00","2025","11","30","05:00","","-17.8","","-20.4","","80","","","","","","0","","24.1","","89.30","","","","","","Clear"
"-114.01","51.12","CALGARY INTL A","3031092","2025-11-30 06:00","2025","11","30","06:00","","-14.5","","-17.0","","81","","","","22","","9","","24.1","","89.25","","","","-20","","NA"
"-114.01","51.12","CALGARY INTL A","3031092","2025-11-30 07:00","2025","11","30","07:00","","-14.9","","-17.9","","79","","","","22","","9","","24.1","","89.22","","","","-21","","NA"
"-114.01","51.12","CALGARY INTL A","3031092","2025-11-30 08:00","2025","11","30","08:00","","-12.8","","-15.8","","79","","","","23","","11","","64.4","","89.17","","","","-19","","Clear"
"-114.01","51.12","CALGARY INTL A","3031092","2025-11-30 09:00","2025","11","30","09:00","","-14.3","","-17.2","","78","","","","","","0","","64.4","","89.14","","","","","","NA"
"-114.01","51.12","CALGARY INTL A","3031092","2025-11-30 10:00","2025","11","30","10:00","","-10.4","","-14.3","","73","","","","21","","4","","64.4","","89.14","","","","-13","","NA"
"-114.01","51.12","CALGARY INTL A","3031092","2025-11-30 11:00","2025","11","30","11:00","","-7.3","","-12.8","","65","","","","","","0","","64.4","","89.14","","","","","","Mostly Cloudy"
"-114.01","51.12","CALGARY INTL A","3031092","2025-11-30 12:00","2025","11","30","12:00","","-5.7","","-12.7","","58","","","","","","0","","64.4","","89.10","","","","","","NA"
"-114.01","51.12","CALGARY INTL A","3031092","2025-11-30 13:00","2025","11","30","13:00","","-4.2","","-11.6","","57","","","","","","0","","64.4","","89.08","","","","","","NA"
"-114.01","51.12","CALGARY INTL A","3031092","2025-11-30 14:00","2025","11","30","14:00","","-2.7","","-10.4","","56","","","","21","","4","","64.4","","89.05","","","","-4","","Mostly Cloudy"
"-114.01","51.12","CALGARY INTL A","3031092","2025-11-30 15:00","2025","11","30","15:00","","-2.9","","-10.0","","58","","","","22","","7","","64.4","","89.05","","","","-6","","NA"
"-114.01","51.12","CALGARY INTL A","3031092","2025-11-30 16:00","2025","11","30","16:00","","-4.9","","-9.8","","69","","","","35","","5","","64.4","","89.07","","","","-7","","NA"
"-114.01","51.12","CALGARY INTL A","3031092","2025-11-30 17:00","2025","11","30","17:00","","-4.5","","-10.5","","63","","","","36","","7","","32.2","","89.09","","","","-8","","Mostly Cloudy"
"-114.01","51.12","CALGARY INTL A","3031092","2025-11-30 18:00","2025","11","30","18:00","","-6.7","","-11.4","","70","","","","","","0","","24.1","","89.08","","","","","","NA"
"-114.01","51.12","CALGARY INTL A","3031092","2025-11-30 19:00","2025","11","30","19:00","","-8.7","","-12.0","","77","","","","","","0","","24.1","","89.07","","","","","","NA"
"-114.01","51.12","CALGARY INTL A","3031092","2025-11-30 20:00","2025","11","30","20:00","","-9.8","","-13.1","","77","","","","","","0","","24.1","","89.07","","","","","","Mainly Clear"
"-114.01","51.12","CALGARY INTL A","3031092","2025-11-30 21:00","2025","11","30","21:00","","-8.0","","-12.1","","73","","","","23","","5","","24.1","","89.07","","","","-11","","NA"
"-114.01","51.12","CALGARY INTL A","3031092","2025-11-30 22:00","2025","11","30","22:00","","-8.8","","-12.3","","76","","","","13","","4","","24.1","","89.08","","","","-11","","NA"
"-114.01","51.12","CALGARY INTL A","3031092","2025-11-30 23:00","2025","11","30","23:00","","-7.2","","-11.1","","74","","","","19","","3","","24.1","","89.04","","","","-9","","Mainly Clear"
