"Longitude (x)","Latitude (y)","Station Name","Climate ID","Date/Time (LST)","Year","Month","Day","Time (LST)","Flag","Temp (°C)","Temp Flag","Dew Point Temp (°C)","Dew Point Temp Flag","Rel Hum (%)","Rel Hum Flag","Precip. Amount (mm)","Precip. Amount Flag","Wind Dir (10s deg)","Wind Dir Flag","Wind Spd (km/h)","Wind Spd Flag","Visibility (km)","Visibility Flag","Stn Press (kPa)","Stn Press Flag","Hmdx","Hmdx Flag","Wind Chill","Wind Chill Flag","Weather"
"-114.01","51.12","CALGARY INTL A","3031092","2025-02-01 00:00","2025","02","01","00:00","","-9.5","","-10.5","","92","","","","35","","9","","2.0","","87.41","","","","-14","","Snow Grains,Fog"
"-114.01","51.12","CALGARY INTL A","3031092","2025-02-01 01:00","2025","02","01","01:00","","-9.8","","-10.9","","92","","","","36","","13","","2.0","","87.37","","","","-16","","Snow Grains,Fog"
"-114.01","51.12","CALGARY INTL A","3031092","2025-02-01 02:00","2025","02","01","02:00","","-10.2","","-11.4","","91","","","","2","","11","","2.0","","87.38","","","","-16","","Fog"
"-114.01","51.12","CALGARY INTL A","3031092","2025-02-01 03:00","2025","02","01","03:00","","-10.4","","-11.6","","91","","","","2","","10","","2.0","","87.43","","","","-16","","Fog"
"-114.01","51.12","CALGARY INTL A","3031092","2025-02-01 04:00","2025","02","01","04:00","","-10.6","","-11.8","","91","","","","2","","14","","4.8","","87.42","","","","-17","","Fog"
"-114.01","51.12","CALGARY INTL A","3031092","2025-02-01 05:00","2025","02","01","05:00","","-11.2","","-12.4","","90","","","","3","","14","","4.8","","87.42","","","","-18","","Fog"
"-114.01","51.12","CALGARY INTL A","3031092","2025-02-01 06:00","2025","02","01","06:00","","-11.4","","-12.7","","90","","","","2","","20","","4.0","","87.47","","","","-20","","Snow,Fog"
"-114.01","51.12","CALGARY INTL A","3031092","2025-02-01 07:00","2025","02","01","07:00","","-12.2","","-13.6","","89","","","","2","","24","","3.2","","87.59","","","","-21","","Snow,Fog"
"-114.01","51.12","CALGARY INTL A","3031092","2025-02-01 08:00","2025","02","01","08:00","","-13.2","","-14.7","","89","","","","36","","24","","2.8","","87.68","","","","-23","","Snow"
"-114.01","51.12","CALGARY INTL A","3031092","2025-02-01 09:00","2025","02","01","09:00"
"-114.01","51.12","CALGARY INTL A","3031092","2025-02-01 10:00","2025","02","01","10:00","","-15.3","","-17.8","","81","","","","36","","28","","2.0","","","M","","","-26","","Snow,Fog"
"-114.01","51.12","CALGARY INTL A","3031092","2025-02-01 11:00","2025","02","01","11:00","","-15.8","","-17.6","","86","","","","36","","33","","4.0","","88.08","","","","-28","","Snow,Fog"
"-114.01","51.12","CALGARY INTL A","3031092","2025-02-01 12:00","2025","02","01","12:00","","-16.8","","-18.7","","85","","","","35","","26","","0.4","","88.19","","","","-28","","Heavy Snow"
"-114.01","51.12","CALGARY INTL A","3031092","2025-02-01 13:00","2025","02","01","13:00","","-17.2","","-19.1","","85","","","","35","","20","","0.4","","88.25","","","","-27","","Heavy Snow"
"-114.01","51.12","CALGARY INTL A","3031092","2025-02-01 14:00","2025","02","01","14:00","","-16.9","","-18.8","","86","","","","1","","14","","2.0","","88.29","","","","-25","","Snow"
"-114.01","51.12","CALGARY INTL A","3031092","2025-02-01 15:00","2025","02","01","15:00","","-18.1","","-20.2","","84","","","","2","","21","","4.0","","88.37","","","","-28","","Fog"
"-114.01","51.12","CALGARY INTL A","3031092","2025-02-01 16:00","2025","02","01","16:00","","-18.1","","-20.1","","84","","","","36","","15","","8.1","","88.48","","","","-27","","Fog"
"-114.01","51.12","CALGARY INTL A","3031092","2025-02-01 17:00","2025","02","01","17:00","","-18.2","","-20.4","","84","","","","2","","15","","14.5","","88.54","","","","-27","","Cloudy"
"-114.01","51.12","CALGARY INTL A","3031092","2025-02-01 18:00","2025","02","01","18:00","","-18.2","","-20.4","","84","","","","1","","12","","14.5","","88.58","","","","-26","","NA"
"-114.01","51.12","CALGARY INTL A","3031092","2025-02-01 19:00","2025","02","01","19:00","","-19.8","","-22.2","","82","","","","1","","9","","16.1","","88.64","","","","-27","","NA"
"-114.01","51.12","CALGARY INTL A","3031092","2025-02-01 20:00","2025","02","01","20:00","","-21.3","","-23.6","","82","","","","4","","8","","16.1","","88.69","","","","-28","","Mainly Clear"
"-114.01","51.12","CALGARY INTL A","3031092","2025-02-01 21:00","2025","02","01","21:00","","-21.2","","-23.6","","81","","","","4","","17","","16.1","","88.70","","","","-31","","NA"
"-114.01","51.12","CALGARY INTL A","3031092","2025-02-01 22:00","2025","02","01","22:00","","-21.5","","-23.9","","81","","","","2","","15","","16.1","","88.74","","","","-31","","NA"
"-114.01","51.12","CALGARY INTL A","3031092","2025-02-01 23:00","2025","02","01","23:00","","-21.7","","-24.4","","79","","","","2","","11","","16.1","","88.73","","","","-30","","Mostly Cloudy"
"-114.01","51.12","CALGARY INTL A","3031092","2025-02-02 00:00","2025","02","02","00:00","","-21.9","","-24.6","","79","","","","4","","17","","12.9","","88.72","","","","-32","","NA"
"-114.01","51.12","CALGARY INTL A","3031092","2025-02-02 01:00","2025","02","02","01:00","","-22.1","","-24.8","","79","","","","6","","11","","9.7","","88.70","","","","-30","","Fog"
"-114.01","51.12","CALGARY INTL A","3031092","2025-02-02 02:00","2025","02","02","02:00","","-22.1","","-24.8","","79","","","","9","","13","","9.7","","88.66","","","","-31","","Fog"
"-114.01","51.12","CALGARY INTL A","3031092","2025-02-02 03:00","2025","02","02","03:00","","-23.2","","-26.4","","75","","","","7","","17","","6.4","","88.66","","","","-34","","Snow,Fog"
"-114.01","51.12","CALGARY INTL A","3031092","2025-02-02 04:00","2025","02","02","04:00","","-23.8","","-26.9","","76","","","","6","","13","","4.8","","88.67","","","","-33","","Snow,Fog"
"-114.01","51.12","CALGARY INTL A","3031092","2025-02-02 05:00","2025","02","02","05:00","","-24.1","","-27.2","","76","","","","7","","11","","3.2","","88.69","","","","-33","","Snow,Fog"
"-114.01","51.12","CALGARY INTL A","3031092","2025-02-02 06:00","2025","02","02","06:00","","-24.3","","-27.6","","74","","","","6","","12","","3.2","","88.71","","","","-33","","Snow,Fog"
"-114.01","51.12","CALGARY INTL A","3031092","2025-02-02 07:00","2025","02","02","07:00","","-24.9","","-28.9","","70","","","","3","","10","","9.7","","88.73","","","","-33","","Snow,Fog"
"-114.01","51.12","CALGARY INTL A","3031092","2025-02-02 08:00","2025","02","02","08:00","","-25.2","","-28.7","","72","","","","2","","13","","11.3","","88.76","","","","-35","","Cloudy"
"-114.01","51.12","CALGARY INTL A","3031092","2025-02-02 09:00","2025","02","02","09:00","","-24.5","","-27.9","","73","","","","36","","17","","6.4","","88.83","","","","-35","","NA"
"-114.01","51.12","CALGARY INTL A","3031092","2025-02-02 10:00","2025","02","02","10:00","","-25.0","","-30.0","","63","","","","2","","22","","14.5","","88.89","","","","-37","","NA"
"-114.01","51.12","CALGARY INTL A","3031092","2025-02-02 11:00","2025","02","02","11:00","","-25.0","","-29.5","","67","","","","35","","19","","24.1","","88.94","","","","-37","","Cloudy"
"-114.01","51.12","CALGARY INTL A","3031092","2025-02-02 12:00","2025","02","02","12:00","","-23.9","","-28.6","","65","","","","35","","18","","14.5","","88.93","","","","-35","","NA"
"-114.01","51.12","CALGARY INTL A","3031092","2025-02-02 13:00","2025","02","02","13:00","","-23.8","","-29.2","","61","","","","34","","22","","16.1","","88.92","","","","-36","","NA"
"-114.01","51.12","CALGARY INTL A","3031092","2025-02-02 14:00","2025","02","02","14:00","","-23.7","","-29.1","","62","","","","35","","27","","24.1","","88.91","","","","-37","","Mostly Cloudy"
"-114.01","51.12","CALGARY INTL A","3031092","2025-02-02 15:00","2025","02","02","15:00","","-23.4","","-28.6","","62","","","","36","","26","","16.1","","88.97","","","","-36","","NA"
"-114.01","51.12","CALGARY INTL A","3031092","2025-02-02 16:00","2025","02","02","16:00","","-23.5","","-28.7","","62","","","","34","","23","","24.1","","89.05","","","","-36","","NA"
"-114.01","51.12","CALGARY INTL A","3031092","2025-02-02 17:00","2025","02","02","17:00","","-23.8","","-28.7","","64","","","","36","","21","","24.1","","89.11","","","","-36","","Mainly Clear"
"-114.01","51.12","CALGARY INTL A","3031092","2025-02-02 18:00","2025","02","02","18:00","","-24.4","","-28.9","","66","","","","36","","17","","24.1","","89.20","","","","-35","","NA"
"-114.01","51.12","CALGARY INTL A","3031092","2025-02-02 19:00","2025","02","02","19:00","","-24.8","","-29.2","","67","","","","36","","17","","24.1","","89.30","","","","-36","","NA"
"-114.01","51.12","CALGARY INTL A","3031092","2025-02-02 20:00","2025","02","02","20:00","","-22.2","","-27.6","","62","","","","34","","10","","24.1","","89.35","","","","-30","","Mainly Clear"
"-114.01","51.12","CALGARY INTL A","3031092","2025-02-02 21:00","2025","02","02","21:00","","-24.3","","-36.7","","32","","","","34","","12","","24.1","","89.40","","","","-33","","NA"
"-114.01","51.12","CALGARY INTL A","3031092","2025-02-02 22:00","2025","02","02","22:00","","-25.8","","-30.1","","67","","","","32","","9","","24.1","","89.51","","","","-34","","NA"
"-114.01","51.12","CALGARY INTL A","3031092","2025-02-02 23:00","2025","02","02","23:00","","-25.5","","-29.6","","69","","","","35","","13","","16.1","","89.55","","","","-35","","Mostly Cloudy"
"-114.01","51.12","CALGARY INTL A","3031092","2025-02-03 00:00","2025","02","03","00:00","","-27.1","","-31.0","","70","","","","35","","13","","16.1","","89.58","","","","-37","","NA"
"-114.01","51.12","CALGARY INTL A","3031092","2025-02-03 01:00","2025","02","03","01:00","","-26.6","","-30.5","","70","","","","33","","7","","16.1","","89.62","","","","-33","","NA"
"-114.01","51.12","CALGARY INTL A","3031092","2025-02-03 02:00","2025","02","03","02:00","","-27.3","","-30.9","","72","","","","33","","6","","16.1","","89.64","","","","-33","","Clear"
"-114.01","51.12","CALGARY INTL A","3031092","2025-02-03 03:00","2025","02","03","03:00","","-28.0","","-31.2","","75","","","","30","","5","","12.9","","89.67","","","","-33","","NA"
"-114.01","51.12","CALGARY INTL A","3031092","2025-02-03 04:00","2025","02","03","04:00","","-26.2","","-29.9","","71","","","","34","","6","","12.9","","89.69","","","","-32","","NA"
"-114.01","51.12","CALGARY INTL A","3031092","2025-02-03 05:00","2025","02","03","05:00","","-25.8","","-29.1","","74","","","","36","","3","","12.9","","89.73","","","","-29","","Mainly Clear"
"-114.01","51.12","CALGARY INTL A","3031092","2025-02-03 06:00","2025","02","03","06:00","","-26.9","","-30.6","","71","","","","33","","3","","11.3","","89.73","","","","-30","","NA"
"-114.01","51.12","CALGARY INTL A","3031092","2025-02-03 07:00","2025","02","03","07:00","","-26.0","","-30.0","","69","","","","2","","5","","12.9","","89.73","","","","-31","","Ice Crystals"
"-114.01","51.12","CALGARY INTL A","3031092","2025-02-03 08:00","2025","02","03","08:00","","-23.4","","-27.5","","69","","","","","","0","","4.8","","89.77","","","","","","Snow,Fog"
"-114.01","51.12","CALGARY INTL A","3031092","2025-02-03 09:00","2025","02","03","09:00","","-24.5","","-28.9","","67","","","","9","","5","","2.8","","89.80","","","","-29","","Snow,Fog"
"-114.01","51.12","CALGARY INTL A","3031092","2025-02-03 10:00","2025","02","03","10:00","","-23.8","","-28.4","","66","","","","10","","10","","4.0","","89.84","","","","-32","","Snow,Fog"
"-114.01","51.12","CALGARY INTL A","3031092","2025-02-03 11:00","2025","02","03","11:00","","-24.8","","-28.6","","71","","","","10","","9","","4.0","","89.82","","","","-32","","Snow,Fog"
"-114.01","51.12","CALGARY INTL A","3031092","2025-02-03 12:00","2025","02","03","12:00","","-22.9","","-28.5","","61","","","","10","","14","","8.1","","89.80","","","","-32","","Snow,Fog"
"-114.01","51.12","CALGARY INTL A","3031092","2025-02-03 13:00","2025","02","03","13:00","","-21.4","","-27.5","","58","","","","9","","7","","9.7","","89.77","","","","-27","","Snow,Fog"
"-114.01","51.12","CALGARY INTL A","3031092","2025-02-03 14:00","2025","02","03","14:00","","-22.2","","-28.3","","58","","","","8","","11","","9.7","","89.76","","","","-30","","Snow"
"-114.01","51.12","CALGARY INTL A","3031092","2025-02-03 15:00","2025","02","03","15:00","","-23.2","","-28.3","","63","","","","9","","13","","6.4","","89.75","","","","-32","","Snow"
"-114.01","51.12","CALGARY INTL A","3031092","2025-02-03 16:00","2025","02","03","16:00","","-24.2","","-28.8","","66","","","","10","","13","","6.4","","89.78","","","","-34","","Snow,Fog"
"-114.01","51.12","CALGARY INTL A","3031092","2025-02-03 17:00","2025","02","03","17:00","","-25.1","","-28.8","","71","","","","9","","13","","9.7","","89.80","","","","-35","","Fog"
"-114.01","51.12","CALGARY INTL A","3031092","2025-02-03 18:00","2025","02","03","18:00","","-25.4","","-29.1","","71","","","","9","","13","","4.8","","89.83","","","","-35","","Snow,Fog"
"-114.01","51.12","CALGARY INTL A","3031092","2025-02-03 19:00","2025","02","03","19:00","","-25.2","","-29.3","","69","","","","10","","9","","6.4","","89.84","","","","-33","","Snow"
"-114.01","51.12","CALGARY INTL A","3031092","2025-02-03 20:00","2025","02","03","20:00","","-25.3","","-29.3","","70","","","","11","","6","","6.4","","89.85","","","","-31","","Snow,Fog"
"-114.01","51.12","CALGARY INTL A","3031092","2025-02-03 21:00","2025","02","03","21:00","","-24.3","","-29.8","","60","","","","8","","7","","11.3","","89.84","","","","-31","","Snow"
"-114.01","51.12","CALGARY INTL A","3031092","2025-02-03 22:00","2025","02","03","22:00","","-24.3","","-29.6","","62","","","","9","","7","","8.1","","89.85","","","","-31","","Snow"
"-114.01","51.12","CALGARY INTL A","3031092","2025-02-03 23:00","2025","02","03","23:00","","-24.3","","-29.7","","62","","","","10","","9","","6.4","","89.86","","","","-32","","Snow"
"-114.01","51.12","CALGARY INTL A","3031092","2025-02-04 00:00","2025","02","04","00:00","","-20.1","","-25.2","","64","","","","9","","8","","4.8","","89.85","","","","-26","","Snow"
"-114.01","51.12","CALGARY INTL A","3031092","2025-02-04 01:00","2025","02","04","01:00","","-21.9","","-28.3","","56","","","","6","","10","","4.0","","89.87","","","","-29","","Snow"
"-114.01","51.12","CALGARY INTL A","3031092","2025-02-04 02:00","2025","02","04","02:00","","-23.9","","-28.7","","65","","","","5","","10","","4.0","","89.82","","","","-32","","Snow"
"-114.01","51.12","CALGARY INTL A","3031092","2025-02-04 03:00","2025","02","04","03:00","","-21.2","","-26.3","","63","","","","3","","10","","4.8","","89.79","","","","-29","","Snow"
"-114.01","51.12","CALGARY INTL A","3031092","2025-02-04 04:00","2025","02","04","04:00","","-24.1","","-28.3","","68","","","","3","","8","","4.8","","89.75","","","","-31","","Snow"
"-114.01","51.12","CALGARY INTL A","3031092","2025-02-04 05:00","2025","02","04","05:00","","-24.4","","-30.0","","60","","","","3","","12","","4.8","","89.76","","","","-33","","Snow"
"-114.01","51.12","CALGARY INTL A","3031092","2025-02-04 06:00","2025","02","04","06:00","","-23.8","","-28.9","","63","","","","1","","10","","4.8","","89.73","","","","-32","","Snow"
"-114.01","51.12","CALGARY INTL A","3031092","2025-02-04 07:00","2025","02","04","07:00","","-23.9","","-29.6","","60","","","","1","","12","","6.4","","89.72","","","","-33","","Snow"
"-114.01","51.12","CALGARY INTL A","3031092","2025-02-04 08:00","2025","02","04","08:00","","-25.1","","-29.4","","68","","","","1","","10","","4.8","","89.73","","","","-33","","Snow"
"-114.01","51.12","CALGARY INTL A","3031092","2025-02-04 09:00","2025","02","04","09:00","","-25.6","","-30.0","","67","","","","1","","13","","6.4","","89.73","","","","-35","","Snow"
"-114.01","51.12","CALGARY INTL A","3031092","2025-02-04 10:00","2025","02","04","10:00","","-25.2","","-29.5","","68","","","","36","","13","","2.4","","89.73","","","","-35","","Snow"
"-114.01","51.12","CALGARY INTL A","3031092","2025-02-04 11:00","2025","02","04","11:00","","-24.6","","-29.1","","66","","","","36","","10","","9.7","","89.75","","","","-33","","Snow"
"-114.01","51.12","CALGARY INTL A","3031092","2025-02-04 12:00","2025","02","04","12:00","","-23.9","","-28.7","","65","","","","36","","13","","12.9","","89.70","","","","-33","","Snow"
"-114.01","51.12","CALGARY INTL A","3031092","2025-02-04 13:00","2025","02","04","13:00","","-23.8","","-28.8","","64","","","","2","","16","","16.1","","89.61","","","","-34","","Snow"
"-114.01","51.12","CALGARY INTL A","3031092","2025-02-04 14:00","2025","02","04","14:00","","-23.2","","-28.1","","64","","","","1","","16","","24.1","","89.55","","","","-33","","Mostly Cloudy"
"-114.01","51.12","CALGARY INTL A","3031092","2025-02-04 15:00","2025","02","04","15:00","","-23.3","","-28.2","","64","","","","1","","13","","24.1","","89.51","","","","-32","","NA"
"-114.01","51.12","CALGARY INTL A","3031092","2025-02-04 16:00","2025","02","04","16:00","","-23.8","","-28.2","","67","","","","36","","11","","24.1","","89.48","","","","-32","","NA"
"-114.01","51.12","CALGARY INTL A","3031092","2025-02-04 17:00","2025","02","04","17:00","","-24.5","","-28.5","","70","","","","1","","13","","40.2","","89.45","","","","-34","","Mostly Cloudy"
"-114.01","51.12","CALGARY INTL A","3031092","2025-02-04 18:00","2025","02","04","18:00","","-25.0","","-29.0","","69","","","","4","","12","","64.4","","89.40","","","","-34","","NA"
"-114.01","51.12","CALGARY INTL A","3031092","2025-02-04 19:00","2025","02","04","19:00","","-25.3","","-29.4","","69","","","","2","","9","","24.1","","89.40","","","","-33","","Ice Crystals"
"-114.01","51.12","CALGARY INTL A","3031092","2025-02-04 20:00","2025","02","04","20:00","","-21.2","","-28.6","","52","","","","34","","11","","24.1","","89.33","","","","-29","","Ice Crystals"
"-114.01","51.12","CALGARY INTL A","3031092","2025-02-04 21:00","2025","02","04","21:00","","-25.4","","-30.8","","61","","","","34","","10","","24.1","","89.29","","","","-34","","NA"
"-114.01","51.12","CALGARY INTL A","3031092","2025-02-04 22:00","2025","02","04","22:00","","-25.1","","-30.6","","60","","","","32","","8","","24.1","","89.22","","","","-32","","NA"
"-114.01","51.12","CALGARY INTL A","3031092","2025-02-04 23:00","2025","02","04","23:00","","-25.1","","-29.9","","65","","","","34","","16","","24.1","","89.16","","","","-36","","Mostly Cloudy"
"-114.01","51.12","CALGARY INTL A","3031092","2025-02-05 00:00","2025","02","05","00:00","","-23.9","","-28.7","","65","","","","33","","14","","24.1","","89.06","","","","-34","","NA"
"-114.01","51.12","CALGARY INTL A","3031092","2025-02-05 01:00","2025","02","05","01:00","","-24.1","","-28.4","","68","","","","34","","11","","16.1","","88.98","","","","-33","","NA"
"-114.01","51.12","CALGARY INTL A","3031092","2025-02-05 02:00","2025","02","05","02:00","","-24.8","","-28.7","","70","","","","34","","13","","4.8","","88.88","","","","-34","","Snow"
"-114.01","51.12","CALGARY INTL A","3031092","2025-02-05 03:00","2025","02","05","03:00","","-23.8","","-28.7","","64","","","","34","","16","","11.3","","88.80","","","","-34","","Snow"
"-114.01","51.12","CALGARY INTL A","3031092","2025-02-05 04:00","2025","02","05","04:00","","-24.1","","-28.6","","66","","","","35","","11","","16.1","","88.70","","","","-33","","NA"
"-114.01","51.12","CALGARY INTL A","3031092","2025-02-05 05:00","2025","02","05","05:00","","-24.3","","-28.3","","69","","","","34","","13","","9.7","","88.65","","","","-34","","Snow"
"-114.01","51.12","CALGARY INTL A","3031092","2025-02-05 06:00","2025","02","05","06:00","","-23.3","","-28.3","","64","","","","34","","16","","4.8","","88.57","","","","-33","","Snow"
"-114.01","51.12","CALGARY INTL A","3031092","2025-02-05 07:00","2025","02","05","07:00","","-24.3","","-28.2","","70","","","","36","","13","","4.0","","88.52","","","","-34","","Snow"
"-114.01","51.12","CALGARY INTL A","3031092","2025-02-05 08:00","2025","02","05","08:00","","-24.2","","-28.0","","71","","","","1","","12","","2.8","","88.49","","","","-33","","Snow"
"-114.01","51.12","CALGARY INTL A","3031092","2025-02-05 09:00","2025","02","05","09:00","","-24.1","","-27.9","","71","","","","36","","13","","2.0","","88.45","","","","-33","","Snow"
"-114.01","51.12","CALGARY INTL A","3031092","2025-02-05 10:00","2025","02","05","10:00","","-24.0","","-28.2","","69","","","","2","","13","","1.6","","88.47","","","","-33","","Snow"
"-114.01","51.12","CALGARY INTL A","3031092","2025-02-05 11:00","2025","02","05","11:00","","-23.3","","-27.2","","70","","","","36","","12","","2.4","","88.42","","","","-32","","Snow"
"-114.01","51.12","CALGARY INTL A","3031092","2025-02-05 12:00","2025","02","05","12:00","","-22.7","","-27.1","","68","","","","34","","8","","4.8","","88.40","","","","-29","","Snow"
"-114.01","51.12","CALGARY INTL A","3031092","2025-02-05 13:00","2025","02","05","13:00","","-22.4","","-27.2","","65","","","","36","","12","","2.0","","88.37","","","","-31","","Snow"
"-114.01","51.12","CALGARY INTL A","3031092","2025-02-05 14:00","2025","02","05","14:00","","-21.9","","-26.2","","68","","","","35","","14","","2.8","","88.30","","","","-31","","Snow"
"-114.01","51.12","CALGARY INTL A","3031092","2025-02-05 15:00","2025","02","05","15:00","","-21.5","","-25.7","","69","","","","36","","12","","2.4","","88.28","","","","-30","","Snow"
"-114.01","51.12","CALGARY INTL A","3031092","2025-02-05 16:00","2025","02","05","16:00","","-21.2","","-25.1","","71","","","","35","","10","","2.4","","88.28","","","","-29","","Snow"
"-114.01","51.12","CALGARY INTL A","3031092","2025-02-05 17:00","2025","02","05","17:00","","-21.0","","-25.1","","70","","","","2","","10","","40.2","","88.31","","","","-28","","Snow"
"-114.01","51.12","CALGARY INTL A","3031092","2025-02-05 18:00","2025","02","05","18:00","","-20.6","","-24.9","","68","","","","5","","3","","56.3","","88.32","","","","-23","","NA"
"-114.01","51.12","CALGARY INTL A","3031092","2025-02-05 19:00","2025","02","05","19:00","","-20.0","","-24.6","","67","","","","17","","4","","24.1","","88.36","","","","-23","","NA"
"-114.01","51.12","CALGARY INTL A","3031092","2025-02-05 20:00","2025","02","05","20:00","","-19.9","","-24.6","","66","","","","27","","3","","24.1","","88.39","","","","-22","","Mostly Cloudy"
"-114.01","51.12","CALGARY INTL A","3031092","2025-02-05 21:00","2025","02","05","21:00","","-21.1","","-26.3","","63","","","","28","","9","","24.1","","88.41","","","","-28","","NA"
"-114.01","51.12","CALGARY INTL A","3031092","2025-02-05 22:00","2025","02","05","22:00","","-19.7","","-26.3","","56","","","","23","","7","","24.1","","88.40","","","","-25","","NA"
"-114.01","51.12","CALGARY INTL A","3031092","2025-02-05 23:00","2025","02","05","23:00","","-19.8","","-23.4","","73","","","","","","0","","24.1","","88.43","","","","","","Mainly Clear"
"-114.01","51.12","CALGARY INTL A","3031092","2025-02-06 00:00","2025","02","06","00:00","","-25.6","","-28.7","","75","","","","24","","9","","24.1","","88.45","","","","-33","","NA"
"-114.01","51.12","CALGARY INTL A","3031092","2025-02-06 01:00","2025","02","06","01:00","","-24.1","","-27.3","","75","","","","24","","9","","24.1","","88.46","","","","-32","","NA"
"-114.01","51.12","CALGARY INTL A","3031092","2025-02-06 02:00","2025","02","06","02:00","","-26.1","","-28.8","","78","","","","23","","15","","24.1","","88.47","","","","-37","","Clear"
"-114.01","51.12","CALGARY INTL A","3031092","2025-02-06 03:00","2025","02","06","03:00","","-25.4","","-28.9","","73","","","","22","","14","","24.1","","88.52","","","","-35","","NA"
"-114.01","51.12","CALGARY INTL A","3031092","2025-02-06 04:00","2025","02","06","04:00","","-20.0","","-23.8","","72","","","","23","","14","","24.1","","88.52","","","","-29","","NA"
"-114.01","51.12","CALGARY INTL A","3031092","2025-02-06 05:00","2025","02","06","05:00","","-19.2","","-23.1","","71","","","","23","","15","","24.1","","88.56","","","","-28","","Cloudy"
"-114.01","51.12","CALGARY INTL A","3031092","2025-02-06 06:00","2025","02","06","06:00","","-18.9","","-22.9","","71","","","","23","","13","","24.1","","88.60","","","","-27","","NA"
"-114.01","51.12","CALGARY INTL A","3031092","2025-02-06 07:00","2025","02","06","07:00","","-17.9","","-21.7","","72","","","","20","","9","","24.1","","88.66","","","","-24","","NA"
"-114.01","51.12","CALGARY INTL A","3031092","2025-02-06 08:00","2025","02","06","08:00","","-17.7","","-22.4","","67","","","","20","","7","","48.3","","88.71","","","","-23","","Mostly Cloudy"
"-114.01","51.12","CALGARY INTL A","3031092","2025-02-06 09:00","2025","02","06","09:00","","-18.2","","-23.4","","64","","","","20","","11","","64.4","","88.78","","","","-25","","NA"
"-114.01","51.12","CALGARY INTL A","3031092","2025-02-06 10:00","2025","02","06","10:00","","-16.1","","-21.4","","64","","","","19","","3","","48.3","","88.87","","","","-18","","NA"
"-114.01","51.12","CALGARY INTL A","3031092","2025-02-06 11:00","2025","02","06","11:00","","-10.8","","-16.5","","63","","","","33","","30","","48.3","","88.90","","","","-21","","Mostly Cloudy"
"-114.01","51.12","CALGARY INTL A","3031092","2025-02-06 12:00","2025","02","06","12:00","","-9.9","","-15.7","","63","","","","33","","27","","32.2","","88.94","","","","-19","","NA"
"-114.01","51.12","CALGARY INTL A","3031092","2025-02-06 13:00","2025","02","06","13:00","","-9.8","","-15.4","","64","","","","34","","21","","32.2","","88.96","","","","-18","","NA"
"-114.01","51.12","CALGARY INTL A","3031092","2025-02-06 14:00","2025","02","06","14:00","","-9.2","","-14.8","","64","","","","34","","19","","24.1","","88.95","","","","-17","","Mostly Cloudy"
"-114.01","51.12","CALGARY INTL A","3031092","2025-02-06 15:00","2025","02","06","15:00","","-9.6","","-14.5","","68","","","","36","","17","","24.1","","88.97","","","","-17","","NA"
"-114.01","51.12","CALGARY INTL A","3031092","2025-02-06 16:00","2025","02","06","16:00","","-10.4","","-15.4","","67","","","","36","","8","","24.1","","88.98","","","","-15","","NA"
"-114.01","51.12","CALGARY INTL A","3031092","2025-02-06 17:00","2025","02","06","17:00","","-11.7","","-16.1","","70","","","","33","","5","","24.1","","89.02","","","","-15","","Mostly Cloudy"
"-114.01","51.12","CALGARY INTL A","3031092","2025-02-06 18:00","2025","02","06","18:00","","-11.8","","-15.7","","73","","","","29","","4","","24.1","","89.07","","","","-14","","NA"
"-114.01","51.12","CALGARY INTL A","3031092","2025-02-06 19:00","2025","02","06","19:00","","-12.7","","-16.3","","75","","","","26","","3","","24.1","","89.09","","","","-15","","NA"
"-114.01","51.12","CALGARY INTL A","3031092","2025-02-06 20:00","2025","02","06","20:00","","-13.5","","-16.1","","81","","","","19","","5","","24.1","","89.11","","","","-17","","Mostly Cloudy"
"-114.01","51.12","CALGARY INTL A","3031092","2025-02-06 21:00","2025","02","06","21:00","","-16.1","","-19.4","","76","","","","22","","4","","24.1","","89.14","","","","-19","","NA"
"-114.01","51.12","CALGARY INTL A","3031092","2025-02-06 22:00","2025","02","06","22:00","","-17.8","","-20.1","","82","","","","3","","4","","24.1","","89.16","","","","-21","","NA"
"-114.01","51.12","CALGARY INTL A","3031092","2025-02-06 23:00","2025","02","06","23:00","","-16.7","","-19.1","","82","","","","31","","6","","24.1","","89.16","","","","-21","","Mostly Cloudy"
"-114.01","51.12","CALGARY INTL A","3031092","2025-02-07 00:00","2025","02","07","00:00","","-17.8","","-20.4","","80","","","","34","","5","","24.1","","89.14","","","","-22","","NA"
"-114.01","51.12","CALGARY INTL A","3031092","2025-02-07 01:00","2025","02","07","01:00","","-18.5","","-21.0","","81","","","","","","0","","24.1","","89.12","","","","","","NA"
"-114.01","51.12","CALGARY INTL A","3031092","2025-02-07 02:00","2025","02","07","02:00","","-20.0","","-22.7","","79","","","","2","","7","","24.1","","89.09","","","","-26","","Mainly Clear"
"-114.01","51.12","CALGARY INTL A","3031092","2025-02-07 03:00","2025","02","07","03:00","","-20.3","","-23.1","","79","","","","","","0","","24.1","","89.11","","","","","","NA"
"-114.01","51.12","CALGARY INTL A","3031092","2025-02-07 04:00","2025","02","07","04:00","","-21.0","","-23.9","","78","","","","","","0","","24.1","","89.09","","","","","","Ice Crystals"
"-114.01","51.12","CALGARY INTL A","3031092","2025-02-07 05:00","2025","02","07","05:00","","-22.0","","-25.0","","77","","","","3","","5","","24.1","","89.06","","","","-27","","Clear"
"-114.01","51.12","CALGARY INTL A","3031092","2025-02-07 06:00","2025","02","07","06:00","","-21.0","","-23.8","","79","","","","31","","5","","24.1","","89.04","","","","-25","","NA"
"-114.01","51.12","CALGARY INTL A","3031092","2025-02-07 07:00","2025","02","07","07:00","","-20.9","","-23.9","","78","","","","","","0","","24.1","","89.03","","","","","","NA"
"-114.01","51.12","CALGARY INTL A","3031092","2025-02-07 08:00","2025","02","07","08:00","","-21.8","","-24.7","","78","","","","32","","4","","32.2","","89.06","","","","-25","","Clear"
"-114.01","51.12","CALGARY INTL A","3031092","2025-02-07 09:00","2025","02","07","09:00","","-21.0","","-23.7","","79","","","","19","","4","","64.4","","89.08","","","","-25","","NA"
"-114.01","51.12","CALGARY INTL A","3031092","2025-02-07 10:00","2025","02","07","10:00","","-16.3","","-18.6","","82","","","","19","","4","","64.4","","89.11","","","","-19","","NA"
"-114.01","51.12","CALGARY INTL A","3031092","2025-02-07 11:00","2025","02","07","11:00","","-13.9","","-16.0","","84","","","","18","","17","","48.3","","89.13","","","","-22","","Mainly Clear"
"-114.01","51.12","CALGARY INTL A","3031092","2025-02-07 12:00","2025","02","07","12:00","","-13.1","","-15.5","","82","","","","18","","20","","32.2","","89.13","","","","-22","","NA"
"-114.01","51.12","CALGARY INTL A","3031092","2025-02-07 13:00","2025","02","07","13:00","","-12.7","","-16.5","","73","","","","16","","26","","32.2","","89.08","","","","-22","","NA"
"-114.01","51.12","CALGARY INTL A","3031092","2025-02-07 14:00","2025","02","07","14:00","","-12.7","","-16.9","","71","","","","18","","26","","24.1","","89.06","","","","-22","","Mostly Cloudy"
"-114.01","51.12","CALGARY INTL A","3031092","2025-02-07 15:00","2025","02","07","15:00","","-13.0","","-17.1","","71","","","","17","","30","","24.1","","89.03","","","","-23","","NA"
"-114.01","51.12","CALGARY INTL A","3031092","2025-02-07 16:00","2025","02","07","16:00","","-13.7","","-17.0","","76","","","","17","","24","","14.5","","89.01","","","","-23","","Ice Crystals"
"-114.01","51.12","CALGARY INTL A","3031092","2025-02-07 17:00","2025","02","07","17:00","","-14.0","","-17.2","","77","","","","18","","25","","14.5","","88.99","","","","-24","","Mostly Cloudy"
"-114.01","51.12","CALGARY INTL A","3031092","2025-02-07 18:00","2025","02","07","18:00","","-14.9","","-17.8","","79","","","","17","","22","","24.1","","88.95","","","","-24","","NA"
"-114.01","51.12","CALGARY INTL A","3031092","2025-02-07 19:00","2025","02","07","19:00","","-15.6","","-18.3","","80","","","","17","","17","","24.1","","88.93","","","","-24","","NA"
"-114.01","51.12","CALGARY INTL A","3031092","2025-02-07 20:00","2025","02","07","20:00","","-16.3","","-18.9","","80","","","","17","","17","","24.1","","88.87","","","","-25","","Mostly Cloudy"
"-114.01","51.12","CALGARY INTL A","3031092","2025-02-07 21:00","2025","02","07","21:00","","-15.8","","-18.6","","79","","","","19","","18","","24.1","","88.85","","","","-25","","NA"
"-114.01","51.12","CALGARY INTL A","3031092","2025-02-07 22:00","2025","02","07","22:00","","-16.1","","-18.7","","80","","","","18","","10","","24.1","","88.82","","","","-23","","NA"
"-114.01","51.12","CALGARY INTL A","3031092","2025-02-07 23:00","2025","02","07","23:00","","-16.1","","-18.7","","81","","","","20","","8","","24.1","","88.81","","","","-22","","Cloudy"
"-114.01","51.12","CALGARY INTL A","3031092","2025-02-08 00:00","2025","02","08","00:00","","-15.7","","-18.1","","82","","","","16","","5","","24.1","","88.79","","","","-19","","NA"
"-114.01","51.12","CALGARY INTL A","3031092","2025-02-08 01:00","2025","02","08","01:00","","-16.0","","-18.5","","81","","","","34","","9","","16.1","","88.80","","","","-22","","NA"
"-114.01","51.12","CALGARY INTL A","3031092","2025-02-08 02:00","2025","02","08","02:00","","-15.7","","-18.9","","77","","","","35","","9","","16.1","","88.81","","","","-22","","Mostly Cloudy"
"-114.01","51.12","CALGARY INTL A","3031092","2025-02-08 03:00","2025","02","08","03:00","","-15.1","","-18.1","","78","","","","34","","15","","16.1","","88.84","","","","-23","","NA"
"-114.01","51.12","CALGARY INTL A","3031092","2025-02-08 04:00","2025","02","08","04:00","","-15.0","","-18.1","","78","","","","34","","14","","16.1","","88.84","","","","-23","","NA"
"-114.01","51.12","CALGARY INTL A","3031092","2025-02-08 05:00","2025","02","08","05:00","","-14.9","","-18.0","","77","","","","36","","10","","16.1","","88.88","","","","-21","","Cloudy"
"-114.01","51.12","CALGARY INTL A","3031092","2025-02-08 06:00","2025","02","08","06:00","","-15.1","","-18.1","","78","","","","8","","4","","16.1","","88.92","","","","-18","","NA"
"-114.01","51.12","CALGARY INTL A","3031092","2025-02-08 07:00","2025","02","08","07:00","","-15.3","","-18.7","","75","","","","34","","7","","16.1","","88.95","","","","-20","","NA"
"-114.01","51.12","CALGARY INTL A","3031092","2025-02-08 08:00","2025","02","08","08:00","","-16.0","","-19.8","","73","","","","1","","9","","64.4","","88.99","","","","-22","","Mostly Cloudy"
"-114.01","51.12","CALGARY INTL A","3031092","2025-02-08 09:00","2025","02","08","09:00","","-14.9","","-18.9","","72","","","","","","0","","64.4","","89.03","","","","","","NA"
"-114.01","51.12","CALGARY INTL A","3031092","2025-02-08 10:00","2025","02","08","10:00","","-13.0","","-17.6","","68","","","","","","0","","64.4","","89.09","","","","","","NA"
"-114.01","51.12","CALGARY INTL A","3031092","2025-02-08 11:00","2025","02","08","11:00","","-11.8","","-17.0","","66","","","","4","","6","","56.3","","89.12","","","","-16","","Mainly Clear"
"-114.01","51.12","CALGARY INTL A","3031092","2025-02-08 12:00","2025","02","08","12:00","","-9.5","","-15.0","","65","","","","35","","25","","32.2","","89.15","","","","-18","","NA"
"-114.01","51.12","CALGARY INTL A","3031092","2025-02-08 13:00","2025","02","08","13:00","","-9.1","","-14.6","","65","","","","1","","14","","24.1","","89.14","","","","-15","","NA"
"-114.01","51.12","CALGARY INTL A","3031092","2025-02-08 14:00","2025","02","08","14:00","","-8.7","","-14.8","","62","","","","2","","17","","24.1","","89.14","","","","-16","","Mostly Cloudy"
"-114.01","51.12","CALGARY INTL A","3031092","2025-02-08 15:00","2025","02","08","15:00","","-8.6","","-14.8","","61","","","","1","","18","","24.1","","89.16","","","","-16","","NA"
"-114.01","51.12","CALGARY INTL A","3031092","2025-02-08 16:00","2025","02","08","16:00","","-9.2","","-14.6","","65","","","","2","","18","","24.1","","89.22","","","","-16","","NA"
"-114.01","51.12","CALGARY INTL A","3031092","2025-02-08 17:00","2025","02","08","17:00","","-11.1","","-15.2","","72","","","","6","","8","","24.1","","89.30","","","","-16","","Mostly Cloudy"
"-114.01","51.12","CALGARY INTL A","3031092","2025-02-08 18:00","2025","02","08","18:00","","-12.2","","-15.7","","76","","","","6","","5","","24.1","","89.37","","","","-15","","NA"
"-114.01","51.12","CALGARY INTL A","3031092","2025-02-08 19:00","2025","02","08","19:00","","-12.3","","-15.1","","80","","","","22","","5","","24.1","","89.43","","","","-16","","NA"
"-114.01","51.12","CALGARY INTL A","3031092","2025-02-08 20:00","2025","02","08","20:00","","-11.4","","-15.1","","74","","","","24","","3","","16.1","","89.45","","","","-13","","Mostly Cloudy"
"-114.01","51.12","CALGARY INTL A","3031092","2025-02-08 21:00","2025","02","08","21:00","","-13.4","","-16.6","","77","","","","","","0","","9.7","","89.49","","","","","","Snow"
"-114.01","51.12","CALGARY INTL A","3031092","2025-02-08 22:00","2025","02","08","22:00","","-12.0","","-15.3","","76","","","","28","","5","","12.9","","89.51","","","","-15","","NA"
"-114.01","51.12","CALGARY INTL A","3031092","2025-02-08 23:00","2025","02","08","23:00","","-14.4","","-16.8","","82","","","","34","","4","","12.9","","89.55","","","","-17","","Mostly Cloudy"
"-114.01","51.12","CALGARY INTL A","3031092","2025-02-09 00:00","2025","02","09","00:00","","-13.0","","-16.0","","79","","","","","","0","","12.9","","89.56","","","","","","Snow"
"-114.01","51.12","CALGARY INTL A","3031092","2025-02-09 01:00","2025","02","09","01:00","","-12.1","","-15.6","","75","","","","24","","7","","12.9","","89.57","","","","-16","","Snow"
"-114.01","51.12","CALGARY INTL A","3031092","2025-02-09 02:00","2025","02","09","02:00","","-12.2","","-15.4","","78","","","","33","","6","","9.7","","89.60","","","","-16","","Snow,Fog"
"-114.01","51.12","CALGARY INTL A","3031092","2025-02-09 03:00","2025","02","09","03:00","","-11.4","","-14.8","","76","","","","33","","11","","12.9","","89.65","","","","-17","","Snow"
"-114.01","51.12","CALGARY INTL A","3031092","2025-02-09 04:00","2025","02","09","04:00","","-11.5","","-15.7","","72","","","","36","","19","","12.9","","89.69","","","","-20","","Snow"
"-114.01","51.12","CALGARY INTL A","3031092","2025-02-09 05:00","2025","02","09","05:00","","-12.0","","-15.3","","77","","","","36","","20","","4.0","","89.74","","","","-20","","Snow"
"-114.01","51.12","CALGARY INTL A","3031092","2025-02-09 06:00","2025","02","09","06:00","","-13.1","","-15.8","","80","","","","2","","19","","8.1","","89.80","","","","-22","","Snow,Fog"
"-114.01","51.12","CALGARY INTL A","3031092","2025-02-09 07:00","2025","02","09","07:00","","-15.7","","-18.7","","78","","","","3","","20","","4.8","","89.89","","","","-25","","Snow,Fog"
"-114.01","51.12","CALGARY INTL A","3031092","2025-02-09 08:00","2025","02","09","08:00","","-16.5","","-19.7","","77","","","","3","","23","","4.8","","89.91","","","","-27","","Snow,Fog"
"-114.01","51.12","CALGARY INTL A","3031092","2025-02-09 09:00","2025","02","09","09:00","","-16.7","","-20.2","","75","","","","2","","22","","6.4","","89.95","","","","-27","","Snow,Fog"
"-114.01","51.12","CALGARY INTL A","3031092","2025-02-09 10:00","2025","02","09","10:00","","-16.7","","-20.6","","72","","","","1","","19","","4.0","","90.00","","","","-26","","Snow"
"-114.01","51.12","CALGARY INTL A","3031092","2025-02-09 11:00","2025","02","09","11:00","","-16.6","","-20.9","","70","","","","1","","14","","4.8","","89.99","","","","-25","","Snow"
"-114.01","51.12","CALGARY INTL A","3031092","2025-02-09 12:00","2025","02","09","12:00","","-16.2","","-20.4","","70","","","","4","","5","","6.4","","89.99","","","","-20","","Snow"
"-114.01","51.12","CALGARY INTL A","3031092","2025-02-09 13:00","2025","02","09","13:00","","-15.2","","-20.2","","66","","","","","","0","","12.9","","89.91","","","","","","Snow"
"-114.01","51.12","CALGARY INTL A","3031092","2025-02-09 14:00","2025","02","09","14:00","","-14.4","","-19.7","","65","","","","16","","5","","19.3","","89.84","","","","-18","","Snow"
"-114.01","51.12","CALGARY INTL A","3031092","2025-02-09 15:00","2025","02","09","15:00","","-14.6","","-19.1","","69","","","","18","","20","","24.1","","89.81","","","","-24","","NA"
"-114.01","51.12","CALGARY INTL A","3031092","2025-02-09 16:00","2025","02","09","16:00","","-13.9","","-19.2","","65","","","","19","","15","","24.1","","89.81","","","","-22","","NA"
"-114.01","51.12","CALGARY INTL A","3031092","2025-02-09 17:00","2025","02","09","17:00","","-13.6","","-20.5","","56","","","","25","","14","","24.1","","89.85","","","","-21","","Snow"
"-114.01","51.12","CALGARY INTL A","3031092","2025-02-09 18:00","2025","02","09","18:00","","-14.2","","-20.6","","59","","","","23","","17","","24.1","","89.88","","","","-22","","Snow"
"-114.01","51.12","CALGARY INTL A","3031092","2025-02-09 19:00","2025","02","09","19:00","","-14.6","","-19.9","","65","","","","23","","16","","19.3","","89.92","","","","-23","","Snow"
"-114.01","51.12","CALGARY INTL A","3031092","2025-02-09 20:00","2025","02","09","20:00","","-14.9","","-19.5","","69","","","","26","","8","","9.7","","89.96","","","","-20","","Snow,Fog"
"-114.01","51.12","CALGARY INTL A","3031092","2025-02-09 21:00","2025","02","09","21:00","","-15.4","","-19.4","","72","","","","28","","14","","9.7","","90.01","","","","-23","","Snow,Fog"
"-114.01","51.12","CALGARY INTL A","3031092","2025-02-09 22:00","2025","02","09","22:00","","-19.7","","-23.4","","73","","","","6","","37","","4.0","","90.16","","","","-33","","Snow,Fog"
"-114.01","51.12","CALGARY INTL A","3031092","2025-02-09 23:00","2025","02","09","23:00","","-21.6","","-25.2","","73","","","","4","","20","","2.0","","90.28","","","","-32","","Snow,Fog,Blowing Snow,Drifting Snow"
"-114.01","51.12","CALGARY INTL A","3031092","2025-02-10 00:00","2025","02","10","00:00","","-22.3","","-26.5","","69","","","","3","","26","","12.9","","90.38","","","","-35","","NA"
"-114.01","51.12","CALGARY INTL A","3031092","2025-02-10 01:00","2025","02","10","01:00","","-23.3","","-27.3","","70","","","","2","","16","","16.1","","90.49","","","","-33","","NA"
"-114.01","51.12","CALGARY INTL A","3031092","2025-02-10 02:00","2025","02","10","02:00","","-24.0","","-27.6","","73","","","","36","","10","","16.1","","90.51","","","","-32","","Clear"
"-114.01","51.12","CALGARY INTL A","3031092","2025-02-10 03:00","2025","02","10","03:00","","-24.6","","-27.8","","76","","","","31","","5","","24.1","","90.57","","","","-29","","NA"
"-114.01","51.12","CALGARY INTL A","3031092","2025-02-10 04:00","2025","02","10","04:00","","-24.3","","-27.8","","73","","","","31","","7","","24.1","","90.56","","","","-31","","NA"
"-114.01","51.12","CALGARY INTL A","3031092","2025-02-10 05:00","2025","02","10","05:00","","-24.7","","-28.0","","75","","","","32","","6","","24.1","","90.56","","","","-30","","Mainly Clear"
"-114.01","51.12","CALGARY INTL A","3031092","2025-02-10 06:00","2025","02","10","06:00","","-25.7","","-28.7","","76","","","","29","","3","","16.1","","90.57","","","","-29","","NA"
"-114.01","51.12","CALGARY INTL A","3031092","2025-02-10 07:00","2025","02","10","07:00","","-24.1","","-27.7","","73","","","","23","","9","","19.3","","90.55","","","","-32","","NA"
"-114.01","51.12","CALGARY INTL A","3031092","2025-02-10 08:00","2025","02","10","08:00","","-24.3","","-27.9","","72","","","","23","","11","","64.4","","90.53","","","","-33","","Mostly Cloudy"
"-114.01","51.12","CALGARY INTL A","3031092","2025-02-10 09:00","2025","02","10","09:00","","-24.2","","-28.1","","71","","","","20","","8","","64.4","","90.52","","","","-31","","NA"
"-114.01","51.12","CALGARY INTL A","3031092","2025-02-10 10:00","2025","02","10","10:00","","-21.9","","-26.5","","66","","","","22","","10","","64.4","","90.47","","","","-29","","NA"
"-114.01","51.12","CALGARY INTL A","3031092","2025-02-10 11:00","2025","02","10","11:00","","-20.5","","-26.4","","60","","","","22","","15","","64.4","","90.44","","","","-30","","Clear"
"-114.01","51.12","CALGARY INTL A","3031092","2025-02-10 12:00","2025","02","10","12:00","","-18.6","","-25.0","","58","","","","23","","12","","64.4","","90.38","","","","-26","","NA"
"-114.01","51.12","CALGARY INTL A","3031092","2025-02-10 13:00","2025","02","10","13:00","","-16.7","","-23.8","","55","","","","23","","11","","64.4","","90.26","","","","-24","","NA"
"-114.01","51.12","CALGARY INTL A","3031092","2025-02-10 14:00","2025","02","10","14:00","","-15.3","","-23.7","","49","","","","","","0","","64.4","","90.16","","","","","","Clear"
"-114.01","51.12","CALGARY INTL A","3031092","2025-02-10 15:00","2025","02","10","15:00","","-14.7","","-23.6","","47","","","","","","0","","64.4","","90.07","","","","","","NA"
"-114.01","51.12","CALGARY INTL A","3031092","2025-02-10 16:00","2025","02","10","16:00","","-15.0","","-23.2","","51","","","","12","","6","","64.4","","89.98","","","","-19","","NA"
"-114.01","51.12","CALGARY INTL A","3031092","2025-02-10 17:00","2025","02","10","17:00","","-16.0","","-22.9","","56","","","","17","","14","","64.4","","89.91","","","","-24","","Clear"
"-114.01","51.12","CALGARY INTL A","3031092","2025-02-10 18:00","2025","02","10","18:00","","-17.2","","-23.5","","59","","","","18","","11","","64.4","","89.86","","","","-24","","NA"
"-114.01","51.12","CALGARY INTL A","3031092","2025-02-10 19:00","2025","02","10","19:00","","-18.1","","-23.5","","63","","","","20","","11","","24.1","","89.76","","","","-25","","NA"
"-114.01","51.12","CALGARY INTL A","3031092","2025-02-10 20:00","2025","02","10","20:00","","-18.3","","-23.1","","67","","","","20","","10","","24.1","","89.66","","","","-25","","Clear"
"-114.01","51.12","CALGARY INTL A","3031092","2025-02-10 21:00","2025","02","10","21:00","","-16.9","","-22.6","","61","","","","22","","14","","24.1","","89.57","","","","-25","","NA"
"-114.01","51.12","CALGARY INTL A","3031092","2025-02-10 22:00","2025","02","10","22:00","","-17.7","","-22.8","","65","","","","23","","8","","24.1","","89.49","","","","-24","","NA"
"-114.01","51.12","CALGARY INTL A","3031092","2025-02-10 23:00","2025","02","10","23:00","","-18.4","","-23.6","","64","","","","21","","13","","24.1","","89.43","","","","-26","","Clear"
"-114.01","51.12","CALGARY INTL A","3031092","2025-02-11 00:00","2025","02","11","00:00","","-19.7","","-24.6","","66","","","","20","","10","","24.1","","89.34","","","","-27","","NA"
"-114.01","51.12","CALGARY INTL A","3031092","2025-02-11 01:00","2025","02","11","01:00","","-17.7","","-23.9","","59","","","","22","","11","","24.1","","89.27","","","","-25","","NA"
"-114.01","51.12","CALGARY INTL A","3031092","2025-02-11 02:00","2025","02","11","02:00","","-15.5","","-23.1","","53","","","","25","","5","","24.1","","89.20","","","","-19","","Cloudy"
"-114.01","51.12","CALGARY INTL A","3031092","2025-02-11 03:00","2025","02","11","03:00","","-18.5","","-24.1","","62","","","","19","","5","","24.1","","89.16","","","","-23","","NA"
"-114.01","51.12","CALGARY INTL A","3031092","2025-02-11 04:00","2025","02","11","04:00","","-16.8","","-23.0","","59","","","","20","","4","","24.1","","89.12","","","","-20","","NA"
"-114.01","51.12","CALGARY INTL A","3031092","2025-02-11 05:00","2025","02","11","05:00","","-14.7","","-20.8","","60","","","","35","","11","","24.1","","89.10","","","","-21","","Mostly Cloudy"
"-114.01","51.12","CALGARY INTL A","3031092","2025-02-11 06:00","2025","02","11","06:00","","-12.6","","-18.9","","60","","","","31","","12","","24.1","","89.09","","","","-19","","NA"
"-114.01","51.12","CALGARY INTL A","3031092","2025-02-11 07:00","2025","02","11","07:00","","-12.9","","-17.4","","69","","","","31","","16","","24.1","","89.04","","","","-21","","NA"
"-114.01","51.12","CALGARY INTL A","3031092","2025-02-11 08:00","2025","02","11","08:00","","-13.4","","-16.9","","75","","","","32","","5","","6.4","","89.03","","","","-17","","Snow"
"-114.01","51.12","CALGARY INTL A","3031092","2025-02-11 09:00","2025","02","11","09:00","","-13.6","","-16.1","","82","","","","35","","4","","1.6","","89.08","","","","-16","","Snow"
"-114.01","51.12","CALGARY INTL A","3031092","2025-02-11 10:00","2025","02","11","10:00","","-12.5","","-16.7","","71","","","","35","","25","","9.7","","89.10","","","","-22","","NA"
"-114.01","51.12","CALGARY INTL A","3031092","2025-02-11 11:00","2025","02","11","11:00","","-12.5","","-16.6","","72","","","","36","","32","","9.7","","89.14","","","","-23","","Mostly Cloudy"
"-114.01","51.12","CALGARY INTL A","3031092","2025-02-11 12:00","2025","02","11","12:00","","-13.1","","-16.8","","74","","","","2","","21","","9.7","","89.18","","","","-22","","Fog"
"-114.01","51.12","CALGARY INTL A","3031092","2025-02-11 13:00","2025","02","11","13:00","","-12.8","","-17.5","","68","","","","1","","22","","14.5","","89.19","","","","-22","","NA"
"-114.01","51.12","CALGARY INTL A","3031092","2025-02-11 14:00","2025","02","11","14:00","","-13.3","","-17.9","","69","","","","2","","28","","16.1","","89.18","","","","-24","","Mainly Clear"
"-114.01","51.12","CALGARY INTL A","3031092","2025-02-11 15:00","2025","02","11","15:00","","-14.1","","-18.4","","70","","","","4","","18","","24.1","","89.17","","","","-23","","NA"
"-114.01","51.12","CALGARY INTL A","3031092","2025-02-11 16:00","2025","02","11","16:00","","-15.2","","-19.1","","72","","","","6","","11","","14.5","","89.19","","","","-22","","NA"
"-114.01","51.12","CALGARY INTL A","3031092","2025-02-11 17:00","2025","02","11","17:00","","-16.9","","-20.4","","74","","","","7","","10","","14.5","","89.24","","","","-24","","Mostly Cloudy"
"-114.01","51.12","CALGARY INTL A","3031092","2025-02-11 18:00","2025","02","11","18:00","","-18.4","","-21.7","","76","","","","8","","9","","14.5","","89.24","","","","-25","","NA"
"-114.01","51.12","CALGARY INTL A","3031092","2025-02-11 19:00","2025","02","11","19:00","","-18.4","","-21.3","","78","","","","10","","5","","24.1","","89.25","","","","-22","","NA"
"-114.01","51.12","CALGARY INTL A","3031092","2025-02-11 20:00","2025","02","11","20:00","","-17.1","","-20.4","","76","","","","17","","3","","24.1","","89.22","","","","-19","","Mostly Cloudy"
"-114.01","51.12","CALGARY INTL A","3031092","2025-02-11 21:00","2025","02","11","21:00","","-17.2","","-20.3","","77","","","","17","","9","","24.1","","89.20","","","","-23","","NA"
"-114.01","51.12","CALGARY INTL A","3031092","2025-02-11 22:00","2025","02","11","22:00","","-17.1","","-20.0","","78","","","","18","","11","","24.1","","89.13","","","","-24","","NA"
"-114.01","51.12","CALGARY INTL A","3031092","2025-02-11 23:00","2025","02","11","23:00","","-16.8","","-19.7","","78","","","","18","","12","","14.5","","89.08","","","","-24","","Ice Crystals"
"-114.01","51.12","CALGARY INTL A","3031092","2025-02-12 00:00","2025","02","12","00:00","","-16.9","","-19.9","","77","","","","19","","11","","14.5","","89.03","","","","-24","","Ice Crystals"
"-114.01","51.12","CALGARY INTL A","3031092","2025-02-12 01:00","2025","02","12","01:00","","-17.3","","-20.0","","79","","","","19","","12","","14.5","","88.96","","","","-25","","Ice Crystals"
"-114.01","51.12","CALGARY INTL A","3031092","2025-02-12 02:00","2025","02","12","02:00","","-16.9","","-19.8","","78","","","","23","","8","","19.3","","88.90","","","","-23","","Ice Crystals"
"-114.01","51.12","CALGARY INTL A","3031092","2025-02-12 03:00","2025","02","12","03:00","","-17.7","","-21.5","","72","","","","23","","17","","19.3","","88.84","","","","-27","","Ice Crystals"
"-114.01","51.12","CALGARY INTL A","3031092","2025-02-12 04:00","2025","02","12","04:00","","-18.1","","-21.4","","75","","","","23","","10","","24.1","","88.74","","","","-25","","NA"
"-114.01","51.12","CALGARY INTL A","3031092","2025-02-12 05:00","2025","02","12","05:00","","-18.0","","-21.8","","72","","","","23","","12","","24.1","","88.66","","","","-26","","Mostly Cloudy"
"-114.01","51.12","CALGARY INTL A","3031092","2025-02-12 06:00","2025","02","12","06:00","","-18.0","","-22.1","","71","","","","23","","9","","24.1","","88.57","","","","-24","","NA"
"-114.01","51.12","CALGARY INTL A","3031092","2025-02-12 07:00","2025","02","12","07:00","","-18.3","","-22.4","","71","","","","22","","14","","24.1","","88.53","","","","-27","","NA"
"-114.01","51.12","CALGARY INTL A","3031092","2025-02-12 08:00","2025","02","12","08:00","","-18.5","","-23.0","","68","","","","23","","12","","64.4","","88.47","","","","-26","","Mostly Cloudy"
"-114.01","51.12","CALGARY INTL A","3031092","2025-02-12 09:00","2025","02","12","09:00","","-16.6","","-21.8","","65","","","","21","","7","","64.4","","88.37","","","","-22","","NA"
"-114.01","51.12","CALGARY INTL A","3031092","2025-02-12 10:00","2025","02","12","10:00","","-15.0","","-22.2","","55","","","","23","","11","","64.4","","88.32","","","","-22","","NA"
"-114.01","51.12","CALGARY INTL A","3031092","2025-02-12 11:00","2025","02","12","11:00","","-13.2","","-20.1","","57","","","","19","","7","","64.4","","88.26","","","","-18","","Cloudy"
"-114.01","51.12","CALGARY INTL A","3031092","2025-02-12 12:00","2025","02","12","12:00","","-11.3","","-20.9","","45","","","","22","","7","","64.4","","88.15","","","","-16","","NA"
"-114.01","51.12","CALGARY INTL A","3031092","2025-02-12 13:00","2025","02","12","13:00","","-11.0","","-20.6","","46","","","","24","","10","","64.4","","88.05","","","","-16","","NA"
"-114.01","51.12","CALGARY INTL A","3031092","2025-02-12 14:00","2025","02","12","14:00","","-8.9","","-19.8","","42","","","","25","","8","","64.4","","87.97","","","","-13","","Mostly Cloudy"
"-114.01","51.12","CALGARY INTL A","3031092","2025-02-12 15:00","2025","02","12","15:00","","-7.6","","-18.9","","40","","","","20","","12","","64.4","","87.92","","","","-13","","NA"
"-114.01","51.12","CALGARY INTL A","3031092","2025-02-12 16:00","2025","02","12","16:00","","-7.3","","-18.4","","41","","","","20","","3","","48.3","","87.89","","","","-9","","NA"
"-114.01","51.12","CALGARY INTL A","3031092","2025-02-12 17:00","2025","02","12","17:00","","-8.3","","-18.2","","45","","","","19","","9","","48.3","","87.87","","","","-13","","Cloudy"
"-114.01","51.12","CALGARY INTL A","3031092","2025-02-12 18:00","2025","02","12","18:00","","-8.7","","-18.8","","44","","","","17","","9","","24.1","","87.87","","","","-13","","NA"
"-114.01","51.12","CALGARY INTL A","3031092","2025-02-12 19:00","2025","02","12","19:00","","-9.4","","-18.2","","49","","","","19","","9","","24.1","","87.83","","","","-14","","NA"
"-114.01","51.12","CALGARY INTL A","3031092","2025-02-12 20:00","2025","02","12","20:00","","-9.6","","-16.8","","56","","","","19","","5","","24.1","","87.81","","","","-12","","Mostly Cloudy"
"-114.01","51.12","CALGARY INTL A","3031092","2025-02-12 21:00","2025","02","12","21:00","","-9.1","","-16.3","","56","","","","25","","4","","24.1","","87.82","","","","-11","","NA"
"-114.01","51.12","CALGARY INTL A","3031092","2025-02-12 22:00","2025","02","12","22:00","","-11.2","","-16.2","","67","","","","6","","8","","24.1","","87.87","","","","-16","","NA"
"-114.01","51.12","CALGARY INTL A","3031092","2025-02-12 23:00","2025","02","12","23:00","","-12.6","","-17.1","","70","","","","1","","8","","24.1","","87.92","","","","-18","","Mostly Cloudy"
"-114.01","51.12","CALGARY INTL A","3031092","2025-02-13 00:00","2025","02","13","00:00","","-12.9","","-17.9","","66","","","","2","","16","","24.1","","87.98","","","","-21","","NA"
"-114.01","51.12","CALGARY INTL A","3031092","2025-02-13 01:00","2025","02","13","01:00","","-12.1","","-16.2","","72","","","","36","","9","","24.1","","88.03","","","","-17","","NA"
"-114.01","51.12","CALGARY INTL A","3031092","2025-02-13 02:00","2025","02","13","02:00","","-12.0","","-16.1","","72","","","","34","","8","","24.1","","88.05","","","","-17","","Mostly Cloudy"
"-114.01","51.12","CALGARY INTL A","3031092","2025-02-13 03:00","2025","02","13","03:00","","-12.6","","-16.1","","75","","","","32","","4","","24.1","","88.08","","","","-15","","NA"
"-114.01","51.12","CALGARY INTL A","3031092","2025-02-13 04:00","2025","02","13","04:00","","-16.5","","-19.3","","80","","","","3","","8","","24.1","","88.10","","","","-22","","NA"
"-114.01","51.12","CALGARY INTL A","3031092","2025-02-13 05:00","2025","02","13","05:00","","-13.7","","-16.0","","83","","","","31","","6","","24.1","","88.11","","","","-18","","Mostly Cloudy"
"-114.01","51.12","CALGARY INTL A","3031092","2025-02-13 06:00","2025","02","13","06:00","","-14.0","","-16.6","","81","","","","36","","6","","24.1","","88.16","","","","-18","","NA"
"-114.01","51.12","CALGARY INTL A","3031092","2025-02-13 07:00","2025","02","13","07:00","","-16.6","","-18.5","","86","","","","8","","15","","1.2","","88.19","","","","-25","","Fog"
"-114.01","51.12","CALGARY INTL A","3031092","2025-02-13 08:00","2025","02","13","08:00","","-15.1","","-17.2","","84","","","","9","","7","","2.0","","88.22","","","","-20","","Fog"
"-114.01","51.12","CALGARY INTL A","3031092","2025-02-13 09:00","2025","02","13","09:00","","-14.6","","-16.7","","84","","","","13","","4","","0.2","","88.25","","","","-17","","Snow,Freezing Fog"
"-114.01","51.12","CALGARY INTL A","3031092","2025-02-13 10:00","2025","02","13","10:00","","-14.1","","-16.1","","85","","","","10","","4","","0.4","","88.25","","","","-17","","Snow,Freezing Fog"
"-114.01","51.12","CALGARY INTL A","3031092","2025-02-13 11:00","2025","02","13","11:00","","-13.6","","-15.6","","85","","","","8","","5","","0.4","","88.24","","","","-17","","Snow,Freezing Fog"
"-114.01","51.12","CALGARY INTL A","3031092","2025-02-13 12:00","2025","02","13","12:00","","-13.0","","-14.8","","86","","","","15","","11","","2.0","","88.25","","","","-19","","Snow,Fog"
"-114.01","51.12","CALGARY INTL A","3031092","2025-02-13 13:00","2025","02","13","13:00","","-12.9","","-14.8","","86","","","","15","","9","","1.6","","88.19","","","","-18","","Snow,Fog"
"-114.01","51.12","CALGARY INTL A","3031092","2025-02-13 14:00","2025","02","13","14:00","","-12.9","","-14.8","","86","","","","15","","13","","2.4","","88.22","","","","-20","","Snow,Fog"
"-114.01","51.12","CALGARY INTL A","3031092","2025-02-13 15:00","2025","02","13","15:00","","-13.1","","-15.0","","86","","","","12","","16","","2.4","","88.24","","","","-21","","Snow,Fog"
"-114.01","51.12","CALGARY INTL A","3031092","2025-02-13 16:00","2025","02","13","16:00","","-13.4","","-15.3","","86","","","","14","","14","","2.4","","88.26","","","","-21","","Snow,Fog"
"-114.01","51.12","CALGARY INTL A","3031092","2025-02-13 17:00","2025","02","13","17:00","","-13.6","","-15.6","","85","","","","10","","10","","2.4","","88.28","","","","-20","","Snow,Fog"
"-114.01","51.12","CALGARY INTL A","3031092","2025-02-13 18:00","2025","02","13","18:00","","-14.2","","-16.2","","85","","","","11","","20","","4.0","","88.31","","","","-23","","Fog"
"-114.01","51.12","CALGARY INTL A","3031092","2025-02-13 19:00","2025","02","13","19:00","","-14.8","","-16.9","","84","","","","11","","18","","3.6","","88.36","","","","-23","","Fog"
"-114.01","51.12","CALGARY INTL A","3031092","2025-02-13 20:00","2025","02","13","20:00","","-15.9","","-18.1","","83","","","","11","","21","","4.8","","88.38","","","","-26","","Snow,Fog"
"-114.01","51.12","CALGARY INTL A","3031092","2025-02-13 21:00","2025","02","13","21:00","","-16.0","","-18.2","","83","","","","14","","10","","3.6","","88.45","","","","-22","","Snow,Fog"
"-114.01","51.12","CALGARY INTL A","3031092","2025-02-13 22:00","2025","02","13","22:00","","-16.6","","-18.9","","83","","","","16","","13","","4.0","","88.48","","","","-24","","Snow,Fog"
"-114.01","51.12","CALGARY INTL A","3031092","2025-02-13 23:00","2025","02","13","23:00","","-17.7","","-20.2","","82","","","","14","","15","","8.1","","88.53","","","","-26","","Snow,Fog"
"-114.01","51.12","CALGARY INTL A","3031092","2025-02-14 00:00","2025","02","14","00:00","","-18.3","","-20.8","","81","","","","11","","10","","9.7","","88.56","","","","-25","","Snow,Fog"
"-114.01","51.12","CALGARY INTL A","3031092","2025-02-14 01:00","2025","02","14","01:00","","-18.6","","-21.1","","81","","","","9","","11","","4.8","","88.56","","","","-26","","Snow,Fog"
"-114.01","51.12","CALGARY INTL A","3031092","2025-02-14 02:00","2025","02","14","02:00","","-18.4","","-20.9","","81","","","","8","","13","","6.4","","88.59","","","","-26","","Snow,Fog"
"-114.01","51.12","CALGARY INTL A","3031092","2025-02-14 03:00","2025","02","14","03:00","","-18.8","","-21.4","","81","","","","6","","14","","6.4","","88.63","","","","-27","","Snow,Fog"
"-114.01","51.12","CALGARY INTL A","3031092","2025-02-14 04:00","2025","02","14","04:00","","-18.9","","-21.5","","81","","","","6","","14","","6.4","","88.71","","","","-27","","Snow,Fog"
"-114.01","51.12","CALGARY INTL A","3031092","2025-02-14 05:00","2025","02","14","05:00","","-18.9","","-21.5","","81","","","","5","","12","","6.4","","88.75","","","","-27","","Snow,Fog"
"-114.01","51.12","CALGARY INTL A","3031092","2025-02-14 06:00","2025","02","14","06:00","","-19.2","","-21.8","","80","","","","6","","15","","9.7","","88.77","","","","-28","","Snow,Fog"
"-114.01","51.12","CALGARY INTL A","3031092","2025-02-14 07:00","2025","02","14","07:00","","-19.6","","-22.2","","80","","","","6","","11","","6.4","","88.85","","","","-27","","Snow,Fog"
"-114.01","51.12","CALGARY INTL A","3031092","2025-02-14 08:00","2025","02","14","08:00","","-19.8","","-22.5","","80","","","","4","","11","","2.4","","88.91","","","","-27","","Snow,Fog"
"-114.01","51.12","CALGARY INTL A","3031092","2025-02-14 09:00","2025","02","14","09:00","","-20.1","","-22.8","","79","","","","3","","18","","0.8","","88.97","","","","-30","","Moderate Snow"
"-114.01","51.12","CALGARY INTL A","3031092","2025-02-14 10:00","2025","02","14","10:00","","-20.1","","-22.9","","79","","","","6","","13","","2.4","","89.04","","","","-29","","Snow"
"-114.01","51.12","CALGARY INTL A","3031092","2025-02-14 11:00","2025","02","14","11:00","","-20.2","","-23.7","","74","","","","5","","13","","3.6","","89.10","","","","-29","","Snow"
"-114.01","51.12","CALGARY INTL A","3031092","2025-02-14 12:00","2025","02","14","12:00","","-19.6","","-23.7","","71","","","","8","","12","","2.4","","89.13","","","","-28","","Snow"
"-114.01","51.12","CALGARY INTL A","3031092","2025-02-14 13:00","2025","02","14","13:00","","-19.7","","-23.8","","71","","","","9","","15","","2.0","","89.13","","","","-29","","Snow"
"-114.01","51.12","CALGARY INTL A","3031092","2025-02-14 14:00","2025","02","14","14:00","","-19.5","","-23.6","","71","","","","9","","14","","1.2","","89.14","","","","-28","","Snow"
"-114.01","51.12","CALGARY INTL A","3031092","2025-02-14 15:00","2025","02","14","15:00","","-19.8","","-23.9","","70","","","","8","","15","","2.4","","89.18","","","","-29","","Snow"
"-114.01","51.12","CALGARY INTL A","3031092","2025-02-14 16:00","2025","02","14","16:00","","-19.7","","-24.0","","69","","","","10","","13","","6.4","","89.22","","","","-28","","Snow"
"-114.01","51.12","CALGARY INTL A","3031092","2025-02-14 17:00","2025","02","14","17:00","","-19.9","","-23.5","","73","","","","8","","12","","1.6","","89.31","","","","-28","","Snow"
"-114.01","51.12","CALGARY INTL A","3031092","2025-02-14 18:00","2025","02","14","18:00","","-20.0","","-23.6","","73","","","","7","","12","","1.6","","89.39","","","","-28","","Snow"
"-114.01","51.12","CALGARY INTL A","3031092","2025-02-14 19:00","2025","02","14","19:00","","-20.2","","-24.2","","71","","","","8","","12","","9.7","","89.46","","","","-28","","Snow"
"-114.01","51.12","CALGARY INTL A","3031092","2025-02-14 20:00","2025","02","14","20:00","","-20.3","","-24.0","","73","","","","10","","9","","14.5","","89.50","","","","-27","","Snow"
"-114.01","51.12","CALGARY INTL A","3031092","2025-02-14 21:00","2025","02","14","21:00","","-20.3","","-23.6","","76","","","","9","","8","","9.7","","89.54","","","","-27","","Snow"
"-114.01","51.12","CALGARY INTL A","3031092","2025-02-14 22:00","2025","02","14","22:00","","-20.5","","-23.7","","76","","","","10","","6","","12.9","","89.58","","","","-26","","NA"
"-114.01","51.12","CALGARY INTL A","3031092","2025-02-14 23:00","2025","02","14","23:00","","-21.0","","-24.1","","77","","","","11","","5","","24.1","","89.58","","","","-25","","Mostly Cloudy"
"-114.01","51.12","CALGARY INTL A","3031092","2025-02-15 00:00","2025","02","15","00:00","","-21.4","","-24.2","","78","","","","12","","7","","19.3","","89.59","","","","-27","","Ice Crystals"
"-114.01","51.12","CALGARY INTL A","3031092","2025-02-15 01:00","2025","02","15","01:00","","-21.6","","-24.6","","78","","","","10","","5","","24.1","","89.68","","","","-26","","Ice Crystals"
"-114.01","51.12","CALGARY INTL A","3031092","2025-02-15 02:00","2025","02","15","02:00","","-22.2","","-24.9","","79","","","","10","","4","","16.1","","89.68","","","","-26","","Ice Crystals"
"-114.01","51.12","CALGARY INTL A","3031092","2025-02-15 03:00","2025","02","15","03:00","","-23.6","","-26.3","","79","","","","","","0","","19.3","","89.70","","","","","","Ice Crystals"
"-114.01","51.12","CALGARY INTL A","3031092","2025-02-15 04:00","2025","02","15","04:00","","-24.5","","-27.4","","78","","","","33","","8","","16.1","","89.74","","","","-32","","Ice Crystals"
"-114.01","51.12","CALGARY INTL A","3031092","2025-02-15 05:00","2025","02","15","05:00","","-25.4","","-28.4","","76","","","","34","","4","","16.1","","89.76","","","","-29","","Mainly Clear"
"-114.01","51.12","CALGARY INTL A","3031092","2025-02-15 06:00","2025","02","15","06:00","","-26.0","","-29.2","","75","","","","35","","3","","12.9","","89.76","","","","-29","","NA"
"-114.01","51.12","CALGARY INTL A","3031092","2025-02-15 07:00","2025","02","15","07:00","","-26.1","","-29.2","","75","","","","","","0","","16.1","","89.80","","","","","","NA"
"-114.01","51.12","CALGARY INTL A","3031092","2025-02-15 08:00","2025","02","15","08:00","","-26.1","","-29.2","","75","","","","","","0","","24.1","","89.81","","","","","","Mostly Cloudy"
"-114.01","51.12","CALGARY INTL A","3031092","2025-02-15 09:00","2025","02","15","09:00","","-23.8","","-26.9","","76","","","","22","","4","","48.3","","89.84","","","","-28","","NA"
"-114.01","51.12","CALGARY INTL A","3031092","2025-02-15 10:00","2025","02","15","10:00","","-22.6","","-25.6","","77","","","","18","","4","","32.2","","89.82","","","","-26","","Ice Crystals"
"-114.01","51.12","CALGARY INTL A","3031092","2025-02-15 11:00","2025","02","15","11:00","","-19.9","","-22.8","","78","","","","21","","5","","24.1","","89.82","","","","-24","","Cloudy"
"-114.01","51.12","CALGARY INTL A","3031092","2025-02-15 12:00","2025","02","15","12:00","","-18.8","","-23.7","","66","","","","13","","5","","24.1","","89.81","","","","-23","","NA"
"-114.01","51.12","CALGARY INTL A","3031092","2025-02-15 13:00","2025","02","15","13:00","","-18.1","","-24.3","","59","","","","8","","4","","24.1","","89.77","","","","-21","","NA"
"-114.01","51.12","CALGARY INTL A","3031092","2025-02-15 14:00","2025","02","15","14:00","","-17.4","","-22.8","","64","","","","3","","11","","24.1","","89.79","","","","-25","","Mainly Clear"
"-114.01","51.12","CALGARY INTL A","3031092","2025-02-15 15:00","2025","02","15","15:00","","-17.1","","-23.0","","61","","","","2","","13","","24.1","","89.82","","","","-25","","NA"
"-114.01","51.12","CALGARY INTL A","3031092","2025-02-15 16:00","2025","02","15","16:00","","-17.4","","-22.5","","65","","","","1","","11","","24.1","","89.84","","","","-25","","NA"
"-114.01","51.12","CALGARY INTL A","3031092","2025-02-15 17:00","2025","02","15","17:00","","-17.4","","-22.5","","65","","","","35","","17","","8.1","","89.88","","","","-26","","Snow"
"-114.01","51.12","CALGARY INTL A","3031092","2025-02-15 18:00","2025","02","15","18:00","","-17.7","","-22.4","","67","","","","36","","14","","8.1","","89.89","","","","-26","","Snow,Fog"
"-114.01","51.12","CALGARY INTL A","3031092","2025-02-15 19:00","2025","02","15","19:00","","-17.9","","-22.1","","70","","","","36","","12","","9.7","","89.89","","","","-25","","Snow"
"-114.01","51.12","CALGARY INTL A","3031092","2025-02-15 20:00","2025","02","15","20:00","","-18.1","","-22.3","","70","","","","1","","10","","6.4","","89.85","","","","-25","","Snow"
"-114.01","51.12","CALGARY INTL A","3031092","2025-02-15 21:00","2025","02","15","21:00","","-18.3","","-22.5","","70","","","","2","","7","","6.4","","89.84","","","","-24","","Snow"
"-114.01","51.12","CALGARY INTL A","3031092","2025-02-15 22:00","2025","02","15","22:00","","-18.6","","-22.6","","71","","","","34","","5","","14.5","","89.86","","","","-23","","NA"
"-114.01","51.12","CALGARY INTL A","3031092","2025-02-15 23:00","2025","02","15","23:00","","-19.8","","-23.4","","74","","","","2","","4","","24.1","","89.87","","","","-23","","Mostly Cloudy"
"-114.01","51.12","CALGARY INTL A","3031092","2025-02-16 00:00","2025","02","16","00:00","","-19.6","","-23.0","","75","","","","7","","3","","12.9","","89.86","","","","-22","","NA"
"-114.01","51.12","CALGARY INTL A","3031092","2025-02-16 01:00","2025","02","16","01:00","","-20.9","","-24.0","","76","","","","32","","5","","16.1","","89.80","","","","-25","","NA"
"-114.01","51.12","CALGARY INTL A","3031092","2025-02-16 02:00","2025","02","16","02:00","","-21.9","","-25.1","","76","","","","4","","5","","14.5","","89.75","","","","-26","","Clear"
"-114.01","51.12","CALGARY INTL A","3031092","2025-02-16 03:00","2025","02","16","03:00","","-22.4","","-25.3","","78","","","","36","","3","","14.5","","89.73","","","","-25","","NA"
"-114.01","51.12","CALGARY INTL A","3031092","2025-02-16 04:00","2025","02","16","04:00","","-23.4","","-26.7","","75","","","","2","","4","","14.5","","89.66","","","","-27","","NA"
"-114.01","51.12","CALGARY INTL A","3031092","2025-02-16 05:00","2025","02","16","05:00","","-23.6","","-26.6","","76","","","","34","","4","","14.5","","89.61","","","","-27","","Mostly Cloudy"
"-114.01","51.12","CALGARY INTL A","3031092","2025-02-16 06:00","2025","02","16","06:00","","-24.2","","-27.5","","75","","","","1","","5","","14.5","","89.57","","","","-29","","NA"
"-114.01","51.12","CALGARY INTL A","3031092","2025-02-16 07:00","2025","02","16","07:00","","-25.0","","-28.2","","75","","","","","","0","","24.1","","89.56","","","","","","NA"
"-114.01","51.12","CALGARY INTL A","3031092","2025-02-16 08:00","2025","02","16","08:00","","-24.4","","-27.3","","77","","","","1","","3","","24.1","","89.54","","","","-27","","Mainly Clear"
"-114.01","51.12","CALGARY INTL A","3031092","2025-02-16 09:00","2025","02","16","09:00","","-22.5","","-25.2","","79","","","","20","","3","","8.1","","89.52","","","","-25","","Ice Crystals"
"-114.01","51.12","CALGARY INTL A","3031092","2025-02-16 10:00","2025","02","16","10:00","","-20.5","","-23.4","","78","","","","16","","13","","8.1","","89.52","","","","-29","","Ice Crystals"
"-114.01","51.12","CALGARY INTL A","3031092","2025-02-16 11:00","2025","02","16","11:00","","-19.4","","-22.6","","76","","","","16","","13","","8.1","","89.44","","","","-28","","Ice Crystals"
"-114.01","51.12","CALGARY INTL A","3031092","2025-02-16 12:00","2025","02","16","12:00","","-19.0","","-23.0","","71","","","","16","","16","","8.1","","89.41","","","","-28","","Ice Crystals"
"-114.01","51.12","CALGARY INTL A","3031092","2025-02-16 13:00","2025","02","16","13:00","","-19.0","","-23.1","","70","","","","17","","17","","8.1","","89.34","","","","-28","","Fog"
"-114.01","51.12","CALGARY INTL A","3031092","2025-02-16 14:00","2025","02","16","14:00","","-17.6","","-22.4","","67","","","","17","","18","","8.1","","89.25","","","","-27","","Fog"
"-114.01","51.12","CALGARY INTL A","3031092","2025-02-16 15:00","2025","02","16","15:00","","-17.7","","-22.4","","67","","","","16","","21","","8.1","","89.22","","","","-28","","Fog"
"-114.01","51.12","CALGARY INTL A","3031092","2025-02-16 16:00","2025","02","16","16:00","","-19.3","","-23.3","","71","","","","17","","21","","8.1","","89.20","","","","-30","","Fog"
"-114.01","51.12","CALGARY INTL A","3031092","2025-02-16 17:00","2025","02","16","17:00","","-20.6","","-23.8","","76","","","","15","","16","","8.1","","89.20","","","","-30","","Fog"
"-114.01","51.12","CALGARY INTL A","3031092","2025-02-16 18:00","2025","02","16","18:00","","-21.5","","-24.4","","78","","","","15","","16","","8.1","","89.19","","","","-31","","Fog"
"-114.01","51.12","CALGARY INTL A","3031092","2025-02-16 19:00","2025","02","16","19:00","","-22.6","","-25.3","","79","","","","18","","13","","9.7","","89.18","","","","-32","","Fog"
"-114.01","51.12","CALGARY INTL A","3031092","2025-02-16 20:00","2025","02","16","20:00","","-23.5","","-26.2","","79","","","","14","","14","","6.4","","89.18","","","","-33","","Fog"
"-114.01","51.12","CALGARY INTL A","3031092","2025-02-16 21:00","2025","02","16","21:00","","-24.4","","-27.2","","78","","","","18","","13","","6.4","","89.16","","","","-34","","Fog"
"-114.01","51.12","CALGARY INTL A","3031092","2025-02-16 22:00","2025","02","16","22:00","","-24.7","","-27.6","","77","","","","18","","12","","6.4","","89.14","","","","-34","","Fog"
"-114.01","51.12","CALGARY INTL A","3031092","2025-02-16 23:00","2025","02","16","23:00","","-25.1","","-28.1","","77","","","","16","","15","","6.4","","89.14","","","","-35","","Fog"
"-114.01","51.12","CALGARY INTL A","3031092","2025-02-17 00:00","2025","02","17","00:00","","-26.0","","-29.0","","76","","","","16","","13","","6.4","","89.12","","","","-36","","Fog"
"-114.01","51.12","CALGARY INTL A","3031092","2025-02-17 01:00","2025","02","17","01:00","","-26.5","","-29.5","","76","","","","20","","14","","6.4","","89.10","","","","-37","","Fog"
"-114.01","51.12","CALGARY INTL A","3031092","2025-02-17 02:00","2025","02","17","02:00","","-26.3","","-29.3","","76","","","","19","","13","","6.4","","89.08","","","","-36","","Fog"
"-114.01","51.12","CALGARY INTL A","3031092","2025-02-17 03:00","2025","02","17","03:00","","-26.4","","-29.4","","76","","","","19","","12","","6.4","","89.03","","","","-36","","Fog"
"-114.01","51.12","CALGARY INTL A","3031092","2025-02-17 04:00","2025","02","17","04:00","","-26.3","","-29.4","","76","","","","16","","10","","6.4","","89.00","","","","-35","","Fog"
"-114.01","51.12","CALGARY INTL A","3031092","2025-02-17 05:00","2025","02","17","05:00","","-26.5","","-29.7","","75","","","","16","","13","","6.4","","88.99","","","","-36","","Fog"
"-114.01","51.12","CALGARY INTL A","3031092","2025-02-17 06:00","2025","02","17","06:00","","-26.9","","-30.2","","75","","","","16","","11","","6.4","","89.02","","","","-36","","Fog"
"-114.01","51.12","CALGARY INTL A","3031092","2025-02-17 07:00","2025","02","17","07:00","","-27.8","","-31.1","","74","","","","17","","13","","6.4","","89.04","","","","-38","","Fog"
"-114.01","51.12","CALGARY INTL A","3031092","2025-02-17 08:00","2025","02","17","08:00","","-27.3","","-30.6","","74","","","","20","","15","","8.1","","89.03","","","","-38","","Fog"
"-114.01","51.12","CALGARY INTL A","3031092","2025-02-17 09:00","2025","02","17","09:00","","-26.7","","-30.0","","74","","","","19","","14","","8.1","","89.03","","","","-37","","Fog"
"-114.01","51.12","CALGARY INTL A","3031092","2025-02-17 10:00","2025","02","17","10:00","","-24.5","","-27.6","","76","","","","18","","19","","12.9","","89.01","","","","-36","","NA"
"-114.01","51.12","CALGARY INTL A","3031092","2025-02-17 11:00","2025","02","17","11:00","","-22.4","","-25.4","","76","","","","17","","18","","19.3","","88.98","","","","-33","","Clear"
"-114.01","51.12","CALGARY INTL A","3031092","2025-02-17 12:00","2025","02","17","12:00","","-22.1","","-25.1","","77","","","","18","","18","","24.1","","89.00","","","","-33","","NA"
"-114.01","51.12","CALGARY INTL A","3031092","2025-02-17 13:00","2025","02","17","13:00","","-20.6","","-23.6","","77","","","","16","","24","","24.1","","88.99","","","","-32","","NA"
"-114.01","51.12","CALGARY INTL A","3031092","2025-02-17 14:00","2025","02","17","14:00","","-19.6","","-22.7","","77","","","","16","","25","","24.1","","88.94","","","","-31","","Clear"
"-114.01","51.12","CALGARY INTL A","3031092","2025-02-17 15:00","2025","02","17","15:00","","-19.0","","-22.2","","77","","","","16","","30","","24.1","","88.92","","","","-31","","NA"
"-114.01","51.12","CALGARY INTL A","3031092","2025-02-17 16:00","2025","02","17","16:00","","-19.1","","-22.8","","73","","","","16","","30","","24.1","","88.98","","","","-31","","NA"
"-114.01","51.12","CALGARY INTL A","3031092","2025-02-17 17:00","2025","02","17","17:00","","-20.1","","-23.6","","74","","","","16","","24","","24.1","","89.03","","","","-32","","Clear"
"-114.01","51.12","CALGARY INTL A","3031092","2025-02-17 18:00","2025","02","17","18:00","","-21.0","","-24.5","","74","","","","15","","21","","24.1","","89.08","","","","-32","","NA"
"-114.01","51.12","CALGARY INTL A","3031092","2025-02-17 19:00","2025","02","17","19:00","","-23.7","","-26.8","","76","","","","12","","20","","11.3","","89.17","","","","-35","","NA"
"-114.01","51.12","CALGARY INTL A","3031092","2025-02-17 20:00","2025","02","17","20:00","","-25.1","","-28.2","","76","","","","13","","16","","11.3","","89.30","","","","-36","","Mainly Clear"
"-114.01","51.12","CALGARY INTL A","3031092","2025-02-17 21:00","2025","02","17","21:00","","-25.2","","-28.4","","75","","","","14","","11","","11.3","","89.36","","","","-34","","NA"
"-114.01","51.12","CALGARY INTL A","3031092","2025-02-17 22:00","2025","02","17","22:00","","-25.3","","-28.5","","75","","","","16","","12","","11.3","","89.43","","","","-34","","NA"
"-114.01","51.12","CALGARY INTL A","3031092","2025-02-17 23:00","2025","02","17","23:00","","-25.3","","-28.6","","75","","","","12","","12","","4.8","","89.46","","","","-34","","Snow,Fog"
"-114.01","51.12","CALGARY INTL A","3031092","2025-02-18 00:00","2025","02","18","00:00","","-25.2","","-28.7","","73","","","","13","","7","","2.4","","89.50","","","","-32","","Snow,Fog"
"-114.01","51.12","CALGARY INTL A","3031092","2025-02-18 01:00","2025","02","18","01:00","","-25.1","","-28.7","","72","","","","17","","9","","6.4","","89.53","","","","-33","","Snow,Fog"
"-114.01","51.12","CALGARY INTL A","3031092","2025-02-18 02:00","2025","02","18","02:00","","-24.9","","-28.5","","73","","","","16","","7","","8.1","","89.58","","","","-31","","Snow"
"-114.01","51.12","CALGARY INTL A","3031092","2025-02-18 03:00","2025","02","18","03:00","","-24.9","","-28.5","","73","","","","17","","8","","11.3","","89.64","","","","-32","","NA"
"-114.01","51.12","CALGARY INTL A","3031092","2025-02-18 04:00","2025","02","18","04:00","","-24.7","","-28.3","","73","","","","13","","8","","11.3","","89.74","","","","-32","","NA"
"-114.01","51.12","CALGARY INTL A","3031092","2025-02-18 05:00","2025","02","18","05:00","","-24.9","","-28.4","","73","","","","13","","7","","11.3","","89.80","","","","-31","","Mostly Cloudy"
"-114.01","51.12","CALGARY INTL A","3031092","2025-02-18 06:00","2025","02","18","06:00","","-25.0","","-28.5","","73","","","","12","","7","","16.1","","89.88","","","","-31","","NA"
"-114.01","51.12","CALGARY INTL A","3031092","2025-02-18 07:00","2025","02","18","07:00","","-25.9","","-29.2","","75","","","","16","","5","","12.9","","89.96","","","","-31","","NA"
"-114.01","51.12","CALGARY INTL A","3031092","2025-02-18 08:00","2025","02","18","08:00","","-26.4","","-29.8","","74","","","","18","","8","","19.3","","90.02","","","","-34","","Mainly Clear"
"-114.01","51.12","CALGARY INTL A","3031092","2025-02-18 09:00","2025","02","18","09:00","","-25.9","","-29.4","","73","","","","16","","12","","24.1","","90.03","","","","-35","","NA"
"-114.01","51.12","CALGARY INTL A","3031092","2025-02-18 10:00","2025","02","18","10:00","","-24.7","","-28.7","","70","","","","19","","15","","32.2","","90.06","","","","-35","","NA"
"-114.01","51.12","CALGARY INTL A","3031092","2025-02-18 11:00","2025","02","18","11:00","","-22.8","","-27.3","","68","","","","18","","12","","48.3","","90.07","","","","-31","","Clear"
"-114.01","51.12","CALGARY INTL A","3031092","2025-02-18 12:00","2025","02","18","12:00","","-21.0","","-26.0","","65","","","","20","","15","","56.3","","90.05","","","","-30","","NA"
"-114.01","51.12","CALGARY INTL A","3031092","2025-02-18 13:00","2025","02","18","13:00","","-20.3","","-25.6","","63","","","","17","","19","","64.4","","90.04","","","","-31","","NA"
"-114.01","51.12","CALGARY INTL A","3031092","2025-02-18 14:00","2025","02","18","14:00","","-20.5","","-25.9","","63","","","","16","","18","","56.3","","90.01","","","","-31","","Clear"
"-114.01","51.12","CALGARY INTL A","3031092","2025-02-18 15:00","2025","02","18","15:00","","-20.5","","-25.7","","64","","","","16","","22","","56.3","","89.98","","","","-32","","NA"
"-114.01","51.12","CALGARY INTL A","3031092","2025-02-18 16:00","2025","02","18","16:00","","-19.8","","-25.3","","63","","","","19","","19","","64.4","","89.96","","","","-30","","NA"
"-114.01","51.12","CALGARY INTL A","3031092","2025-02-18 17:00","2025","02","18","17:00","","-20.6","","-25.7","","64","","","","17","","19","","64.4","","89.92","","","","-31","","Mainly Clear"
"-114.01","51.12","CALGARY INTL A","3031092","2025-02-18 18:00","2025","02","18","18:00","","-21.9","","-26.4","","68","","","","16","","20","","64.4","","89.90","","","","-33","","NA"
"-114.01","51.12","CALGARY INTL A","3031092","2025-02-18 19:00","2025","02","18","19:00","","-23.5","","-27.5","","70","","","","16","","23","","64.4","","89.87","","","","-36","","NA"
"-114.01","51.12","CALGARY INTL A","3031092","2025-02-18 20:00","2025","02","18","20:00","","-24.1","","-27.9","","72","","","","18","","26","","24.1","","89.81","","","","-37","","Clear"
"-114.01","51.12","CALGARY INTL A","3031092","2025-02-18 21:00","2025","02","18","21:00","","-24.6","","-28.4","","71","","","","18","","22","","24.1","","89.79","","","","-37","","NA"
"-114.01","51.12","CALGARY INTL A","3031092","2025-02-18 22:00","2025","02","18","22:00","","-24.9","","-28.8","","71","","","","18","","24","","24.1","","89.75","","","","-38","","NA"
"-114.01","51.12","CALGARY INTL A","3031092","2025-02-18 23:00","2025","02","18","23:00","","-25.4","","-29.0","","73","","","","19","","22","","24.1","","89.71","","","","-38","","Clear"
"-114.01","51.12","CALGARY INTL A","3031092","2025-02-19 00:00","2025","02","19","00:00","","-25.7","","-29.2","","73","","","","19","","19","","24.1","","89.67","","","","-37","","NA"
"-114.01","51.12","CALGARY INTL A","3031092","2025-02-19 01:00","2025","02","19","01:00","","-25.9","","-29.2","","74","","","","19","","19","","24.1","","89.55","","","","-38","","NA"
"-114.01","51.12","CALGARY INTL A","3031092","2025-02-19 02:00","2025","02","19","02:00","","-26.0","","-29.4","","74","","","","19","","14","","24.1","","89.48","","","","-36","","Clear"
"-114.01","51.12","CALGARY INTL A","3031092","2025-02-19 03:00","2025","02","19","03:00","","-26.3","","-29.5","","75","","","","18","","15","","24.1","","89.38","","","","-37","","NA"
"-114.01","51.12","CALGARY INTL A","3031092","2025-02-19 04:00","2025","02","19","04:00","","-26.5","","-29.6","","76","","","","18","","14","","24.1","","89.28","","","","-37","","NA"
"-114.01","51.12","CALGARY INTL A","3031092","2025-02-19 05:00","2025","02","19","05:00","","-26.6","","-29.7","","76","","","","18","","15","","24.1","","89.20","","","","-37","","Clear"
"-114.01","51.12","CALGARY INTL A","3031092","2025-02-19 06:00","2025","02","19","06:00","","-26.8","","-29.8","","76","","","","17","","12","","24.1","","89.15","","","","-36","","NA"
"-114.01","51.12","CALGARY INTL A","3031092","2025-02-19 07:00","2025","02","19","07:00","","-27.0","","-30.4","","74","","","","19","","9","","24.1","","89.08","","","","-35","","NA"
"-114.01","51.12","CALGARY INTL A","3031092","2025-02-19 08:00","2025","02","19","08:00","","-26.9","","-30.3","","74","","","","20","","10","","16.1","","89.05","","","","-35","","Clear"
"-114.01","51.12","CALGARY INTL A","3031092","2025-02-19 09:00","2025","02","19","09:00","","-25.6","","-28.9","","74","","","","19","","10","","56.3","","89.04","","","","-34","","NA"
"-114.01","51.12","CALGARY INTL A","3031092","2025-02-19 10:00","2025","02","19","10:00","","-23.3","","-26.9","","73","","","","19","","13","","56.3","","88.95","","","","-32","","NA"
"-114.01","51.12","CALGARY INTL A","3031092","2025-02-19 11:00","2025","02","19","11:00","","-21.5","","-25.7","","70","","","","18","","14","","64.4","","88.91","","","","-31","","Mostly Cloudy"
"-114.01","51.12","CALGARY INTL A","3031092","2025-02-19 12:00","2025","02","19","12:00","","-19.3","","-24.4","","65","","","","18","","10","","64.4","","88.84","","","","-26","","NA"
"-114.01","51.12","CALGARY INTL A","3031092","2025-02-19 13:00","2025","02","19","13:00","","-20.0","","-24.6","","67","","","","17","","23","","64.4","","88.79","","","","-31","","NA"
"-114.01","51.12","CALGARY INTL A","3031092","2025-02-19 14:00","2025","02","19","14:00","","-19.5","","-24.4","","66","","","","16","","19","","64.4","","88.75","","","","-30","","Mostly Cloudy"
"-114.01","51.12","CALGARY INTL A","3031092","2025-02-19 15:00","2025","02","19","15:00","","-18.9","","-23.6","","67","","","","18","","21","","64.4","","88.70","","","","-29","","NA"
"-114.01","51.12","CALGARY INTL A","3031092","2025-02-19 16:00","2025","02","19","16:00","","-17.8","","-22.6","","67","","","","17","","17","","64.4","","88.66","","","","-27","","NA"
"-114.01","51.12","CALGARY INTL A","3031092","2025-02-19 17:00","2025","02","19","17:00","","-18.3","","-22.3","","71","","","","18","","20","","40.2","","88.61","","","","-28","","Mostly Cloudy"
"-114.01","51.12","CALGARY INTL A","3031092","2025-02-19 18:00","2025","02","19","18:00","","-18.9","","-22.5","","74","","","","18","","14","","56.3","","88.56","","","","-27","","NA"
"-114.01","51.12","CALGARY INTL A","3031092","2025-02-19 19:00","2025","02","19","19:00","","-19.0","","-22.2","","76","","","","17","","15","","24.1","","88.50","","","","-28","","NA"
"-114.01","51.12","CALGARY INTL A","3031092","2025-02-19 20:00","2025","02","19","20:00","","-18.5","","-21.6","","77","","","","18","","16","","16.1","","88.45","","","","-28","","Mainly Clear"
"-114.01","51.12","CALGARY INTL A","3031092","2025-02-19 21:00","2025","02","19","21:00","","-18.4","","-21.3","","78","","","","19","","15","","24.1","","88.40","","","","-27","","NA"
"-114.01","51.12","CALGARY INTL A","3031092","2025-02-19 22:00","2025","02","19","22:00","","-18.5","","-21.4","","79","","","","19","","14","","24.1","","88.37","","","","-27","","NA"
"-114.01","51.12","CALGARY INTL A","3031092","2025-02-19 23:00","2025","02","19","23:00","","-17.5","","-20.6","","77","","","","19","","14","","24.1","","88.33","","","","-26","","Mostly Cloudy"
"-114.01","51.12","CALGARY INTL A","3031092","2025-02-20 00:00","2025","02","20","00:00","","-16.1","","-19.9","","73","","","","21","","12","","24.1","","88.31","","","","-23","","NA"
"-114.01","51.12","CALGARY INTL A","3031092","2025-02-20 01:00","2025","02","20","01:00","","-14.9","","-19.1","","71","","","","20","","14","","24.1","","88.29","","","","-22","","NA"
"-114.01","51.12","CALGARY INTL A","3031092","2025-02-20 02:00","2025","02","20","02:00","","-13.1","","-17.4","","70","","","","20","","8","","24.1","","88.31","","","","-18","","Mostly Cloudy"
"-114.01","51.12","CALGARY INTL A","3031092","2025-02-20 03:00","2025","02","20","03:00","","-13.1","","-16.8","","74","","","","30","","4","","24.1","","88.36","","","","-16","","NA"
"-114.01","51.12","CALGARY INTL A","3031092","2025-02-20 04:00","2025","02","20","04:00","","-11.7","","-14.6","","79","","","","6","","7","","24.1","","88.45","","","","-16","","NA"
"-114.01","51.12","CALGARY INTL A","3031092","2025-02-20 05:00","2025","02","20","05:00","","-11.8","","-15.4","","75","","","","29","","5","","24.1","","88.54","","","","-15","","Mostly Cloudy"
"-114.01","51.12","CALGARY INTL A","3031092","2025-02-20 06:00","2025","02","20","06:00","","-8.7","","-12.3","","75","","","","11","","5","","24.1","","88.58","","","","-11","","NA"
"-114.01","51.12","CALGARY INTL A","3031092","2025-02-20 07:00","2025","02","20","07:00","","-10.7","","-14.4","","74","","","","20","","5","","24.1","","88.62","","","","-14","","NA"
"-114.01","51.12","CALGARY INTL A","3031092","2025-02-20 08:00","2025","02","20","08:00","","-6.5","","-10.7","","72","","","","5","","5","","64.4","","88.68","","","","-9","","Mostly Cloudy"
"-114.01","51.12","CALGARY INTL A","3031092","2025-02-20 09:00","2025","02","20","09:00","","-2.8","","-9.2","","61","","","","32","","4","","64.4","","88.72","","","","-4","","NA"
"-114.01","51.12","CALGARY INTL A","3031092","2025-02-20 10:00","2025","02","20","10:00","","2.8","","-7.5","","47","","","","29","","10","","64.4","","88.74","","","","","","NA"
"-114.01","51.12","CALGARY INTL A","3031092","2025-02-20 11:00","2025","02","20","11:00","","4.7","","-7.0","","42","","","","18","","4","","64.4","","88.79","","","","","","Mostly Cloudy"
"-114.01","51.12","CALGARY INTL A","3031092","2025-02-20 12:00","2025","02","20","12:00","","6.7","","-7.2","","36","","","","29","","15","","64.4","","88.81","","","","","","NA"
"-114.01","51.12","CALGARY INTL A","3031092","2025-02-20 13:00","2025","02","20","13:00","","6.9","","-6.5","","38","","","","29","","19","","64.4","","88.80","","","","","","NA"
"-114.01","51.12","CALGARY INTL A","3031092","2025-02-20 14:00","2025","02","20","14:00","","7.0","","-6.3","","38","","","","31","","14","","64.4","","88.83","","","","","","Cloudy"
"-114.01","51.12","CALGARY INTL A","3031092","2025-02-20 15:00","2025","02","20","15:00","","5.7","","-3.7","","51","","","","2","","10","","64.4","","88.90","","","","","","NA"
"-114.01","51.12","CALGARY INTL A","3031092","2025-02-20 16:00","2025","02","20","16:00","","5.1","","-2.5","","58","","","","6","","7","","64.4","","88.93","","","","","","NA"
"-114.01","51.12","CALGARY INTL A","3031092","2025-02-20 17:00","2025","02","20","17:00","","4.3","","-3.7","","56","","","","9","","9","","48.3","","88.95","","","","","","Cloudy"
"-114.01","51.12","CALGARY INTL A","3031092","2025-02-20 18:00","2025","02","20","18:00","","4.3","","-6.3","","46","","","","17","","6","","32.2","","88.96","","","","","","NA"
"-114.01","51.12","CALGARY INTL A","3031092","2025-02-20 19:00","2025","02","20","19:00","","0.3","","-5.5","","65","","","","22","","5","","24.1","","89.01","","","","","","NA"
"-114.01","51.12","CALGARY INTL A","3031092","2025-02-20 20:00","2025","02","20","20:00","","-0.3","","-5.9","","66","","","","24","","5","","24.1","","89.01","","","","-2","","Clear"
"-114.01","51.12","CALGARY INTL A","3031092","2025-02-20 21:00","2025","02","20","21:00","","-1.4","","-6.7","","67","","","","","","0","","24.1","","89.00","","","","","","NA"
"-114.01","51.12","CALGARY INTL A","3031092","2025-02-20 22:00","2025","02","20","22:00","","2.1","","-7.6","","49","","","","25","","8","","24.1","","89.02","","","","","","NA"
"-114.01","51.12","CALGARY INTL A","3031092","2025-02-20 23:00","2025","02","20","23:00","","2.8","","-8.4","","43","","","","25","","7","","24.1","","89.01","","","","","","Mostly Cloudy"
"-114.01","51.12","CALGARY INTL A","3031092","2025-02-21 00:00","2025","02","21","00:00","","3.4","","-8.4","","42","","","","26","","11","","24.1","","88.95","","","","","","NA"
"-114.01","51.12","CALGARY INTL A","3031092","2025-02-21 01:00","2025","02","21","01:00","","2.4","","-7.8","","47","","","","9","","5","","24.1","","88.93","","","","","","NA"
"-114.01","51.12","CALGARY INTL A","3031092","2025-02-21 02:00","2025","02","21","02:00","","0.8","","-8.5","","50","","","","","","0","","24.1","","88.92","","","","","","Clear"
"-114.01","51.12","CALGARY INTL A","3031092","2025-02-21 03:00","2025","02","21","03:00","","3.1","","-8.6","","42","","","","28","","22","","24.1","","88.93","","","","","","NA"
"-114.01","51.12","CALGARY INTL A","3031092","2025-02-21 04:00","2025","02","21","04:00","","3.5","","-8.5","","41","","","","28","","24","","24.1","","88.89","","","","","","NA"
"-114.01","51.12","CALGARY INTL A","3031092","2025-02-21 05:00","2025","02","21","05:00","","3.5","","-8.2","","42","","","","27","","16","","24.1","","88.89","","","","","","Mainly Clear"
"-114.01","51.12","CALGARY INTL A","3031092","2025-02-21 06:00","2025","02","21","06:00","","4.0","","-7.9","","42","","","","27","","22","","24.1","","88.87","","","","","","NA"
"-114.01","51.12","CALGARY INTL A","3031092","2025-02-21 07:00","2025","02","21","07:00","","4.4","","-7.5","","42","","","","27","","22","","24.1","","88.82","","","","","","NA"
"-114.01","51.12","CALGARY INTL A","3031092","2025-02-21 08:00","2025","02","21","08:00","","4.3","","-7.2","","43","","","","27","","23","","64.4","","88.78","","","","","","Cloudy"
"-114.01","51.12","CALGARY INTL A","3031092","2025-02-21 09:00","2025","02","21","09:00","","4.6","","-6.9","","43","","","","27","","23","","64.4","","88.74","","","","","","NA"
"-114.01","51.12","CALGARY INTL A","3031092","2025-02-21 10:00","2025","02","21","10:00","","3.7","","-5.5","","51","","","","20","","16","","48.3","","88.70","","","","","","NA"
"-114.01","51.12","CALGARY INTL A","3031092","2025-02-21 11:00","2025","02","21","11:00","","6.5","","-6.8","","38","","","","27","","26","","64.4","","88.67","","","","","","Mostly Cloudy"
"-114.01","51.12","CALGARY INTL A","3031092","2025-02-21 12:00","2025","02","21","12:00","","7.4","","-6.5","","36","","","","27","","30","","64.4","","88.60","","","","","","NA"
"-114.01","51.12","CALGARY INTL A","3031092","2025-02-21 13:00","2025","02","21","13:00","","7.4","","-6.3","","37","","","","27","","37","","64.4","","88.52","","","","","","NA"
"-114.01","51.12","CALGARY INTL A","3031092","2025-02-21 14:00","2025","02","21","14:00","","7.4","","-5.7","","39","","","","26","","23","","64.4","","88.51","","","","","","Mostly Cloudy"
"-114.01","51.12","CALGARY INTL A","3031092","2025-02-21 15:00","2025","02","21","15:00","","7.7","","-5.5","","39","","","","26","","14","","48.3","","88.49","","","","","","NA"
"-114.01","51.12","CALGARY INTL A","3031092","2025-02-21 16:00","2025","02","21","16:00","","8.2","","-5.7","","37","","","","26","","12","","64.4","","88.50","","","","","","NA"
"-114.01","51.12","CALGARY INTL A","3031092","2025-02-21 17:00","2025","02","21","17:00","","7.7","","-5.6","","38","","","","26","","9","","48.3","","88.51","","","","","","Mostly Cloudy"
"-114.01","51.12","CALGARY INTL A","3031092","2025-02-21 18:00","2025","02","21","18:00","","7.0","","-5.8","","40","","","","27","","13","","32.2","","88.51","","","","","","NA"
"-114.01","51.12","CALGARY INTL A","3031092","2025-02-21 19:00","2025","02","21","19:00","","6.7","","-6.0","","40","","","","27","","20","","24.1","","88.53","","","","","","NA"
"-114.01","51.12","CALGARY INTL A","3031092","2025-02-21 20:00","2025","02","21","20:00","","6.2","","-5.9","","42","","","","27","","20","","24.1","","88.49","","","","","","Mainly Clear"
"-114.01","51.12","CALGARY INTL A","3031092","2025-02-21 21:00","2025","02","21","21:00","","6.7","","-6.0","","40","","","","27","","17","","24.1","","88.44","","","","","","NA"
"-114.01","51.12","CALGARY INTL A","3031092","2025-02-21 22:00","2025","02","21","22:00","","3.6","","-5.8","","50","","","","","","0","","24.1","","88.41","","","","","","NA"
"-114.01","51.12","CALGARY INTL A","3031092","2025-02-21 23:00","2025","02","21","23:00","","0.8","","-5.1","","65","","","","18","","16","","24.1","","88.38","","","","","","Mainly Clear"
"-114.01","51.12","CALGARY INTL A","3031092","2025-02-22 00:00","2025","02","22","00:00","","0.5","","-5.5","","64","","","","20","","4","","24.1","","88.34","","","","","","NA"
"-114.01","51.12","CALGARY INTL A","3031092","2025-02-22 01:00","2025","02","22","01:00","","0.6","","-6.0","","61","","","","15","","5","","24.1","","88.30","","","","","","NA"
"-114.01","51.12","CALGARY INTL A","3031092","2025-02-22 02:00","2025","02","22","02:00","","2.5","","-5.5","","56","","","","14","","8","","24.1","","88.26","","","","","","Mostly Cloudy"
"-114.01","51.12","CALGARY INTL A","3031092","2025-02-22 03:00","2025","02","22","03:00","","1.2","","-5.3","","62","","","","17","","9","","24.1","","88.22","","","","","","NA"
"-114.01","51.12","CALGARY INTL A","3031092","2025-02-22 04:00","2025","02","22","04:00","","0.6","","-4.8","","67","","","","21","","6","","24.1","","88.20","","","","","","NA"
"-114.01","51.12","CALGARY INTL A","3031092","2025-02-22 05:00","2025","02","22","05:00","","0.9","","-5.2","","64","","","","17","","5","","24.1","","88.15","","","","","","Mostly Cloudy"
"-114.01","51.12","CALGARY INTL A","3031092","2025-02-22 06:00","2025","02","22","06:00","","1.5","","-5.9","","58","","","","20","","8","","24.1","","88.12","","","","","","NA"
"-114.01","51.12","CALGARY INTL A","3031092","2025-02-22 07:00","2025","02","22","07:00","","6.1","","-5.5","","43","","","","25","","10","","24.1","","88.04","","","","","","NA"
"-114.01","51.12","CALGARY INTL A","3031092","2025-02-22 08:00","2025","02","22","08:00","","7.2","","-5.8","","39","","","","28","","32","","64.4","","88.04","","","","","","Mostly Cloudy"
"-114.01","51.12","CALGARY INTL A","3031092","2025-02-22 09:00","2025","02","22","09:00","","7.1","","-5.3","","41","","","","33","","17","","64.4","","88.11","","","","","","NA"
"-114.01","51.12","CALGARY INTL A","3031092","2025-02-22 10:00","2025","02","22","10:00","","8.1","","-5.5","","38","","","","27","","23","","64.4","","88.12","","","","","","NA"
"-114.01","51.12","CALGARY INTL A","3031092","2025-02-22 11:00","2025","02","22","11:00","","8.8","","-5.6","","36","","","","28","","29","","64.4","","88.15","","","","","","Mostly Cloudy"
"-114.01","51.12","CALGARY INTL A","3031092","2025-02-22 12:00","2025","02","22","12:00","","10.3","","-5.8","","32","","","","30","","25","","64.4","","88.18","","","","","","NA"
"-114.01","51.12","CALGARY INTL A","3031092","2025-02-22 13:00","2025","02","22","13:00","","11.3","","-5.5","","30","","","","30","","26","","64.4","","88.14","","","","","","NA"
"-114.01","51.12","CALGARY INTL A","3031092","2025-02-22 14:00","2025","02","22","14:00","","11.2","","-5.6","","30","","","","28","","25","","64.4","","88.07","","","","","","Mostly Cloudy"
"-114.01","51.12","CALGARY INTL A","3031092","2025-02-22 15:00","2025","02","22","15:00","","11.5","","-5.5","","30","","","","28","","29","","64.4","","88.05","","","","","","NA"
"-114.01","51.12","CALGARY INTL A","3031092","2025-02-22 16:00","2025","02","22","16:00","","10.8","","-4.7","","33","","","","29","","17","","56.3","","88.03","","","","","","NA"
"-114.01","51.12","CALGARY INTL A","3031092","2025-02-22 17:00","2025","02","22","17:00","","10.6","","-4.8","","33","","","","29","","13","","64.4","","87.99","","","","","","Mostly Cloudy"
"-114.01","51.12","CALGARY INTL A","3031092","2025-02-22 18:00","2025","02","22","18:00","","9.3","","-4.6","","37","","","","24","","10","","64.4","","87.95","","","","","","NA"
"-114.01","51.12","CALGARY INTL A","3031092","2025-02-22 19:00","2025","02","22","19:00","","6.0","","-4.0","","49","","","","19","","16","","24.1","","87.84","","","","","","NA"
"-114.01","51.12","CALGARY INTL A","3031092","2025-02-22 20:00","2025","02","22","20:00","","4.5","","-3.3","","57","","","","20","","8","","24.1","","87.70","","","","","","Mostly Cloudy"
"-114.01","51.12","CALGARY INTL A","3031092","2025-02-22 21:00","2025","02","22","21:00","","3.5","","-3.1","","62","","","","19","","16","","24.1","","87.62","","","","","","NA"
"-114.01","51.12","CALGARY INTL A","3031092","2025-02-22 22:00","2025","02","22","22:00","","4.9","","-3.1","","56","","","","18","","23","","24.1","","87.50","","","","","","NA"
"-114.01","51.12","CALGARY INTL A","3031092","2025-02-22 23:00","2025","02","22","23:00","","8.1","","-3.0","","46","","","","21","","23","","24.1","","87.35","","","","","","Mostly Cloudy"
"-114.01","51.12","CALGARY INTL A","3031092","2025-02-23 00:00","2025","02","23","00:00","","10.3","","-3.9","","37","","","","24","","25","","24.1","","87.22","","","","","","NA"
"-114.01","51.12","CALGARY INTL A","3031092","2025-02-23 01:00","2025","02","23","01:00","","9.5","","-3.9","","39","","","","26","","36","","24.1","","87.21","","","","","","NA"
"-114.01","51.12","CALGARY INTL A","3031092","2025-02-23 02:00","2025","02","23","02:00","","8.7","","-3.5","","42","","","","27","","37","","24.1","","87.23","","","","","","Mainly Clear"
"-114.01","51.12","CALGARY INTL A","3031092","2025-02-23 03:00","2025","02","23","03:00","","8.5","","-3.4","","43","","","","26","","38","","24.1","","87.28","","","","","","NA"
"-114.01","51.12","CALGARY INTL A","3031092","2025-02-23 04:00","2025","02","23","04:00","","7.8","","-2.8","","47","","","","25","","31","","24.1","","87.24","","","","","","NA"
"-114.01","51.12","CALGARY INTL A","3031092","2025-02-23 05:00","2025","02","23","05:00","","7.3","","-2.6","","49","","","","25","","28","","24.1","","87.27","","","","","","Mostly Cloudy"
"-114.01","51.12","CALGARY INTL A","3031092","2025-02-23 06:00","2025","02","23","06:00","","6.8","","-2.4","","52","","","","27","","21","","24.1","","87.28","","","","","","NA"
"-114.01","51.12","CALGARY INTL A","3031092","2025-02-23 07:00","2025","02","23","07:00","","5.8","","-2.0","","57","","","","27","","21","","24.1","","87.26","","","","","","NA"
"-114.01","51.12","CALGARY INTL A","3031092","2025-02-23 08:00","2025","02","23","08:00","","5.4","","-1.9","","59","","","","26","","18","","24.1","","87.32","","","","","","Mostly Cloudy"
"-114.01","51.12","CALGARY INTL A","3031092","2025-02-23 09:00","2025","02","23","09:00","","6.6","","-1.7","","55","","","","28","","24","","24.1","","87.41","","","","","","NA"
"-114.01","51.12","CALGARY INTL A","3031092","2025-02-23 10:00","2025","02","23","10:00","","7.4","","-1.1","","55","","","","26","","25","","32.2","","87.48","","","","","","NA"
"-114.01","51.12","CALGARY INTL A","3031092","2025-02-23 11:00","2025","02","23","11:00","","9.1","","-2.6","","44","","","","25","","23","","64.4","","87.52","","","","","","Mainly Clear"
"-114.01","51.12","CALGARY INTL A","3031092","2025-02-23 12:00","2025","02","23","12:00","","10.7","","-8.2","","26","","","","28","","33","","48.3","","87.51","","","","","","NA"
"-114.01","51.12","CALGARY INTL A","3031092","2025-02-23 13:00","2025","02","23","13:00","","10.8","","-9.4","","23","","","","27","","37","","48.3","","87.57","","","","","","NA"
"-114.01","51.12","CALGARY INTL A","3031092","2025-02-23 14:00","2025","02","23","14:00","","10.5","","-10.2","","22","","","","28","","37","","48.3","","87.60","","","","","","Mainly Clear"
"-114.01","51.12","CALGARY INTL A","3031092","2025-02-23 15:00","2025","02","23","15:00","","10.1","","-9.3","","25","","","","27","","35","","64.4","","87.65","","","","","","NA"
"-114.01","51.12","CALGARY INTL A","3031092","2025-02-23 16:00","2025","02","23","16:00","","9.8","","-9.6","","24","","","","27","","28","","64.4","","87.64","","","","","","NA"
"-114.01","51.12","CALGARY INTL A","3031092","2025-02-23 17:00","2025","02","23","17:00","","9.2","","-10.8","","23","","","","28","","29","","64.4","","87.79","","","","","","Mainly Clear"
"-114.01","51.12","CALGARY INTL A","3031092","2025-02-23 18:00","2025","02","23","18:00","","7.6","","-10.6","","26","","","","28","","17","","64.4","","87.82","","","","","","NA"
"-114.01","51.12","CALGARY INTL A","3031092","2025-02-23 19:00","2025","02","23","19:00","","6.0","","-10.2","","30","","","","27","","10","","24.1","","87.83","","","","","","NA"
"-114.01","51.12","CALGARY INTL A","3031092","2025-02-23 20:00","2025","02","23","20:00","","4.8","","-10.1","","33","","","","27","","12","","24.1","","87.79","","","","","","Mostly Cloudy"
"-114.01","51.12","CALGARY INTL A","3031092","2025-02-23 21:00","2025","02","23","21:00","","5.9","","-10.6","","30","","","","27","","16","","24.1","","87.79","","","","","","NA"
"-114.01","51.12","CALGARY INTL A","3031092","2025-02-23 22:00","2025","02","23","22:00","","3.9","","-9.8","","36","","","","1","","8","","24.1","","87.72","","","","","","NA"
"-114.01","51.12","CALGARY INTL A","3031092","2025-02-23 23:00","2025","02","23","23:00","","5.2","","-10.9","","30","","","","31","","19","","24.1","","87.64","","","","","","Mostly Cloudy"
"-114.01","51.12","CALGARY INTL A","3031092","2025-02-24 00:00","2025","02","24","00:00","","4.4","","-10.6","","33","","","","21","","8","","24.1","","87.64","","","","","","NA"
"-114.01","51.12","CALGARY INTL A","3031092","2025-02-24 01:00","2025","02","24","01:00","","3.4","","-10.0","","37","","","","23","","14","","24.1","","87.67","","","","","","NA"
"-114.01","51.12","CALGARY INTL A","3031092","2025-02-24 02:00","2025","02","24","02:00","","1.8","","-9.2","","44","","","","20","","7","","24.1","","87.70","","","","","","Mostly Cloudy"
"-114.01","51.12","CALGARY INTL A","3031092","2025-02-24 03:00","2025","02","24","03:00","","3.5","","-6.6","","48","","","","24","","15","","8.1","","87.83","","","","","","Fog"
"-114.01","51.12","CALGARY INTL A","3031092","2025-02-24 04:00","2025","02","24","04:00","","1.9","","-0.9","","82","","","","20","","18","","4.0","","87.90","","","","","","Rain,Fog"
"-114.01","51.12","CALGARY INTL A","3031092","2025-02-24 05:00","2025","02","24","05:00","","1.4","","-0.8","","86","","","","23","","20","","16.1","","87.87","","","","","","Cloudy"
"-114.01","51.12","CALGARY INTL A","3031092","2025-02-24 06:00","2025","02","24","06:00","","1.0","","-0.6","","89","","","","23","","18","","16.1","","87.92","","","","","","NA"
"-114.01","51.12","CALGARY INTL A","3031092","2025-02-24 07:00","2025","02","24","07:00","","1.0","","-1.0","","87","","","","23","","17","","16.1","","87.95","","","","","","NA"
"-114.01","51.12","CALGARY INTL A","3031092","2025-02-24 08:00","2025","02","24","08:00","","0.9","","-1.8","","82","","","","21","","11","","48.3","","87.96","","","","","","Mostly Cloudy"
"-114.01","51.12","CALGARY INTL A","3031092","2025-02-24 09:00","2025","02","24","09:00","","2.9","","-2.3","","69","","","","23","","13","","48.3","","88.00","","","","","","NA"
"-114.01","51.12","CALGARY INTL A","3031092","2025-02-24 10:00","2025","02","24","10:00","","5.1","","-2.8","","57","","","","25","","9","","64.4","","88.03","","","","","","NA"
"-114.01","51.12","CALGARY INTL A","3031092","2025-02-24 11:00","2025","02","24","11:00","","8.3","","-7.5","","32","","","","27","","24","","64.4","","88.02","","","","","","Mainly Clear"
"-114.01","51.12","CALGARY INTL A","3031092","2025-02-24 12:00","2025","02","24","12:00","","8.9","","-9.3","","26","","","","29","","35","","64.4","","88.07","","","","","","NA"
"-114.01","51.12","CALGARY INTL A","3031092","2025-02-24 13:00","2025","02","24","13:00","","9.6","","-10.6","","23","","","","27","","31","","64.4","","88.04","","","","","","NA"
"-114.01","51.12","CALGARY INTL A","3031092","2025-02-24 14:00","2025","02","24","14:00","","9.7","","-11.4","","21","","","","28","","35","","64.4","","87.98","","","","","","Mainly Clear"
"-114.01","51.12","CALGARY INTL A","3031092","2025-02-24 15:00","2025","02","24","15:00","","9.8","","-11.2","","22","","","","27","","19","","64.4","","87.94","","","","","","NA"
"-114.01","51.12","CALGARY INTL A","3031092","2025-02-24 16:00","2025","02","24","16:00","","10.0","","-11.1","","22","","","","28","","18","","64.4","","87.91","","","","","","NA"
"-114.01","51.12","CALGARY INTL A","3031092","2025-02-24 17:00","2025","02","24","17:00","","9.4","","-10.4","","24","","","","29","","24","","64.4","","87.87","","","","","","Mostly Cloudy"
"-114.01","51.12","CALGARY INTL A","3031092","2025-02-24 18:00","2025","02","24","18:00","","7.7","","-9.6","","28","","","","29","","14","","64.4","","87.80","","","","","","NA"
"-114.01","51.12","CALGARY INTL A","3031092","2025-02-24 19:00","2025","02","24","19:00","","6.6","","-9.6","","31","","","","29","","9","","24.1","","87.78","","","","","","NA"
"-114.01","51.12","CALGARY INTL A","3031092","2025-02-24 20:00","2025","02","24","20:00","","5.3","","-9.0","","35","","","","21","","4","","24.1","","87.74","","","","","","Mostly Cloudy"
"-114.01","51.12","CALGARY INTL A","3031092","2025-02-24 21:00","2025","02","24","21:00","","4.8","","-9.2","","35","","","","29","","8","","24.1","","87.68","","","","","","NA"
"-114.01","51.12","CALGARY INTL A","3031092","2025-02-24 22:00","2025","02","24","22:00","","4.0","","-8.7","","39","","","","36","","5","","24.1","","87.67","","","","","","NA"
"-114.01","51.12","CALGARY INTL A","3031092","2025-02-24 23:00","2025","02","24","23:00","","1.7","","-6.9","","53","","","","6","","4","","24.1","","87.65","","","","","","Mostly Cloudy"
"-114.01","51.12","CALGARY INTL A","3031092","2025-02-25 00:00","2025","02","25","00:00","","2.7","","-6.9","","49","","","","20","","10","","24.1","","87.65","","","","","","NA"
"-114.01","51.12","CALGARY INTL A","3031092","2025-02-25 01:00","2025","02","25","01:00","","2.4","","-6.8","","51","","","","23","","5","","24.1","","87.66","","","","","","NA"
"-114.01","51.12","CALGARY INTL A","3031092","2025-02-25 02:00","2025","02","25","02:00","","3.7","","-7.8","","43","","","","27","","9","","24.1","","87.67","","","","","","Mostly Cloudy"
"-114.01","51.12","CALGARY INTL A","3031092","2025-02-25 03:00","2025","02","25","03:00","","3.2","","-7.6","","45","","","","4","","3","","24.1","","87.67","","","","","","NA"
"-114.01","51.12","CALGARY INTL A","3031092","2025-02-25 04:00","2025","02","25","04:00","","3.5","","-7.6","","44","","","","22","","10","","24.1","","87.68","","","","","","NA"
"-114.01","51.12","CALGARY INTL A","3031092","2025-02-25 05:00","2025","02","25","05:00","","3.5","","-7.4","","45","","","","33","","7","","24.1","","87.71","","","","","","Mostly Cloudy"
"-114.01","51.12","CALGARY INTL A","3031092","2025-02-25 06:00","2025","02","25","06:00","","2.8","","-6.4","","51","","","","25","","4","","24.1","","87.74","","","","","","NA"
"-114.01","51.12","CALGARY INTL A","3031092","2025-02-25 07:00","2025","02","25","07:00","","1.4","","-6.1","","58","","","","19","","10","","24.1","","87.76","","","","","","NA"
"-114.01","51.12","CALGARY INTL A","3031092","2025-02-25 08:00","2025","02","25","08:00","","2.5","","-7.0","","50","","","","22","","7","","56.3","","87.79","","","","","","Mostly Cloudy"
"-114.01","51.12","CALGARY INTL A","3031092","2025-02-25 09:00","2025","02","25","09:00","","4.4","","-7.1","","43","","","","","","0","","64.4","","87.82","","","","","","NA"
"-114.01","51.12","CALGARY INTL A","3031092","2025-02-25 10:00","2025","02","25","10:00","","7.0","","-7.5","","35","","","","28","","14","","64.4","","87.85","","","","","","NA"
"-114.01","51.12","CALGARY INTL A","3031092","2025-02-25 11:00","2025","02","25","11:00","","8.5","","-8.4","","29","","","","28","","24","","64.4","","87.85","","","","","","Mainly Clear"
"-114.01","51.12","CALGARY INTL A","3031092","2025-02-25 12:00","2025","02","25","12:00","","9.4","","-8.7","","27","","","","29","","33","","64.4","","87.88","","","","","","NA"
"-114.01","51.12","CALGARY INTL A","3031092","2025-02-25 13:00","2025","02","25","13:00","","10.1","","-9.0","","25","","","","28","","28","","64.4","","87.92","","","","","","NA"
"-114.01","51.12","CALGARY INTL A","3031092","2025-02-25 14:00","2025","02","25","14:00","","10.3","","-8.7","","25","","","","26","","19","","64.4","","87.93","","","","","","Mainly Clear"
"-114.01","51.12","CALGARY INTL A","3031092","2025-02-25 15:00","2025","02","25","15:00","","10.6","","-9.1","","24","","","","28","","32","","64.4","","87.96","","","","","","NA"
"-114.01","51.12","CALGARY INTL A","3031092","2025-02-25 16:00","2025","02","25","16:00","","10.4","","-9.1","","25","","","","28","","30","","56.3","","88.04","","","","","","NA"
"-114.01","51.12","CALGARY INTL A","3031092","2025-02-25 17:00","2025","02","25","17:00","","9.4","","-8.9","","26","","","","27","","29","","48.3","","88.12","","","","","","Mainly Clear"
"-114.01","51.12","CALGARY INTL A","3031092","2025-02-25 18:00","2025","02","25","18:00","","7.7","","-8.3","","31","","","","29","","21","","64.4","","88.25","","","","","","NA"
"-114.01","51.12","CALGARY INTL A","3031092","2025-02-25 19:00","2025","02","25","19:00","","5.2","","-7.8","","39","","","","32","","10","","24.1","","88.34","","","","","","NA"
"-114.01","51.12","CALGARY INTL A","3031092","2025-02-25 20:00","2025","02","25","20:00","","3.3","","-7.2","","46","","","","34","","10","","24.1","","88.45","","","","","","Clear"
"-114.01","51.12","CALGARY INTL A","3031092","2025-02-25 21:00","2025","02","25","21:00","","4.2","","-7.5","","42","","","","31","","17","","24.1","","88.51","","","","","","NA"
"-114.01","51.12","CALGARY INTL A","3031092","2025-02-25 22:00","2025","02","25","22:00","","1.9","","-6.6","","53","","","","","","0","","24.1","","88.55","","","","","","NA"
"-114.01","51.12","CALGARY INTL A","3031092","2025-02-25 23:00","2025","02","25","23:00","","-1.2","","-6.9","","65","","","","36","","6","","24.1","","88.62","","","","-3","","Clear"
"-114.01","51.12","CALGARY INTL A","3031092","2025-02-26 00:00","2025","02","26","00:00","","2.1","","-7.3","","50","","","","31","","5","","24.1","","88.68","","","","","","NA"
"-114.01","51.12","CALGARY INTL A","3031092","2025-02-26 01:00","2025","02","26","01:00"
"-114.01","51.12","CALGARY INTL A","3031092","2025-02-26 02:00","2025","02","26","02:00","","4.8","","-8.3","","38","","","","28","","27","","24.1","","88.87","","","","","","Clear"
"-114.01","51.12","CALGARY INTL A","3031092","2025-02-26 03:00","2025","02","26","03:00","","4.6","","-8.5","","38","","","","28","","26","","24.1","","88.93","","","","","","NA"
"-114.01","51.12","CALGARY INTL A","3031092","2025-02-26 04:00","2025","02","26","04:00","","4.7","","-8.7","","37","","","","27","","25","","24.1","","88.95","","","","","","NA"
"-114.01","51.12","CALGARY INTL A","3031092","2025-02-26 05:00","2025","02","26","05:00","","4.3","","-8.7","","38","","","","26","","13","","24.1","","88.96","","","","","","Clear"
"-114.01","51.12","CALGARY INTL A","3031092","2025-02-26 06:00","2025","02","26","06:00","","1.0","","-8.4","","50","","","","22","","9","","24.1","","88.98","","","","","","NA"
"-114.01","51.12","CALGARY INTL A","3031092","2025-02-26 07:00","2025","02","26","07:00","","1.3","","-8.3","","49","","","","20","","12","","48.3","","89.00","","","","","","NA"
"-114.01","51.12","CALGARY INTL A","3031092","2025-02-26 08:00","2025","02","26","08:00","","0.2","","-7.7","","55","","","","18","","13","","64.4","","89.03","","","","","","Cloudy"
"-114.01","51.12","CALGARY INTL A","3031092","2025-02-26 09:00","2025","02","26","09:00","","2.8","","-7.6","","46","","","","16","","15","","64.4","","89.02","","","","","","NA"
"-114.01","51.12","CALGARY INTL A","3031092","2025-02-26 10:00","2025","02","26","10:00","","5.5","","-7.6","","38","","","","16","","17","","64.4","","89.06","","","","","","NA"
"-114.01","51.12","CALGARY INTL A","3031092","2025-02-26 11:00","2025","02","26","11:00","","9.4","","-7.9","","29","","","","28","","22","","64.4","","89.07","","","","","","Mainly Clear"
"-114.01","51.12","CALGARY INTL A","3031092","2025-02-26 12:00","2025","02","26","12:00","","10.9","","-8.1","","26","","","","28","","21","","64.4","","89.10","","","","","","NA"
"-114.01","51.12","CALGARY INTL A","3031092","2025-02-26 13:00","2025","02","26","13:00","","12.1","","-8.4","","23","","","","31","","17","","64.4","","89.11","","","","","","NA"
"-114.01","51.12","CALGARY INTL A","3031092","2025-02-26 14:00","2025","02","26","14:00","","12.7","","-8.0","","23","","","","27","","15","","64.4","","89.07","","","","","","Mostly Cloudy"
"-114.01","51.12","CALGARY INTL A","3031092","2025-02-26 15:00","2025","02","26","15:00","","12.8","","-7.7","","23","","","","30","","25","","64.4","","89.09","","","","","","NA"
"-114.01","51.12","CALGARY INTL A","3031092","2025-02-26 16:00","2025","02","26","16:00","","12.0","","-7.5","","25","","","","28","","30","","48.3","","89.12","","","","","","NA"
"-114.01","51.12","CALGARY INTL A","3031092","2025-02-26 17:00","2025","02","26","17:00","","10.6","","-6.9","","29","","","","27","","28","","48.3","","89.11","","","","","","Mostly Cloudy"
"-114.01","51.12","CALGARY INTL A","3031092","2025-02-26 18:00","2025","02","26","18:00","","9.1","","-6.8","","32","","","","27","","25","","48.3","","89.11","","","","","","NA"
"-114.01","51.12","CALGARY INTL A","3031092","2025-02-26 19:00","2025","02","26","19:00","","8.2","","-6.6","","35","","","","27","","24","","24.1","","89.14","","","","","","NA"
"-114.01","51.12","CALGARY INTL A","3031092","2025-02-26 20:00","2025","02","26","20:00","","7.6","","-6.6","","36","","","","27","","19","","24.1","","89.11","","","","","","Mostly Cloudy"
"-114.01","51.12","CALGARY INTL A","3031092","2025-02-26 21:00","2025","02","26","21:00","","8.0","","-6.8","","34","","","","28","","22","","24.1","","89.11","","","","","","NA"
"-114.01","51.12","CALGARY INTL A","3031092","2025-02-26 22:00","2025","02","26","22:00","","8.9","","-7.4","","31","","","","27","","23","","24.1","","89.10","","","","","","NA"
"-114.01","51.12","CALGARY INTL A","3031092","2025-02-26 23:00","2025","02","26","23:00","","6.0","","-6.5","","40","","","","22","","13","","24.1","","89.05","","","","","","Mainly Clear"
"-114.01","51.12","CALGARY INTL A","3031092","2025-02-27 00:00","2025","02","27","00:00","","4.3","","-5.9","","47","","","","17","","11","","24.1","","88.99","","","","","","NA"
"-114.01","51.12","CALGARY INTL A","3031092","2025-02-27 01:00","2025","02","27","01:00","","4.5","","-5.8","","47","","","","19","","9","","24.1","","88.88","","","","","","NA"
"-114.01","51.12","CALGARY INTL A","3031092","2025-02-27 02:00","2025","02","27","02:00","","4.0","","-5.8","","49","","","","18","","8","","24.1","","88.83","","","","","","Mostly Cloudy"
"-114.01","51.12","CALGARY INTL A","3031092","2025-02-27 03:00","2025","02","27","03:00","","3.2","","-5.7","","52","","","","19","","15","","24.1","","88.70","","","","","","NA"
"-114.01","51.12","CALGARY INTL A","3031092","2025-02-27 04:00","2025","02","27","04:00","","2.5","","-5.5","","55","","","","20","","13","","24.1","","88.59","","","","","","NA"
"-114.01","51.12","CALGARY INTL A","3031092","2025-02-27 05:00","2025","02","27","05:00","","2.3","","-5.8","","55","","","","18","","13","","24.1","","88.50","","","","","","Mostly Cloudy"
"-114.01","51.12","CALGARY INTL A","3031092","2025-02-27 06:00","2025","02","27","06:00","","3.8","","-7.1","","45","","","","21","","16","","24.1","","88.43","","","","","","NA"
"-114.01","51.12","CALGARY INTL A","3031092","2025-02-27 07:00","2025","02","27","07:00","","2.0","","-7.4","","50","","","","8","","4","","32.2","","88.38","","","","","","NA"
"-114.01","51.12","CALGARY INTL A","3031092","2025-02-27 08:00","2025","02","27","08:00","","9.9","","-10.1","","23","","","","28","","33","","64.4","","88.26","","","","","","Mostly Cloudy"
"-114.01","51.12","CALGARY INTL A","3031092","2025-02-27 09:00","2025","02","27","09:00","","9.2","","-9.7","","25","","","","23","","7","","64.4","","88.24","","","","","","NA"
"-114.01","51.12","CALGARY INTL A","3031092","2025-02-27 10:00","2025","02","27","10:00","","13.4","","-8.8","","21","","","","27","","48","","48.3","","88.22","","","","","","NA"
"-114.01","51.12","CALGARY INTL A","3031092","2025-02-27 11:00","2025","02","27","11:00","","13.2","","-7.4","","23","","","","28","","49","","64.4","","88.25","","","","","","Mainly Clear"
"-114.01","51.12","CALGARY INTL A","3031092","2025-02-27 12:00","2025","02","27","12:00","","13.5","","-6.1","","25","","","","28","","40","","48.3","","88.30","","","","","","NA"
"-114.01","51.12","CALGARY INTL A","3031092","2025-02-27 13:00","2025","02","27","13:00","","14.6","","-5.7","","24","","","","31","","39","","48.3","","88.32","","","","","","NA"
"-114.01","51.12","CALGARY INTL A","3031092","2025-02-27 14:00","2025","02","27","14:00","","14.5","","-6.4","","23","","","","29","","38","","48.3","","88.35","","","","","","Mostly Cloudy"
"-114.01","51.12","CALGARY INTL A","3031092","2025-02-27 15:00","2025","02","27","15:00","","14.1","","-6.8","","23","","","","28","","37","","48.3","","88.40","","","","","","NA"
"-114.01","51.12","CALGARY INTL A","3031092","2025-02-27 16:00","2025","02","27","16:00","","14.4","","-6.8","","22","","","","28","","27","","48.3","","88.40","","","","","","NA"
"-114.01","51.12","CALGARY INTL A","3031092","2025-02-27 17:00","2025","02","27","17:00","","13.1","","-6.8","","24","","","","27","","31","","32.2","","88.47","","","","","","Mostly Cloudy"
"-114.01","51.12","CALGARY INTL A","3031092","2025-02-27 18:00","2025","02","27","18:00","","11.5","","-6.5","","28","","","","28","","21","","24.1","","88.58","","","","","","NA"
"-114.01","51.12","CALGARY INTL A","3031092","2025-02-27 19:00","2025","02","27","19:00","","9.1","","-6.5","","32","","","","30","","10","","24.1","","88.70","","","","","","NA"
"-114.01","51.12","CALGARY INTL A","3031092","2025-02-27 20:00","2025","02","27","20:00","","7.3","","-6.4","","37","","","","35","","9","","24.1","","88.76","","","","","","Mainly Clear"
"-114.01","51.12","CALGARY INTL A","3031092","2025-02-27 21:00","2025","02","27","21:00","","5.3","","-6.1","","43","","","","1","","5","","24.1","","88.82","","","","","","NA"
"-114.01","51.12","CALGARY INTL A","3031092","2025-02-27 22:00","2025","02","27","22:00","","4.9","","-6.0","","45","","","","35","","5","","24.1","","88.92","","","","","","NA"
"-114.01","51.12","CALGARY INTL A","3031092","2025-02-27 23:00","2025","02","27","23:00","","1.4","","-5.5","","60","","","","35","","14","","24.1","","88.98","","","","","","Mostly Cloudy"
"-114.01","51.12","CALGARY INTL A","3031092","2025-02-28 00:00","2025","02","28","00:00","","2.1","","-5.9","","56","","","","","","0","","24.1","","89.01","","","","","","NA"
"-114.01","51.12","CALGARY INTL A","3031092","2025-02-28 01:00","2025","02","28","01:00","","0.0","","-6.3","","63","","","","21","","8","","24.1","","89.11","","","","-3","","NA"
"-114.01","51.12","CALGARY INTL A","3031092","2025-02-28 02:00","2025","02","28","02:00","","-0.6","","-6.0","","67","","","","","","0","","24.1","","89.16","","","","","","Clear"
"-114.01","51.12","CALGARY INTL A","3031092","2025-02-28 03:00","2025","02","28","03:00","","-2.6","","-7.0","","72","","","","28","","4","","24.1","","89.17","","","","-4","","NA"
"-114.01","51.12","CALGARY INTL A","3031092","2025-02-28 04:00","2025","02","28","04:00","","-0.9","","-6.1","","68","","","","23","","6","","24.1","","89.20","","","","-3","","NA"
"-114.01","51.12","CALGARY INTL A","3031092","2025-02-28 05:00","2025","02","28","05:00","","-1.5","","-6.1","","71","","","","24","","3","","24.1","","89.19","","","","-3","","Clear"
"-114.01","51.12","CALGARY INTL A","3031092","2025-02-28 06:00","2025","02","28","06:00","","-2.8","","-6.7","","75","","","","","","0","","24.1","","89.18","","","","","","NA"
"-114.01","51.12","CALGARY INTL A","3031092","2025-02-28 07:00","2025","02","28","07:00","","-2.3","","-6.2","","75","","","","20","","4","","24.1","","89.15","","","","-4","","NA"
"-114.01","51.12","CALGARY INTL A","3031092","2025-02-28 08:00","2025","02","28","08:00","","-1.3","","-5.8","","72","","","","17","","9","","64.4","","89.09","","","","-5","","Mostly Cloudy"
"-114.01","51.12","CALGARY INTL A","3031092","2025-02-28 09:00","2025","02","28","09:00","","3.0","","-4.9","","56","","","","18","","8","","64.4","","89.09","","","","","","NA"
"-114.01","51.12","CALGARY INTL A","3031092","2025-02-28 10:00","2025","02","28","10:00","","4.9","","-6.1","","45","","","","19","","17","","64.4","","89.07","","","","","","NA"
"-114.01","51.12","CALGARY INTL A","3031092","2025-02-28 11:00","2025","02","28","11:00","","6.7","","-6.9","","37","","","","17","","16","","64.4","","89.04","","","","","","Mostly Cloudy"
"-114.01","51.12","CALGARY INTL A","3031092","2025-02-28 12:00","2025","02","28","12:00","","7.8","","-5.8","","38","","","","16","","15","","64.4","","89.04","","","","","","NA"
"-114.01","51.12","CALGARY INTL A","3031092","2025-02-28 13:00","2025","02","28","13:00","","8.7","","-5.4","","36","","","","15","","12","","64.4","","89.00","","","","","","NA"
"-114.01","51.12","CALGARY INTL A","3031092","2025-02-28 14:00","2025","02","28","14:00","","9.5","","-3.6","","39","","","","14","","12","","48.3","","88.99","","","","","","Mostly Cloudy"
"-114.01","51.12","CALGARY INTL A","3031092","2025-02-28 15:00","2025","02","28","15:00","","9.5","","-3.6","","39","","","","15","","13","","48.3","","88.98","","","","","","NA"
"-114.01","51.12","CALGARY INTL A","3031092","2025-02-28 16:00","2025","02","28","16:00","","8.6","","-2.5","","46","","","","16","","13","","48.3","","88.99","","","","","","NA"
"-114.01","51.12","CALGARY INTL A","3031092","2025-02-28 17:00","2025","02","28","17:00","","7.3","","-2.0","","52","","","","12","","15","","48.3","","88.98","","","","","","Cloudy"
"-114.01","51.12","CALGARY INTL A","3031092","2025-02-28 18:00","2025","02","28","18:00","","4.7","","-2.5","","59","","","","11","","17","","48.3","","88.98","","","","","","NA"
"-114.01","51.12","CALGARY INTL A","3031092","2025-02-28 19:00","2025","02","28","19:00","","3.2","","-4.2","","58","","","","15","","9","","24.1","","88.98","","","","","","NA"
"-114.01","51.12","CALGARY INTL A","3031092","2025-02-28 20:00","2025","02","28","20:00","","2.1","","-4.1","","63","","","","18","","9","","24.1","","88.98","","","","","","Mostly Cloudy"
"-114.01","51.12","CALGARY INTL A","3031092","2025-02-28 21:00","2025","02","28","21:00","","1.9","","-3.9","","66","","","","","","0","","24.1","","88.98","","","","","","NA"
"-114.01","51.12","CALGARY INTL A","3031092","2025-02-28 22:00","2025","02","28","22:00","","0.9","","-3.1","","74","","","","14","","8","","24.1","","88.99","","","","","","NA"
"-114.01","51.12","CALGARY INTL A","3031092","2025-02-28 23:00","2025","02","28","23:00","","1.3","","-3.2","","72","","","","20","","5","","24.1","","88.99","","","","","","Mostly Cloudy"
