"Longitude (x)","Latitude (y)","Station Name","Climate ID","Date/Time (LST)","Year","Month","Day","Time (LST)","Flag","Temp (°C)","Temp Flag","Dew Point Temp (°C)","Dew Point Temp Flag","Rel Hum (%)","Rel Hum Flag","Precip. Amount (mm)","Precip. Amount Flag","Wind Dir (10s deg)","Wind Dir Flag","Wind Spd (km/h)","Wind Spd Flag","Visibility (km)","Visibility Flag","Stn Press (kPa)","Stn Press Flag","Hmdx","Hmdx Flag","Wind Chill","Wind Chill Flag","Weather"
"-114.01","51.12","CALGARY INTL A","3031092","2025-12-01 00:00","2025","12","01","00:00","","-8.2","","-11.1","","80","","","","","","0","","24.1","","89.05","","","","","","NA"
"-114.01","51.12","CALGARY INTL A","3031092","2025-12-01 01:00","2025","12","01","01:00","","-9.0","","-11.5","","82","","","","19","","4","","24.1","","89.02","","","","-11","","NA"
"-114.01","51.12","CALGARY INTL A","3031092","2025-12-01 02:00","2025","12","01","02:00","","-9.0","","-11.6","","82","","","","22","","5","","24.1","","88.96","","","","-12","","Mainly Clear"
"-114.01","51.12","CALGARY INTL A","3031092","2025-12-01 03:00","2025","12","01","03:00","","-9.3","","-12.4","","79","","","","22","","12","","24.1","","88.86","","","","-15","","NA"
"-114.01","51.12","CALGARY INTL A","3031092","2025-12-01 04:00","2025","12","01","04:00","","-8.9","","-12.5","","76","","","","22","","9","","24.1","","88.80","","","","-14","","NA"
"-114.01","51.12","CALGARY INTL A","3031092","2025-12-01 05:00","2025","12","01","05:00","","-8.4","","-11.9","","76","","","","21","","8","","24.1","","88.72","","","","-13","","Mainly Clear"
"-114.01","51.12","CALGARY INTL A","3031092","2025-12-01 06:00","2025","12","01","06:00","","-7.4","","-11.3","","73","","","","19","","4","","24.1","","88.62","","","","-9","","NA"
"-114.01","51.12","CALGARY INTL A","3031092","2025-12-01 07:00","2025","12","01","07:00","","-9.4","","-11.8","","82","","","","","","0","","24.1","","88.59","","","","","","NA"
"-114.01","51.12","CALGARY INTL A","3031092","2025-12-01 08:00","2025","12","01","08:00","","-10.1","","-12.8","","81","","","","19","","8","","64.4","","88.51","","","","-15","","Mostly Cloudy"
"-114.01","51.12","CALGARY INTL A","3031092","2025-12-01 09:00","2025","12","01","09:00","","-8.8","","-12.1","","77","","","","","","0","","64.4","","88.46","","","","","","NA"
"-114.01","51.12","CALGARY INTL A","3031092","2025-12-01 10:00","2025","12","01","10:00","","-4.6","","-10.5","","64","","","","23","","16","","64.4","","88.39","","","","-10","","NA"
"-114.01","51.12","CALGARY INTL A","3031092","2025-12-01 11:00","2025","12","01","11:00","","-2.1","","-8.6","","61","","","","22","","8","","64.4","","88.36","","","","-5","","Mostly Cloudy"
"-114.01","51.12","CALGARY INTL A","3031092","2025-12-01 12:00","2025","12","01","12:00","","-0.7","","-6.9","","63","","","","23","","4","","64.4","","88.30","","","","-2","","NA"
"-114.01","51.12","CALGARY INTL A","3031092","2025-12-01 13:00","2025","12","01","13:00","","1.5","","-6.4","","56","","","","26","","5","","64.4","","88.26","","","","","","NA"
"-114.01","51.12","CALGARY INTL A","3031092","2025-12-01 14:00","2025","12","01","14:00","","3.8","","-5.3","","51","","","","29","","7","","64.4","","88.12","","","","","","Mostly Cloudy"
"-114.01","51.12","CALGARY INTL A","3031092","2025-12-01 15:00","2025","12","01","15:00","","4.4","","-4.8","","51","","","","23","","13","","64.4","","88.02","","","","","","NA"
"-114.01","51.12","CALGARY INTL A","3031092","2025-12-01 16:00","2025","12","01","16:00","","3.3","","-4.7","","56","","","","23","","10","","64.4","","88.01","","","","","","NA"
"-114.01","51.12","CALGARY INTL A","3031092","2025-12-01 17:00","2025","12","01","17:00","","2.6","","-4.8","","58","","","","18","","11","","64.4","","87.96","","","","","","Mostly Cloudy"
"-114.01","51.12","CALGARY INTL A","3031092","2025-12-01 18:00","2025","12","01","18:00","","4.9","","-5.2","","48","","","","27","","34","","24.1","","87.93","","","","","","NA"
"-114.01","51.12","CALGARY INTL A","3031092","2025-12-01 19:00","2025","12","01","19:00","","5.3","","-5.3","","46","","","","27","","33","","24.1","","87.86","","","","","","NA"
"-114.01","51.12","CALGARY INTL A","3031092","2025-12-01 20:00","2025","12","01","20:00","","4.9","","-4.9","","49","","","","29","","10","","24.1","","87.85","","","","","","Mostly Cloudy"
"-114.01","51.12","CALGARY INTL A","3031092","2025-12-01 21:00","2025","12","01","21:00","","5.4","","-5.1","","47","","","","28","","30","","24.1","","87.88","","","","","","NA"
"-114.01","51.12","CALGARY INTL A","3031092","2025-12-01 22:00","2025","12","01","22:00","","5.3","","-5.6","","45","","","","28","","27","","24.1","","87.90","","","","","","NA"
"-114.01","51.12","CALGARY INTL A","3031092","2025-12-01 23:00","2025","12","01","23:00","","4.4","","-5.0","","50","","","","32","","14","","24.1","","87.88","","","","","","Mostly Cloudy"
"-114.01","51.12","CALGARY INTL A","3031092","2025-12-02 00:00","2025","12","02","00:00","","4.6","","-5.6","","47","","","","28","","31","","24.1","","87.91","","","","","","NA"
"-114.01","51.12","CALGARY INTL A","3031092","2025-12-02 01:00","2025","12","02","01:00","","4.6","","-6.2","","46","","","","29","","30","","24.1","","87.93","","","","","","NA"
"-114.01","51.12","CALGARY INTL A","3031092","2025-12-02 02:00","2025","12","02","02:00","","4.4","","-6.4","","45","","","","28","","30","","24.1","","87.98","","","","","","Mostly Cloudy"
"-114.01","51.12","CALGARY INTL A","3031092","2025-12-02 03:00","2025","12","02","03:00","","1.8","","-5.0","","61","","","","36","","16","","24.1","","88.06","","","","","","NA"
"-114.01","51.12","CALGARY INTL A","3031092","2025-12-02 04:00","2025","12","02","04:00","","2.1","","-5.8","","56","","","","32","","22","","24.1","","88.11","","","","","","NA"
"-114.01","51.12","CALGARY INTL A","3031092","2025-12-02 05:00","2025","12","02","05:00","","1.3","","-6.2","","57","","","","32","","7","","24.1","","88.14","","","","","","Mostly Cloudy"
"-114.01","51.12","CALGARY INTL A","3031092","2025-12-02 06:00","2025","12","02","06:00","","1.4","","-6.1","","58","","","","33","","8","","24.1","","88.20","","","","","","NA"
"-114.01","51.12","CALGARY INTL A","3031092","2025-12-02 07:00","2025","12","02","07:00","","0.2","","-5.8","","64","","","","33","","11","","24.1","","88.28","","","","","","NA"
"-114.01","51.12","CALGARY INTL A","3031092","2025-12-02 08:00","2025","12","02","08:00","","1.6","","-3.0","","72","","","","33","","23","","64.4","","88.38","","","","","","Cloudy"
"-114.01","51.12","CALGARY INTL A","3031092","2025-12-02 09:00","2025","12","02","09:00","","1.2","","-1.0","","85","","","","32","","21","","6.4","","88.48","","","","","","Snow"
"-114.01","51.12","CALGARY INTL A","3031092","2025-12-02 10:00","2025","12","02","10:00","","1.6","","-1.0","","83","","","","31","","26","","19.3","","88.55","","","","","","NA"
"-114.01","51.12","CALGARY INTL A","3031092","2025-12-02 11:00","2025","12","02","11:00","","2.0","","-1.6","","77","","","","32","","25","","19.3","","88.61","","","","","","Snow"
"-114.01","51.12","CALGARY INTL A","3031092","2025-12-02 12:00","2025","12","02","12:00","","2.3","","-2.1","","73","","","","31","","25","","48.3","","88.65","","","","","","Snow"
"-114.01","51.12","CALGARY INTL A","3031092","2025-12-02 13:00","2025","12","02","13:00","","0.2","","-1.0","","92","","","","36","","20","","8.1","","88.77","","","","","","Snow"
"-114.01","51.12","CALGARY INTL A","3031092","2025-12-02 14:00","2025","12","02","14:00","","-0.4","","-2.0","","89","","","","36","","23","","24.1","","88.86","","","","-6","","Snow"
"-114.01","51.12","CALGARY INTL A","3031092","2025-12-02 15:00","2025","12","02","15:00","","-3.0","","-5.0","","86","","","","3","","29","","9.7","","88.95","","","","-10","","Fog"
"-114.01","51.12","CALGARY INTL A","3031092","2025-12-02 16:00","2025","12","02","16:00","","-3.3","","-5.1","","87","","","","2","","13","","14.5","","89.06","","","","-8","","Snow"
"-114.01","51.12","CALGARY INTL A","3031092","2025-12-02 17:00","2025","12","02","17:00","","-3.8","","-5.4","","89","","","","3","","18","","2.4","","89.17","","","","-10","","Snow,Fog"
"-114.01","51.12","CALGARY INTL A","3031092","2025-12-02 18:00","2025","12","02","18:00","","-4.7","","-6.3","","89","","","","2","","12","","2.8","","89.25","","","","-9","","Snow,Fog"
"-114.01","51.12","CALGARY INTL A","3031092","2025-12-02 19:00","2025","12","02","19:00","","-5.2","","-6.9","","88","","","","1","","10","","4.8","","89.28","","","","-10","","Snow,Fog"
"-114.01","51.12","CALGARY INTL A","3031092","2025-12-02 20:00","2025","12","02","20:00","","-5.7","","-7.2","","89","","","","1","","7","","11.3","","89.36","","","","-9","","Mostly Cloudy"
"-114.01","51.12","CALGARY INTL A","3031092","2025-12-02 21:00","2025","12","02","21:00","","-5.5","","-7.2","","88","","","","7","","7","","12.9","","89.37","","","","-9","","NA"
"-114.01","51.12","CALGARY INTL A","3031092","2025-12-02 22:00","2025","12","02","22:00","","-5.2","","-7.1","","86","","","","13","","4","","6.4","","89.38","","","","-7","","Snow,Fog"
"-114.01","51.12","CALGARY INTL A","3031092","2025-12-02 23:00","2025","12","02","23:00","","-5.8","","-7.1","","90","","","","16","","9","","1.2","","89.39","","","","-10","","Snow"
"-114.01","51.12","CALGARY INTL A","3031092","2025-12-03 00:00","2025","12","03","00:00","","-6.0","","-7.4","","90","","","","16","","7","","4.8","","89.36","","","","-9","","Snow"
"-114.01","51.12","CALGARY INTL A","3031092","2025-12-03 01:00","2025","12","03","01:00","","-6.1","","-7.5","","90","","","","18","","11","","3.2","","89.31","","","","-11","","Snow"
"-114.01","51.12","CALGARY INTL A","3031092","2025-12-03 02:00","2025","12","03","02:00","","-6.0","","-7.2","","91","","","","19","","10","","4.8","","89.29","","","","-10","","Fog"
"-114.01","51.12","CALGARY INTL A","3031092","2025-12-03 03:00","2025","12","03","03:00","","-6.8","","-8.0","","91","","","","16","","10","","2.4","","89.25","","","","-11","","Fog"
"-114.01","51.12","CALGARY INTL A","3031092","2025-12-03 04:00","2025","12","03","04:00","","-7.0","","-7.9","","93","","","","19","","11","","2.0","","89.21","","","","-12","","Fog"
"-114.01","51.12","CALGARY INTL A","3031092","2025-12-03 05:00","2025","12","03","05:00","","-7.4","","-8.4","","92","","","","18","","12","","1.2","","89.14","","","","-13","","Fog"
"-114.01","51.12","CALGARY INTL A","3031092","2025-12-03 06:00","2025","12","03","06:00","","-8.9","","-10.2","","91","","","","19","","12","","8.1","","89.08","","","","-15","","Fog"
"-114.01","51.12","CALGARY INTL A","3031092","2025-12-03 07:00","2025","12","03","07:00","","-9.8","","-11.2","","90","","","","20","","11","","12.9","","89.03","","","","-15","","NA"
"-114.01","51.12","CALGARY INTL A","3031092","2025-12-03 08:00","2025","12","03","08:00","","-9.6","","-10.9","","90","","","","20","","12","","48.3","","88.98","","","","-15","","Mainly Clear"
"-114.01","51.12","CALGARY INTL A","3031092","2025-12-03 09:00","2025","12","03","09:00","","-8.1","","-9.4","","91","","","","23","","15","","64.4","","88.93","","","","-14","","NA"
"-114.01","51.12","CALGARY INTL A","3031092","2025-12-03 10:00","2025","12","03","10:00","","-8.4","","-9.7","","90","","","","19","","9","","64.4","","88.93","","","","-13","","NA"
"-114.01","51.12","CALGARY INTL A","3031092","2025-12-03 11:00","2025","12","03","11:00","","-4.5","","-7.8","","78","","","","21","","9","","64.4","","88.89","","","","-8","","Mostly Cloudy"
"-114.01","51.12","CALGARY INTL A","3031092","2025-12-03 12:00","2025","12","03","12:00","","-4.3","","-7.4","","79","","","","19","","13","","64.4","","88.80","","","","-9","","NA"
"-114.01","51.12","CALGARY INTL A","3031092","2025-12-03 13:00","2025","12","03","13:00","","-1.9","","-6.8","","69","","","","21","","13","","64.4","","88.75","","","","-6","","NA"
"-114.01","51.12","CALGARY INTL A","3031092","2025-12-03 14:00","2025","12","03","14:00","","-0.7","","-6.8","","63","","","","22","","12","","64.4","","88.69","","","","-5","","Mainly Clear"
"-114.01","51.12","CALGARY INTL A","3031092","2025-12-03 15:00","2025","12","03","15:00","","0.3","","-5.9","","63","","","","23","","10","","64.4","","88.61","","","","","","NA"
"-114.01","51.12","CALGARY INTL A","3031092","2025-12-03 16:00","2025","12","03","16:00","","-0.2","","-6.1","","64","","","","21","","10","","64.4","","88.63","","","","-4","","NA"
"-114.01","51.12","CALGARY INTL A","3031092","2025-12-03 17:00","2025","12","03","17:00","","-1.0","","-5.8","","70","","","","18","","11","","64.4","","88.57","","","","-5","","Mostly Cloudy"
"-114.01","51.12","CALGARY INTL A","3031092","2025-12-03 18:00","2025","12","03","18:00","","-1.5","","-7.2","","65","","","","16","","5","","24.1","","88.54","","","","-3","","NA"
"-114.01","51.12","CALGARY INTL A","3031092","2025-12-03 19:00","2025","12","03","19:00","","3.3","","-6.2","","50","","","","30","","18","","24.1","","88.55","","","","","","NA"
"-114.01","51.12","CALGARY INTL A","3031092","2025-12-03 20:00","2025","12","03","20:00","","4.0","","-6.4","","47","","","","28","","21","","24.1","","88.54","","","","","","Mostly Cloudy"
"-114.01","51.12","CALGARY INTL A","3031092","2025-12-03 21:00","2025","12","03","21:00","","3.5","","-6.3","","49","","","","33","","17","","24.1","","88.53","","","","","","NA"
"-114.01","51.12","CALGARY INTL A","3031092","2025-12-03 22:00","2025","12","03","22:00","","3.4","","-6.2","","50","","","","30","","22","","24.1","","88.53","","","","","","NA"
"-114.01","51.12","CALGARY INTL A","3031092","2025-12-03 23:00","2025","12","03","23:00","","0.5","","-6.4","","60","","","","34","","14","","24.1","","88.55","","","","","","Mainly Clear"
"-114.01","51.12","CALGARY INTL A","3031092","2025-12-04 00:00","2025","12","04","00:00","","-1.2","","-7.2","","64","","","","34","","14","","24.1","","88.54","","","","-6","","NA"
"-114.01","51.12","CALGARY INTL A","3031092","2025-12-04 01:00","2025","12","04","01:00","","-1.4","","-7.8","","62","","","","33","","8","","24.1","","88.49","","","","-4","","NA"
"-114.01","51.12","CALGARY INTL A","3031092","2025-12-04 02:00","2025","12","04","02:00","","-2.9","","-7.6","","70","","","","17","","6","","24.1","","88.44","","","","-5","","Mostly Cloudy"
"-114.01","51.12","CALGARY INTL A","3031092","2025-12-04 03:00","2025","12","04","03:00","","-2.6","","-6.8","","73","","","","18","","8","","24.1","","88.39","","","","-6","","NA"
"-114.01","51.12","CALGARY INTL A","3031092","2025-12-04 04:00","2025","12","04","04:00","","-2.5","","-6.8","","72","","","","19","","8","","24.1","","88.34","","","","-6","","NA"
"-114.01","51.12","CALGARY INTL A","3031092","2025-12-04 05:00","2025","12","04","05:00","","-0.8","","-6.1","","68","","","","21","","9","","24.1","","88.30","","","","-4","","Mostly Cloudy"
"-114.01","51.12","CALGARY INTL A","3031092","2025-12-04 06:00","2025","12","04","06:00","","0.3","","-4.5","","70","","","","33","","6","","24.1","","88.26","","","","","","NA"
"-114.01","51.12","CALGARY INTL A","3031092","2025-12-04 07:00","2025","12","04","07:00","","2.0","","-3.7","","66","","","","","","0","","24.1","","88.20","","","","","","NA"
"-114.01","51.12","CALGARY INTL A","3031092","2025-12-04 08:00","2025","12","04","08:00","","1.1","","-5.5","","61","","","","22","","4","","64.4","","88.17","","","","","","Mostly Cloudy"
"-114.01","51.12","CALGARY INTL A","3031092","2025-12-04 09:00","2025","12","04","09:00","","0.5","","-5.5","","64","","","","18","","5","","64.4","","88.19","","","","","","NA"
"-114.01","51.12","CALGARY INTL A","3031092","2025-12-04 10:00","2025","12","04","10:00","","4.2","","-6.0","","48","","","","31","","24","","64.4","","88.23","","","","","","NA"
"-114.01","51.12","CALGARY INTL A","3031092","2025-12-04 11:00","2025","12","04","11:00","","3.2","","-4.5","","57","","","","36","","15","","64.4","","88.30","","","","","","Mostly Cloudy"
"-114.01","51.12","CALGARY INTL A","3031092","2025-12-04 12:00","2025","12","04","12:00","","3.4","","-4.4","","57","","","","35","","13","","64.4","","88.27","","","","","","NA"
"-114.01","51.12","CALGARY INTL A","3031092","2025-12-04 13:00","2025","12","04","13:00","","2.8","","-1.4","","74","","","","4","","15","","48.3","","88.29","","","","","","NA"
"-114.01","51.12","CALGARY INTL A","3031092","2025-12-04 14:00","2025","12","04","14:00","","3.2","","-1.3","","73","","","","1","","13","","48.3","","88.29","","","","","","Mostly Cloudy"
"-114.01","51.12","CALGARY INTL A","3031092","2025-12-04 15:00","2025","12","04","15:00","","3.1","","-1.3","","72","","","","35","","7","","32.2","","88.31","","","","","","NA"
"-114.01","51.12","CALGARY INTL A","3031092","2025-12-04 16:00","2025","12","04","16:00","","2.7","","-2.3","","69","","","","36","","6","","32.2","","88.34","","","","","","NA"
"-114.01","51.12","CALGARY INTL A","3031092","2025-12-04 17:00","2025","12","04","17:00","","2.2","","-2.8","","70","","","","34","","14","","24.1","","88.41","","","","","","Mostly Cloudy"
"-114.01","51.12","CALGARY INTL A","3031092","2025-12-04 18:00","2025","12","04","18:00","","2.4","","-3.4","","66","","","","32","","19","","24.1","","88.43","","","","","","NA"
"-114.01","51.12","CALGARY INTL A","3031092","2025-12-04 19:00","2025","12","04","19:00","","2.2","","-3.5","","66","","","","33","","18","","24.1","","88.45","","","","","","NA"
"-114.01","51.12","CALGARY INTL A","3031092","2025-12-04 20:00","2025","12","04","20:00","","1.2","","-3.9","","69","","","","34","","11","","24.1","","88.47","","","","","","Mostly Cloudy"
"-114.01","51.12","CALGARY INTL A","3031092","2025-12-04 21:00","2025","12","04","21:00","","0.4","","-4.2","","71","","","","34","","18","","24.1","","88.53","","","","","","NA"
"-114.01","51.12","CALGARY INTL A","3031092","2025-12-04 22:00","2025","12","04","22:00","","-0.9","","-4.7","","75","","","","35","","17","","24.1","","88.58","","","","-6","","NA"
"-114.01","51.12","CALGARY INTL A","3031092","2025-12-04 23:00","2025","12","04","23:00","","-0.2","","-3.1","","81","","","","34","","19","","24.1","","88.62","","","","-5","","Mostly Cloudy"
"-114.01","51.12","CALGARY INTL A","3031092","2025-12-05 00:00","2025","12","05","00:00","","-0.1","","-2.3","","86","","","","34","","13","","24.1","","88.63","","","","-4","","NA"
"-114.01","51.12","CALGARY INTL A","3031092","2025-12-05 01:00","2025","12","05","01:00","","0.4","","-2.0","","84","","","","34","","12","","16.1","","88.64","","","","","","NA"
"-114.01","51.12","CALGARY INTL A","3031092","2025-12-05 02:00","2025","12","05","02:00","","0.6","","-2.2","","81","","","","35","","5","","12.9","","88.64","","","","","","Snow"
"-114.01","51.12","CALGARY INTL A","3031092","2025-12-05 03:00","2025","12","05","03:00","","0.1","","-1.6","","89","","","","25","","3","","12.9","","88.64","","","","","","Snow"
"-114.01","51.12","CALGARY INTL A","3031092","2025-12-05 04:00","2025","12","05","04:00","","-0.6","","-2.7","","86","","","","23","","7","","12.9","","88.64","","","","-3","","NA"
"-114.01","51.12","CALGARY INTL A","3031092","2025-12-05 05:00","2025","12","05","05:00","","-0.8","","-2.6","","87","","","","6","","10","","12.9","","88.64","","","","-4","","Cloudy"
"-114.01","51.12","CALGARY INTL A","3031092","2025-12-05 06:00","2025","12","05","06:00","","-0.8","","-2.3","","90","","","","9","","10","","12.9","","88.57","","","","-4","","NA"
"-114.01","51.12","CALGARY INTL A","3031092","2025-12-05 07:00","2025","12","05","07:00","","-4.4","","-5.8","","90","","","","6","","20","","4.0","","88.56","","","","-11","","Snow,Fog"
"-114.01","51.12","CALGARY INTL A","3031092","2025-12-05 08:00","2025","12","05","08:00","","-5.3","","-6.5","","92","","","","4","","17","","6.4","","88.52","","","","-11","","Fog"
"-114.01","51.12","CALGARY INTL A","3031092","2025-12-05 09:00","2025","12","05","09:00","","-6.1","","-6.9","","94","","","","7","","16","","3.6","","88.49","","","","-12","","Fog"
"-114.01","51.12","CALGARY INTL A","3031092","2025-12-05 10:00","2025","12","05","10:00","","-7.2","","-8.3","","92","","","","9","","16","","6.4","","88.46","","","","-14","","Fog"
"-114.01","51.12","CALGARY INTL A","3031092","2025-12-05 11:00","2025","12","05","11:00","","-7.6","","-8.7","","92","","","","9","","15","","0.6","","88.39","","","","-14","","Freezing Fog"
"-114.01","51.12","CALGARY INTL A","3031092","2025-12-05 12:00","2025","12","05","12:00","","-8.0","","-9.2","","91","","","","9","","17","","0.2","","88.27","","","","-15","","Freezing Fog"
"-114.01","51.12","CALGARY INTL A","3031092","2025-12-05 13:00","2025","12","05","13:00","","-8.2","","-9.5","","91","","","","11","","14","","0.2","","88.14","","","","-14","","Freezing Fog"
"-114.01","51.12","CALGARY INTL A","3031092","2025-12-05 14:00","2025","12","05","14:00","","-8.1","","-9.3","","91","","","","12","","15","","0.4","","88.04","","","","-14","","Freezing Fog"
"-114.01","51.12","CALGARY INTL A","3031092","2025-12-05 15:00","2025","12","05","15:00","","-8.5","","-9.8","","91","","","","11","","14","","0.8","","87.96","","","","-15","","Freezing Fog"
"-114.01","51.12","CALGARY INTL A","3031092","2025-12-05 16:00","2025","12","05","16:00","","-9.6","","-11.0","","90","","","","9","","17","","0.8","","87.92","","","","-17","","Freezing Fog"
"-114.01","51.12","CALGARY INTL A","3031092","2025-12-05 17:00","2025","12","05","17:00","","-9.8","","-11.2","","89","","","","10","","16","","0.4","","87.85","","","","-17","","Freezing Fog"
"-114.01","51.12","CALGARY INTL A","3031092","2025-12-05 18:00","2025","12","05","18:00","","-10.1","","-11.6","","89","","","","11","","16","","1.2","","87.79","","","","-17","","Snow,Fog"
"-114.01","51.12","CALGARY INTL A","3031092","2025-12-05 19:00","2025","12","05","19:00","","-10.5","","-12.0","","89","","","","9","","15","","0.4","","87.77","","","","-17","","Snow,Freezing Fog"
"-114.01","51.12","CALGARY INTL A","3031092","2025-12-05 20:00","2025","12","05","20:00","","-10.9","","-12.5","","88","","","","12","","16","","2.0","","87.76","","","","-18","","Snow,Fog"
"-114.01","51.12","CALGARY INTL A","3031092","2025-12-05 21:00","2025","12","05","21:00","","-11.7","","-13.3","","88","","","","11","","19","","4.0","","87.77","","","","-20","","Snow,Fog"
"-114.01","51.12","CALGARY INTL A","3031092","2025-12-05 22:00","2025","12","05","22:00","","-12.6","","-14.4","","87","","","","10","","21","","4.0","","87.78","","","","-21","","Snow,Fog"
"-114.01","51.12","CALGARY INTL A","3031092","2025-12-05 23:00","2025","12","05","23:00","","-13.2","","-15.1","","86","","","","11","","15","","8.1","","87.78","","","","-21","","Snow,Fog"
"-114.01","51.12","CALGARY INTL A","3031092","2025-12-06 00:00","2025","12","06","00:00","","-13.8","","-15.8","","85","","","","10","","15","","3.2","","87.83","","","","-21","","Snow,Fog"
"-114.01","51.12","CALGARY INTL A","3031092","2025-12-06 01:00","2025","12","06","01:00","","-14.3","","-16.3","","85","","","","12","","14","","4.0","","87.83","","","","-22","","Snow,Fog"
"-114.01","51.12","CALGARY INTL A","3031092","2025-12-06 02:00","2025","12","06","02:00","","-14.3","","-16.3","","85","","","","11","","11","","4.0","","87.84","","","","-21","","Snow,Fog"
"-114.01","51.12","CALGARY INTL A","3031092","2025-12-06 03:00","2025","12","06","03:00","","-14.8","","-16.9","","85","","","","11","","12","","4.0","","87.92","","","","-22","","Snow,Fog"
"-114.01","51.12","CALGARY INTL A","3031092","2025-12-06 04:00","2025","12","06","04:00","","-15.7","","-17.8","","84","","","","13","","13","","4.0","","87.95","","","","-23","","Snow,Fog"
"-114.01","51.12","CALGARY INTL A","3031092","2025-12-06 05:00","2025","12","06","05:00","","-15.9","","-18.0","","84","","","","11","","13","","4.0","","88.03","","","","-23","","Snow,Fog"
"-114.01","51.12","CALGARY INTL A","3031092","2025-12-06 06:00","2025","12","06","06:00","","-16.7","","-18.9","","83","","","","11","","10","","12.9","","88.09","","","","-23","","NA"
"-114.01","51.12","CALGARY INTL A","3031092","2025-12-06 07:00","2025","12","06","07:00","","-17.6","","-20.0","","82","","","","13","","11","","16.1","","88.19","","","","-25","","NA"
"-114.01","51.12","CALGARY INTL A","3031092","2025-12-06 08:00","2025","12","06","08:00","","-17.2","","-19.5","","82","","","","17","","16","","12.9","","88.21","","","","-26","","Mostly Cloudy"
"-114.01","51.12","CALGARY INTL A","3031092","2025-12-06 09:00","2025","12","06","09:00","","-17.3","","-19.6","","82","","","","15","","15","","24.1","","88.28","","","","-26","","NA"
"-114.01","51.12","CALGARY INTL A","3031092","2025-12-06 10:00","2025","12","06","10:00","","-17.2","","-19.5","","82","","","","16","","19","","14.5","","88.30","","","","-27","","NA"
"-114.01","51.12","CALGARY INTL A","3031092","2025-12-06 11:00","2025","12","06","11:00","","-16.9","","-19.2","","83","","","","18","","16","","14.5","","88.28","","","","-26","","Cloudy"
"-114.01","51.12","CALGARY INTL A","3031092","2025-12-06 12:00","2025","12","06","12:00","","-16.5","","-18.8","","83","","","","18","","16","","14.5","","88.23","","","","-25","","NA"
"-114.01","51.12","CALGARY INTL A","3031092","2025-12-06 13:00","2025","12","06","13:00","","-15.8","","-18.0","","84","","","","17","","17","","14.5","","88.17","","","","-24","","NA"
"-114.01","51.12","CALGARY INTL A","3031092","2025-12-06 14:00","2025","12","06","14:00","","-15.4","","-17.5","","84","","","","17","","20","","14.5","","88.10","","","","-25","","Cloudy"
"-114.01","51.12","CALGARY INTL A","3031092","2025-12-06 15:00","2025","12","06","15:00","","-15.0","","-17.1","","84","","","","18","","23","","9.7","","88.04","","","","-25","","Fog"
"-114.01","51.12","CALGARY INTL A","3031092","2025-12-06 16:00","2025","12","06","16:00","","-14.8","","-16.9","","85","","","","18","","20","","8.1","","88.01","","","","-24","","Fog"
"-114.01","51.12","CALGARY INTL A","3031092","2025-12-06 17:00","2025","12","06","17:00","","-15.2","","-17.4","","84","","","","18","","24","","9.7","","88.01","","","","-25","","Fog"
"-114.01","51.12","CALGARY INTL A","3031092","2025-12-06 18:00","2025","12","06","18:00","","-15.0","","-17.1","","84","","","","18","","20","","12.9","","88.01","","","","-24","","NA"
"-114.01","51.12","CALGARY INTL A","3031092","2025-12-06 19:00","2025","12","06","19:00","","-14.6","","-16.6","","85","","","","18","","17","","12.9","","88.01","","","","-23","","NA"
"-114.01","51.12","CALGARY INTL A","3031092","2025-12-06 20:00","2025","12","06","20:00","","-14.6","","-16.6","","85","","","","18","","16","","12.9","","88.02","","","","-23","","Cloudy"
"-114.01","51.12","CALGARY INTL A","3031092","2025-12-06 21:00","2025","12","06","21:00","","-14.8","","-16.8","","85","","","","17","","10","","12.9","","88.06","","","","-21","","NA"
"-114.01","51.12","CALGARY INTL A","3031092","2025-12-06 22:00","2025","12","06","22:00","","-15.2","","-17.3","","84","","","","18","","7","","12.9","","88.12","","","","-20","","NA"
"-114.01","51.12","CALGARY INTL A","3031092","2025-12-06 23:00","2025","12","06","23:00","","-15.7","","-17.8","","84","","","","18","","9","","16.1","","88.14","","","","-22","","Mainly Clear"
"-114.01","51.12","CALGARY INTL A","3031092","2025-12-07 00:00","2025","12","07","00:00","","-15.0","","-17.0","","85","","","","19","","16","","24.1","","88.15","","","","-23","","NA"
"-114.01","51.12","CALGARY INTL A","3031092","2025-12-07 01:00","2025","12","07","01:00","","-14.6","","-16.7","","84","","","","17","","8","","24.1","","88.19","","","","-20","","NA"
"-114.01","51.12","CALGARY INTL A","3031092","2025-12-07 02:00","2025","12","07","02:00","","-14.4","","-16.4","","85","","","","34","","4","","24.1","","88.27","","","","-17","","Mostly Cloudy"
"-114.01","51.12","CALGARY INTL A","3031092","2025-12-07 03:00","2025","12","07","03:00","","-15.1","","-17.3","","84","","","","16","","9","","24.1","","88.32","","","","-21","","NA"
"-114.01","51.12","CALGARY INTL A","3031092","2025-12-07 04:00","2025","12","07","04:00","","-14.0","","-16.0","","85","","","","36","","4","","24.1","","88.36","","","","-17","","NA"
"-114.01","51.12","CALGARY INTL A","3031092","2025-12-07 05:00","2025","12","07","05:00","","-15.1","","-17.3","","84","","","","35","","7","","24.1","","88.40","","","","-20","","Mainly Clear"
"-114.01","51.12","CALGARY INTL A","3031092","2025-12-07 06:00","2025","12","07","06:00","","-14.5","","-16.8","","83","","","","1","","13","","24.1","","88.49","","","","-22","","NA"
"-114.01","51.12","CALGARY INTL A","3031092","2025-12-07 07:00","2025","12","07","07:00","","-15.4","","-18.0","","80","","","","3","","4","","24.1","","88.53","","","","-18","","NA"
"-114.01","51.12","CALGARY INTL A","3031092","2025-12-07 08:00","2025","12","07","08:00","","-14.6","","-17.3","","80","","","","1","","4","","48.3","","88.57","","","","-17","","Cloudy"
"-114.01","51.12","CALGARY INTL A","3031092","2025-12-07 09:00","2025","12","07","09:00","","-13.1","","-15.2","","84","","","","23","","3","","64.4","","88.60","","","","-15","","NA"
"-114.01","51.12","CALGARY INTL A","3031092","2025-12-07 10:00","2025","12","07","10:00","","-10.8","","-12.8","","86","","","","19","","3","","48.3","","88.60","","","","-13","","NA"
"-114.01","51.12","CALGARY INTL A","3031092","2025-12-07 11:00","2025","12","07","11:00","","-8.0","","-10.0","","85","","","","22","","5","","48.3","","88.51","","","","-11","","Cloudy"
"-114.01","51.12","CALGARY INTL A","3031092","2025-12-07 12:00","2025","12","07","12:00","","-5.9","","-8.2","","84","","","","21","","9","","64.4","","88.43","","","","-10","","NA"
"-114.01","51.12","CALGARY INTL A","3031092","2025-12-07 13:00","2025","12","07","13:00","","-4.5","","-7.3","","81","","","","18","","6","","64.4","","88.33","","","","-7","","NA"
"-114.01","51.12","CALGARY INTL A","3031092","2025-12-07 14:00","2025","12","07","14:00","","-3.9","","-7.1","","78","","","","19","","7","","48.3","","88.15","","","","-7","","Mostly Cloudy"
"-114.01","51.12","CALGARY INTL A","3031092","2025-12-07 15:00","2025","12","07","15:00","","-3.0","","-6.5","","77","","","","19","","11","","48.3","","88.01","","","","-7","","NA"
"-114.01","51.12","CALGARY INTL A","3031092","2025-12-07 16:00","2025","12","07","16:00","","-3.8","","-6.5","","82","","","","20","","10","","24.1","","87.98","","","","-8","","NA"
"-114.01","51.12","CALGARY INTL A","3031092","2025-12-07 17:00","2025","12","07","17:00","","-4.6","","-6.7","","86","","","","19","","8","","24.1","","87.89","","","","-8","","Mainly Clear"
"-114.01","51.12","CALGARY INTL A","3031092","2025-12-07 18:00","2025","12","07","18:00","","-7.6","","-10.3","","81","","","","","","0","","24.1","","87.82","","","","","","NA"
"-114.01","51.12","CALGARY INTL A","3031092","2025-12-07 19:00","2025","12","07","19:00","","-6.5","","-9.3","","81","","","","22","","11","","24.1","","87.79","","","","-11","","NA"
"-114.01","51.12","CALGARY INTL A","3031092","2025-12-07 20:00","2025","12","07","20:00","","-4.2","","-7.8","","76","","","","22","","14","","24.1","","87.80","","","","-9","","Clear"
"-114.01","51.12","CALGARY INTL A","3031092","2025-12-07 21:00","2025","12","07","21:00","","-0.3","","-6.8","","62","","","","25","","12","","24.1","","87.78","","","","-4","","NA"
"-114.01","51.12","CALGARY INTL A","3031092","2025-12-07 22:00","2025","12","07","22:00","","-1.4","","-6.9","","66","","","","21","","13","","24.1","","87.81","","","","-6","","NA"
"-114.01","51.12","CALGARY INTL A","3031092","2025-12-07 23:00","2025","12","07","23:00","","-1.5","","-7.0","","66","","","","21","","16","","24.1","","87.80","","","","-6","","Mostly Cloudy"
"-114.01","51.12","CALGARY INTL A","3031092","2025-12-08 00:00","2025","12","08","00:00","","0.7","","-7.1","","56","","","","23","","14","","24.1","","87.90","","","","","","NA"
"-114.01","51.12","CALGARY INTL A","3031092","2025-12-08 01:00","2025","12","08","01:00","","0.4","","-7.0","","58","","","","22","","13","","24.1","","87.96","","","","","","NA"
"-114.01","51.12","CALGARY INTL A","3031092","2025-12-08 02:00","2025","12","08","02:00","","-0.1","","-7.2","","59","","","","21","","13","","24.1","","87.99","","","","-4","","Mostly Cloudy"
"-114.01","51.12","CALGARY INTL A","3031092","2025-12-08 03:00","2025","12","08","03:00","","-2.3","","-8.3","","64","","","","19","","15","","24.1","","88.05","","","","-7","","NA"
"-114.01","51.12","CALGARY INTL A","3031092","2025-12-08 04:00","2025","12","08","04:00","","1.6","","-7.8","","50","","","","23","","12","","24.1","","88.06","","","","","","NA"
"-114.01","51.12","CALGARY INTL A","3031092","2025-12-08 05:00","2025","12","08","05:00","","-4.3","","-8.2","","75","","","","17","","9","","24.1","","88.09","","","","-8","","Mostly Cloudy"
"-114.01","51.12","CALGARY INTL A","3031092","2025-12-08 06:00","2025","12","08","06:00","","-2.5","","-6.8","","73","","","","19","","12","","24.1","","88.09","","","","-7","","NA"
"-114.01","51.12","CALGARY INTL A","3031092","2025-12-08 07:00","2025","12","08","07:00","","-1.4","","-7.1","","65","","","","22","","12","","24.1","","88.13","","","","-5","","NA"
"-114.01","51.12","CALGARY INTL A","3031092","2025-12-08 08:00","2025","12","08","08:00","","-2.1","","-6.8","","70","","","","23","","13","","24.1","","88.12","","","","-7","","Cloudy"
"-114.01","51.12","CALGARY INTL A","3031092","2025-12-08 09:00","2025","12","08","09:00","","-0.8","","-6.3","","67","","","","21","","7","","48.3","","88.13","","","","-3","","NA"
"-114.01","51.12","CALGARY INTL A","3031092","2025-12-08 10:00","2025","12","08","10:00","","-1.9","","-6.5","","71","","","","19","","10","","32.2","","88.17","","","","-6","","NA"
"-114.01","51.12","CALGARY INTL A","3031092","2025-12-08 11:00","2025","12","08","11:00","","2.3","","-6.8","","51","","","","23","","4","","32.2","","88.14","","","","","","Mostly Cloudy"
"-114.01","51.12","CALGARY INTL A","3031092","2025-12-08 12:00","2025","12","08","12:00","","2.5","","-6.5","","51","","","","13","","3","","32.2","","88.07","","","","","","NA"
"-114.01","51.12","CALGARY INTL A","3031092","2025-12-08 13:00","2025","12","08","13:00","","4.2","","-5.6","","49","","","","23","","15","","48.3","","87.94","","","","","","NA"
"-114.01","51.12","CALGARY INTL A","3031092","2025-12-08 14:00","2025","12","08","14:00","","6.9","","-7.2","","36","","","","23","","21","","48.3","","87.87","","","","","","Mostly Cloudy"
"-114.01","51.12","CALGARY INTL A","3031092","2025-12-08 15:00","2025","12","08","15:00","","4.7","","-4.7","","51","","","","19","","22","","64.4","","87.77","","","","","","NA"
"-114.01","51.12","CALGARY INTL A","3031092","2025-12-08 16:00","2025","12","08","16:00","","3.8","","-4.0","","57","","","","19","","16","","64.4","","87.66","","","","","","NA"
"-114.01","51.12","CALGARY INTL A","3031092","2025-12-08 17:00","2025","12","08","17:00","","2.6","","-3.7","","63","","","","17","","18","","64.4","","87.47","","","","","","Cloudy"
"-114.01","51.12","CALGARY INTL A","3031092","2025-12-08 18:00","2025","12","08","18:00","","2.3","","-3.3","","66","","","","16","","18","","24.1","","87.30","","","","","","NA"
"-114.01","51.12","CALGARY INTL A","3031092","2025-12-08 19:00","2025","12","08","19:00","","1.3","","-3.1","","72","","","","18","","8","","24.1","","87.10","","","","","","NA"
"-114.01","51.12","CALGARY INTL A","3031092","2025-12-08 20:00","2025","12","08","20:00","","1.7","","-3.2","","70","","","","17","","11","","24.1","","86.96","","","","","","Mostly Cloudy"
"-114.01","51.12","CALGARY INTL A","3031092","2025-12-08 21:00","2025","12","08","21:00","","1.3","","-3.4","","71","","","","21","","6","","22.5","","86.82","","","","","","NA"
"-114.01","51.12","CALGARY INTL A","3031092","2025-12-08 22:00","2025","12","08","22:00","","-0.3","","-3.6","","78","","","","","","0","","24.1","","86.78","","","","","","NA"
"-114.01","51.12","CALGARY INTL A","3031092","2025-12-08 23:00","2025","12","08","23:00","","-0.2","","-4.3","","74","","","","8","","4","","24.1","","86.77","","","","-1","","Mostly Cloudy"
"-114.01","51.12","CALGARY INTL A","3031092","2025-12-09 00:00","2025","12","09","00:00","","4.4","","-2.9","","59","","","","25","","15","","24.1","","86.75","","","","","","NA"
"-114.01","51.12","CALGARY INTL A","3031092","2025-12-09 01:00","2025","12","09","01:00","","4.2","","-2.2","","63","","","","25","","17","","24.1","","86.76","","","","","","NA"
"-114.01","51.12","CALGARY INTL A","3031092","2025-12-09 02:00","2025","12","09","02:00","","2.7","","-2.2","","70","","","","31","","11","","24.1","","86.89","","","","","","Mostly Cloudy"
"-114.01","51.12","CALGARY INTL A","3031092","2025-12-09 03:00","2025","12","09","03:00","","1.9","","-1.9","","76","","","","34","","17","","24.1","","87.04","","","","","","NA"
"-114.01","51.12","CALGARY INTL A","3031092","2025-12-09 04:00","2025","12","09","04:00","","0.5","","-1.3","","88","","","","35","","37","","2.4","","87.36","","","","","","Snow,Blowing Snow"
"-114.01","51.12","CALGARY INTL A","3031092","2025-12-09 05:00","2025","12","09","05:00","","-0.5","","-2.4","","87","","","","33","","13","","24.1","","87.36","","","","-5","","Mainly Clear"
"-114.01","51.12","CALGARY INTL A","3031092","2025-12-09 06:00","2025","12","09","06:00","","0.3","","-2.4","","82","","","","22","","17","","24.1","","87.41","","","","","","NA"
"-114.01","51.12","CALGARY INTL A","3031092","2025-12-09 07:00","2025","12","09","07:00","","-0.7","","-2.7","","86","","","","12","","3","","24.1","","87.50","","","","-2","","NA"
"-114.01","51.12","CALGARY INTL A","3031092","2025-12-09 08:00","2025","12","09","08:00","","1.8","","-6.3","","55","","","","27","","20","","48.3","","87.60","","","","","","Mostly Cloudy"
"-114.01","51.12","CALGARY INTL A","3031092","2025-12-09 09:00","2025","12","09","09:00","","2.8","","-8.6","","43","","","","27","","31","","64.4","","87.71","","","","","","NA"
"-114.01","51.12","CALGARY INTL A","3031092","2025-12-09 10:00","2025","12","09","10:00","","3.5","","-8.3","","42","","","","28","","41","","64.4","","87.86","","","","","","NA"
"-114.01","51.12","CALGARY INTL A","3031092","2025-12-09 11:00","2025","12","09","11:00","","-2.0","","-8.2","","63","","","","5","","9","","64.4","","88.01","","","","-5","","Mainly Clear"
"-114.01","51.12","CALGARY INTL A","3031092","2025-12-09 12:00","2025","12","09","12:00","","4.8","","-8.6","","37","","","","28","","30","","48.3","","88.07","","","","","","NA"
"-114.01","51.12","CALGARY INTL A","3031092","2025-12-09 13:00","2025","12","09","13:00","","5.0","","-8.4","","37","","","","29","","35","","48.3","","88.19","","","","","","NA"
"-114.01","51.12","CALGARY INTL A","3031092","2025-12-09 14:00","2025","12","09","14:00","","-5.2","","-10.9","","65","","","","8","","25","","48.3","","88.33","","","","-13","","Mainly Clear"
"-114.01","51.12","CALGARY INTL A","3031092","2025-12-09 15:00","2025","12","09","15:00","","-9.4","","-12.5","","79","","","","5","","16","","19.3","","88.54","","","","-16","","NA"
"-114.01","51.12","CALGARY INTL A","3031092","2025-12-09 16:00","2025","12","09","16:00","","-11.0","","-13.2","","84","","","","6","","13","","9.7","","88.64","","","","-17","","Fog"
"-114.01","51.12","CALGARY INTL A","3031092","2025-12-09 17:00","2025","12","09","17:00","","-11.8","","-13.4","","88","","","","7","","5","","2.4","","88.68","","","","-15","","Fog"
"-114.01","51.12","CALGARY INTL A","3031092","2025-12-09 18:00","2025","12","09","18:00","","-11.3","","-13.0","","88","","","","13","","8","","0.8","","88.75","","","","-16","","Freezing Fog"
"-114.01","51.12","CALGARY INTL A","3031092","2025-12-09 19:00","2025","12","09","19:00","","-11.2","","-13.0","","87","","","","17","","10","","8.1","","88.82","","","","-17","","Fog"
"-114.01","51.12","CALGARY INTL A","3031092","2025-12-09 20:00","2025","12","09","20:00","","-12.4","","-13.9","","88","","","","11","","13","","0.6","","88.87","","","","-19","","Freezing Fog"
"-114.01","51.12","CALGARY INTL A","3031092","2025-12-09 21:00","2025","12","09","21:00","","-12.1","","-13.7","","88","","","","14","","8","","0.8","","88.92","","","","-17","","Freezing Fog"
"-114.01","51.12","CALGARY INTL A","3031092","2025-12-09 22:00","2025","12","09","22:00","","-11.5","","-13.1","","87","","","","18","","19","","1.0","","88.90","","","","-20","","Fog"
"-114.01","51.12","CALGARY INTL A","3031092","2025-12-09 23:00","2025","12","09","23:00","","-11.5","","-13.2","","87","","","","16","","14","","2.8","","88.80","","","","-18","","Fog"
"-114.01","51.12","CALGARY INTL A","3031092","2025-12-10 00:00","2025","12","10","00:00","","-11.0","","-12.6","","88","","","","19","","16","","3.2","","88.70","","","","-18","","Fog"
"-114.01","51.12","CALGARY INTL A","3031092","2025-12-10 01:00","2025","12","10","01:00","","-10.4","","-12.0","","88","","","","18","","18","","4.8","","88.52","","","","-18","","Fog"
"-114.01","51.12","CALGARY INTL A","3031092","2025-12-10 02:00","2025","12","10","02:00","","-10.8","","-12.4","","88","","","","17","","15","","4.8","","88.39","","","","-18","","Fog"
"-114.01","51.12","CALGARY INTL A","3031092","2025-12-10 03:00","2025","12","10","03:00","","-10.1","","-11.7","","89","","","","17","","16","","4.8","","88.20","","","","-17","","Fog"
"-114.01","51.12","CALGARY INTL A","3031092","2025-12-10 04:00","2025","12","10","04:00","","-10.0","","-11.5","","89","","","","15","","12","","4.8","","87.99","","","","-16","","Fog"
"-114.01","51.12","CALGARY INTL A","3031092","2025-12-10 05:00","2025","12","10","05:00","","-10.3","","-11.8","","89","","","","16","","9","","8.1","","87.75","","","","-15","","Fog"
"-114.01","51.12","CALGARY INTL A","3031092","2025-12-10 06:00","2025","12","10","06:00","","-9.9","","-11.4","","88","","","","19","","5","","9.7","","87.64","","","","-13","","Fog"
"-114.01","51.12","CALGARY INTL A","3031092","2025-12-10 07:00","2025","12","10","07:00","","-9.1","","-10.5","","90","","","","17","","5","","9.7","","87.51","","","","-12","","Fog"
"-114.01","51.12","CALGARY INTL A","3031092","2025-12-10 08:00","2025","12","10","08:00","","-7.7","","-9.0","","90","","","","19","","10","","19.3","","87.41","","","","-13","","Mostly Cloudy"
"-114.01","51.12","CALGARY INTL A","3031092","2025-12-10 09:00","2025","12","10","09:00","","-7.5","","-9.1","","89","","","","1","","10","","48.3","","87.48","","","","-12","","NA"
"-114.01","51.12","CALGARY INTL A","3031092","2025-12-10 10:00","2025","12","10","10:00","","-6.8","","-8.9","","85","","","","10","","5","","48.3","","87.54","","","","-9","","NA"
"-114.01","51.12","CALGARY INTL A","3031092","2025-12-10 11:00","2025","12","10","11:00","","-3.6","","-6.6","","80","","","","19","","9","","48.3","","87.61","","","","-7","","Mostly Cloudy"
"-114.01","51.12","CALGARY INTL A","3031092","2025-12-10 12:00","2025","12","10","12:00","","0.7","","-5.3","","64","","","","","","0","","48.3","","87.61","","","","","","NA"
"-114.01","51.12","CALGARY INTL A","3031092","2025-12-10 13:00","2025","12","10","13:00","","7.8","","-4.1","","43","","","","29","","12","","32.2","","87.62","","","","","","NA"
"-114.01","51.12","CALGARY INTL A","3031092","2025-12-10 14:00","2025","12","10","14:00","","7.8","","-4.4","","42","","","","29","","8","","32.2","","87.61","","","","","","Mostly Cloudy"
"-114.01","51.12","CALGARY INTL A","3031092","2025-12-10 15:00","2025","12","10","15:00","","7.1","","-4.4","","44","","","","11","","7","","32.2","","87.63","","","","","","NA"
"-114.01","51.12","CALGARY INTL A","3031092","2025-12-10 16:00","2025","12","10","16:00","","5.4","","-3.6","","52","","","","18","","8","","32.2","","87.69","","","","","","NA"
"-114.01","51.12","CALGARY INTL A","3031092","2025-12-10 17:00","2025","12","10","17:00","","4.0","","-3.2","","59","","","","22","","7","","32.2","","87.70","","","","","","Mostly Cloudy"
"-114.01","51.12","CALGARY INTL A","3031092","2025-12-10 18:00","2025","12","10","18:00","","3.1","","-3.1","","64","","","","20","","8","","24.1","","87.71","","","","","","NA"
"-114.01","51.12","CALGARY INTL A","3031092","2025-12-10 19:00","2025","12","10","19:00","","2.0","","-3.0","","70","","","","1","","4","","24.1","","87.70","","","","","","NA"
"-114.01","51.12","CALGARY INTL A","3031092","2025-12-10 20:00","2025","12","10","20:00","","-4.0","","-6.9","","80","","","","3","","35","","16.1","","87.82","","","","-12","","Cloudy"
"-114.01","51.12","CALGARY INTL A","3031092","2025-12-10 21:00","2025","12","10","21:00","","-7.3","","-9.8","","82","","","","2","","34","","11.3","","87.94","","","","-16","","NA"
"-114.01","51.12","CALGARY INTL A","3031092","2025-12-10 22:00","2025","12","10","22:00","","-9.5","","-11.8","","83","","","","1","","19","","11.3","","87.92","","","","-17","","NA"
"-114.01","51.12","CALGARY INTL A","3031092","2025-12-10 23:00","2025","12","10","23:00","","-10.3","","-12.6","","83","","","","1","","16","","9.7","","87.88","","","","-17","","Fog"
"-114.01","51.12","CALGARY INTL A","3031092","2025-12-11 00:00","2025","12","11","00:00","","-10.5","","-13.2","","81","","","","2","","9","","9.7","","87.86","","","","-15","","Snow"
"-114.01","51.12","CALGARY INTL A","3031092","2025-12-11 01:00","2025","12","11","01:00","","-11.0","","-13.7","","81","","","","1","","16","","11.3","","87.88","","","","-18","","NA"
"-114.01","51.12","CALGARY INTL A","3031092","2025-12-11 02:00","2025","12","11","02:00","","-11.3","","-14.1","","80","","","","4","","11","","11.3","","87.84","","","","-17","","Cloudy"
"-114.01","51.12","CALGARY INTL A","3031092","2025-12-11 03:00","2025","12","11","03:00","","-11.7","","-14.2","","82","","","","4","","15","","11.3","","87.91","","","","-19","","NA"
"-114.01","51.12","CALGARY INTL A","3031092","2025-12-11 04:00","2025","12","11","04:00","","-12.1","","-14.6","","82","","","","4","","20","","6.4","","88.01","","","","-21","","Snow,Fog"
"-114.01","51.12","CALGARY INTL A","3031092","2025-12-11 05:00","2025","12","11","05:00","","-13.0","","-15.3","","83","","","","2","","35","","2.8","","88.21","","","","-24","","Snow,Fog"
"-114.01","51.12","CALGARY INTL A","3031092","2025-12-11 06:00","2025","12","11","06:00","","-14.7","","-17.4","","80","","","","1","","35","","4.0","","88.50","","","","-26","","Snow,Fog"
"-114.01","51.12","CALGARY INTL A","3031092","2025-12-11 07:00","2025","12","11","07:00","","-16.1","","-18.9","","79","","","","1","","35","","2.4","","88.72","","","","-28","","Snow,Fog"
"-114.01","51.12","CALGARY INTL A","3031092","2025-12-11 08:00","2025","12","11","08:00","","-18.0","","-21.2","","77","","","","2","","32","","9.7","","88.89","","","","-30","","Fog"
"-114.01","51.12","CALGARY INTL A","3031092","2025-12-11 09:00","2025","12","11","09:00","","-19.1","","-22.4","","75","","","","2","","17","","12.9","","89.03","","","","-29","","NA"
"-114.01","51.12","CALGARY INTL A","3031092","2025-12-11 10:00","2025","12","11","10:00","","-19.0","","-22.9","","72","","","","1","","18","","14.5","","89.13","","","","-29","","NA"
"-114.01","51.12","CALGARY INTL A","3031092","2025-12-11 11:00","2025","12","11","11:00","","-18.5","","-23.1","","68","","","","1","","22","","14.5","","89.27","","","","-29","","Cloudy"
"-114.01","51.12","CALGARY INTL A","3031092","2025-12-11 12:00","2025","12","11","12:00","","-18.8","","-23.1","","69","","","","35","","18","","14.5","","89.41","","","","-28","","NA"
"-114.01","51.12","CALGARY INTL A","3031092","2025-12-11 13:00","2025","12","11","13:00","","-19.3","","-23.7","","68","","","","1","","21","","14.5","","89.49","","","","-30","","NA"
"-114.01","51.12","CALGARY INTL A","3031092","2025-12-11 14:00","2025","12","11","14:00","","-19.5","","-24.0","","68","","","","35","","24","","14.5","","89.56","","","","-31","","Cloudy"
"-114.01","51.12","CALGARY INTL A","3031092","2025-12-11 15:00","2025","12","11","15:00","","-19.5","","-23.9","","68","","","","36","","22","","14.5","","89.64","","","","-30","","Snow"
"-114.01","51.12","CALGARY INTL A","3031092","2025-12-11 16:00","2025","12","11","16:00","","-19.1","","-23.3","","70","","","","36","","19","","14.5","","89.72","","","","-29","","NA"
"-114.01","51.12","CALGARY INTL A","3031092","2025-12-11 17:00","2025","12","11","17:00","","-18.9","","-22.8","","72","","","","36","","17","","12.9","","89.80","","","","-28","","Cloudy"
"-114.01","51.12","CALGARY INTL A","3031092","2025-12-11 18:00","2025","12","11","18:00","","-18.9","","-22.7","","72","","","","36","","14","","12.9","","89.90","","","","-27","","NA"
"-114.01","51.12","CALGARY INTL A","3031092","2025-12-11 19:00","2025","12","11","19:00","","-19.6","","-23.9","","69","","","","5","","19","","12.9","","89.96","","","","-30","","NA"
"-114.01","51.12","CALGARY INTL A","3031092","2025-12-11 20:00","2025","12","11","20:00","","-20.3","","-24.6","","69","","","","2","","10","","11.3","","90.05","","","","-28","","Cloudy"
"-114.01","51.12","CALGARY INTL A","3031092","2025-12-11 21:00","2025","12","11","21:00","","-20.5","","-24.8","","69","","","","4","","14","","12.9","","90.07","","","","-29","","NA"
"-114.01","51.12","CALGARY INTL A","3031092","2025-12-11 22:00","2025","12","11","22:00","","-20.9","","-24.7","","72","","","","1","","11","","2.4","","90.09","","","","-29","","Ice Crystals"
"-114.01","51.12","CALGARY INTL A","3031092","2025-12-11 23:00","2025","12","11","23:00","","-20.8","","-25.2","","69","","","","1","","6","","8.1","","90.10","","","","-26","","Ice Crystals"
"-114.01","51.12","CALGARY INTL A","3031092","2025-12-12 00:00","2025","12","12","00:00","","-21.1","","-25.1","","70","","","","8","","5","","11.3","","90.08","","","","-26","","Ice Crystals"
"-114.01","51.12","CALGARY INTL A","3031092","2025-12-12 01:00","2025","12","12","01:00","","-21.2","","-24.9","","72","","","","10","","9","","12.9","","90.04","","","","-28","","NA"
"-114.01","51.12","CALGARY INTL A","3031092","2025-12-12 02:00","2025","12","12","02:00","","-21.3","","-25.2","","71","","","","13","","9","","12.9","","90.05","","","","-28","","Cloudy"
"-114.01","51.12","CALGARY INTL A","3031092","2025-12-12 03:00","2025","12","12","03:00","","-21.4","","-25.3","","72","","","","16","","10","","12.9","","89.99","","","","-29","","NA"
"-114.01","51.12","CALGARY INTL A","3031092","2025-12-12 04:00","2025","12","12","04:00","","-21.8","","-25.7","","71","","","","15","","12","","24.1","","89.94","","","","-30","","NA"
"-114.01","51.12","CALGARY INTL A","3031092","2025-12-12 05:00","2025","12","12","05:00","","-22.1","","-26.1","","70","","","","15","","13","","12.9","","89.93","","","","-31","","Cloudy"
"-114.01","51.12","CALGARY INTL A","3031092","2025-12-12 06:00","2025","12","12","06:00","","-22.0","","-25.7","","72","","","","16","","15","","12.9","","89.88","","","","-32","","NA"
"-114.01","51.12","CALGARY INTL A","3031092","2025-12-12 07:00","2025","12","12","07:00","","-21.8","","-25.1","","75","","","","17","","16","","11.3","","89.79","","","","-32","","NA"
"-114.01","51.12","CALGARY INTL A","3031092","2025-12-12 08:00","2025","12","12","08:00","","-21.4","","-24.9","","74","","","","17","","16","","12.9","","89.72","","","","-31","","Cloudy"
"-114.01","51.12","CALGARY INTL A","3031092","2025-12-12 09:00","2025","12","12","09:00","","-21.2","","-25.0","","72","","","","16","","19","","4.0","","89.65","","","","-32","","Snow"
"-114.01","51.12","CALGARY INTL A","3031092","2025-12-12 10:00","2025","12","12","10:00","","-20.5","","-24.1","","74","","","","17","","18","","3.6","","89.63","","","","-31","","Snow"
"-114.01","51.12","CALGARY INTL A","3031092","2025-12-12 11:00","2025","12","12","11:00","","-20.1","","-23.8","","73","","","","15","","23","","2.0","","89.50","","","","-31","","Snow"
"-114.01","51.12","CALGARY INTL A","3031092","2025-12-12 12:00","2025","12","12","12:00","","-19.5","","-23.2","","73","","","","18","","23","","2.0","","89.37","","","","-31","","Snow"
"-114.01","51.12","CALGARY INTL A","3031092","2025-12-12 13:00","2025","12","12","13:00","","-18.8","","-22.1","","75","","","","18","","22","","8.1","","89.17","","","","-29","","Snow"
"-114.01","51.12","CALGARY INTL A","3031092","2025-12-12 14:00","2025","12","12","14:00","","-18.4","","-21.6","","77","","","","16","","28","","8.1","","89.04","","","","-30","","Fog"
"-114.01","51.12","CALGARY INTL A","3031092","2025-12-12 15:00","2025","12","12","15:00","","-18.2","","-21.3","","77","","","","16","","25","","8.1","","88.95","","","","-29","","Fog"
"-114.01","51.12","CALGARY INTL A","3031092","2025-12-12 16:00","2025","12","12","16:00","","-17.9","","-21.0","","77","","","","17","","23","","14.5","","88.93","","","","-29","","NA"
"-114.01","51.12","CALGARY INTL A","3031092","2025-12-12 17:00","2025","12","12","17:00","","-18.0","","-20.9","","78","","","","16","","18","","12.9","","88.91","","","","-27","","Cloudy"
"-114.01","51.12","CALGARY INTL A","3031092","2025-12-12 18:00","2025","12","12","18:00","","-18.1","","-20.8","","79","","","","15","","16","","12.9","","88.88","","","","-27","","NA"
"-114.01","51.12","CALGARY INTL A","3031092","2025-12-12 19:00","2025","12","12","19:00","","-17.8","","-20.8","","78","","","","17","","15","","2.8","","88.89","","","","-26","","Snow"
"-114.01","51.12","CALGARY INTL A","3031092","2025-12-12 20:00","2025","12","12","20:00","","-17.6","","-20.7","","78","","","","19","","21","","2.0","","88.91","","","","-28","","Snow,Fog"
"-114.01","51.12","CALGARY INTL A","3031092","2025-12-12 21:00","2025","12","12","21:00","","-16.6","","-19.8","","77","","","","34","","4","","2.0","","89.08","","","","-20","","Snow,Fog"
"-114.01","51.12","CALGARY INTL A","3031092","2025-12-12 22:00","2025","12","12","22:00","","-16.1","","-18.8","","80","","","","2","","8","","2.0","","89.15","","","","-22","","Snow,Fog"
"-114.01","51.12","CALGARY INTL A","3031092","2025-12-12 23:00","2025","12","12","23:00","","-16.8","","-20.1","","76","","","","36","","21","","3.2","","89.27","","","","-27","","Snow,Fog"
"-114.01","51.12","CALGARY INTL A","3031092","2025-12-13 00:00","2025","12","13","00:00","","-16.9","","-20.6","","73","","","","36","","13","","8.1","","89.34","","","","-25","","Snow,Fog"
"-114.01","51.12","CALGARY INTL A","3031092","2025-12-13 01:00","2025","12","13","01:00","","-16.6","","-20.9","","70","","","","1","","7","","16.1","","89.37","","","","-22","","NA"
"-114.01","51.12","CALGARY INTL A","3031092","2025-12-13 02:00","2025","12","13","02:00","","-16.9","","-21.0","","71","","","","7","","4","","16.1","","89.36","","","","-20","","Mostly Cloudy"
"-114.01","51.12","CALGARY INTL A","3031092","2025-12-13 03:00","2025","12","13","03:00","","-17.5","","-20.9","","76","","","","21","","6","","24.1","","89.37","","","","-22","","NA"
"-114.01","51.12","CALGARY INTL A","3031092","2025-12-13 04:00","2025","12","13","04:00","","-18.2","","-21.2","","77","","","","18","","14","","24.1","","89.40","","","","-27","","NA"
"-114.01","51.12","CALGARY INTL A","3031092","2025-12-13 05:00","2025","12","13","05:00","","-17.9","","-20.5","","80","","","","19","","9","","24.1","","89.35","","","","-24","","Mainly Clear"
"-114.01","51.12","CALGARY INTL A","3031092","2025-12-13 06:00","2025","12","13","06:00","","-18.7","","-21.3","","81","","","","18","","10","","24.1","","89.34","","","","-26","","NA"
"-114.01","51.12","CALGARY INTL A","3031092","2025-12-13 07:00","2025","12","13","07:00","","-18.3","","-20.8","","81","","","","18","","10","","24.1","","89.27","","","","-25","","NA"
"-114.01","51.12","CALGARY INTL A","3031092","2025-12-13 08:00","2025","12","13","08:00","","-18.0","","-20.4","","82","","","","19","","14","","19.3","","89.21","","","","-26","","Mostly Cloudy"
"-114.01","51.12","CALGARY INTL A","3031092","2025-12-13 09:00","2025","12","13","09:00","","-17.2","","-19.6","","81","","","","19","","17","","19.3","","89.12","","","","-26","","NA"
"-114.01","51.12","CALGARY INTL A","3031092","2025-12-13 10:00","2025","12","13","10:00","","-15.5","","-18.4","","78","","","","19","","16","","32.2","","89.03","","","","-24","","NA"
"-114.01","51.12","CALGARY INTL A","3031092","2025-12-13 11:00","2025","12","13","11:00","","-14.0","","-18.1","","72","","","","19","","22","","64.4","","88.90","","","","-23","","Mostly Cloudy"
"-114.01","51.12","CALGARY INTL A","3031092","2025-12-13 12:00","2025","12","13","12:00","","-13.4","","-17.0","","75","","","","18","","19","","48.3","","88.81","","","","-22","","NA"
"-114.01","51.12","CALGARY INTL A","3031092","2025-12-13 13:00","2025","12","13","13:00","","-13.7","","-17.0","","77","","","","17","","22","","64.4","","88.65","","","","-23","","NA"
"-114.01","51.12","CALGARY INTL A","3031092","2025-12-13 14:00","2025","12","13","14:00","","-13.3","","-16.5","","77","","","","19","","19","","64.4","","88.55","","","","-22","","Cloudy"
"-114.01","51.12","CALGARY INTL A","3031092","2025-12-13 15:00","2025","12","13","15:00","","-12.5","","-15.7","","77","","","","19","","21","","64.4","","88.48","","","","-21","","NA"
"-114.01","51.12","CALGARY INTL A","3031092","2025-12-13 16:00","2025","12","13","16:00","","-11.7","","-14.8","","78","","","","19","","22","","64.4","","88.43","","","","-20","","NA"
"-114.01","51.12","CALGARY INTL A","3031092","2025-12-13 17:00","2025","12","13","17:00","","-10.4","","-13.9","","76","","","","21","","20","","48.3","","88.38","","","","-18","","Mostly Cloudy"
"-114.01","51.12","CALGARY INTL A","3031092","2025-12-13 18:00","2025","12","13","18:00","","-9.3","","-13.1","","74","","","","20","","22","","24.1","","88.30","","","","-17","","NA"
"-114.01","51.12","CALGARY INTL A","3031092","2025-12-13 19:00","2025","12","13","19:00","","-5.0","","-8.7","","75","","","","23","","22","","24.1","","88.20","","","","-12","","NA"
"-114.01","51.12","CALGARY INTL A","3031092","2025-12-13 20:00","2025","12","13","20:00","","-3.6","","-7.7","","73","","","","22","","16","","24.1","","88.15","","","","-9","","Mostly Cloudy"
"-114.01","51.12","CALGARY INTL A","3031092","2025-12-13 21:00","2025","12","13","21:00","","-0.7","","-5.9","","68","","","","22","","19","","24.1","","88.15","","","","-6","","NA"
"-114.01","51.12","CALGARY INTL A","3031092","2025-12-13 22:00","2025","12","13","22:00","","3.8","","-5.2","","52","","","","23","","18","","24.1","","88.12","","","","","","NA"
"-114.01","51.12","CALGARY INTL A","3031092","2025-12-13 23:00","2025","12","13","23:00","","4.6","","-5.3","","49","","","","23","","10","","24.1","","88.11","","","","","","Mostly Cloudy"
"-114.01","51.12","CALGARY INTL A","3031092","2025-12-14 00:00","2025","12","14","00:00","","6.8","","-5.4","","41","","","","23","","19","","24.1","","88.15","","","","","","NA"
"-114.01","51.12","CALGARY INTL A","3031092","2025-12-14 01:00","2025","12","14","01:00","","6.3","","-5.5","","43","","","","23","","17","","24.1","","88.15","","","","","","NA"
"-114.01","51.12","CALGARY INTL A","3031092","2025-12-14 02:00","2025","12","14","02:00","","8.1","","-5.6","","37","","","","23","","14","","24.1","","88.16","","","","","","Mostly Cloudy"
"-114.01","51.12","CALGARY INTL A","3031092","2025-12-14 03:00","2025","12","14","03:00","","2.1","","-5.9","","56","","","","21","","6","","24.1","","88.15","","","","","","NA"
"-114.01","51.12","CALGARY INTL A","3031092","2025-12-14 04:00","2025","12","14","04:00","","3.1","","-5.1","","55","","","","","","0","","24.1","","88.17","","","","","","NA"
"-114.01","51.12","CALGARY INTL A","3031092","2025-12-14 05:00","2025","12","14","05:00","","4.5","","-6.5","","45","","","","7","","7","","24.1","","88.08","","","","","","Mainly Clear"
"-114.01","51.12","CALGARY INTL A","3031092","2025-12-14 06:00","2025","12","14","06:00","","0.4","","-6.0","","62","","","","11","","8","","24.1","","88.02","","","","","","NA"
"-114.01","51.12","CALGARY INTL A","3031092","2025-12-14 07:00","2025","12","14","07:00","","2.3","","-6.1","","54","","","","19","","12","","24.1","","87.98","","","","","","NA"
"-114.01","51.12","CALGARY INTL A","3031092","2025-12-14 08:00","2025","12","14","08:00","","1.2","","-6.1","","59","","","","20","","7","","24.1","","87.98","","","","","","Mostly Cloudy"
"-114.01","51.12","CALGARY INTL A","3031092","2025-12-14 09:00","2025","12","14","09:00","","-0.8","","-6.1","","68","","","","2","","9","","32.2","","88.01","","","","-4","","NA"
"-114.01","51.12","CALGARY INTL A","3031092","2025-12-14 10:00","2025","12","14","10:00","","0.4","","-5.7","","64","","","","5","","4","","32.2","","88.02","","","","","","NA"
"-114.01","51.12","CALGARY INTL A","3031092","2025-12-14 11:00","2025","12","14","11:00","","2.1","","-3.9","","65","","","","19","","10","","32.2","","87.99","","","","","","Mostly Cloudy"
"-114.01","51.12","CALGARY INTL A","3031092","2025-12-14 12:00","2025","12","14","12:00","","0.8","","-3.8","","72","","","","6","","10","","32.2","","87.98","","","","","","NA"
"-114.01","51.12","CALGARY INTL A","3031092","2025-12-14 13:00","2025","12","14","13:00","","2.8","","-2.0","","71","","","","4","","9","","32.2","","87.97","","","","","","NA"
"-114.01","51.12","CALGARY INTL A","3031092","2025-12-14 14:00","2025","12","14","14:00","","4.2","","-1.7","","66","","","","12","","8","","32.2","","88.00","","","","","","Mostly Cloudy"
"-114.01","51.12","CALGARY INTL A","3031092","2025-12-14 15:00","2025","12","14","15:00","","6.7","","-1.8","","55","","","","","","0","","32.2","","88.04","","","","","","NA"
"-114.01","51.12","CALGARY INTL A","3031092","2025-12-14 16:00","2025","12","14","16:00","","5.4","","-2.1","","59","","","","19","","9","","48.3","","88.11","","","","","","NA"
"-114.01","51.12","CALGARY INTL A","3031092","2025-12-14 17:00","2025","12","14","17:00","","5.4","","-2.0","","59","","","","28","","20","","48.3","","88.18","","","","","","Mostly Cloudy"
"-114.01","51.12","CALGARY INTL A","3031092","2025-12-14 18:00","2025","12","14","18:00","","8.3","","-3.6","","43","","","","26","","5","","24.1","","88.23","","","","","","NA"
"-114.01","51.12","CALGARY INTL A","3031092","2025-12-14 19:00","2025","12","14","19:00","","5.9","","-3.5","","51","","","","17","","10","","24.1","","88.29","","","","","","NA"
"-114.01","51.12","CALGARY INTL A","3031092","2025-12-14 20:00","2025","12","14","20:00","","5.7","","-3.1","","53","","","","21","","16","","24.1","","88.36","","","","","","Mostly Cloudy"
"-114.01","51.12","CALGARY INTL A","3031092","2025-12-14 21:00","2025","12","14","21:00","","5.5","","-3.0","","54","","","","14","","5","","24.1","","88.41","","","","","","NA"
"-114.01","51.12","CALGARY INTL A","3031092","2025-12-14 22:00","2025","12","14","22:00","","2.1","","-3.2","","68","","","","20","","6","","24.1","","88.45","","","","","","NA"
"-114.01","51.12","CALGARY INTL A","3031092","2025-12-14 23:00","2025","12","14","23:00","","1.1","","-3.5","","72","","","","19","","9","","24.1","","88.39","","","","","","Mostly Cloudy"
"-114.01","51.12","CALGARY INTL A","3031092","2025-12-15 00:00","2025","12","15","00:00","","1.1","","-4.4","","67","","","","19","","5","","24.1","","88.36","","","","","","NA"
"-114.01","51.12","CALGARY INTL A","3031092","2025-12-15 01:00","2025","12","15","01:00","","-1.0","","-4.4","","77","","","","13","","10","","24.1","","88.29","","","","-5","","NA"
"-114.01","51.12","CALGARY INTL A","3031092","2025-12-15 02:00","2025","12","15","02:00","","-2.1","","-4.8","","82","","","","31","","13","","24.1","","88.30","","","","-7","","Mainly Clear"
"-114.01","51.12","CALGARY INTL A","3031092","2025-12-15 03:00","2025","12","15","03:00","","-3.9","","-6.0","","85","","","","2","","5","","24.1","","88.19","","","","-6","","NA"
"-114.01","51.12","CALGARY INTL A","3031092","2025-12-15 04:00","2025","12","15","04:00","","-2.5","","-4.3","","88","","","","18","","8","","24.1","","88.10","","","","-6","","NA"
"-114.01","51.12","CALGARY INTL A","3031092","2025-12-15 05:00","2025","12","15","05:00","","-1.7","","-5.0","","78","","","","","","0","","24.1","","87.99","","","","","","Cloudy"
"-114.01","51.12","CALGARY INTL A","3031092","2025-12-15 06:00","2025","12","15","06:00","","0.3","","-3.8","","74","","","","15","","4","","24.1","","87.88","","","","","","NA"
"-114.01","51.12","CALGARY INTL A","3031092","2025-12-15 07:00","2025","12","15","07:00","","-1.9","","-4.6","","82","","","","20","","7","","24.1","","87.75","","","","-5","","NA"
"-114.01","51.12","CALGARY INTL A","3031092","2025-12-15 08:00","2025","12","15","08:00","","-1.3","","-4.6","","78","","","","36","","13","","24.1","","87.63","","","","-6","","Mostly Cloudy"
"-114.01","51.12","CALGARY INTL A","3031092","2025-12-15 09:00","2025","12","15","09:00","","-1.4","","-4.0","","83","","","","35","","15","","32.2","","87.57","","","","-6","","NA"
"-114.01","51.12","CALGARY INTL A","3031092","2025-12-15 10:00","2025","12","15","10:00","","-1.4","","-4.3","","81","","","","4","","7","","48.3","","87.47","","","","-4","","NA"
"-114.01","51.12","CALGARY INTL A","3031092","2025-12-15 11:00","2025","12","15","11:00","","5.6","","-1.6","","59","","","","6","","11","","64.4","","87.30","","","","","","Cloudy"
"-114.01","51.12","CALGARY INTL A","3031092","2025-12-15 12:00","2025","12","15","12:00","","4.7","","-1.1","","66","","","","2","","11","","48.3","","87.34","","","","","","NA"
"-114.01","51.12","CALGARY INTL A","3031092","2025-12-15 13:00","2025","12","15","13:00","","8.1","","-0.4","","55","","","","12","","18","","48.3","","87.21","","","","","","NA"
"-114.01","51.12","CALGARY INTL A","3031092","2025-12-15 14:00","2025","12","15","14:00","","13.4","","-1.5","","35","","","","26","","35","","32.2","","87.21","","","","","","Mainly Clear"
"-114.01","51.12","CALGARY INTL A","3031092","2025-12-15 15:00","2025","12","15","15:00","","12.2","","-1.3","","39","","","","24","","15","","32.2","","87.22","","","","","","NA"
"-114.01","51.12","CALGARY INTL A","3031092","2025-12-15 16:00","2025","12","15","16:00","","10.2","","-0.8","","46","","","","24","","22","","32.2","","87.12","","","","","","NA"
"-114.01","51.12","CALGARY INTL A","3031092","2025-12-15 17:00","2025","12","15","17:00","","9.3","","-0.3","","51","","","","23","","33","","24.1","","87.06","","","","","","Mainly Clear"
"-114.01","51.12","CALGARY INTL A","3031092","2025-12-15 18:00","2025","12","15","18:00","","9.4","","-0.1","","51","","","","22","","52","","24.1","","86.84","","","","","","NA"
"-114.01","51.12","CALGARY INTL A","3031092","2025-12-15 19:00","2025","12","15","19:00","","9.4","","0.6","","54","","","","23","","28","","24.1","","86.89","","","","","","NA"
"-114.01","51.12","CALGARY INTL A","3031092","2025-12-15 20:00","2025","12","15","20:00","","8.9","","0.6","","56","","","","23","","23","","24.1","","86.82","","","","","","Clear"
"-114.01","51.12","CALGARY INTL A","3031092","2025-12-15 21:00","2025","12","15","21:00","","8.2","","0.7","","59","","","","24","","10","","24.1","","86.80","","","","","","NA"
"-114.01","51.12","CALGARY INTL A","3031092","2025-12-15 22:00","2025","12","15","22:00","","8.3","","0.5","","58","","","","27","","43","","24.1","","86.90","","","","","","Rain Showers"
"-114.01","51.12","CALGARY INTL A","3031092","2025-12-15 23:00","2025","12","15","23:00","","6.9","","0.5","","63","","","","22","","23","","24.1","","86.73","","","","","","Clear"
"-114.01","51.12","CALGARY INTL A","3031092","2025-12-16 00:00","2025","12","16","00:00","","6.8","","-2.9","","50","","","","30","","19","","24.1","","87.00","","","","","","NA"
"-114.01","51.12","CALGARY INTL A","3031092","2025-12-16 01:00","2025","12","16","01:00","","2.9","","-0.2","","80","","","","36","","18","","24.1","","87.25","","","","","","NA"
"-114.01","51.12","CALGARY INTL A","3031092","2025-12-16 02:00","2025","12","16","02:00","","1.8","","-0.3","","86","","","","36","","24","","24.1","","87.52","","","","","","Mostly Cloudy"
"-114.01","51.12","CALGARY INTL A","3031092","2025-12-16 03:00","2025","12","16","03:00","","1.0","","-0.9","","87","","","","36","","27","","24.1","","87.70","","","","","","NA"
"-114.01","51.12","CALGARY INTL A","3031092","2025-12-16 04:00","2025","12","16","04:00","","-0.8","","-2.5","","88","","","","4","","17","","16.1","","87.82","","","","-6","","NA"
"-114.01","51.12","CALGARY INTL A","3031092","2025-12-16 05:00","2025","12","16","05:00","","-1.6","","-3.6","","86","","","","9","","14","","12.9","","87.90","","","","-6","","Cloudy"
"-114.01","51.12","CALGARY INTL A","3031092","2025-12-16 06:00","2025","12","16","06:00","","-2.7","","-5.4","","82","","","","11","","20","","16.1","","87.93","","","","-9","","NA"
"-114.01","51.12","CALGARY INTL A","3031092","2025-12-16 07:00","2025","12","16","07:00","","-3.6","","-6.3","","82","","","","17","","13","","24.1","","87.97","","","","-8","","NA"
"-114.01","51.12","CALGARY INTL A","3031092","2025-12-16 08:00","2025","12","16","08:00","","-2.4","","-4.4","","86","","","","17","","23","","12.9","","87.90","","","","-9","","Mainly Clear"
"-114.01","51.12","CALGARY INTL A","3031092","2025-12-16 09:00","2025","12","16","09:00","","-2.6","","-5.2","","82","","","","17","","26","","48.3","","87.95","","","","-9","","NA"
"-114.01","51.12","CALGARY INTL A","3031092","2025-12-16 10:00","2025","12","16","10:00","","-2.2","","-4.3","","85","","","","19","","17","","48.3","","88.00","","","","-8","","NA"
"-114.01","51.12","CALGARY INTL A","3031092","2025-12-16 11:00","2025","12","16","11:00","","-0.4","","-3.6","","79","","","","20","","13","","64.4","","87.96","","","","-5","","Mainly Clear"
"-114.01","51.12","CALGARY INTL A","3031092","2025-12-16 12:00","2025","12","16","12:00","","1.6","","-2.9","","72","","","","21","","8","","64.4","","87.92","","","","","","NA"
"-114.01","51.12","CALGARY INTL A","3031092","2025-12-16 13:00","2025","12","16","13:00","","5.1","","-7.6","","40","","","","21","","12","","48.3","","87.84","","","","","","NA"
"-114.01","51.12","CALGARY INTL A","3031092","2025-12-16 14:00","2025","12","16","14:00","","5.7","","-7.9","","37","","","","24","","9","","48.3","","87.81","","","","","","Mostly Cloudy"
"-114.01","51.12","CALGARY INTL A","3031092","2025-12-16 15:00","2025","12","16","15:00","","5.5","","-10.8","","30","","","","27","","12","","32.2","","87.79","","","","","","NA"
"-114.01","51.12","CALGARY INTL A","3031092","2025-12-16 16:00","2025","12","16","16:00","","4.9","","-10.3","","33","","","","24","","12","","48.3","","87.77","","","","","","NA"
"-114.01","51.12","CALGARY INTL A","3031092","2025-12-16 17:00","2025","12","16","17:00","","2.7","","-9.0","","42","","","","17","","5","","32.2","","87.75","","","","","","Mainly Clear"
"-114.01","51.12","CALGARY INTL A","3031092","2025-12-16 18:00","2025","12","16","18:00","","0.0","","-8.3","","54","","","","","","0","","24.1","","87.69","","","","","","NA"
"-114.01","51.12","CALGARY INTL A","3031092","2025-12-16 19:00","2025","12","16","19:00","","1.8","","-7.2","","52","","","","24","","8","","24.1","","87.57","","","","","","NA"
"-114.01","51.12","CALGARY INTL A","3031092","2025-12-16 20:00","2025","12","16","20:00","","-0.9","","-6.0","","69","","","","19","","10","","24.1","","87.44","","","","-4","","Mainly Clear"
"-114.01","51.12","CALGARY INTL A","3031092","2025-12-16 21:00","2025","12","16","21:00","","-0.9","","-5.2","","73","","","","17","","14","","24.1","","87.34","","","","-5","","NA"
"-114.01","51.12","CALGARY INTL A","3031092","2025-12-16 22:00","2025","12","16","22:00","","-0.8","","-4.4","","76","","","","12","","11","","24.1","","87.23","","","","-5","","NA"
"-114.01","51.12","CALGARY INTL A","3031092","2025-12-16 23:00","2025","12","16","23:00","","-1.4","","-4.6","","79","","","","17","","9","","24.1","","87.05","","","","-5","","Mostly Cloudy"
"-114.01","51.12","CALGARY INTL A","3031092","2025-12-17 00:00","2025","12","17","00:00","","-1.1","","-4.0","","81","","","","15","","7","","24.1","","86.88","","","","-4","","NA"
"-114.01","51.12","CALGARY INTL A","3031092","2025-12-17 01:00","2025","12","17","01:00","","-0.9","","-3.8","","81","","","","15","","4","","24.1","","86.76","","","","-2","","NA"
"-114.01","51.12","CALGARY INTL A","3031092","2025-12-17 02:00","2025","12","17","02:00","","-1.2","","-3.3","","86","","","","6","","5","","24.1","","86.64","","","","-3","","Mostly Cloudy"
"-114.01","51.12","CALGARY INTL A","3031092","2025-12-17 03:00","2025","12","17","03:00","","-0.4","","-2.4","","87","","","","11","","21","","24.1","","86.47","","","","-6","","NA"
"-114.01","51.12","CALGARY INTL A","3031092","2025-12-17 04:00","2025","12","17","04:00","","-0.7","","-2.0","","91","","","","13","","19","","24.1","","86.27","","","","-6","","NA"
"-114.01","51.12","CALGARY INTL A","3031092","2025-12-17 05:00","2025","12","17","05:00","","-0.9","","-2.0","","92","","","","","","0","","24.1","","86.07","","","","","","Mostly Cloudy"
"-114.01","51.12","CALGARY INTL A","3031092","2025-12-17 06:00","2025","12","17","06:00","","-1.4","","-2.3","","94","","","","29","","4","","24.1","","85.89","","","","-3","","NA"
"-114.01","51.12","CALGARY INTL A","3031092","2025-12-17 07:00","2025","12","17","07:00","","-2.0","","-2.7","","95","","","","","","0","","11.3","","85.70","","","","","","NA"
"-114.01","51.12","CALGARY INTL A","3031092","2025-12-17 08:00","2025","12","17","08:00","","-2.2","","-2.9","","95","","","","8","","7","","3.2","","85.53","","","","-5","","Fog"
"-114.01","51.12","CALGARY INTL A","3031092","2025-12-17 09:00","2025","12","17","09:00","","-1.9","","-2.4","","96","","","","36","","19","","0.4","","85.53","","","","-7","","Freezing Fog"
"-114.01","51.12","CALGARY INTL A","3031092","2025-12-17 10:00","2025","12","17","10:00","","-0.8","","-1.2","","97","","","","1","","28","","0.0","","85.66","","","","-7","","Snow,Freezing Fog"
"-114.01","51.12","CALGARY INTL A","3031092","2025-12-17 11:00","2025","12","17","11:00","","-8.5","","-9.9","","89","","","","36","","52","","0.2","","86.00","","","","-20","","Heavy Snow,Blowing Snow"
"-114.01","51.12","CALGARY INTL A","3031092","2025-12-17 12:00","2025","12","17","12:00","","-12.1","","-14.0","","86","","","","36","","58","","0.0","","86.37","","","","-25","","Heavy Snow,Blowing Snow"
"-114.01","51.12","CALGARY INTL A","3031092","2025-12-17 13:00","2025","12","17","13:00","","-13.5","","-15.6","","84","","","","35","","52","","0.2","","86.60","","","","-27","","Heavy Snow,Blowing Snow"
"-114.01","51.12","CALGARY INTL A","3031092","2025-12-17 14:00","2025","12","17","14:00","","-12.8","","-15.8","","79","","","","35","","50","","0.4","","86.92","","","","-26","","Blowing Snow"
"-114.01","51.12","CALGARY INTL A","3031092","2025-12-17 15:00","2025","12","17","15:00","","-14.0","","-17.1","","78","","","","35","","48","","1.2","","87.18","","","","-27","","Blowing Snow"
"-114.01","51.12","CALGARY INTL A","3031092","2025-12-17 16:00","2025","12","17","16:00","","-13.7","","-17.6","","73","","","","35","","43","","24.1","","87.54","","","","-26","","Drifting Snow"
"-114.01","51.12","CALGARY INTL A","3031092","2025-12-17 17:00","2025","12","17","17:00","","-12.9","","-17.5","","69","","","","36","","34","","24.1","","87.80","","","","-24","","Mostly Cloudy"
"-114.01","51.12","CALGARY INTL A","3031092","2025-12-17 18:00","2025","12","17","18:00","","-13.1","","-18.0","","67","","","","34","","19","","24.1","","88.03","","","","-22","","NA"
"-114.01","51.12","CALGARY INTL A","3031092","2025-12-17 19:00","2025","12","17","19:00","","-13.5","","-18.5","","67","","","","34","","9","","24.1","","88.22","","","","-19","","NA"
"-114.01","51.12","CALGARY INTL A","3031092","2025-12-17 20:00","2025","12","17","20:00","","-14.0","","-19.0","","67","","","","2","","10","","24.1","","88.37","","","","-20","","Mainly Clear"
"-114.01","51.12","CALGARY INTL A","3031092","2025-12-17 21:00","2025","12","17","21:00","","-15.0","","-19.7","","68","","","","4","","9","","24.1","","88.44","","","","-21","","NA"
"-114.01","51.12","CALGARY INTL A","3031092","2025-12-17 22:00","2025","12","17","22:00","","-15.7","","-20.0","","70","","","","2","","10","","24.1","","88.48","","","","-22","","NA"
"-114.01","51.12","CALGARY INTL A","3031092","2025-12-17 23:00","2025","12","17","23:00","","-16.5","","-20.2","","73","","","","7","","5","","24.1","","88.50","","","","-20","","Clear"
"-114.01","51.12","CALGARY INTL A","3031092","2025-12-18 00:00","2025","12","18","00:00","","-16.3","","-19.4","","77","","","","17","","18","","24.1","","88.49","","","","-25","","NA"
"-114.01","51.12","CALGARY INTL A","3031092","2025-12-18 01:00","2025","12","18","01:00","","-16.8","","-19.5","","80","","","","19","","18","","24.1","","88.44","","","","-26","","NA"
"-114.01","51.12","CALGARY INTL A","3031092","2025-12-18 02:00","2025","12","18","02:00","","-16.3","","-19.2","","79","","","","19","","18","","24.1","","88.35","","","","-25","","Mainly Clear"
"-114.01","51.12","CALGARY INTL A","3031092","2025-12-18 03:00","2025","12","18","03:00","","-15.8","","-18.7","","79","","","","19","","18","","24.1","","88.31","","","","-25","","NA"
"-114.01","51.12","CALGARY INTL A","3031092","2025-12-18 04:00","2025","12","18","04:00","","-14.9","","-17.9","","78","","","","20","","16","","24.1","","88.17","","","","-23","","NA"
"-114.01","51.12","CALGARY INTL A","3031092","2025-12-18 05:00","2025","12","18","05:00","","-14.4","","-17.2","","79","","","","19","","12","","24.1","","88.14","","","","-21","","Mostly Cloudy"
"-114.01","51.12","CALGARY INTL A","3031092","2025-12-18 06:00","2025","12","18","06:00","","-13.7","","-16.5","","79","","","","17","","6","","24.1","","88.05","","","","-18","","NA"
"-114.01","51.12","CALGARY INTL A","3031092","2025-12-18 07:00","2025","12","18","07:00","","-12.5","","-15.6","","78","","","","14","","8","","24.1","","88.00","","","","-17","","NA"
"-114.01","51.12","CALGARY INTL A","3031092","2025-12-18 08:00","2025","12","18","08:00","","-11.5","","-14.7","","77","","","","18","","16","","24.1","","87.91","","","","-19","","Cloudy"
"-114.01","51.12","CALGARY INTL A","3031092","2025-12-18 09:00","2025","12","18","09:00","","-7.8","","-12.1","","71","","","","19","","14","","48.3","","87.82","","","","-14","","NA"
"-114.01","51.12","CALGARY INTL A","3031092","2025-12-18 10:00","2025","12","18","10:00","","-3.4","","-9.8","","62","","","","22","","17","","48.3","","87.73","","","","-9","","NA"
"-114.01","51.12","CALGARY INTL A","3031092","2025-12-18 11:00","2025","12","18","11:00","","-0.6","","-9.8","","50","","","","21","","17","","48.3","","87.65","","","","-6","","Mostly Cloudy"
"-114.01","51.12","CALGARY INTL A","3031092","2025-12-18 12:00","2025","12","18","12:00","","-0.7","","-9.2","","53","","","","19","","17","","48.3","","87.49","","","","-6","","NA"
"-114.01","51.12","CALGARY INTL A","3031092","2025-12-18 13:00","2025","12","18","13:00","","-0.7","","-8.4","","56","","","","19","","11","","48.3","","87.33","","","","-4","","NA"
"-114.01","51.12","CALGARY INTL A","3031092","2025-12-18 14:00","2025","12","18","14:00","","0.5","","-8.1","","53","","","","18","","13","","48.3","","87.17","","","","","","Mostly Cloudy"
"-114.01","51.12","CALGARY INTL A","3031092","2025-12-18 15:00","2025","12","18","15:00","","0.8","","-7.8","","53","","","","18","","16","","48.3","","87.01","","","","","","NA"
"-114.01","51.12","CALGARY INTL A","3031092","2025-12-18 16:00","2025","12","18","16:00","","0.5","","-7.3","","56","","","","17","","19","","48.3","","86.85","","","","","","NA"
"-114.01","51.12","CALGARY INTL A","3031092","2025-12-18 17:00","2025","12","18","17:00","","1.1","","-8.2","","50","","","","17","","18","","24.1","","86.68","","","","","","Cloudy"
"-114.01","51.12","CALGARY INTL A","3031092","2025-12-18 18:00","2025","12","18","18:00","","-0.3","","-7.1","","61","","","","12","","19","","24.1","","86.57","","","","-5","","NA"
"-114.01","51.12","CALGARY INTL A","3031092","2025-12-18 19:00","2025","12","18","19:00","","-0.6","","-6.9","","63","","","","14","","16","","24.1","","86.37","","","","-5","","NA"
"-114.01","51.12","CALGARY INTL A","3031092","2025-12-18 20:00","2025","12","18","20:00","","-0.8","","-7.8","","59","","","","16","","20","","24.1","","86.22","","","","-6","","Mostly Cloudy"
"-114.01","51.12","CALGARY INTL A","3031092","2025-12-18 21:00","2025","12","18","21:00","","-1.9","","-7.5","","65","","","","18","","17","","24.1","","86.05","","","","-7","","NA"
"-114.01","51.12","CALGARY INTL A","3031092","2025-12-18 22:00","2025","12","18","22:00","","-2.7","","-7.7","","69","","","","19","","12","","24.1","","85.89","","","","-7","","NA"
"-114.01","51.12","CALGARY INTL A","3031092","2025-12-18 23:00","2025","12","18","23:00","","-3.8","","-7.5","","75","","","","16","","5","","24.1","","85.78","","","","-6","","Mostly Cloudy"
"-114.01","51.12","CALGARY INTL A","3031092","2025-12-19 00:00","2025","12","19","00:00","","-3.6","","-7.0","","77","","","","28","","4","","24.1","","85.65","","","","-5","","NA"
"-114.01","51.12","CALGARY INTL A","3031092","2025-12-19 01:00","2025","12","19","01:00","","-3.6","","-7.9","","72","","","","22","","17","","24.1","","85.56","","","","-9","","NA"
"-114.01","51.12","CALGARY INTL A","3031092","2025-12-19 02:00","2025","12","19","02:00","","-1.1","","-6.6","","66","","","","28","","15","","24.1","","85.54","","","","-6","","Mostly Cloudy"
"-114.01","51.12","CALGARY INTL A","3031092","2025-12-19 03:00","2025","12","19","03:00","","-1.2","","-5.2","","74","","","","27","","21","","24.1","","85.62","","","","-7","","NA"
"-114.01","51.12","CALGARY INTL A","3031092","2025-12-19 04:00","2025","12","19","04:00","","-14.6","","-17.6","","78","","","","35","","30","","4.0","","85.90","","","","-26","","Fog,Drifting Snow"
"-114.01","51.12","CALGARY INTL A","3031092","2025-12-19 05:00","2025","12","19","05:00","","-16.9","","-20.6","","73","","","","35","","37","","4.8","","86.10","","","","-30","","Fog,Drifting Snow"
"-114.01","51.12","CALGARY INTL A","3031092","2025-12-19 06:00","2025","12","19","06:00","","-17.2","","-20.6","","75","","","","35","","36","","4.0","","86.27","","","","-30","","Fog,Drifting Snow"
"-114.01","51.12","CALGARY INTL A","3031092","2025-12-19 07:00","2025","12","19","07:00","","-17.5","","-21.2","","73","","","","36","","36","","4.8","","86.48","","","","-30","","Ice Crystals,Fog"
"-114.01","51.12","CALGARY INTL A","3031092","2025-12-19 08:00","2025","12","19","08:00","","-17.9","","-22.5","","68","","","","35","","35","","19.3","","86.60","","","","-31","","Mainly Clear"
"-114.01","51.12","CALGARY INTL A","3031092","2025-12-19 09:00","2025","12","19","09:00","","-18.6","","-23.9","","64","","","","36","","29","","24.1","","86.75","","","","-31","","NA"
"-114.01","51.12","CALGARY INTL A","3031092","2025-12-19 10:00","2025","12","19","10:00","","-17.9","","-23.8","","61","","","","35","","23","","24.1","","86.98","","","","-29","","NA"
"-114.01","51.12","CALGARY INTL A","3031092","2025-12-19 11:00","2025","12","19","11:00","","-16.9","","-23.2","","59","","","","35","","25","","32.2","","87.08","","","","-28","","Mainly Clear"
"-114.01","51.12","CALGARY INTL A","3031092","2025-12-19 12:00","2025","12","19","12:00","","-16.1","","-23.4","","54","","","","34","","16","","32.2","","87.17","","","","-25","","NA"
"-114.01","51.12","CALGARY INTL A","3031092","2025-12-19 13:00","2025","12","19","13:00","","-16.6","","-24.5","","51","","","","35","","32","","32.2","","87.25","","","","-28","","NA"
"-114.01","51.12","CALGARY INTL A","3031092","2025-12-19 14:00","2025","12","19","14:00","","-16.6","","-24.5","","51","","","","34","","12","","32.2","","87.34","","","","-24","","Mainly Clear"
"-114.01","51.12","CALGARY INTL A","3031092","2025-12-19 15:00","2025","12","19","15:00","","-16.6","","-23.9","","54","","","","3","","10","","24.1","","87.42","","","","-23","","NA"
"-114.01","51.12","CALGARY INTL A","3031092","2025-12-19 16:00","2025","12","19","16:00","","-17.4","","-24.5","","55","","","","1","","14","","24.1","","87.52","","","","-26","","NA"
"-114.01","51.12","CALGARY INTL A","3031092","2025-12-19 17:00","2025","12","19","17:00","","-18.4","","-24.8","","58","","","","36","","14","","24.1","","87.60","","","","-27","","Clear"
"-114.01","51.12","CALGARY INTL A","3031092","2025-12-19 18:00","2025","12","19","18:00","","-19.1","","-25.8","","56","","","","35","","16","","24.1","","87.72","","","","-28","","NA"
"-114.01","51.12","CALGARY INTL A","3031092","2025-12-19 19:00","2025","12","19","19:00","","-19.5","","-25.9","","58","","","","35","","22","","24.1","","87.81","","","","-30","","NA"
"-114.01","51.12","CALGARY INTL A","3031092","2025-12-19 20:00","2025","12","19","20:00","","-20.0","","-25.9","","60","","","","35","","15","","24.1","","87.86","","","","-29","","Clear"
"-114.01","51.12","CALGARY INTL A","3031092","2025-12-19 21:00","2025","12","19","21:00","","-20.0","","-26.2","","59","","","","34","","13","","24.1","","87.93","","","","-28","","NA"
"-114.01","51.12","CALGARY INTL A","3031092","2025-12-19 22:00","2025","12","19","22:00","","-20.4","","-26.4","","59","","","","33","","8","","24.1","","88.00","","","","-27","","NA"
"-114.01","51.12","CALGARY INTL A","3031092","2025-12-19 23:00","2025","12","19","23:00","","-19.9","","-25.6","","61","","","","34","","4","","24.1","","88.04","","","","-23","","Clear"
"-114.01","51.12","CALGARY INTL A","3031092","2025-12-20 00:00","2025","12","20","00:00","","-20.7","","-26.2","","62","","","","6","","6","","24.1","","88.10","","","","-26","","NA"
"-114.01","51.12","CALGARY INTL A","3031092","2025-12-20 01:00","2025","12","20","01:00","","-20.4","","-26.3","","60","","","","","","0","","24.1","","88.12","","","","","","NA"
"-114.01","51.12","CALGARY INTL A","3031092","2025-12-20 02:00","2025","12","20","02:00","","-20.2","","-25.4","","64","","","","18","","13","","24.1","","88.11","","","","-29","","Mostly Cloudy"
"-114.01","51.12","CALGARY INTL A","3031092","2025-12-20 03:00","2025","12","20","03:00","","-19.5","","-23.5","","71","","","","19","","14","","24.1","","88.10","","","","-28","","NA"
"-114.01","51.12","CALGARY INTL A","3031092","2025-12-20 04:00","2025","12","20","04:00","","-19.6","","-24.4","","66","","","","19","","15","","24.1","","88.13","","","","-29","","NA"
"-114.01","51.12","CALGARY INTL A","3031092","2025-12-20 05:00","2025","12","20","05:00","","-20.4","","-25.2","","66","","","","17","","17","","24.1","","88.09","","","","-30","","Mainly Clear"
"-114.01","51.12","CALGARY INTL A","3031092","2025-12-20 06:00","2025","12","20","06:00","","-21.1","","-26.5","","62","","","","17","","16","","24.1","","88.07","","","","-31","","NA"
"-114.01","51.12","CALGARY INTL A","3031092","2025-12-20 07:00","2025","12","20","07:00","","-21.5","","-26.8","","63","","","","18","","17","","24.1","","88.05","","","","-32","","NA"
"-114.01","51.12","CALGARY INTL A","3031092","2025-12-20 08:00","2025","12","20","08:00","","-21.6","","-27.2","","61","","","","17","","14","","24.1","","88.04","","","","-31","","Mainly Clear"
"-114.01","51.12","CALGARY INTL A","3031092","2025-12-20 09:00","2025","12","20","09:00","","-21.5","","-26.1","","67","","","","18","","14","","32.2","","88.03","","","","-31","","NA"
"-114.01","51.12","CALGARY INTL A","3031092","2025-12-20 10:00","2025","12","20","10:00","","-20.8","","-25.5","","66","","","","19","","17","","32.2","","88.04","","","","-31","","NA"
"-114.01","51.12","CALGARY INTL A","3031092","2025-12-20 11:00","2025","12","20","11:00","","-19.7","","-24.5","","66","","","","18","","16","","32.2","","87.99","","","","-29","","Mainly Clear"
"-114.01","51.12","CALGARY INTL A","3031092","2025-12-20 12:00","2025","12","20","12:00","","-18.2","","-23.5","","64","","","","19","","20","","32.2","","87.91","","","","-28","","NA"
"-114.01","51.12","CALGARY INTL A","3031092","2025-12-20 13:00","2025","12","20","13:00","","-16.1","","-22.0","","61","","","","20","","18","","32.2","","87.86","","","","-25","","NA"
"-114.01","51.12","CALGARY INTL A","3031092","2025-12-20 14:00","2025","12","20","14:00","","-13.6","","-20.9","","55","","","","18","","17","","32.2","","87.82","","","","-22","","Mainly Clear"
"-114.01","51.12","CALGARY INTL A","3031092","2025-12-20 15:00","2025","12","20","15:00","","-11.7","","-19.6","","53","","","","20","","16","","32.2","","87.79","","","","-19","","NA"
"-114.01","51.12","CALGARY INTL A","3031092","2025-12-20 16:00","2025","12","20","16:00","","-12.3","","-19.0","","58","","","","19","","12","","24.1","","87.80","","","","-19","","NA"
"-114.01","51.12","CALGARY INTL A","3031092","2025-12-20 17:00","2025","12","20","17:00","","-13.3","","-19.1","","62","","","","18","","12","","24.1","","87.78","","","","-20","","Mainly Clear"
"-114.01","51.12","CALGARY INTL A","3031092","2025-12-20 18:00","2025","12","20","18:00","","-12.4","","-18.6","","61","","","","18","","9","","24.1","","87.74","","","","-18","","NA"
"-114.01","51.12","CALGARY INTL A","3031092","2025-12-20 19:00","2025","12","20","19:00","","-7.0","","-13.7","","59","","","","20","","21","","24.1","","87.69","","","","-14","","NA"
"-114.01","51.12","CALGARY INTL A","3031092","2025-12-20 20:00","2025","12","20","20:00","","-6.7","","-13.5","","59","","","","19","","19","","24.1","","87.69","","","","-14","","Clear"
"-114.01","51.12","CALGARY INTL A","3031092","2025-12-20 21:00","2025","12","20","21:00","","-7.6","","-13.6","","63","","","","20","","13","","24.1","","87.69","","","","-13","","NA"
"-114.01","51.12","CALGARY INTL A","3031092","2025-12-20 22:00","2025","12","20","22:00","","-9.4","","-13.6","","72","","","","22","","8","","24.1","","87.71","","","","-14","","NA"
"-114.01","51.12","CALGARY INTL A","3031092","2025-12-20 23:00","2025","12","20","23:00","","-6.6","","-12.6","","63","","","","22","","9","","24.1","","87.68","","","","-11","","Clear"
"-114.01","51.12","CALGARY INTL A","3031092","2025-12-21 00:00","2025","12","21","00:00","","-5.8","","-12.4","","60","","","","21","","5","","24.1","","87.69","","","","-8","","NA"
"-114.01","51.12","CALGARY INTL A","3031092","2025-12-21 01:00","2025","12","21","01:00","","-9.3","","-13.3","","73","","","","9","","7","","24.1","","87.67","","","","-13","","NA"
"-114.01","51.12","CALGARY INTL A","3031092","2025-12-21 02:00","2025","12","21","02:00","","-9.9","","-14.6","","69","","","","5","","13","","24.1","","87.70","","","","-16","","Clear"
"-114.01","51.12","CALGARY INTL A","3031092","2025-12-21 03:00","2025","12","21","03:00","","-8.7","","-14.1","","65","","","","1","","5","","24.1","","87.74","","","","-11","","NA"
"-114.01","51.12","CALGARY INTL A","3031092","2025-12-21 04:00","2025","12","21","04:00","","-6.8","","-13.1","","61","","","","5","","5","","24.1","","87.80","","","","-9","","NA"
"-114.01","51.12","CALGARY INTL A","3031092","2025-12-21 05:00","2025","12","21","05:00","","-15.7","","-19.6","","72","","","","1","","18","","24.1","","87.90","","","","-25","","Clear"
"-114.01","51.12","CALGARY INTL A","3031092","2025-12-21 06:00","2025","12","21","06:00","","-19.7","","-23.5","","72","","","","1","","37","","24.1","","87.93","","","","-33","","NA"
"-114.01","51.12","CALGARY INTL A","3031092","2025-12-21 07:00","2025","12","21","07:00","","-19.8","","-23.7","","72","","","","2","","21","","24.1","","87.99","","","","-30","","NA"
"-114.01","51.12","CALGARY INTL A","3031092","2025-12-21 08:00","2025","12","21","08:00","","-19.3","","-23.9","","68","","","","1","","17","","24.1","","88.05","","","","-29","","Mainly Clear"
"-114.01","51.12","CALGARY INTL A","3031092","2025-12-21 09:00","2025","12","21","09:00","","-19.1","","-23.8","","67","","","","1","","13","","32.2","","88.09","","","","-27","","NA"
"-114.01","51.12","CALGARY INTL A","3031092","2025-12-21 10:00","2025","12","21","10:00","","-18.9","","-24.1","","65","","","","1","","20","","32.2","","88.16","","","","-29","","NA"
"-114.01","51.12","CALGARY INTL A","3031092","2025-12-21 11:00","2025","12","21","11:00","","-18.6","","-23.9","","64","","","","1","","19","","32.2","","88.18","","","","-28","","Mainly Clear"
"-114.01","51.12","CALGARY INTL A","3031092","2025-12-21 12:00","2025","12","21","12:00","","-17.9","","-23.6","","62","","","","1","","13","","32.2","","88.13","","","","-26","","NA"
"-114.01","51.12","CALGARY INTL A","3031092","2025-12-21 13:00","2025","12","21","13:00","","-17.3","","-23.6","","59","","","","3","","11","","32.2","","88.06","","","","-24","","NA"
"-114.01","51.12","CALGARY INTL A","3031092","2025-12-21 14:00","2025","12","21","14:00","","-16.9","","-23.1","","60","","","","5","","15","","32.2","","87.99","","","","-25","","Mainly Clear"
"-114.01","51.12","CALGARY INTL A","3031092","2025-12-21 15:00","2025","12","21","15:00","","-17.4","","-22.6","","64","","","","6","","16","","24.1","","88.01","","","","-26","","NA"
"-114.01","51.12","CALGARY INTL A","3031092","2025-12-21 16:00","2025","12","21","16:00","","-19.6","","-23.8","","70","","","","7","","13","","24.1","","88.06","","","","-28","","NA"
"-114.01","51.12","CALGARY INTL A","3031092","2025-12-21 17:00","2025","12","21","17:00","","-20.5","","-24.4","","72","","","","4","","11","","24.1","","88.12","","","","-28","","Mainly Clear"
"-114.01","51.12","CALGARY INTL A","3031092","2025-12-21 18:00","2025","12","21","18:00","","-20.7","","-24.7","","70","","","","36","","12","","24.1","","88.12","","","","-29","","NA"
"-114.01","51.12","CALGARY INTL A","3031092","2025-12-21 19:00","2025","12","21","19:00","","-21.0","","-25.0","","71","","","","1","","13","","19.3","","88.11","","","","-30","","NA"
"-114.01","51.12","CALGARY INTL A","3031092","2025-12-21 20:00","2025","12","21","20:00","","-21.6","","-25.3","","72","","","","35","","10","","24.1","","88.11","","","","-29","","Clear"
"-114.01","51.12","CALGARY INTL A","3031092","2025-12-21 21:00","2025","12","21","21:00","","-22.0","","-25.8","","72","","","","36","","14","","24.1","","88.09","","","","-31","","NA"
"-114.01","51.12","CALGARY INTL A","3031092","2025-12-21 22:00","2025","12","21","22:00","","-22.4","","-26.4","","71","","","","34","","14","","24.1","","88.08","","","","-32","","NA"
"-114.01","51.12","CALGARY INTL A","3031092","2025-12-21 23:00","2025","12","21","23:00","","-22.5","","-26.1","","73","","","","2","","11","","24.1","","88.06","","","","-31","","Clear"
"-114.01","51.12","CALGARY INTL A","3031092","2025-12-22 00:00","2025","12","22","00:00","","-22.5","","-26.0","","73","","","","34","","12","","24.1","","88.02","","","","-31","","NA"
"-114.01","51.12","CALGARY INTL A","3031092","2025-12-22 01:00","2025","12","22","01:00","","-22.4","","-25.5","","76","","","","2","","9","","8.1","","88.04","","","","-30","","Ice Crystals,Fog"
"-114.01","51.12","CALGARY INTL A","3031092","2025-12-22 02:00","2025","12","22","02:00","","-23.1","","-26.1","","77","","","","36","","19","","24.1","","88.00","","","","-34","","Clear"
"-114.01","51.12","CALGARY INTL A","3031092","2025-12-22 03:00","2025","12","22","03:00","","-23.1","","-25.7","","79","","","","35","","13","","9.7","","87.99","","","","-32","","Ice Crystals,Fog"
"-114.01","51.12","CALGARY INTL A","3031092","2025-12-22 04:00","2025","12","22","04:00","","-22.5","","-25.6","","76","","","","34","","16","","9.7","","87.98","","","","-32","","Ice Crystals,Fog"
"-114.01","51.12","CALGARY INTL A","3031092","2025-12-22 05:00","2025","12","22","05:00","","-22.0","","-25.0","","77","","","","33","","9","","9.7","","88.05","","","","-29","","Ice Crystals,Fog"
"-114.01","51.12","CALGARY INTL A","3031092","2025-12-22 06:00","2025","12","22","06:00","","-21.6","","-24.8","","76","","","","36","","20","","8.1","","88.07","","","","-32","","Ice Crystals,Fog"
"-114.01","51.12","CALGARY INTL A","3031092","2025-12-22 07:00","2025","12","22","07:00","","-21.4","","-25.0","","73","","","","35","","22","","12.9","","88.21","","","","-33","","Ice Crystals"
"-114.01","51.12","CALGARY INTL A","3031092","2025-12-22 08:00","2025","12","22","08:00","","-21.3","","-25.3","","71","","","","35","","24","","8.1","","88.27","","","","-33","","Ice Crystals,Fog"
"-114.01","51.12","CALGARY INTL A","3031092","2025-12-22 09:00","2025","12","22","09:00","","-20.9","","-25.0","","70","","","","34","","23","","16.1","","88.38","","","","-32","","NA"
"-114.01","51.12","CALGARY INTL A","3031092","2025-12-22 10:00","2025","12","22","10:00","","-20.6","","-24.5","","72","","","","34","","24","","9.7","","88.45","","","","-32","","Snow,Fog"
"-114.01","51.12","CALGARY INTL A","3031092","2025-12-22 11:00","2025","12","22","11:00","","-20.0","","-23.8","","72","","","","33","","18","","9.7","","88.57","","","","-30","","Snow,Fog"
"-114.01","51.12","CALGARY INTL A","3031092","2025-12-22 12:00","2025","12","22","12:00","","-19.4","","-23.2","","72","","","","34","","15","","9.7","","88.58","","","","-28","","Snow,Fog"
"-114.01","51.12","CALGARY INTL A","3031092","2025-12-22 13:00","2025","12","22","13:00","","-19.7","","-24.0","","69","","","","1","","10","","16.1","","88.61","","","","-27","","NA"
"-114.01","51.12","CALGARY INTL A","3031092","2025-12-22 14:00","2025","12","22","14:00","","-19.4","","-24.0","","68","","","","7","","4","","19.3","","88.60","","","","-23","","Mainly Clear"
"-114.01","51.12","CALGARY INTL A","3031092","2025-12-22 15:00","2025","12","22","15:00","","-18.6","","-23.6","","66","","","","","","0","","24.1","","88.62","","","","","","NA"
"-114.01","51.12","CALGARY INTL A","3031092","2025-12-22 16:00","2025","12","22","16:00","","-18.2","","-22.8","","68","","","","10","","5","","24.1","","88.63","","","","-22","","NA"
"-114.01","51.12","CALGARY INTL A","3031092","2025-12-22 17:00","2025","12","22","17:00","","-19.8","","-23.9","","71","","","","14","","16","","24.1","","88.65","","","","-29","","Clear"
"-114.01","51.12","CALGARY INTL A","3031092","2025-12-22 18:00","2025","12","22","18:00","","-20.2","","-23.8","","73","","","","17","","10","","24.1","","88.61","","","","-27","","NA"
"-114.01","51.12","CALGARY INTL A","3031092","2025-12-22 19:00","2025","12","22","19:00","","-20.1","","-23.4","","76","","","","16","","13","","19.3","","88.59","","","","-29","","NA"
"-114.01","51.12","CALGARY INTL A","3031092","2025-12-22 20:00","2025","12","22","20:00","","-20.4","","-23.3","","78","","","","18","","20","","11.3","","88.52","","","","-31","","Clear"
"-114.01","51.12","CALGARY INTL A","3031092","2025-12-22 21:00","2025","12","22","21:00","","-20.4","","-23.2","","78","","","","18","","19","","11.3","","88.45","","","","-31","","NA"
"-114.01","51.12","CALGARY INTL A","3031092","2025-12-22 22:00","2025","12","22","22:00","","-20.4","","-23.2","","79","","","","19","","16","","11.3","","88.37","","","","-30","","NA"
"-114.01","51.12","CALGARY INTL A","3031092","2025-12-22 23:00","2025","12","22","23:00","","-20.6","","-23.4","","79","","","","17","","17","","11.3","","88.27","","","","-30","","Clear"
"-114.01","51.12","CALGARY INTL A","3031092","2025-12-23 00:00","2025","12","23","00:00","","-20.2","","-23.0","","79","","","","19","","19","","11.3","","88.22","","","","-30","","NA"
"-114.01","51.12","CALGARY INTL A","3031092","2025-12-23 01:00","2025","12","23","01:00","","-19.9","","-22.6","","79","","","","20","","25","","24.1","","88.06","","","","-31","","NA"
"-114.01","51.12","CALGARY INTL A","3031092","2025-12-23 02:00","2025","12","23","02:00","","-19.4","","-22.2","","79","","","","21","","21","","11.3","","87.99","","","","-30","","Ice Crystals"
"-114.01","51.12","CALGARY INTL A","3031092","2025-12-23 03:00","2025","12","23","03:00","","-19.4","","-22.1","","79","","","","20","","16","","11.3","","87.87","","","","-29","","NA"
"-114.01","51.12","CALGARY INTL A","3031092","2025-12-23 04:00","2025","12","23","04:00","","-19.2","","-22.1","","78","","","","19","","13","","11.3","","87.82","","","","-27","","NA"
"-114.01","51.12","CALGARY INTL A","3031092","2025-12-23 05:00","2025","12","23","05:00","","-18.6","","-21.5","","78","","","","18","","14","","16.1","","87.77","","","","-27","","Clear"
"-114.01","51.12","CALGARY INTL A","3031092","2025-12-23 06:00","2025","12","23","06:00","","-15.5","","-17.8","","83","","","","21","","13","","24.1","","87.76","","","","-23","","NA"
"-114.01","51.12","CALGARY INTL A","3031092","2025-12-23 07:00","2025","12","23","07:00","","-8.0","","-10.5","","83","","","","22","","17","","24.1","","87.80","","","","-15","","NA"
"-114.01","51.12","CALGARY INTL A","3031092","2025-12-23 08:00","2025","12","23","08:00","","-5.5","","-9.3","","74","","","","27","","7","","24.1","","87.89","","","","-9","","Mainly Clear"
"-114.01","51.12","CALGARY INTL A","3031092","2025-12-23 09:00","2025","12","23","09:00","","-8.8","","-11.6","","80","","","","8","","3","","48.3","","87.99","","","","-10","","NA"
"-114.01","51.12","CALGARY INTL A","3031092","2025-12-23 10:00","2025","12","23","10:00","","-5.9","","-9.1","","78","","","","21","","7","","48.3","","88.13","","","","-9","","NA"
"-114.01","51.12","CALGARY INTL A","3031092","2025-12-23 11:00","2025","12","23","11:00","","-5.0","","-9.3","","72","","","","26","","3","","64.4","","88.20","","","","-6","","Mostly Cloudy"
"-114.01","51.12","CALGARY INTL A","3031092","2025-12-23 12:00","2025","12","23","12:00","","-5.0","","-8.5","","76","","","","35","","4","","64.4","","88.22","","","","-7","","NA"
"-114.01","51.12","CALGARY INTL A","3031092","2025-12-23 13:00","2025","12","23","13:00","","-2.3","","-7.2","","69","","","","6","","7","","64.4","","88.20","","","","-5","","NA"
"-114.01","51.12","CALGARY INTL A","3031092","2025-12-23 14:00","2025","12","23","14:00","","-5.8","","-10.5","","70","","","","14","","10","","64.4","","88.27","","","","-10","","Mainly Clear"
"-114.01","51.12","CALGARY INTL A","3031092","2025-12-23 15:00","2025","12","23","15:00","","-9.7","","-14.4","","69","","","","9","","13","","32.2","","88.35","","","","-16","","NA"
"-114.01","51.12","CALGARY INTL A","3031092","2025-12-23 16:00","2025","12","23","16:00","","-11.9","","-16.1","","72","","","","6","","6","","32.2","","88.47","","","","-16","","NA"
"-114.01","51.12","CALGARY INTL A","3031092","2025-12-23 17:00","2025","12","23","17:00","","-13.6","","-17.2","","75","","","","5","","10","","24.1","","88.52","","","","-20","","Mostly Cloudy"
"-114.01","51.12","CALGARY INTL A","3031092","2025-12-23 18:00","2025","12","23","18:00","","-13.3","","-17.0","","74","","","","34","","5","","24.1","","88.60","","","","-17","","NA"
"-114.01","51.12","CALGARY INTL A","3031092","2025-12-23 19:00","2025","12","23","19:00","","-14.2","","-17.7","","75","","","","2","","13","","24.1","","88.63","","","","-21","","NA"
"-114.01","51.12","CALGARY INTL A","3031092","2025-12-23 20:00","2025","12","23","20:00","","-12.9","","-16.4","","75","","","","17","","4","","24.1","","88.68","","","","-16","","Mainly Clear"
"-114.01","51.12","CALGARY INTL A","3031092","2025-12-23 21:00","2025","12","23","21:00","","-14.2","","-17.2","","78","","","","4","","8","","16.1","","88.68","","","","-19","","NA"
"-114.01","51.12","CALGARY INTL A","3031092","2025-12-23 22:00","2025","12","23","22:00","","-12.9","","-16.1","","77","","","","5","","10","","16.1","","88.69","","","","-19","","NA"
"-114.01","51.12","CALGARY INTL A","3031092","2025-12-23 23:00","2025","12","23","23:00","","-15.8","","-19.6","","73","","","","7","","15","","16.1","","88.77","","","","-24","","Mostly Cloudy"
"-114.01","51.12","CALGARY INTL A","3031092","2025-12-24 00:00","2025","12","24","00:00","","-16.5","","-20.0","","75","","","","6","","12","","16.1","","88.85","","","","-24","","NA"
"-114.01","51.12","CALGARY INTL A","3031092","2025-12-24 01:00","2025","12","24","01:00","","-17.1","","-20.9","","72","","","","6","","11","","16.1","","88.81","","","","-24","","NA"
"-114.01","51.12","CALGARY INTL A","3031092","2025-12-24 02:00","2025","12","24","02:00","","-17.1","","-21.2","","71","","","","6","","7","","16.1","","88.88","","","","-22","","Cloudy"
"-114.01","51.12","CALGARY INTL A","3031092","2025-12-24 03:00","2025","12","24","03:00","","-17.5","","-21.1","","73","","","","4","","12","","6.4","","88.96","","","","-25","","Snow"
"-114.01","51.12","CALGARY INTL A","3031092","2025-12-24 04:00","2025","12","24","04:00","","-18.1","","-21.5","","76","","","","6","","10","","2.4","","89.02","","","","-25","","Snow"
"-114.01","51.12","CALGARY INTL A","3031092","2025-12-24 05:00","2025","12","24","05:00","","-18.6","","-21.8","","76","","","","5","","13","","2.4","","89.01","","","","-27","","Snow"
"-114.01","51.12","CALGARY INTL A","3031092","2025-12-24 06:00","2025","12","24","06:00","","-18.7","","-22.1","","75","","","","3","","18","","2.8","","88.99","","","","-28","","Snow"
"-114.01","51.12","CALGARY INTL A","3031092","2025-12-24 07:00","2025","12","24","07:00","","-18.9","","-22.5","","74","","","","3","","17","","4.8","","89.05","","","","-28","","Snow"
"-114.01","51.12","CALGARY INTL A","3031092","2025-12-24 08:00","2025","12","24","08:00","","-19.1","","-22.4","","75","","","","3","","11","","2.8","","89.08","","","","-27","","Snow"
"-114.01","51.12","CALGARY INTL A","3031092","2025-12-24 09:00","2025","12","24","09:00","","-19.3","","-22.8","","74","","","","3","","17","","4.8","","89.07","","","","-29","","Snow"
"-114.01","51.12","CALGARY INTL A","3031092","2025-12-24 10:00","2025","12","24","10:00","","-19.6","","-23.3","","73","","","","3","","16","","4.0","","89.04","","","","-29","","Snow"
"-114.01","51.12","CALGARY INTL A","3031092","2025-12-24 11:00","2025","12","24","11:00","","-20.2","","-23.8","","73","","","","6","","13","","2.4","","88.98","","","","-29","","Snow"
"-114.01","51.12","CALGARY INTL A","3031092","2025-12-24 12:00","2025","12","24","12:00","","-20.4","","-24.2","","72","","","","4","","9","","4.8","","88.97","","","","-27","","Snow"
"-114.01","51.12","CALGARY INTL A","3031092","2025-12-24 13:00","2025","12","24","13:00","","-20.3","","-24.2","","71","","","","6","","9","","4.8","","88.81","","","","-27","","Snow"
"-114.01","51.12","CALGARY INTL A","3031092","2025-12-24 14:00","2025","12","24","14:00","","-20.4","","-24.2","","72","","","","7","","9","","12.9","","88.64","","","","-27","","Snow"
"-114.01","51.12","CALGARY INTL A","3031092","2025-12-24 15:00","2025","12","24","15:00","","-20.4","","-23.9","","74","","","","8","","10","","12.9","","88.65","","","","-28","","Snow"
"-114.01","51.12","CALGARY INTL A","3031092","2025-12-24 16:00","2025","12","24","16:00","","-20.5","","-23.7","","76","","","","8","","9","","12.9","","88.57","","","","-27","","Snow"
"-114.01","51.12","CALGARY INTL A","3031092","2025-12-24 17:00","2025","12","24","17:00","","-20.6","","-23.6","","78","","","","8","","9","","6.4","","88.43","","","","-27","","Fog"
"-114.01","51.12","CALGARY INTL A","3031092","2025-12-24 18:00","2025","12","24","18:00","","-20.4","","-22.9","","81","","","","14","","9","","4.8","","88.38","","","","-27","","Snow,Fog"
"-114.01","51.12","CALGARY INTL A","3031092","2025-12-24 19:00","2025","12","24","19:00","","-20.0","","-22.1","","84","","","","15","","12","","3.2","","88.26","","","","-28","","Snow,Fog"
"-114.01","51.12","CALGARY INTL A","3031092","2025-12-24 20:00","2025","12","24","20:00","","-19.6","","-22.1","","81","","","","14","","13","","3.6","","88.20","","","","-28","","Snow,Fog"
"-114.01","51.12","CALGARY INTL A","3031092","2025-12-24 21:00","2025","12","24","21:00","","-19.3","","-21.9","","80","","","","16","","16","","4.0","","88.10","","","","-29","","Snow,Fog"
"-114.01","51.12","CALGARY INTL A","3031092","2025-12-24 22:00","2025","12","24","22:00","","-19.1","","-21.7","","80","","","","17","","12","","6.4","","88.00","","","","-27","","Snow,Fog"
"-114.01","51.12","CALGARY INTL A","3031092","2025-12-24 23:00","2025","12","24","23:00","","-18.8","","-21.4","","80","","","","19","","18","","6.4","","87.90","","","","-28","","Fog"
"-114.01","51.12","CALGARY INTL A","3031092","2025-12-25 00:00","2025","12","25","00:00","","-18.3","","-20.8","","81","","","","20","","14","","6.4","","87.81","","","","-27","","Ice Crystals,Fog"
"-114.01","51.12","CALGARY INTL A","3031092","2025-12-25 01:00","2025","12","25","01:00","","-18.0","","-20.6","","81","","","","20","","13","","11.3","","87.74","","","","-26","","NA"
"-114.01","51.12","CALGARY INTL A","3031092","2025-12-25 02:00","2025","12","25","02:00","","-17.6","","-20.2","","81","","","","20","","13","","11.3","","87.64","","","","-25","","Mostly Cloudy"
"-114.01","51.12","CALGARY INTL A","3031092","2025-12-25 03:00","2025","12","25","03:00","","-17.4","","-20.0","","80","","","","19","","12","","16.1","","87.65","","","","-25","","NA"
"-114.01","51.12","CALGARY INTL A","3031092","2025-12-25 04:00","2025","12","25","04:00","","-17.4","","-20.2","","79","","","","21","","17","","19.3","","87.57","","","","-26","","NA"
"-114.01","51.12","CALGARY INTL A","3031092","2025-12-25 05:00","2025","12","25","05:00","","-16.9","","-20.4","","75","","","","21","","13","","11.3","","87.52","","","","-25","","Mainly Clear"
"-114.01","51.12","CALGARY INTL A","3031092","2025-12-25 06:00","2025","12","25","06:00","","-15.4","","-18.5","","77","","","","22","","8","","24.1","","87.51","","","","-21","","NA"
"-114.01","51.12","CALGARY INTL A","3031092","2025-12-25 07:00","2025","12","25","07:00","","-14.2","","-17.0","","79","","","","23","","7","","24.1","","87.55","","","","-19","","NA"
"-114.01","51.12","CALGARY INTL A","3031092","2025-12-25 08:00","2025","12","25","08:00","","-15.0","","-17.9","","79","","","","","","0","","19.3","","87.59","","","","","","Clear"
"-114.01","51.12","CALGARY INTL A","3031092","2025-12-25 09:00","2025","12","25","09:00","","-15.9","","-18.2","","83","","","","5","","13","","64.4","","87.69","","","","-23","","NA"
"-114.01","51.12","CALGARY INTL A","3031092","2025-12-25 10:00","2025","12","25","10:00","","-18.3","","-22.2","","72","","","","4","","12","","48.3","","87.80","","","","-26","","NA"
"-114.01","51.12","CALGARY INTL A","3031092","2025-12-25 11:00","2025","12","25","11:00","","-17.9","","-22.4","","68","","","","1","","8","","32.2","","87.82","","","","-24","","Mostly Cloudy"
"-114.01","51.12","CALGARY INTL A","3031092","2025-12-25 12:00","2025","12","25","12:00","","-17.2","","-21.5","","70","","","","","","0","","48.3","","87.76","","","","","","NA"
"-114.01","51.12","CALGARY INTL A","3031092","2025-12-25 13:00","2025","12","25","13:00","","-13.3","","-18.1","","67","","","","19","","7","","32.2","","87.71","","","","-18","","NA"
"-114.01","51.12","CALGARY INTL A","3031092","2025-12-25 14:00","2025","12","25","14:00","","-10.2","","-15.5","","65","","","","10","","9","","24.1","","87.74","","","","-15","","Mostly Cloudy"
"-114.01","51.12","CALGARY INTL A","3031092","2025-12-25 15:00","2025","12","25","15:00","","-16.9","","-20.9","","72","","","","2","","28","","14.5","","87.88","","","","-28","","NA"
"-114.01","51.12","CALGARY INTL A","3031092","2025-12-25 16:00","2025","12","25","16:00","","-18.1","","-21.8","","73","","","","2","","30","","14.5","","87.98","","","","-30","","NA"
"-114.01","51.12","CALGARY INTL A","3031092","2025-12-25 17:00","2025","12","25","17:00","","-17.7","","-21.7","","72","","","","34","","13","","19.3","","88.05","","","","-26","","Mostly Cloudy"
"-114.01","51.12","CALGARY INTL A","3031092","2025-12-25 18:00","2025","12","25","18:00","","-14.7","","-19.3","","68","","","","34","","13","","24.1","","88.05","","","","-22","","NA"
"-114.01","51.12","CALGARY INTL A","3031092","2025-12-25 19:00","2025","12","25","19:00","","-12.9","","-17.8","","67","","","","36","","5","","19.3","","88.06","","","","-16","","NA"
"-114.01","51.12","CALGARY INTL A","3031092","2025-12-25 20:00","2025","12","25","20:00","","-12.0","","-16.9","","67","","","","24","","9","","24.1","","88.05","","","","-17","","Cloudy"
"-114.01","51.12","CALGARY INTL A","3031092","2025-12-25 21:00","2025","12","25","21:00","","-10.9","","-15.7","","68","","","","21","","3","","24.1","","88.03","","","","-13","","NA"
"-114.01","51.12","CALGARY INTL A","3031092","2025-12-25 22:00","2025","12","25","22:00","","-10.7","","-15.2","","70","","","","","","0","","24.1","","87.99","","","","","","NA"
"-114.01","51.12","CALGARY INTL A","3031092","2025-12-25 23:00","2025","12","25","23:00","","-10.0","","-14.5","","70","","","","6","","4","","24.1","","87.93","","","","-12","","Cloudy"
"-114.01","51.12","CALGARY INTL A","3031092","2025-12-26 00:00","2025","12","26","00:00","","-9.9","","-13.4","","75","","","","","","0","","2.4","","87.83","","","","","","Snow"
"-114.01","51.12","CALGARY INTL A","3031092","2025-12-26 01:00","2025","12","26","01:00","","-9.9","","-11.9","","85","","","","7","","5","","3.2","","87.77","","","","-13","","Snow"
"-114.01","51.12","CALGARY INTL A","3031092","2025-12-26 02:00","2025","12","26","02:00","","-10.7","","-12.8","","84","","","","7","","8","","3.2","","87.68","","","","-15","","Fog"
"-114.01","51.12","CALGARY INTL A","3031092","2025-12-26 03:00","2025","12","26","03:00","","-10.8","","-12.2","","89","","","","9","","16","","2.4","","87.64","","","","-18","","Fog"
"-114.01","51.12","CALGARY INTL A","3031092","2025-12-26 04:00","2025","12","26","04:00","","-11.5","","-13.1","","88","","","","11","","9","","2.0","","87.60","","","","-17","","Fog"
"-114.01","51.12","CALGARY INTL A","3031092","2025-12-26 05:00","2025","12","26","05:00","","-12.1","","-13.7","","88","","","","10","","12","","1.6","","87.54","","","","-18","","Fog"
"-114.01","51.12","CALGARY INTL A","3031092","2025-12-26 06:00","2025","12","26","06:00","","-12.3","","-14.0","","88","","","","12","","6","","1.0","","87.55","","","","-16","","Snow,Fog"
"-114.01","51.12","CALGARY INTL A","3031092","2025-12-26 07:00","2025","12","26","07:00","","-12.5","","-14.3","","87","","","","11","","8","","2.0","","87.51","","","","-17","","Snow,Fog"
"-114.01","51.12","CALGARY INTL A","3031092","2025-12-26 08:00","2025","12","26","08:00","","-12.6","","-14.4","","87","","","","9","","8","","2.8","","87.45","","","","-18","","Snow,Fog"
"-114.01","51.12","CALGARY INTL A","3031092","2025-12-26 09:00","2025","12","26","09:00","","-12.6","","-14.5","","86","","","","10","","5","","0.8","","87.37","","","","-16","","Snow,Freezing Fog"
"-114.01","51.12","CALGARY INTL A","3031092","2025-12-26 10:00","2025","12","26","10:00","","-12.6","","-14.5","","86","","","","20","","5","","3.6","","87.35","","","","-16","","Snow,Fog"
"-114.01","51.12","CALGARY INTL A","3031092","2025-12-26 11:00","2025","12","26","11:00","","-12.4","","-14.3","","86","","","","17","","5","","1.2","","87.31","","","","-16","","Snow"
"-114.01","51.12","CALGARY INTL A","3031092","2025-12-26 12:00","2025","12","26","12:00","","-12.1","","-13.9","","87","","","","16","","14","","2.0","","87.31","","","","-19","","Snow"
"-114.01","51.12","CALGARY INTL A","3031092","2025-12-26 13:00","2025","12","26","13:00","","-12.2","","-14.0","","86","","","","15","","10","","2.0","","87.18","","","","-18","","Snow"
"-114.01","51.12","CALGARY INTL A","3031092","2025-12-26 14:00","2025","12","26","14:00","","-12.1","","-14.0","","86","","","","14","","10","","3.6","","87.12","","","","-18","","Snow"
"-114.01","51.12","CALGARY INTL A","3031092","2025-12-26 15:00","2025","12","26","15:00","","-12.2","","-14.0","","86","","","","10","","6","","3.6","","87.07","","","","-16","","Snow"
"-114.01","51.12","CALGARY INTL A","3031092","2025-12-26 16:00","2025","12","26","16:00","","-12.7","","-14.5","","86","","","","9","","12","","3.6","","87.07","","","","-19","","Snow"
"-114.01","51.12","CALGARY INTL A","3031092","2025-12-26 17:00","2025","12","26","17:00","","-13.4","","-15.3","","85","","","","7","","15","","1.6","","87.17","","","","-21","","Snow,Fog"
"-114.01","51.12","CALGARY INTL A","3031092","2025-12-26 18:00","2025","12","26","18:00","","-14.0","","-16.0","","85","","","","2","","18","","1.0","","87.27","","","","-22","","Snow,Fog"
"-114.01","51.12","CALGARY INTL A","3031092","2025-12-26 19:00","2025","12","26","19:00","","-14.0","","-16.0","","85","","","","1","","17","","3.2","","87.34","","","","-22","","Fog"
"-114.01","51.12","CALGARY INTL A","3031092","2025-12-26 20:00","2025","12","26","20:00","","-13.6","","-15.5","","85","","","","35","","16","","2.0","","87.40","","","","-21","","Snow,Fog"
"-114.01","51.12","CALGARY INTL A","3031092","2025-12-26 21:00","2025","12","26","21:00","","-13.6","","-15.6","","85","","","","35","","17","","3.2","","87.42","","","","-22","","Snow,Fog"
"-114.01","51.12","CALGARY INTL A","3031092","2025-12-26 22:00","2025","12","26","22:00","","-13.6","","-15.6","","85","","","","36","","28","","4.0","","87.49","","","","-24","","Snow,Fog,Drifting Snow"
"-114.01","51.12","CALGARY INTL A","3031092","2025-12-26 23:00","2025","12","26","23:00","","-15.4","","-17.6","","84","","","","35","","34","","2.0","","87.62","","","","-27","","Snow,Fog,Drifting Snow"
"-114.01","51.12","CALGARY INTL A","3031092","2025-12-27 00:00","2025","12","27","00:00","","-17.3","","-19.7","","82","","","","36","","41","","2.0","","87.75","","","","-31","","Snow,Fog,Drifting Snow"
"-114.01","51.12","CALGARY INTL A","3031092","2025-12-27 01:00","2025","12","27","01:00","","-18.1","","-20.6","","81","","","","36","","37","","8.1","","87.88","","","","-31","","Snow,Fog,Drifting Snow"
"-114.01","51.12","CALGARY INTL A","3031092","2025-12-27 02:00","2025","12","27","02:00","","-18.7","","-21.4","","80","","","","36","","37","","12.9","","87.92","","","","-32","","Snow,Drifting Snow"
"-114.01","51.12","CALGARY INTL A","3031092","2025-12-27 03:00","2025","12","27","03:00","","-19.4","","-22.2","","79","","","","35","","42","","6.4","","88.06","","","","-34","","Snow,Drifting Snow"
"-114.01","51.12","CALGARY INTL A","3031092","2025-12-27 04:00","2025","12","27","04:00","","-19.9","","-22.8","","78","","","","35","","41","","4.0","","88.26","","","","-34","","Snow,Drifting Snow"
"-114.01","51.12","CALGARY INTL A","3031092","2025-12-27 05:00","2025","12","27","05:00","","-20.3","","-23.1","","78","","","","35","","35","","1.6","","88.33","","","","-34","","Snow,Fog"
"-114.01","51.12","CALGARY INTL A","3031092","2025-12-27 06:00","2025","12","27","06:00","","-20.7","","-23.6","","78","","","","35","","29","","3.2","","88.47","","","","-33","","Snow,Fog,Drifting Snow"
"-114.01","51.12","CALGARY INTL A","3031092","2025-12-27 07:00","2025","12","27","07:00","","-20.4","","-23.4","","78","","","","35","","23","","4.0","","88.57","","","","-32","","Snow,Fog,Drifting Snow"
"-114.01","51.12","CALGARY INTL A","3031092","2025-12-27 08:00","2025","12","27","08:00","","-21.1","","-24.4","","76","","","","35","","36","","12.9","","88.71","","","","-35","","Drifting Snow"
"-114.01","51.12","CALGARY INTL A","3031092","2025-12-27 09:00","2025","12","27","09:00","","-22.0","","-25.5","","74","","","","35","","32","","32.2","","88.88","","","","-36","","Drifting Snow"
"-114.01","51.12","CALGARY INTL A","3031092","2025-12-27 10:00","2025","12","27","10:00","","-21.9","","-25.8","","71","","","","35","","31","","48.3","","89.00","","","","-35","","Drifting Snow"
"-114.01","51.12","CALGARY INTL A","3031092","2025-12-27 11:00","2025","12","27","11:00","","-21.3","","-25.8","","68","","","","35","","37","","48.3","","89.10","","","","-35","","Drifting Snow"
"-114.01","51.12","CALGARY INTL A","3031092","2025-12-27 12:00","2025","12","27","12:00","","-20.9","","-26.0","","64","","","","34","","37","","64.4","","89.10","","","","-35","","Drifting Snow"
"-114.01","51.12","CALGARY INTL A","3031092","2025-12-27 13:00","2025","12","27","13:00","","-20.2","","-25.9","","61","","","","35","","23","","64.4","","89.14","","","","-31","","NA"
"-114.01","51.12","CALGARY INTL A","3031092","2025-12-27 14:00","2025","12","27","14:00","","-19.5","","-25.8","","58","","","","36","","23","","64.4","","89.20","","","","-31","","Mainly Clear"
"-114.01","51.12","CALGARY INTL A","3031092","2025-12-27 15:00","2025","12","27","15:00","","-19.3","","-25.8","","57","","","","35","","18","","64.4","","89.28","","","","-29","","NA"
"-114.01","51.12","CALGARY INTL A","3031092","2025-12-27 16:00","2025","12","27","16:00","","-20.0","","-26.3","","58","","","","1","","12","","64.4","","89.40","","","","-28","","NA"
"-114.01","51.12","CALGARY INTL A","3031092","2025-12-27 17:00","2025","12","27","17:00","","-20.6","","-26.6","","59","","","","35","","16","","64.4","","89.52","","","","-30","","Clear"
"-114.01","51.12","CALGARY INTL A","3031092","2025-12-27 18:00","2025","12","27","18:00","","-21.2","","-26.9","","61","","","","35","","11","","24.1","","89.59","","","","-29","","NA"
"-114.01","51.12","CALGARY INTL A","3031092","2025-12-27 19:00","2025","12","27","19:00","","-21.9","","-27.1","","63","","","","32","","9","","24.1","","89.65","","","","-29","","NA"
"-114.01","51.12","CALGARY INTL A","3031092","2025-12-27 20:00","2025","12","27","20:00","","-20.9","","-26.2","","63","","","","30","","8","","24.1","","89.68","","","","-27","","Clear"
"-114.01","51.12","CALGARY INTL A","3031092","2025-12-27 21:00","2025","12","27","21:00","","-21.2","","-25.1","","71","","","","21","","6","","24.1","","89.71","","","","-26","","NA"
"-114.01","51.12","CALGARY INTL A","3031092","2025-12-27 22:00","2025","12","27","22:00","","-21.7","","-25.5","","72","","","","20","","8","","24.1","","89.70","","","","-28","","NA"
"-114.01","51.12","CALGARY INTL A","3031092","2025-12-27 23:00","2025","12","27","23:00","","-21.9","","-25.9","","71","","","","22","","8","","24.1","","89.70","","","","-28","","Clear"
"-114.01","51.12","CALGARY INTL A","3031092","2025-12-28 00:00","2025","12","28","00:00","","-22.4","","-26.2","","72","","","","25","","10","","24.1","","89.72","","","","-30","","NA"
"-114.01","51.12","CALGARY INTL A","3031092","2025-12-28 01:00","2025","12","28","01:00","","-23.5","","-26.9","","74","","","","23","","10","","24.1","","89.66","","","","-31","","NA"
"-114.01","51.12","CALGARY INTL A","3031092","2025-12-28 02:00","2025","12","28","02:00","","-23.4","","-27.0","","73","","","","22","","12","","24.1","","89.68","","","","-32","","Clear"
"-114.01","51.12","CALGARY INTL A","3031092","2025-12-28 03:00","2025","12","28","03:00","","-22.7","","-26.6","","71","","","","21","","12","","24.1","","89.68","","","","-31","","NA"
"-114.01","51.12","CALGARY INTL A","3031092","2025-12-28 04:00","2025","12","28","04:00","","-23.2","","-27.1","","71","","","","19","","10","","24.1","","89.60","","","","-31","","NA"
"-114.01","51.12","CALGARY INTL A","3031092","2025-12-28 05:00","2025","12","28","05:00","","-21.7","","-25.7","","71","","","","20","","11","","24.1","","89.58","","","","-30","","Clear"
"-114.01","51.12","CALGARY INTL A","3031092","2025-12-28 06:00","2025","12","28","06:00","","-20.9","","-25.1","","70","","","","22","","16","","24.1","","89.55","","","","-31","","NA"
"-114.01","51.12","CALGARY INTL A","3031092","2025-12-28 07:00","2025","12","28","07:00","","-21.9","","-25.5","","73","","","","20","","10","","24.1","","89.51","","","","-29","","NA"
"-114.01","51.12","CALGARY INTL A","3031092","2025-12-28 08:00","2025","12","28","08:00","","-20.1","","-24.1","","71","","","","21","","12","","24.1","","89.51","","","","-28","","Mainly Clear"
"-114.01","51.12","CALGARY INTL A","3031092","2025-12-28 09:00","2025","12","28","09:00","","-19.5","","-23.8","","69","","","","20","","16","","64.4","","89.48","","","","-29","","NA"
"-114.01","51.12","CALGARY INTL A","3031092","2025-12-28 10:00","2025","12","28","10:00","","-16.2","","-20.6","","69","","","","21","","14","","64.4","","89.50","","","","-24","","NA"
"-114.01","51.12","CALGARY INTL A","3031092","2025-12-28 11:00","2025","12","28","11:00","","-14.9","","-19.4","","69","","","","19","","14","","64.4","","89.44","","","","-22","","Mostly Cloudy"
"-114.01","51.12","CALGARY INTL A","3031092","2025-12-28 12:00","2025","12","28","12:00","","-12.1","","-17.7","","63","","","","21","","14","","64.4","","89.33","","","","-19","","NA"
"-114.01","51.12","CALGARY INTL A","3031092","2025-12-28 13:00","2025","12","28","13:00","","-7.3","","-14.3","","58","","","","18","","7","","64.4","","89.33","","","","-11","","NA"
"-114.01","51.12","CALGARY INTL A","3031092","2025-12-28 14:00","2025","12","28","14:00","","-4.7","","-13.1","","52","","","","22","","13","","64.4","","89.33","","","","-10","","Mostly Cloudy"
"-114.01","51.12","CALGARY INTL A","3031092","2025-12-28 15:00","2025","12","28","15:00","","-1.5","","-11.2","","48","","","","24","","8","","64.4","","89.37","","","","-5","","NA"
"-114.01","51.12","CALGARY INTL A","3031092","2025-12-28 16:00","2025","12","28","16:00","","-0.4","","-9.7","","50","","","","19","","13","","64.4","","89.37","","","","-5","","NA"
"-114.01","51.12","CALGARY INTL A","3031092","2025-12-28 17:00","2025","12","28","17:00","","-3.1","","-10.3","","58","","","","15","","7","","64.4","","89.40","","","","-6","","Mostly Cloudy"
"-114.01","51.12","CALGARY INTL A","3031092","2025-12-28 18:00","2025","12","28","18:00","","1.5","","-10.1","","42","","","","28","","26","","24.1","","89.40","","","","","","NA"
"-114.01","51.12","CALGARY INTL A","3031092","2025-12-28 19:00","2025","12","28","19:00","","1.7","","-10.0","","42","","","","28","","27","","24.1","","89.42","","","","","","NA"
"-114.01","51.12","CALGARY INTL A","3031092","2025-12-28 20:00","2025","12","28","20:00","","2.0","","-10.1","","41","","","","28","","31","","24.1","","89.45","","","","","","Mostly Cloudy"
"-114.01","51.12","CALGARY INTL A","3031092","2025-12-28 21:00","2025","12","28","21:00","","1.5","","-10.1","","42","","","","28","","33","","24.1","","89.45","","","","","","NA"
"-114.01","51.12","CALGARY INTL A","3031092","2025-12-28 22:00","2025","12","28","22:00","","1.2","","-9.5","","45","","","","29","","26","","24.1","","89.51","","","","","","NA"
"-114.01","51.12","CALGARY INTL A","3031092","2025-12-28 23:00","2025","12","28","23:00","","2.0","","-9.7","","42","","","","28","","29","","24.1","","89.53","","","","","","Mostly Cloudy"
"-114.01","51.12","CALGARY INTL A","3031092","2025-12-29 00:00","2025","12","29","00:00","","1.7","","-9.4","","44","","","","27","","18","","24.1","","89.55","","","","","","NA"
"-114.01","51.12","CALGARY INTL A","3031092","2025-12-29 01:00","2025","12","29","01:00","","2.0","","-9.5","","42","","","","28","","18","","24.1","","89.58","","","","","","NA"
"-114.01","51.12","CALGARY INTL A","3031092","2025-12-29 02:00","2025","12","29","02:00","","1.6","","-9.6","","43","","","","27","","21","","24.1","","89.59","","","","","","Mostly Cloudy"
"-114.01","51.12","CALGARY INTL A","3031092","2025-12-29 03:00","2025","12","29","03:00","","0.7","","-9.5","","46","","","","24","","10","","24.1","","89.61","","","","","","NA"
"-114.01","51.12","CALGARY INTL A","3031092","2025-12-29 04:00","2025","12","29","04:00","","1.0","","-9.2","","47","","","","31","","5","","24.1","","89.60","","","","","","NA"
"-114.01","51.12","CALGARY INTL A","3031092","2025-12-29 05:00","2025","12","29","05:00","","-2.4","","-9.8","","57","","","","18","","11","","24.1","","89.58","","","","-6","","Mostly Cloudy"
"-114.01","51.12","CALGARY INTL A","3031092","2025-12-29 06:00","2025","12","29","06:00","","0.9","","-9.2","","47","","","","35","","4","","24.1","","89.53","","","","","","NA"
"-114.01","51.12","CALGARY INTL A","3031092","2025-12-29 07:00","2025","12","29","07:00","","2.1","","-9.1","","43","","","","28","","26","","24.1","","89.51","","","","","","NA"
"-114.01","51.12","CALGARY INTL A","3031092","2025-12-29 08:00","2025","12","29","08:00","","2.7","","-9.0","","42","","","","28","","31","","24.1","","89.51","","","","","","Mostly Cloudy"
"-114.01","51.12","CALGARY INTL A","3031092","2025-12-29 09:00","2025","12","29","09:00","","3.0","","-8.9","","41","","","","28","","24","","64.4","","89.53","","","","","","NA"
"-114.01","51.12","CALGARY INTL A","3031092","2025-12-29 10:00","2025","12","29","10:00","","3.6","","-8.3","","41","","","","28","","29","","64.4","","89.54","","","","","","NA"
"-114.01","51.12","CALGARY INTL A","3031092","2025-12-29 11:00","2025","12","29","11:00","","3.2","","-7.2","","46","","","","33","","10","","64.4","","89.51","","","","","","Mostly Cloudy"
"-114.01","51.12","CALGARY INTL A","3031092","2025-12-29 12:00","2025","12","29","12:00","","4.5","","-7.4","","42","","","","29","","28","","64.4","","89.52","","","","","","NA"
"-114.01","51.12","CALGARY INTL A","3031092","2025-12-29 13:00","2025","12","29","13:00","","5.1","","-7.4","","40","","","","28","","29","","64.4","","89.46","","","","","","NA"
"-114.01","51.12","CALGARY INTL A","3031092","2025-12-29 14:00","2025","12","29","14:00","","6.3","","-7.0","","38","","","","28","","28","","64.4","","89.42","","","","","","Mostly Cloudy"
"-114.01","51.12","CALGARY INTL A","3031092","2025-12-29 15:00","2025","12","29","15:00","","7.0","","-6.6","","37","","","","29","","16","","64.4","","89.48","","","","","","NA"
"-114.01","51.12","CALGARY INTL A","3031092","2025-12-29 16:00","2025","12","29","16:00","","5.6","","-6.2","","42","","","","29","","27","","64.4","","89.48","","","","","","NA"
"-114.01","51.12","CALGARY INTL A","3031092","2025-12-29 17:00","2025","12","29","17:00","","5.2","","-6.3","","43","","","","28","","32","","64.4","","89.49","","","","","","Mostly Cloudy"
"-114.01","51.12","CALGARY INTL A","3031092","2025-12-29 18:00","2025","12","29","18:00","","5.4","","-6.2","","43","","","","28","","28","","24.1","","89.49","","","","","","NA"
"-114.01","51.12","CALGARY INTL A","3031092","2025-12-29 19:00","2025","12","29","19:00","","5.4","","-5.7","","45","","","","29","","28","","24.1","","89.46","","","","","","NA"
"-114.01","51.12","CALGARY INTL A","3031092","2025-12-29 20:00","2025","12","29","20:00","","6.0","","-6.1","","42","","","","28","","34","","24.1","","89.46","","","","","","Mostly Cloudy"
"-114.01","51.12","CALGARY INTL A","3031092","2025-12-29 21:00","2025","12","29","21:00","","5.8","","-5.6","","44","","","","28","","25","","24.1","","89.47","","","","","","NA"
"-114.01","51.12","CALGARY INTL A","3031092","2025-12-29 22:00","2025","12","29","22:00","","5.3","","-5.8","","44","","","","28","","21","","24.1","","89.53","","","","","","NA"
"-114.01","51.12","CALGARY INTL A","3031092","2025-12-29 23:00","2025","12","29","23:00","","4.5","","-5.7","","48","","","","30","","16","","24.1","","89.56","","","","","","Clear"
"-114.01","51.12","CALGARY INTL A","3031092","2025-12-30 00:00","2025","12","30","00:00","","3.4","","-6.3","","49","","","","15","","5","","24.1","","89.58","","","","","","NA"
"-114.01","51.12","CALGARY INTL A","3031092","2025-12-30 01:00","2025","12","30","01:00","","5.1","","-6.3","","44","","","","27","","9","","24.1","","89.58","","","","","","NA"
"-114.01","51.12","CALGARY INTL A","3031092","2025-12-30 02:00","2025","12","30","02:00","","4.1","","-6.3","","47","","","","21","","4","","24.1","","89.58","","","","","","Clear"
"-114.01","51.12","CALGARY INTL A","3031092","2025-12-30 03:00","2025","12","30","03:00","","3.7","","-6.5","","47","","","","15","","6","","24.1","","89.62","","","","","","NA"
"-114.01","51.12","CALGARY INTL A","3031092","2025-12-30 04:00","2025","12","30","04:00","","2.3","","-6.8","","51","","","","20","","7","","24.1","","89.57","","","","","","NA"
"-114.01","51.12","CALGARY INTL A","3031092","2025-12-30 05:00","2025","12","30","05:00","","0.6","","-6.8","","58","","","","","","0","","24.1","","89.55","","","","","","Mostly Cloudy"
"-114.01","51.12","CALGARY INTL A","3031092","2025-12-30 06:00","2025","12","30","06:00","","0.2","","-7.1","","58","","","","22","","14","","24.1","","89.53","","","","","","NA"
"-114.01","51.12","CALGARY INTL A","3031092","2025-12-30 07:00","2025","12","30","07:00","","-0.9","","-7.4","","62","","","","22","","14","","24.1","","89.46","","","","-5","","NA"
"-114.01","51.12","CALGARY INTL A","3031092","2025-12-30 08:00","2025","12","30","08:00","","-0.3","","-7.6","","58","","","","22","","7","","24.1","","89.42","","","","-3","","Mostly Cloudy"
"-114.01","51.12","CALGARY INTL A","3031092","2025-12-30 09:00","2025","12","30","09:00","","1.2","","-6.6","","56","","","","23","","8","","64.4","","89.36","","","","","","NA"
"-114.01","51.12","CALGARY INTL A","3031092","2025-12-30 10:00","2025","12","30","10:00","","0.6","","-6.4","","59","","","","17","","5","","64.4","","89.35","","","","","","NA"
"-114.01","51.12","CALGARY INTL A","3031092","2025-12-30 11:00","2025","12","30","11:00","","1.8","","-5.7","","57","","","","21","","13","","64.4","","89.29","","","","","","Mostly Cloudy"
"-114.01","51.12","CALGARY INTL A","3031092","2025-12-30 12:00","2025","12","30","12:00","","3.5","","-5.1","","53","","","","18","","12","","64.4","","89.17","","","","","","NA"
"-114.01","51.12","CALGARY INTL A","3031092","2025-12-30 13:00","2025","12","30","13:00","","10.9","","-5.7","","31","","","","27","","25","","64.4","","89.06","","","","","","NA"
"-114.01","51.12","CALGARY INTL A","3031092","2025-12-30 14:00","2025","12","30","14:00","","8.4","","-5.0","","38","","","","26","","17","","64.4","","88.99","","","","","","Mostly Cloudy"
"-114.01","51.12","CALGARY INTL A","3031092","2025-12-30 15:00","2025","12","30","15:00","","9.8","","-4.1","","37","","","","26","","18","","64.4","","89.03","","","","","","NA"
"-114.01","51.12","CALGARY INTL A","3031092","2025-12-30 16:00","2025","12","30","16:00","","9.3","","-3.3","","41","","","","27","","16","","64.4","","89.02","","","","","","NA"
"-114.01","51.12","CALGARY INTL A","3031092","2025-12-30 17:00","2025","12","30","17:00","","9.3","","-3.2","","41","","","","27","","19","","64.4","","89.00","","","","","","Mostly Cloudy"
"-114.01","51.12","CALGARY INTL A","3031092","2025-12-30 18:00","2025","12","30","18:00","","8.6","","-3.0","","44","","","","27","","13","","24.1","","89.00","","","","","","NA"
"-114.01","51.12","CALGARY INTL A","3031092","2025-12-30 19:00","2025","12","30","19:00","","5.8","","-2.7","","55","","","","2","","22","","24.1","","89.06","","","","","","NA"
"-114.01","51.12","CALGARY INTL A","3031092","2025-12-30 20:00","2025","12","30","20:00","","5.7","","-3.2","","53","","","","30","","8","","24.1","","89.07","","","","","","Mostly Cloudy"
"-114.01","51.12","CALGARY INTL A","3031092","2025-12-30 21:00","2025","12","30","21:00","","1.7","","-2.7","","73","","","","2","","11","","24.1","","89.11","","","","","","NA"
"-114.01","51.12","CALGARY INTL A","3031092","2025-12-30 22:00","2025","12","30","22:00","","0.6","","-3.0","","77","","","","5","","8","","24.1","","89.08","","","","","","NA"
"-114.01","51.12","CALGARY INTL A","3031092","2025-12-30 23:00","2025","12","30","23:00","","1.7","","-3.1","","70","","","","18","","6","","24.1","","89.09","","","","","","Mostly Cloudy"
"-114.01","51.12","CALGARY INTL A","3031092","2025-12-31 00:00","2025","12","31","00:00","","1.7","","-4.2","","65","","","","24","","4","","24.1","","89.08","","","","","","NA"
"-114.01","51.12","CALGARY INTL A","3031092","2025-12-31 01:00","2025","12","31","01:00","","0.0","","-4.0","","74","","","","","","0","","24.1","","89.00","","","","","","NA"
"-114.01","51.12","CALGARY INTL A","3031092","2025-12-31 02:00","2025","12","31","02:00","","-2.8","","-5.2","","84","","","","33","","3","","24.1","","89.00","","","","-4","","Mostly Cloudy"
"-114.01","51.12","CALGARY INTL A","3031092","2025-12-31 03:00","2025","12","31","03:00","","-3.1","","-5.8","","82","","","","7","","4","","24.1","","89.04","","","","-5","","NA"
"-114.01","51.12","CALGARY INTL A","3031092","2025-12-31 04:00","2025","12","31","04:00","","-3.6","","-5.7","","86","","","","32","","12","","24.1","","89.06","","","","-8","","NA"
"-114.01","51.12","CALGARY INTL A","3031092","2025-12-31 05:00","2025","12","31","05:00","","-4.3","","-6.4","","85","","","","","","0","","24.1","","89.03","","","","","","Mainly Clear"
"-114.01","51.12","CALGARY INTL A","3031092","2025-12-31 06:00","2025","12","31","06:00","","-3.5","","-6.1","","83","","","","22","","5","","24.1","","88.98","","","","-6","","NA"
"-114.01","51.12","CALGARY INTL A","3031092","2025-12-31 07:00","2025","12","31","07:00","","-2.6","","-5.8","","79","","","","20","","7","","24.1","","88.89","","","","-5","","NA"
"-114.01","51.12","CALGARY INTL A","3031092","2025-12-31 08:00","2025","12","31","08:00","","-2.1","","-6.0","","75","","","","19","","10","","32.2","","88.81","","","","-6","","Mostly Cloudy"
"-114.01","51.12","CALGARY INTL A","3031092","2025-12-31 09:00","2025","12","31","09:00","","-1.6","","-6.0","","72","","","","20","","9","","64.4","","88.76","","","","-5","","NA"
"-114.01","51.12","CALGARY INTL A","3031092","2025-12-31 10:00","2025","12","31","10:00","","-0.8","","-6.2","","67","","","","23","","10","","64.4","","88.71","","","","-4","","NA"
"-114.01","51.12","CALGARY INTL A","3031092","2025-12-31 11:00","2025","12","31","11:00","","1.0","","-7.2","","54","","","","23","","20","","64.4","","88.64","","","","","","Mostly Cloudy"
"-114.01","51.12","CALGARY INTL A","3031092","2025-12-31 12:00","2025","12","31","12:00","","1.3","","-6.7","","55","","","","19","","11","","64.4","","88.55","","","","","","NA"
"-114.01","51.12","CALGARY INTL A","3031092","2025-12-31 13:00","2025","12","31","13:00","","1.9","","-6.0","","56","","","","19","","4","","64.4","","88.47","","","","","","NA"
"-114.01","51.12","CALGARY INTL A","3031092","2025-12-31 14:00","2025","12","31","14:00","","8.2","","-7.4","","32","","","","16","","3","","64.4","","88.38","","","","","","Mostly Cloudy"
"-114.01","51.12","CALGARY INTL A","3031092","2025-12-31 15:00","2025","12","31","15:00","","8.1","","-6.8","","34","","","","16","","8","","64.4","","88.32","","","","","","NA"
"-114.01","51.12","CALGARY INTL A","3031092","2025-12-31 16:00","2025","12","31","16:00","","8.8","","-6.8","","33","","","","4","","4","","48.3","","88.33","","","","","","NA"
"-114.01","51.12","CALGARY INTL A","3031092","2025-12-31 17:00","2025","12","31","17:00","","8.0","","-6.9","","34","","","","","","0","","32.2","","88.41","","","","","","Mostly Cloudy"
"-114.01","51.12","CALGARY INTL A","3031092","2025-12-31 18:00","2025","12","31","18:00","","4.1","","-5.7","","49","","","","36","","12","","24.1","","88.47","","","","","","NA"
"-114.01","51.12","CALGARY INTL A","3031092","2025-12-31 19:00","2025","12","31","19:00","","3.3","","-5.4","","53","","","","35","","20","","24.1","","88.58","","","","","","NA"
"-114.01","51.12","CALGARY INTL A","3031092","2025-12-31 20:00","2025","12","31","20:00","","1.4","","-5.1","","62","","","","35","","16","","24.1","","88.64","","","","","","Mainly Clear"
"-114.01","51.12","CALGARY INTL A","3031092","2025-12-31 21:00","2025","12","31","21:00","","0.5","","-4.9","","67","","","","34","","19","","24.1","","88.65","","","","","","NA"
"-114.01","51.12","CALGARY INTL A","3031092","2025-12-31 22:00","2025","12","31","22:00","","-0.3","","-5.5","","68","","","","34","","14","","24.1","","88.63","","","","-5","","NA"
"-114.01","51.12","CALGARY INTL A","3031092","2025-12-31 23:00","2025","12","31","23:00","","-1.8","","-6.0","","73","","","","4","","7","","24.1","","88.65","","","","-4","","Clear"
