"Longitude (x)","Latitude (y)","Station Name","Climate ID","Date/Time (LST)","Year","Month","Day","Time (LST)","Flag","Temp (°C)","Temp Flag","Dew Point Temp (°C)","Dew Point Temp Flag","Rel Hum (%)","Rel Hum Flag","Precip. Amount (mm)","Precip. Amount Flag","Wind Dir (10s deg)","Wind Dir Flag","Wind Spd (km/h)","Wind Spd Flag","Visibility (km)","Visibility Flag","Stn Press (kPa)","Stn Press Flag","Hmdx","Hmdx Flag","Wind Chill","Wind Chill Flag","Weather"
"-114.01","51.12","CALGARY INTL A","3031092","2025-01-01 00:00","2025","01","01","00:00","","-12.6","","-14.5","","85","","","","4","","13","","2.4","","89.44","","","","-19","","Snow"
"-114.01","51.12","CALGARY INTL A","3031092","2025-01-01 01:00","2025","01","01","01:00","","-13.6","","-15.5","","86","","","","3","","10","","11.3","","89.41","","","","-20","","NA"
"-114.01","51.12","CALGARY INTL A","3031092","2025-01-01 02:00","2025","01","01","02:00","","-14.2","","-16.3","","84","","","","35","","5","","8.1","","89.38","","","","-18","","Fog"
"-114.01","51.12","CALGARY INTL A","3031092","2025-01-01 03:00","2025","01","01","03:00","","-14.6","","-16.2","","87","","","","5","","8","","8.1","","89.40","","","","-20","","Snow"
"-114.01","51.12","CALGARY INTL A","3031092","2025-01-01 04:00","2025","01","01","04:00","","-14.2","","-16.1","","86","","","","5","","4","","2.4","","89.38","","","","-17","","Snow"
"-114.01","51.12","CALGARY INTL A","3031092","2025-01-01 05:00","2025","01","01","05:00","","-13.6","","-15.8","","84","","","","34","","8","","2.4","","89.35","","","","-19","","Snow"
"-114.01","51.12","CALGARY INTL A","3031092","2025-01-01 06:00","2025","01","01","06:00","","-13.7","","-15.9","","83","","","","1","","10","","2.4","","89.37","","","","-20","","Snow"
"-114.01","51.12","CALGARY INTL A","3031092","2025-01-01 07:00","2025","01","01","07:00","","-13.9","","-16.1","","84","","","","1","","10","","2.4","","89.36","","","","-20","","Snow"
"-114.01","51.12","CALGARY INTL A","3031092","2025-01-01 08:00","2025","01","01","08:00","","-14.0","","-16.2","","83","","","","1","","11","","2.8","","89.35","","","","-20","","Snow"
"-114.01","51.12","CALGARY INTL A","3031092","2025-01-01 09:00","2025","01","01","09:00","","-14.2","","-16.5","","83","","","","36","","9","","2.0","","89.37","","","","-20","","Ice Crystals"
"-114.01","51.12","CALGARY INTL A","3031092","2025-01-01 10:00","2025","01","01","10:00","","-15.1","","-17.4","","82","","","","1","","9","","9.7","","89.38","","","","-21","","Fog"
"-114.01","51.12","CALGARY INTL A","3031092","2025-01-01 11:00","2025","01","01","11:00","","-14.3","","-17.0","","80","","","","3","","4","","14.5","","89.38","","","","-17","","Mostly Cloudy"
"-114.01","51.12","CALGARY INTL A","3031092","2025-01-01 12:00","2025","01","01","12:00","","-15.5","","-17.4","","85","","","","7","","4","","24.1","","89.34","","","","-18","","NA"
"-114.01","51.12","CALGARY INTL A","3031092","2025-01-01 13:00","2025","01","01","13:00","","-13.3","","-17.0","","74","","","","8","","4","","24.1","","89.30","","","","-16","","NA"
"-114.01","51.12","CALGARY INTL A","3031092","2025-01-01 14:00","2025","01","01","14:00","","-13.1","","-17.3","","71","","","","8","","5","","24.1","","89.27","","","","-16","","Mostly Cloudy"
"-114.01","51.12","CALGARY INTL A","3031092","2025-01-01 15:00","2025","01","01","15:00","","-12.5","","-17.1","","69","","","","6","","4","","24.1","","89.25","","","","-15","","NA"
"-114.01","51.12","CALGARY INTL A","3031092","2025-01-01 16:00","2025","01","01","16:00","","-14.2","","-17.3","","77","","","","6","","7","","24.1","","89.30","","","","-19","","NA"
"-114.01","51.12","CALGARY INTL A","3031092","2025-01-01 17:00","2025","01","01","17:00","","-14.7","","-16.9","","83","","","","19","","7","","24.1","","89.34","","","","-19","","Mostly Cloudy"
"-114.01","51.12","CALGARY INTL A","3031092","2025-01-01 18:00","2025","01","01","18:00","","-14.6","","-16.9","","83","","","","17","","10","","11.3","","89.32","","","","-21","","NA"
"-114.01","51.12","CALGARY INTL A","3031092","2025-01-01 19:00","2025","01","01","19:00","","-14.7","","-16.8","","84","","","","18","","4","","3.6","","89.33","","","","-18","","Snow,Fog"
"-114.01","51.12","CALGARY INTL A","3031092","2025-01-01 20:00","2025","01","01","20:00","","-14.6","","-16.6","","85","","","","19","","6","","8.1","","89.33","","","","-19","","Snow"
"-114.01","51.12","CALGARY INTL A","3031092","2025-01-01 21:00","2025","01","01","21:00","","-14.5","","-16.6","","84","","","","15","","5","","3.2","","89.36","","","","-18","","Snow"
"-114.01","51.12","CALGARY INTL A","3031092","2025-01-01 22:00","2025","01","01","22:00","","-14.8","","-17.0","","83","","","","11","","4","","11.3","","89.37","","","","-18","","Snow"
"-114.01","51.12","CALGARY INTL A","3031092","2025-01-01 23:00","2025","01","01","23:00","","-14.6","","-16.8","","84","","","","12","","4","","8.1","","89.38","","","","-17","","Snow"
"-114.01","51.12","CALGARY INTL A","3031092","2025-01-02 00:00","2025","01","02","00:00","","-14.9","","-17.1","","84","","","","13","","7","","4.8","","89.39","","","","-20","","Snow"
"-114.01","51.12","CALGARY INTL A","3031092","2025-01-02 01:00","2025","01","02","01:00","","-14.9","","-17.0","","85","","","","12","","4","","11.3","","89.39","","","","-18","","NA"
"-114.01","51.12","CALGARY INTL A","3031092","2025-01-02 02:00","2025","01","02","02:00","","-15.0","","-17.1","","85","","","","9","","3","","11.3","","89.43","","","","-17","","Cloudy"
"-114.01","51.12","CALGARY INTL A","3031092","2025-01-02 03:00","2025","01","02","03:00","","-14.9","","-17.0","","84","","","","8","","6","","6.4","","89.47","","","","-19","","Snow"
"-114.01","51.12","CALGARY INTL A","3031092","2025-01-02 04:00","2025","01","02","04:00","","-14.9","","-17.2","","83","","","","8","","8","","4.8","","89.52","","","","-20","","Snow"
"-114.01","51.12","CALGARY INTL A","3031092","2025-01-02 05:00","2025","01","02","05:00","","-15.3","","-17.6","","83","","","","9","","7","","4.8","","89.53","","","","-20","","Snow"
"-114.01","51.12","CALGARY INTL A","3031092","2025-01-02 06:00","2025","01","02","06:00","","-16.2","","-18.3","","84","","","","7","","7","","11.3","","89.57","","","","-21","","Ice Crystals"
"-114.01","51.12","CALGARY INTL A","3031092","2025-01-02 07:00","2025","01","02","07:00","","-17.3","","-19.0","","87","","","","5","","9","","11.3","","89.62","","","","-24","","Ice Crystals"
"-114.01","51.12","CALGARY INTL A","3031092","2025-01-02 08:00","2025","01","02","08:00","","-17.8","","-19.7","","85","","","","34","","7","","2.8","","89.66","","","","-23","","Ice Crystals"
"-114.01","51.12","CALGARY INTL A","3031092","2025-01-02 09:00","2025","01","02","09:00","","-19.0","","-20.9","","85","","","","33","","6","","3.6","","89.74","","","","-24","","Fog"
"-114.01","51.12","CALGARY INTL A","3031092","2025-01-02 10:00","2025","01","02","10:00","","-19.1","","-21.2","","84","","","","34","","7","","4.0","","89.78","","","","-25","","Snow,Fog"
"-114.01","51.12","CALGARY INTL A","3031092","2025-01-02 11:00","2025","01","02","11:00","","-18.0","","-20.1","","84","","","","34","","4","","8.1","","89.84","","","","-21","","Fog"
"-114.01","51.12","CALGARY INTL A","3031092","2025-01-02 12:00","2025","01","02","12:00","","-17.1","","-19.1","","84","","","","7","","3","","6.4","","89.79","","","","-19","","Fog"
"-114.01","51.12","CALGARY INTL A","3031092","2025-01-02 13:00","2025","01","02","13:00","","-16.2","","-18.2","","85","","","","8","","10","","8.1","","89.75","","","","-23","","Fog"
"-114.01","51.12","CALGARY INTL A","3031092","2025-01-02 14:00","2025","01","02","14:00","","-16.3","","-18.7","","82","","","","9","","11","","8.1","","89.76","","","","-23","","Fog"
"-114.01","51.12","CALGARY INTL A","3031092","2025-01-02 15:00","2025","01","02","15:00","","-16.8","","-19.2","","81","","","","10","","8","","8.1","","89.76","","","","-22","","Fog"
"-114.01","51.12","CALGARY INTL A","3031092","2025-01-02 16:00","2025","01","02","16:00","","-16.9","","-19.3","","82","","","","10","","8","","6.4","","89.79","","","","-23","","Ice Crystals,Fog"
"-114.01","51.12","CALGARY INTL A","3031092","2025-01-02 17:00","2025","01","02","17:00","","-17.0","","-19.4","","82","","","","12","","8","","9.7","","89.83","","","","-23","","Fog"
"-114.01","51.12","CALGARY INTL A","3031092","2025-01-02 18:00","2025","01","02","18:00","","-17.1","","-19.2","","84","","","","13","","12","","11.3","","89.84","","","","-25","","NA"
"-114.01","51.12","CALGARY INTL A","3031092","2025-01-02 19:00","2025","01","02","19:00","","-17.1","","-18.9","","86","","","","16","","14","","4.0","","89.86","","","","-25","","Ice Crystals"
"-114.01","51.12","CALGARY INTL A","3031092","2025-01-02 20:00","2025","01","02","20:00","","-17.3","","-19.0","","87","","","","14","","11","","4.0","","89.85","","","","-24","","Ice Crystals"
"-114.01","51.12","CALGARY INTL A","3031092","2025-01-02 21:00","2025","01","02","21:00","","-17.1","","-18.9","","86","","","","17","","12","","3.2","","89.83","","","","-25","","Snow,Fog"
"-114.01","51.12","CALGARY INTL A","3031092","2025-01-02 22:00","2025","01","02","22:00","","-17.3","","-19.1","","86","","","","14","","14","","4.8","","89.83","","","","-25","","Snow,Fog"
"-114.01","51.12","CALGARY INTL A","3031092","2025-01-02 23:00","2025","01","02","23:00","","-17.5","","-19.4","","85","","","","14","","13","","4.8","","89.83","","","","-25","","Snow,Fog"
"-114.01","51.12","CALGARY INTL A","3031092","2025-01-03 00:00","2025","01","03","00:00","","-17.5","","-19.4","","85","","","","16","","13","","4.8","","89.85","","","","-25","","Snow,Fog"
"-114.01","51.12","CALGARY INTL A","3031092","2025-01-03 01:00","2025","01","03","01:00","","-17.4","","-19.3","","85","","","","15","","13","","6.4","","89.80","","","","-25","","Snow,Fog"
"-114.01","51.12","CALGARY INTL A","3031092","2025-01-03 02:00","2025","01","03","02:00","","-17.3","","-19.2","","85","","","","15","","14","","6.4","","89.78","","","","-25","","Snow,Fog"
"-114.01","51.12","CALGARY INTL A","3031092","2025-01-03 03:00","2025","01","03","03:00","","-17.4","","-19.3","","85","","","","16","","17","","4.8","","89.78","","","","-26","","Snow,Fog"
"-114.01","51.12","CALGARY INTL A","3031092","2025-01-03 04:00","2025","01","03","04:00","","-17.2","","-19.1","","85","","","","16","","14","","4.8","","89.78","","","","-25","","Snow,Fog"
"-114.01","51.12","CALGARY INTL A","3031092","2025-01-03 05:00","2025","01","03","05:00","","-17.5","","-19.4","","85","","","","16","","17","","6.4","","89.74","","","","-27","","Snow,Fog"
"-114.01","51.12","CALGARY INTL A","3031092","2025-01-03 06:00","2025","01","03","06:00","","-17.7","","-19.7","","85","","","","16","","19","","6.4","","89.75","","","","-27","","Snow,Fog"
"-114.01","51.12","CALGARY INTL A","3031092","2025-01-03 07:00","2025","01","03","07:00","","-17.7","","-19.7","","85","","","","17","","21","","4.8","","89.74","","","","-28","","Snow,Fog"
"-114.01","51.12","CALGARY INTL A","3031092","2025-01-03 08:00","2025","01","03","08:00","","-17.7","","-19.7","","85","","","","17","","24","","4.0","","89.72","","","","-28","","Fog"
"-114.01","51.12","CALGARY INTL A","3031092","2025-01-03 09:00","2025","01","03","09:00","","-17.9","","-19.9","","84","","","","17","","24","","4.0","","89.70","","","","-29","","Fog"
"-114.01","51.12","CALGARY INTL A","3031092","2025-01-03 10:00","2025","01","03","10:00","","-17.3","","-19.2","","85","","","","17","","20","","4.0","","89.71","","","","-27","","Ice Crystals,Fog"
"-114.01","51.12","CALGARY INTL A","3031092","2025-01-03 11:00","2025","01","03","11:00","","-16.6","","-18.6","","85","","","","18","","22","","4.0","","89.68","","","","-27","","Fog"
"-114.01","51.12","CALGARY INTL A","3031092","2025-01-03 12:00","2025","01","03","12:00","","-16.7","","-18.6","","85","","","","16","","22","","6.4","","89.59","","","","-27","","Ice Crystals,Fog"
"-114.01","51.12","CALGARY INTL A","3031092","2025-01-03 13:00","2025","01","03","13:00","","-16.5","","-18.5","","85","","","","16","","23","","6.4","","89.48","","","","-27","","Ice Crystals,Fog"
"-114.01","51.12","CALGARY INTL A","3031092","2025-01-03 14:00","2025","01","03","14:00","","-16.0","","-17.8","","86","","","","16","","26","","6.4","","89.38","","","","-27","","Ice Crystals,Fog"
"-114.01","51.12","CALGARY INTL A","3031092","2025-01-03 15:00","2025","01","03","15:00","","-15.7","","-17.5","","86","","","","17","","26","","6.4","","89.34","","","","-26","","Ice Crystals,Fog"
"-114.01","51.12","CALGARY INTL A","3031092","2025-01-03 16:00","2025","01","03","16:00","","-15.5","","-17.4","","86","","","","16","","25","","4.0","","89.33","","","","-26","","Ice Crystals,Fog"
"-114.01","51.12","CALGARY INTL A","3031092","2025-01-03 17:00","2025","01","03","17:00","","-15.3","","-17.1","","86","","","","14","","19","","9.7","","89.30","","","","-24","","Ice Crystals,Fog"
"-114.01","51.12","CALGARY INTL A","3031092","2025-01-03 18:00","2025","01","03","18:00","","-15.4","","-17.2","","86","","","","14","","21","","9.7","","89.25","","","","-25","","Ice Crystals,Fog"
"-114.01","51.12","CALGARY INTL A","3031092","2025-01-03 19:00","2025","01","03","19:00","","-14.8","","-16.5","","87","","","","16","","30","","3.6","","89.20","","","","-26","","Ice Crystals,Fog"
"-114.01","51.12","CALGARY INTL A","3031092","2025-01-03 20:00","2025","01","03","20:00","","-14.8","","-16.5","","87","","","","16","","27","","4.8","","89.15","","","","-25","","Snow,Fog"
"-114.01","51.12","CALGARY INTL A","3031092","2025-01-03 21:00","2025","01","03","21:00","","-14.6","","-16.3","","87","","","","16","","27","","8.1","","89.12","","","","-25","","Snow,Fog"
"-114.01","51.12","CALGARY INTL A","3031092","2025-01-03 22:00","2025","01","03","22:00","","-14.4","","-16.1","","87","","","","16","","21","","8.1","","89.10","","","","-24","","Snow,Fog"
"-114.01","51.12","CALGARY INTL A","3031092","2025-01-03 23:00","2025","01","03","23:00","","-14.7","","-16.4","","87","","","","15","","19","","8.1","","89.04","","","","-24","","Snow,Fog"
"-114.01","51.12","CALGARY INTL A","3031092","2025-01-04 00:00","2025","01","04","00:00","","-14.2","","-16.0","","87","","","","16","","23","","9.7","","89.00","","","","-24","","Fog"
"-114.01","51.12","CALGARY INTL A","3031092","2025-01-04 01:00","2025","01","04","01:00","","-14.1","","-15.9","","87","","","","16","","21","","11.3","","88.93","","","","-23","","NA"
"-114.01","51.12","CALGARY INTL A","3031092","2025-01-04 02:00","2025","01","04","02:00","","-14.3","","-16.0","","87","","","","16","","21","","12.9","","88.90","","","","-24","","Cloudy"
"-114.01","51.12","CALGARY INTL A","3031092","2025-01-04 03:00","2025","01","04","03:00","","-14.1","","-16.1","","85","","","","16","","22","","12.9","","88.92","","","","-23","","NA"
"-114.01","51.12","CALGARY INTL A","3031092","2025-01-04 04:00","2025","01","04","04:00","","-14.3","","-16.6","","83","","","","18","","16","","12.9","","88.96","","","","-22","","NA"
"-114.01","51.12","CALGARY INTL A","3031092","2025-01-04 05:00","2025","01","04","05:00","","-14.4","","-16.9","","81","","","","18","","17","","9.7","","88.95","","","","-23","","Fog"
"-114.01","51.12","CALGARY INTL A","3031092","2025-01-04 06:00","2025","01","04","06:00","","-14.3","","-16.7","","82","","","","18","","19","","11.3","","88.90","","","","-23","","NA"
"-114.01","51.12","CALGARY INTL A","3031092","2025-01-04 07:00","2025","01","04","07:00","","-14.5","","-16.8","","83","","","","19","","17","","12.9","","88.89","","","","-23","","NA"
"-114.01","51.12","CALGARY INTL A","3031092","2025-01-04 08:00","2025","01","04","08:00","","-15.7","","-17.7","","84","","","","15","","15","","11.3","","88.92","","","","-24","","Cloudy"
"-114.01","51.12","CALGARY INTL A","3031092","2025-01-04 09:00","2025","01","04","09:00","","-15.6","","-17.6","","85","","","","16","","13","","14.5","","88.94","","","","-23","","NA"
"-114.01","51.12","CALGARY INTL A","3031092","2025-01-04 10:00","2025","01","04","10:00","","-15.2","","-17.4","","84","","","","16","","18","","14.5","","88.99","","","","-24","","NA"
"-114.01","51.12","CALGARY INTL A","3031092","2025-01-04 11:00","2025","01","04","11:00","","-15.2","","-17.5","","82","","","","15","","17","","24.1","","89.03","","","","-24","","Mostly Cloudy"
"-114.01","51.12","CALGARY INTL A","3031092","2025-01-04 12:00","2025","01","04","12:00","","-15.0","","-17.5","","82","","","","16","","17","","14.5","","88.98","","","","-23","","NA"
"-114.01","51.12","CALGARY INTL A","3031092","2025-01-04 13:00","2025","01","04","13:00","","-14.7","","-17.3","","81","","","","17","","12","","24.1","","88.94","","","","-22","","NA"
"-114.01","51.12","CALGARY INTL A","3031092","2025-01-04 14:00","2025","01","04","14:00","","-14.2","","-17.0","","80","","","","17","","12","","24.1","","88.92","","","","-21","","Mostly Cloudy"
"-114.01","51.12","CALGARY INTL A","3031092","2025-01-04 15:00","2025","01","04","15:00","","-13.8","","-16.9","","78","","","","17","","13","","24.1","","88.94","","","","-21","","NA"
"-114.01","51.12","CALGARY INTL A","3031092","2025-01-04 16:00","2025","01","04","16:00","","-14.6","","-17.2","","80","","","","16","","13","","24.1","","89.02","","","","-22","","NA"
"-114.01","51.12","CALGARY INTL A","3031092","2025-01-04 17:00","2025","01","04","17:00","","-15.7","","-17.8","","85","","","","15","","12","","24.1","","89.07","","","","-23","","Mainly Clear"
"-114.01","51.12","CALGARY INTL A","3031092","2025-01-04 18:00","2025","01","04","18:00","","-17.0","","-18.8","","86","","","","17","","10","","24.1","","89.12","","","","-24","","NA"
"-114.01","51.12","CALGARY INTL A","3031092","2025-01-04 19:00","2025","01","04","19:00","","-16.4","","-18.3","","85","","","","15","","10","","11.3","","89.15","","","","-23","","NA"
"-114.01","51.12","CALGARY INTL A","3031092","2025-01-04 20:00","2025","01","04","20:00","","-16.9","","-18.7","","86","","","","16","","9","","9.7","","89.16","","","","-23","","Ice Crystals,Fog"
"-114.01","51.12","CALGARY INTL A","3031092","2025-01-04 21:00","2025","01","04","21:00","","-16.1","","-17.9","","86","","","","17","","9","","12.9","","89.15","","","","-22","","NA"
"-114.01","51.12","CALGARY INTL A","3031092","2025-01-04 22:00","2025","01","04","22:00","","-16.5","","-18.3","","86","","","","19","","8","","12.9","","89.14","","","","-22","","NA"
"-114.01","51.12","CALGARY INTL A","3031092","2025-01-04 23:00","2025","01","04","23:00","","-17.3","","-19.3","","85","","","","19","","7","","12.9","","89.15","","","","-23","","Mainly Clear"
"-114.01","51.12","CALGARY INTL A","3031092","2025-01-05 00:00","2025","01","05","00:00","","-17.0","","-18.9","","86","","","","18","","7","","16.1","","89.20","","","","-22","","NA"
"-114.01","51.12","CALGARY INTL A","3031092","2025-01-05 01:00","2025","01","05","01:00","","-17.0","","-18.9","","85","","","","20","","5","","16.1","","89.21","","","","-21","","NA"
"-114.01","51.12","CALGARY INTL A","3031092","2025-01-05 02:00","2025","01","05","02:00","","-16.1","","-18.0","","86","","","","19","","7","","12.9","","89.20","","","","-21","","Mostly Cloudy"
"-114.01","51.12","CALGARY INTL A","3031092","2025-01-05 03:00","2025","01","05","03:00","","-17.4","","-19.4","","85","","","","19","","9","","16.1","","89.23","","","","-24","","NA"
"-114.01","51.12","CALGARY INTL A","3031092","2025-01-05 04:00","2025","01","05","04:00","","-16.9","","-18.9","","85","","","","22","","7","","16.1","","89.23","","","","-22","","NA"
"-114.01","51.12","CALGARY INTL A","3031092","2025-01-05 05:00","2025","01","05","05:00","","-17.2","","-19.2","","85","","","","","","0","","12.9","","89.23","","","","","","Clear"
"-114.01","51.12","CALGARY INTL A","3031092","2025-01-05 06:00","2025","01","05","06:00","","-18.6","","-20.9","","83","","","","31","","3","","16.1","","89.26","","","","-21","","NA"
"-114.01","51.12","CALGARY INTL A","3031092","2025-01-05 07:00","2025","01","05","07:00","","-18.4","","-20.6","","83","","","","35","","8","","16.1","","89.30","","","","-24","","NA"
"-114.01","51.12","CALGARY INTL A","3031092","2025-01-05 08:00","2025","01","05","08:00","","-17.5","","-19.8","","83","","","","35","","7","","16.1","","89.31","","","","-23","","Mostly Cloudy"
"-114.01","51.12","CALGARY INTL A","3031092","2025-01-05 09:00","2025","01","05","09:00","","-15.5","","-17.8","","83","","","","35","","10","","14.5","","89.38","","","","-22","","NA"
"-114.01","51.12","CALGARY INTL A","3031092","2025-01-05 10:00","2025","01","05","10:00","","-14.2","","-16.6","","82","","","","35","","7","","24.1","","89.47","","","","-19","","NA"
"-114.01","51.12","CALGARY INTL A","3031092","2025-01-05 11:00","2025","01","05","11:00","","-12.9","","-15.6","","80","","","","36","","10","","14.5","","89.54","","","","-19","","Mostly Cloudy"
"-114.01","51.12","CALGARY INTL A","3031092","2025-01-05 12:00","2025","01","05","12:00","","-11.7","","-15.1","","76","","","","36","","14","","14.5","","89.56","","","","-19","","NA"
"-114.01","51.12","CALGARY INTL A","3031092","2025-01-05 13:00","2025","01","05","13:00","","-11.1","","-14.9","","73","","","","34","","13","","14.5","","89.55","","","","-18","","NA"
"-114.01","51.12","CALGARY INTL A","3031092","2025-01-05 14:00","2025","01","05","14:00","","-12.1","","-15.6","","75","","","","3","","14","","14.5","","89.56","","","","-19","","Mostly Cloudy"
"-114.01","51.12","CALGARY INTL A","3031092","2025-01-05 15:00","2025","01","05","15:00","","-12.4","","-15.8","","76","","","","2","","13","","14.5","","89.55","","","","-19","","NA"
"-114.01","51.12","CALGARY INTL A","3031092","2025-01-05 16:00","2025","01","05","16:00","","-13.2","","-16.5","","76","","","","34","","5","","24.1","","89.58","","","","-17","","NA"
"-114.01","51.12","CALGARY INTL A","3031092","2025-01-05 17:00","2025","01","05","17:00","","-13.4","","-16.8","","76","","","","35","","5","","16.1","","89.65","","","","-17","","Mostly Cloudy"
"-114.01","51.12","CALGARY INTL A","3031092","2025-01-05 18:00","2025","01","05","18:00","","-13.4","","-16.5","","78","","","","","","0","","16.1","","89.66","","","","","","NA"
"-114.01","51.12","CALGARY INTL A","3031092","2025-01-05 19:00","2025","01","05","19:00","","-12.5","","-15.4","","79","","","","19","","5","","16.1","","89.70","","","","-16","","NA"
"-114.01","51.12","CALGARY INTL A","3031092","2025-01-05 20:00","2025","01","05","20:00","","-13.3","","-15.6","","83","","","","20","","9","","16.1","","89.72","","","","-19","","Mostly Cloudy"
"-114.01","51.12","CALGARY INTL A","3031092","2025-01-05 21:00","2025","01","05","21:00","","-13.7","","-15.7","","85","","","","20","","5","","12.9","","89.76","","","","-17","","NA"
"-114.01","51.12","CALGARY INTL A","3031092","2025-01-05 22:00","2025","01","05","22:00","","-14.0","","-16.2","","84","","","","11","","4","","16.1","","89.80","","","","-17","","NA"
"-114.01","51.12","CALGARY INTL A","3031092","2025-01-05 23:00","2025","01","05","23:00","","-13.8","","-16.1","","83","","","","","","0","","16.1","","89.83","","","","","","Mostly Cloudy"
"-114.01","51.12","CALGARY INTL A","3031092","2025-01-06 00:00","2025","01","06","00:00","","-13.6","","-15.9","","83","","","","","","0","","16.1","","89.87","","","","","","NA"
"-114.01","51.12","CALGARY INTL A","3031092","2025-01-06 01:00","2025","01","06","01:00","","-13.8","","-15.8","","85","","","","19","","10","","12.9","","89.86","","","","-20","","NA"
"-114.01","51.12","CALGARY INTL A","3031092","2025-01-06 02:00","2025","01","06","02:00","","-14.3","","-16.0","","87","","","","19","","12","","12.9","","89.82","","","","-21","","Mainly Clear"
"-114.01","51.12","CALGARY INTL A","3031092","2025-01-06 03:00","2025","01","06","03:00","","-12.8","","-15.1","","83","","","","22","","18","","24.1","","89.85","","","","-21","","NA"
"-114.01","51.12","CALGARY INTL A","3031092","2025-01-06 04:00","2025","01","06","04:00","","-11.5","","-14.1","","82","","","","22","","16","","24.1","","89.86","","","","-19","","NA"
"-114.01","51.12","CALGARY INTL A","3031092","2025-01-06 05:00","2025","01","06","05:00","","-10.9","","-13.5","","82","","","","23","","16","","24.1","","89.87","","","","-18","","Mainly Clear"
"-114.01","51.12","CALGARY INTL A","3031092","2025-01-06 06:00","2025","01","06","06:00","","-10.4","","-12.7","","84","","","","20","","10","","16.1","","89.88","","","","-16","","NA"
"-114.01","51.12","CALGARY INTL A","3031092","2025-01-06 07:00","2025","01","06","07:00","","-9.3","","-11.6","","84","","","","23","","4","","16.1","","89.91","","","","-12","","NA"
"-114.01","51.12","CALGARY INTL A","3031092","2025-01-06 08:00","2025","01","06","08:00","","-7.2","","-9.9","","81","","","","20","","8","","24.1","","89.92","","","","-11","","Cloudy"
"-114.01","51.12","CALGARY INTL A","3031092","2025-01-06 09:00","2025","01","06","09:00","","-6.4","","-9.3","","80","","","","21","","10","","64.4","","89.89","","","","-11","","NA"
"-114.01","51.12","CALGARY INTL A","3031092","2025-01-06 10:00","2025","01","06","10:00","","-5.4","","-8.6","","78","","","","22","","4","","64.4","","89.95","","","","-7","","NA"
"-114.01","51.12","CALGARY INTL A","3031092","2025-01-06 11:00","2025","01","06","11:00","","-3.9","","-7.0","","79","","","","20","","3","","64.4","","90.02","","","","-5","","Mostly Cloudy"
"-114.01","51.12","CALGARY INTL A","3031092","2025-01-06 12:00","2025","01","06","12:00","","-2.1","","-6.2","","73","","","","19","","5","","64.4","","89.97","","","","-4","","NA"
"-114.01","51.12","CALGARY INTL A","3031092","2025-01-06 13:00","2025","01","06","13:00","","-0.6","","-5.4","","70","","","","","","0","","64.4","","89.93","","","","","","NA"
"-114.01","51.12","CALGARY INTL A","3031092","2025-01-06 14:00","2025","01","06","14:00","","-0.1","","-5.3","","68","","","","10","","4","","64.4","","89.94","","","","-1","","Mostly Cloudy"
"-114.01","51.12","CALGARY INTL A","3031092","2025-01-06 15:00","2025","01","06","15:00","","-0.2","","-5.7","","67","","","","","","0","","64.4","","89.96","","","","","","NA"
"-114.01","51.12","CALGARY INTL A","3031092","2025-01-06 16:00","2025","01","06","16:00","","0.2","","-6.4","","61","","","","33","","8","","64.4","","90.02","","","","","","NA"
"-114.01","51.12","CALGARY INTL A","3031092","2025-01-06 17:00","2025","01","06","17:00","","-1.3","","-6.4","","69","","","","32","","11","","64.4","","90.12","","","","-5","","Mainly Clear"
"-114.01","51.12","CALGARY INTL A","3031092","2025-01-06 18:00","2025","01","06","18:00","","-4.2","","-7.6","","77","","","","35","","8","","64.4","","90.17","","","","-8","","NA"
"-114.01","51.12","CALGARY INTL A","3031092","2025-01-06 19:00","2025","01","06","19:00","","-6.8","","-8.7","","87","","","","7","","4","","24.1","","90.22","","","","-9","","NA"
"-114.01","51.12","CALGARY INTL A","3031092","2025-01-06 20:00","2025","01","06","20:00","","-7.5","","-9.7","","85","","","","10","","3","","24.1","","90.26","","","","-9","","Mainly Clear"
"-114.01","51.12","CALGARY INTL A","3031092","2025-01-06 21:00","2025","01","06","21:00","","-7.7","","-9.2","","89","","","","","","0","","24.1","","90.29","","","","","","NA"
"-114.01","51.12","CALGARY INTL A","3031092","2025-01-06 22:00","2025","01","06","22:00","","-8.4","","-9.8","","89","","","","","","0","","24.1","","90.29","","","","","","NA"
"-114.01","51.12","CALGARY INTL A","3031092","2025-01-06 23:00","2025","01","06","23:00","","-7.2","","-10.3","","79","","","","24","","4","","24.1","","90.30","","","","-9","","Clear"
"-114.01","51.12","CALGARY INTL A","3031092","2025-01-07 00:00","2025","01","07","00:00","","-7.6","","-10.4","","80","","","","21","","6","","24.1","","90.26","","","","-11","","NA"
"-114.01","51.12","CALGARY INTL A","3031092","2025-01-07 01:00","2025","01","07","01:00","","-7.6","","-10.0","","83","","","","22","","3","","24.1","","90.27","","","","-9","","NA"
"-114.01","51.12","CALGARY INTL A","3031092","2025-01-07 02:00","2025","01","07","02:00","","-8.0","","-10.4","","83","","","","21","","11","","24.1","","90.19","","","","-13","","Clear"
"-114.01","51.12","CALGARY INTL A","3031092","2025-01-07 03:00","2025","01","07","03:00","","-7.2","","-10.1","","80","","","","20","","9","","24.1","","90.21","","","","-12","","NA"
"-114.01","51.12","CALGARY INTL A","3031092","2025-01-07 04:00","2025","01","07","04:00","","-7.7","","-10.9","","78","","","","20","","9","","24.1","","90.17","","","","-12","","NA"
"-114.01","51.12","CALGARY INTL A","3031092","2025-01-07 05:00","2025","01","07","05:00","","-7.1","","-11.2","","73","","","","20","","8","","24.1","","90.11","","","","-11","","Clear"
"-114.01","51.12","CALGARY INTL A","3031092","2025-01-07 06:00","2025","01","07","06:00","","-8.4","","-11.5","","78","","","","22","","7","","24.1","","90.12","","","","-12","","NA"
"-114.01","51.12","CALGARY INTL A","3031092","2025-01-07 07:00","2025","01","07","07:00","","-6.4","","-10.6","","72","","","","22","","13","","24.1","","90.03","","","","-12","","NA"
"-114.01","51.12","CALGARY INTL A","3031092","2025-01-07 08:00","2025","01","07","08:00","","-4.8","","-9.9","","68","","","","25","","9","","64.4","","89.96","","","","-9","","Clear"
"-114.01","51.12","CALGARY INTL A","3031092","2025-01-07 09:00","2025","01","07","09:00","","-8.1","","-11.9","","75","","","","19","","12","","64.4","","89.92","","","","-14","","NA"
"-114.01","51.12","CALGARY INTL A","3031092","2025-01-07 10:00","2025","01","07","10:00","","-4.9","","-9.8","","69","","","","21","","7","","64.4","","89.95","","","","-8","","NA"
"-114.01","51.12","CALGARY INTL A","3031092","2025-01-07 11:00","2025","01","07","11:00","","-1.8","","-8.9","","59","","","","24","","11","","64.4","","89.90","","","","-6","","Mainly Clear"
"-114.01","51.12","CALGARY INTL A","3031092","2025-01-07 12:00","2025","01","07","12:00","","0.5","","-7.6","","55","","","","19","","5","","64.4","","89.79","","","","","","NA"
"-114.01","51.12","CALGARY INTL A","3031092","2025-01-07 13:00","2025","01","07","13:00","","1.4","","-6.7","","55","","","","20","","9","","64.4","","89.64","","","","","","NA"
"-114.01","51.12","CALGARY INTL A","3031092","2025-01-07 14:00","2025","01","07","14:00","","2.8","","-6.5","","50","","","","19","","7","","64.4","","89.54","","","","","","Mainly Clear"
"-114.01","51.12","CALGARY INTL A","3031092","2025-01-07 15:00","2025","01","07","15:00","","3.5","","-6.5","","48","","","","22","","8","","64.4","","89.45","","","","","","NA"
"-114.01","51.12","CALGARY INTL A","3031092","2025-01-07 16:00","2025","01","07","16:00","","3.5","","-7.1","","46","","","","21","","14","","64.4","","89.36","","","","","","NA"
"-114.01","51.12","CALGARY INTL A","3031092","2025-01-07 17:00","2025","01","07","17:00","","1.7","","-6.4","","55","","","","21","","18","","64.4","","89.22","","","","","","Mostly Cloudy"
"-114.01","51.12","CALGARY INTL A","3031092","2025-01-07 18:00","2025","01","07","18:00","","5.5","","-8.7","","35","","","","25","","10","","24.1","","89.12","","","","","","NA"
"-114.01","51.12","CALGARY INTL A","3031092","2025-01-07 19:00","2025","01","07","19:00","","5.0","","-7.2","","41","","","","17","","11","","24.1","","89.04","","","","","","NA"
"-114.01","51.12","CALGARY INTL A","3031092","2025-01-07 20:00","2025","01","07","20:00","","5.7","","-6.7","","40","","","","19","","7","","24.1","","88.97","","","","","","Mostly Cloudy"
"-114.01","51.12","CALGARY INTL A","3031092","2025-01-07 21:00","2025","01","07","21:00","","9.2","","-8.3","","28","","","","28","","35","","24.1","","88.85","","","","","","NA"
"-114.01","51.12","CALGARY INTL A","3031092","2025-01-07 22:00","2025","01","07","22:00","","8.7","","-6.9","","33","","","","28","","41","","24.1","","88.82","","","","","","NA"
"-114.01","51.12","CALGARY INTL A","3031092","2025-01-07 23:00","2025","01","07","23:00","","9.2","","-5.5","","35","","","","28","","43","","24.1","","88.81","","","","","","Mostly Cloudy"
"-114.01","51.12","CALGARY INTL A","3031092","2025-01-08 00:00","2025","01","08","00:00","","7.6","","-5.0","","41","","","","29","","28","","24.1","","88.82","","","","","","NA"
"-114.01","51.12","CALGARY INTL A","3031092","2025-01-08 01:00","2025","01","08","01:00","","6.5","","-4.2","","46","","","","30","","23","","24.1","","88.76","","","","","","NA"
"-114.01","51.12","CALGARY INTL A","3031092","2025-01-08 02:00","2025","01","08","02:00","","5.9","","-4.2","","48","","","","28","","23","","24.1","","88.68","","","","","","Mainly Clear"
"-114.01","51.12","CALGARY INTL A","3031092","2025-01-08 03:00","2025","01","08","03:00","","5.6","","-4.0","","50","","","","29","","31","","24.1","","88.65","","","","","","NA"
"-114.01","51.12","CALGARY INTL A","3031092","2025-01-08 04:00","2025","01","08","04:00","","6.0","","-4.5","","47","","","","27","","42","","24.1","","88.65","","","","","","NA"
"-114.01","51.12","CALGARY INTL A","3031092","2025-01-08 05:00","2025","01","08","05:00","","6.4","","-4.9","","44","","","","27","","39","","24.1","","88.66","","","","","","Mostly Cloudy"
"-114.01","51.12","CALGARY INTL A","3031092","2025-01-08 06:00","2025","01","08","06:00","","6.0","","-5.2","","45","","","","28","","37","","24.1","","88.60","","","","","","NA"
"-114.01","51.12","CALGARY INTL A","3031092","2025-01-08 07:00","2025","01","08","07:00","","5.2","","-5.6","","46","","","","29","","41","","24.1","","88.65","","","","","","NA"
"-114.01","51.12","CALGARY INTL A","3031092","2025-01-08 08:00","2025","01","08","08:00","","5.4","","-5.4","","46","","","","30","","30","","24.1","","88.77","","","","","","Cloudy"
"-114.01","51.12","CALGARY INTL A","3031092","2025-01-08 09:00","2025","01","08","09:00","","5.2","","-6.2","","44","","","","29","","37","","64.4","","88.85","","","","","","NA"
"-114.01","51.12","CALGARY INTL A","3031092","2025-01-08 10:00","2025","01","08","10:00","","5.4","","-7.0","","40","","","","28","","37","","64.4","","88.97","","","","","","NA"
"-114.01","51.12","CALGARY INTL A","3031092","2025-01-08 11:00","2025","01","08","11:00","","6.0","","-6.1","","41","","","","32","","32","","64.4","","89.10","","","","","","Mostly Cloudy"
"-114.01","51.12","CALGARY INTL A","3031092","2025-01-08 12:00","2025","01","08","12:00","","6.4","","-6.5","","39","","","","29","","22","","64.4","","89.16","","","","","","NA"
"-114.01","51.12","CALGARY INTL A","3031092","2025-01-08 13:00","2025","01","08","13:00","","6.5","","-6.0","","40","","","","31","","21","","64.4","","89.16","","","","","","NA"
"-114.01","51.12","CALGARY INTL A","3031092","2025-01-08 14:00","2025","01","08","14:00","","7.0","","-5.2","","41","","","","35","","18","","64.4","","89.23","","","","","","Mainly Clear"
"-114.01","51.12","CALGARY INTL A","3031092","2025-01-08 15:00","2025","01","08","15:00","","4.9","","-3.6","","54","","","","2","","20","","64.4","","89.31","","","","","","NA"
"-114.01","51.12","CALGARY INTL A","3031092","2025-01-08 16:00","2025","01","08","16:00","","4.1","","-3.8","","56","","","","35","","14","","64.4","","89.41","","","","","","NA"
"-114.01","51.12","CALGARY INTL A","3031092","2025-01-08 17:00","2025","01","08","17:00","","2.6","","-3.8","","63","","","","35","","14","","64.4","","89.54","","","","","","Mainly Clear"
"-114.01","51.12","CALGARY INTL A","3031092","2025-01-08 18:00","2025","01","08","18:00","","1.3","","-4.3","","66","","","","34","","12","","24.1","","89.64","","","","","","NA"
"-114.01","51.12","CALGARY INTL A","3031092","2025-01-08 19:00","2025","01","08","19:00","","1.2","","-4.7","","64","","","","32","","15","","24.1","","89.78","","","","","","NA"
"-114.01","51.12","CALGARY INTL A","3031092","2025-01-08 20:00","2025","01","08","20:00","","1.6","","-4.5","","64","","","","33","","16","","24.1","","89.87","","","","","","Mostly Cloudy"
"-114.01","51.12","CALGARY INTL A","3031092","2025-01-08 21:00","2025","01","08","21:00","","0.2","","-5.1","","68","","","","32","","9","","24.1","","89.94","","","","","","NA"
"-114.01","51.12","CALGARY INTL A","3031092","2025-01-08 22:00","2025","01","08","22:00","","1.0","","-5.1","","64","","","","29","","14","","24.1","","89.99","","","","","","NA"
"-114.01","51.12","CALGARY INTL A","3031092","2025-01-08 23:00","2025","01","08","23:00","","0.5","","-5.8","","63","","","","28","","11","","24.1","","90.06","","","","","","Clear"
"-114.01","51.12","CALGARY INTL A","3031092","2025-01-09 00:00","2025","01","09","00:00","","0.2","","-6.1","","63","","","","25","","4","","24.1","","90.13","","","","","","NA"
"-114.01","51.12","CALGARY INTL A","3031092","2025-01-09 01:00","2025","01","09","01:00","","-0.6","","-6.4","","65","","","","27","","10","","24.1","","90.13","","","","-4","","NA"
"-114.01","51.12","CALGARY INTL A","3031092","2025-01-09 02:00","2025","01","09","02:00","","-0.9","","-6.6","","66","","","","26","","9","","24.1","","90.13","","","","-4","","Clear"
"-114.01","51.12","CALGARY INTL A","3031092","2025-01-09 03:00","2025","01","09","03:00","","-3.3","","-7.0","","75","","","","19","","4","","24.1","","90.17","","","","-5","","NA"
"-114.01","51.12","CALGARY INTL A","3031092","2025-01-09 04:00","2025","01","09","04:00","","-4.8","","-8.6","","75","","","","23","","7","","24.1","","90.17","","","","-8","","NA"
"-114.01","51.12","CALGARY INTL A","3031092","2025-01-09 05:00","2025","01","09","05:00","","-4.8","","-8.2","","77","","","","22","","4","","24.1","","90.20","","","","-7","","Clear"
"-114.01","51.12","CALGARY INTL A","3031092","2025-01-09 06:00","2025","01","09","06:00","","-6.0","","-9.0","","80","","","","17","","4","","24.1","","90.19","","","","-8","","NA"
"-114.01","51.12","CALGARY INTL A","3031092","2025-01-09 07:00","2025","01","09","07:00","","-5.8","","-9.0","","78","","","","19","","4","","24.1","","90.20","","","","-8","","NA"
"-114.01","51.12","CALGARY INTL A","3031092","2025-01-09 08:00","2025","01","09","08:00","","-6.1","","-9.8","","75","","","","18","","5","","32.2","","90.15","","","","-9","","Clear"
"-114.01","51.12","CALGARY INTL A","3031092","2025-01-09 09:00","2025","01","09","09:00","","-6.8","","-10.2","","77","","","","27","","4","","64.4","","90.12","","","","-9","","NA"
"-114.01","51.12","CALGARY INTL A","3031092","2025-01-09 10:00","2025","01","09","10:00","","-5.2","","-8.5","","78","","","","","","0","","64.4","","90.14","","","","","","NA"
"-114.01","51.12","CALGARY INTL A","3031092","2025-01-09 11:00","2025","01","09","11:00","","-2.9","","-7.7","","69","","","","","","0","","64.4","","90.13","","","","","","Mainly Clear"
"-114.01","51.12","CALGARY INTL A","3031092","2025-01-09 12:00","2025","01","09","12:00","","-0.6","","-6.6","","64","","","","","","0","","64.4","","90.09","","","","","","NA"
"-114.01","51.12","CALGARY INTL A","3031092","2025-01-09 13:00","2025","01","09","13:00","","1.6","","-7.3","","52","","","","22","","10","","64.4","","89.97","","","","","","NA"
"-114.01","51.12","CALGARY INTL A","3031092","2025-01-09 14:00","2025","01","09","14:00","","1.5","","-6.9","","53","","","","19","","13","","64.4","","89.89","","","","","","Mainly Clear"
"-114.01","51.12","CALGARY INTL A","3031092","2025-01-09 15:00","2025","01","09","15:00","","2.0","","-6.5","","53","","","","17","","20","","48.3","","89.71","","","","","","NA"
"-114.01","51.12","CALGARY INTL A","3031092","2025-01-09 16:00","2025","01","09","16:00","","0.1","","-6.5","","61","","","","17","","13","","32.2","","89.59","","","","","","NA"
"-114.01","51.12","CALGARY INTL A","3031092","2025-01-09 17:00","2025","01","09","17:00","","-2.0","","-6.9","","69","","","","19","","9","","24.1","","89.59","","","","-5","","Cloudy"
"-114.01","51.12","CALGARY INTL A","3031092","2025-01-09 18:00","2025","01","09","18:00","","-2.1","","-6.6","","71","","","","18","","8","","24.1","","89.47","","","","-5","","NA"
"-114.01","51.12","CALGARY INTL A","3031092","2025-01-09 19:00","2025","01","09","19:00","","-1.9","","-6.2","","73","","","","19","","7","","24.1","","89.37","","","","-5","","NA"
"-114.01","51.12","CALGARY INTL A","3031092","2025-01-09 20:00","2025","01","09","20:00","","-2.7","","-6.4","","76","","","","19","","11","","24.1","","89.22","","","","-7","","Mainly Clear"
"-114.01","51.12","CALGARY INTL A","3031092","2025-01-09 21:00","2025","01","09","21:00","","-3.2","","-6.5","","78","","","","20","","9","","24.1","","89.16","","","","-7","","NA"
"-114.01","51.12","CALGARY INTL A","3031092","2025-01-09 22:00","2025","01","09","22:00","","-2.2","","-6.6","","72","","","","20","","10","","22.5","","89.03","","","","-6","","NA"
"-114.01","51.12","CALGARY INTL A","3031092","2025-01-09 23:00","2025","01","09","23:00","","-2.4","","-6.2","","76","","","","18","","12","","24.1","","88.90","","","","-7","","Mostly Cloudy"
"-114.01","51.12","CALGARY INTL A","3031092","2025-01-10 00:00","2025","01","10","00:00","","-2.5","","-6.4","","75","","","","17","","9","","24.1","","88.76","","","","-6","","NA"
"-114.01","51.12","CALGARY INTL A","3031092","2025-01-10 01:00","2025","01","10","01:00","","-0.2","","-7.2","","59","","","","16","","12","","24.1","","88.59","","","","-4","","NA"
"-114.01","51.12","CALGARY INTL A","3031092","2025-01-10 02:00","2025","01","10","02:00","","8.7","","-4.8","","38","","","","28","","30","","24.1","","88.44","","","","","","Mostly Cloudy"
"-114.01","51.12","CALGARY INTL A","3031092","2025-01-10 03:00","2025","01","10","03:00","","6.5","","-4.8","","44","","","","23","","10","","24.1","","88.35","","","","","","NA"
"-114.01","51.12","CALGARY INTL A","3031092","2025-01-10 04:00","2025","01","10","04:00","","9.0","","-5.2","","36","","","","28","","27","","24.1","","88.22","","","","","","NA"
"-114.01","51.12","CALGARY INTL A","3031092","2025-01-10 05:00","2025","01","10","05:00","","9.4","","-4.8","","36","","","","28","","39","","24.1","","88.04","","","","","","Mostly Cloudy"
"-114.01","51.12","CALGARY INTL A","3031092","2025-01-10 06:00","2025","01","10","06:00","","9.1","","-4.0","","39","","","","29","","33","","24.1","","88.12","","","","","","NA"
"-114.01","51.12","CALGARY INTL A","3031092","2025-01-10 07:00","2025","01","10","07:00","","9.8","","-3.7","","38","","","","28","","41","","24.1","","88.02","","","","","","NA"
"-114.01","51.12","CALGARY INTL A","3031092","2025-01-10 08:00","2025","01","10","08:00","","9.1","","-3.2","","42","","","","28","","30","","24.1","","87.87","","","","","","Cloudy"
"-114.01","51.12","CALGARY INTL A","3031092","2025-01-10 09:00","2025","01","10","09:00","","9.4","","-3.7","","39","","","","29","","32","","64.4","","87.82","","","","","","NA"
"-114.01","51.12","CALGARY INTL A","3031092","2025-01-10 10:00","2025","01","10","10:00","","8.7","","-4.1","","40","","","","28","","33","","64.4","","87.73","","","","","","NA"
"-114.01","51.12","CALGARY INTL A","3031092","2025-01-10 11:00","2025","01","10","11:00","","8.4","","-3.9","","41","","","","29","","27","","64.4","","87.73","","","","","","Mostly Cloudy"
"-114.01","51.12","CALGARY INTL A","3031092","2025-01-10 12:00","2025","01","10","12:00","","8.2","","-3.8","","42","","","","31","","20","","64.4","","87.73","","","","","","NA"
"-114.01","51.12","CALGARY INTL A","3031092","2025-01-10 13:00","2025","01","10","13:00","","6.6","","-2.1","","54","","","","3","","21","","64.4","","87.69","","","","","","NA"
"-114.01","51.12","CALGARY INTL A","3031092","2025-01-10 14:00","2025","01","10","14:00","","5.7","","-0.6","","64","","","","4","","13","","64.4","","87.72","","","","","","Mostly Cloudy"
"-114.01","51.12","CALGARY INTL A","3031092","2025-01-10 15:00","2025","01","10","15:00","","4.0","","-0.2","","74","","","","35","","18","","64.4","","87.73","","","","","","NA"
"-114.01","51.12","CALGARY INTL A","3031092","2025-01-10 16:00","2025","01","10","16:00","","2.9","","0.4","","84","","","","34","","12","","24.1","","87.81","","","","","","NA"
"-114.01","51.12","CALGARY INTL A","3031092","2025-01-10 17:00","2025","01","10","17:00","","2.9","","-1.0","","76","","","","","","0","","64.4","","87.82","","","","","","Mostly Cloudy"
"-114.01","51.12","CALGARY INTL A","3031092","2025-01-10 18:00","2025","01","10","18:00","","3.4","","-2.0","","68","","","","26","","6","","24.1","","87.87","","","","","","NA"
"-114.01","51.12","CALGARY INTL A","3031092","2025-01-10 19:00","2025","01","10","19:00","","3.9","","-6.6","","46","","","","29","","27","","24.1","","87.90","","","","","","NA"
"-114.01","51.12","CALGARY INTL A","3031092","2025-01-10 20:00","2025","01","10","20:00","","3.8","","-8.1","","42","","","","29","","32","","24.1","","87.96","","","","","","Mostly Cloudy"
"-114.01","51.12","CALGARY INTL A","3031092","2025-01-10 21:00","2025","01","10","21:00","","3.6","","-9.1","","39","","","","28","","31","","24.1","","88.01","","","","","","NA"
"-114.01","51.12","CALGARY INTL A","3031092","2025-01-10 22:00","2025","01","10","22:00","","3.5","","-9.5","","38","","","","29","","22","","24.1","","88.09","","","","","","NA"
"-114.01","51.12","CALGARY INTL A","3031092","2025-01-10 23:00","2025","01","10","23:00","","3.3","","-9.5","","39","","","","32","","17","","24.1","","88.19","","","","","","Mostly Cloudy"
"-114.01","51.12","CALGARY INTL A","3031092","2025-01-11 00:00","2025","01","11","00:00","","2.9","","-9.7","","39","","","","29","","13","","24.1","","88.27","","","","","","NA"
"-114.01","51.12","CALGARY INTL A","3031092","2025-01-11 01:00","2025","01","11","01:00","","2.6","","-9.5","","41","","","","32","","15","","16.1","","88.32","","","","","","NA"
"-114.01","51.12","CALGARY INTL A","3031092","2025-01-11 02:00","2025","01","11","02:00","","2.6","","-8.6","","44","","","","34","","20","","16.1","","88.39","","","","","","Mostly Cloudy"
"-114.01","51.12","CALGARY INTL A","3031092","2025-01-11 03:00","2025","01","11","03:00","","2.2","","-7.0","","51","","","","34","","22","","16.1","","88.50","","","","","","NA"
"-114.01","51.12","CALGARY INTL A","3031092","2025-01-11 04:00","2025","01","11","04:00","","1.0","","-6.7","","57","","","","33","","18","","24.1","","88.59","","","","","","NA"
"-114.01","51.12","CALGARY INTL A","3031092","2025-01-11 05:00","2025","01","11","05:00","","1.6","","-6.1","","56","","","","33","","25","","24.1","","88.64","","","","","","Mostly Cloudy"
"-114.01","51.12","CALGARY INTL A","3031092","2025-01-11 06:00","2025","01","11","06:00","","0.7","","-5.8","","62","","","","33","","16","","12.9","","88.71","","","","","","NA"
"-114.01","51.12","CALGARY INTL A","3031092","2025-01-11 07:00","2025","01","11","07:00","","1.1","","-4.5","","66","","","","32","","25","","16.1","","88.78","","","","","","NA"
"-114.01","51.12","CALGARY INTL A","3031092","2025-01-11 08:00","2025","01","11","08:00","","1.4","","-4.0","","68","","","","33","","29","","24.1","","88.85","","","","","","Mostly Cloudy"
"-114.01","51.12","CALGARY INTL A","3031092","2025-01-11 09:00","2025","01","11","09:00","","1.1","","-2.9","","74","","","","34","","29","","56.3","","88.93","","","","","","Snow"
"-114.01","51.12","CALGARY INTL A","3031092","2025-01-11 10:00","2025","01","11","10:00","","1.0","","-2.9","","75","","","","32","","27","","40.2","","89.01","","","","","","NA"
"-114.01","51.12","CALGARY INTL A","3031092","2025-01-11 11:00","2025","01","11","11:00","","1.7","","-2.9","","71","","","","32","","32","","40.2","","89.06","","","","","","Mostly Cloudy"
"-114.01","51.12","CALGARY INTL A","3031092","2025-01-11 12:00","2025","01","11","12:00","","2.0","","-2.7","","71","","","","32","","30","","32.2","","89.07","","","","","","NA"
"-114.01","51.12","CALGARY INTL A","3031092","2025-01-11 13:00","2025","01","11","13:00","","3.0","","-2.5","","67","","","","34","","35","","40.2","","89.09","","","","","","Snow Showers"
"-114.01","51.12","CALGARY INTL A","3031092","2025-01-11 14:00","2025","01","11","14:00","","2.7","","-2.8","","67","","","","33","","34","","32.2","","89.12","","","","","","Snow Showers"
"-114.01","51.12","CALGARY INTL A","3031092","2025-01-11 15:00","2025","01","11","15:00","","1.8","","-1.6","","79","","","","33","","32","","19.3","","89.18","","","","","","Snow Showers"
"-114.01","51.12","CALGARY INTL A","3031092","2025-01-11 16:00","2025","01","11","16:00","","1.9","","-2.0","","75","","","","33","","25","","24.1","","89.27","","","","","","Snow"
"-114.01","51.12","CALGARY INTL A","3031092","2025-01-11 17:00","2025","01","11","17:00","","1.2","","-2.8","","75","","","","32","","21","","24.1","","89.30","","","","","","Cloudy"
"-114.01","51.12","CALGARY INTL A","3031092","2025-01-11 18:00","2025","01","11","18:00","","1.2","","-3.0","","74","","","","33","","23","","24.1","","89.35","","","","","","NA"
"-114.01","51.12","CALGARY INTL A","3031092","2025-01-11 19:00","2025","01","11","19:00","","0.2","","-1.4","","89","","","","32","","19","","16.1","","89.36","","","","","","Snow"
"-114.01","51.12","CALGARY INTL A","3031092","2025-01-11 20:00","2025","01","11","20:00","","-0.1","","-1.6","","90","","","","32","","18","","9.7","","89.38","","","","-5","","Snow,Fog"
"-114.01","51.12","CALGARY INTL A","3031092","2025-01-11 21:00","2025","01","11","21:00","","0.3","","-1.9","","85","","","","33","","14","","11.3","","89.40","","","","","","Snow Showers"
"-114.01","51.12","CALGARY INTL A","3031092","2025-01-11 22:00","2025","01","11","22:00","","0.0","","-1.8","","87","","","","33","","17","","11.3","","89.40","","","","-5","","Snow Showers"
"-114.01","51.12","CALGARY INTL A","3031092","2025-01-11 23:00","2025","01","11","23:00","","-0.4","","-2.3","","87","","","","33","","14","","12.9","","89.40","","","","-5","","Snow Showers"
"-114.01","51.12","CALGARY INTL A","3031092","2025-01-12 00:00","2025","01","12","00:00","","-0.1","","-2.5","","84","","","","33","","19","","14.5","","89.39","","","","-5","","Snow Showers"
"-114.01","51.12","CALGARY INTL A","3031092","2025-01-12 01:00","2025","01","12","01:00","","0.2","","-3.0","","79","","","","34","","12","","24.1","","89.37","","","","","","NA"
"-114.01","51.12","CALGARY INTL A","3031092","2025-01-12 02:00","2025","01","12","02:00","","0.4","","-3.5","","75","","","","33","","17","","16.1","","89.32","","","","","","Mostly Cloudy"
"-114.01","51.12","CALGARY INTL A","3031092","2025-01-12 03:00","2025","01","12","03:00","","0.2","","-3.7","","75","","","","34","","17","","16.1","","89.32","","","","","","NA"
"-114.01","51.12","CALGARY INTL A","3031092","2025-01-12 04:00","2025","01","12","04:00","","-1.0","","-4.2","","79","","","","32","","9","","24.1","","89.32","","","","-4","","NA"
"-114.01","51.12","CALGARY INTL A","3031092","2025-01-12 05:00","2025","01","12","05:00","","-1.8","","-4.8","","79","","","","33","","10","","24.1","","89.32","","","","-5","","Mostly Cloudy"
"-114.01","51.12","CALGARY INTL A","3031092","2025-01-12 06:00","2025","01","12","06:00","","-1.5","","-4.7","","79","","","","33","","8","","16.1","","89.36","","","","-5","","NA"
"-114.01","51.12","CALGARY INTL A","3031092","2025-01-12 07:00","2025","01","12","07:00","","-0.6","","-5.2","","71","","","","33","","13","","16.1","","89.38","","","","-5","","NA"
"-114.01","51.12","CALGARY INTL A","3031092","2025-01-12 08:00","2025","01","12","08:00","","-0.3","","-5.4","","69","","","","34","","13","","24.1","","89.41","","","","-4","","Cloudy"
"-114.01","51.12","CALGARY INTL A","3031092","2025-01-12 09:00","2025","01","12","09:00","","-0.5","","-5.4","","70","","","","34","","13","","64.4","","89.43","","","","-5","","NA"
"-114.01","51.12","CALGARY INTL A","3031092","2025-01-12 10:00","2025","01","12","10:00","","-0.7","","-5.0","","73","","","","33","","5","","48.3","","89.49","","","","-2","","NA"
"-114.01","51.12","CALGARY INTL A","3031092","2025-01-12 11:00","2025","01","12","11:00","","0.4","","-5.6","","64","","","","33","","12","","56.3","","89.51","","","","","","Cloudy"
"-114.01","51.12","CALGARY INTL A","3031092","2025-01-12 12:00","2025","01","12","12:00","","1.2","","-5.8","","59","","","","34","","18","","64.4","","89.49","","","","","","NA"
"-114.01","51.12","CALGARY INTL A","3031092","2025-01-12 13:00","2025","01","12","13:00","","1.2","","-5.9","","59","","","","34","","20","","64.4","","89.45","","","","","","NA"
"-114.01","51.12","CALGARY INTL A","3031092","2025-01-12 14:00","2025","01","12","14:00","","1.5","","-5.8","","59","","","","34","","19","","64.4","","89.46","","","","","","Mostly Cloudy"
"-114.01","51.12","CALGARY INTL A","3031092","2025-01-12 15:00","2025","01","12","15:00","","2.4","","-6.4","","52","","","","35","","14","","64.4","","89.43","","","","","","NA"
"-114.01","51.12","CALGARY INTL A","3031092","2025-01-12 16:00","2025","01","12","16:00","","1.9","","-6.7","","53","","","","35","","8","","64.4","","89.41","","","","","","NA"
"-114.01","51.12","CALGARY INTL A","3031092","2025-01-12 17:00","2025","01","12","17:00","","-0.3","","-6.5","","63","","","","1","","8","","64.4","","89.48","","","","-3","","Clear"
"-114.01","51.12","CALGARY INTL A","3031092","2025-01-12 18:00","2025","01","12","18:00","","-1.0","","-6.3","","67","","","","25","","5","","64.4","","89.47","","","","-3","","NA"
"-114.01","51.12","CALGARY INTL A","3031092","2025-01-12 19:00","2025","01","12","19:00","","-0.2","","-6.5","","63","","","","25","","8","","24.1","","89.46","","","","-3","","NA"
"-114.01","51.12","CALGARY INTL A","3031092","2025-01-12 20:00","2025","01","12","20:00","","-2.4","","-6.5","","73","","","","","","0","","24.1","","89.43","","","","","","Mainly Clear"
"-114.01","51.12","CALGARY INTL A","3031092","2025-01-12 21:00","2025","01","12","21:00","","-5.8","","-8.2","","83","","","","36","","5","","24.1","","89.40","","","","-8","","NA"
"-114.01","51.12","CALGARY INTL A","3031092","2025-01-12 22:00","2025","01","12","22:00","","-5.3","","-8.6","","78","","","","35","","4","","24.1","","89.39","","","","-7","","NA"
"-114.01","51.12","CALGARY INTL A","3031092","2025-01-12 23:00","2025","01","12","23:00","","-2.7","","-7.6","","69","","","","22","","8","","24.1","","89.40","","","","-6","","Mostly Cloudy"
"-114.01","51.12","CALGARY INTL A","3031092","2025-01-13 00:00","2025","01","13","00:00","","-1.4","","-9.7","","53","","","","27","","6","","24.1","","89.41","","","","-4","","NA"
"-114.01","51.12","CALGARY INTL A","3031092","2025-01-13 01:00","2025","01","13","01:00","","-4.6","","-9.4","","69","","","","15","","6","","24.1","","89.38","","","","-7","","NA"
"-114.01","51.12","CALGARY INTL A","3031092","2025-01-13 02:00","2025","01","13","02:00","","-4.0","","-9.6","","65","","","","19","","3","","24.1","","89.36","","","","-5","","Mainly Clear"
"-114.01","51.12","CALGARY INTL A","3031092","2025-01-13 03:00","2025","01","13","03:00","","-4.0","","-8.9","","69","","","","19","","3","","24.1","","89.34","","","","-5","","NA"
"-114.01","51.12","CALGARY INTL A","3031092","2025-01-13 04:00","2025","01","13","04:00","","-2.6","","-8.7","","63","","","","","","0","","24.1","","89.25","","","","","","NA"
"-114.01","51.12","CALGARY INTL A","3031092","2025-01-13 05:00","2025","01","13","05:00","","-1.1","","-10.1","","51","","","","30","","15","","24.1","","89.20","","","","-6","","Mainly Clear"
"-114.01","51.12","CALGARY INTL A","3031092","2025-01-13 06:00","2025","01","13","06:00","","-3.9","","-10.1","","62","","","","18","","9","","24.1","","89.16","","","","-8","","NA"
"-114.01","51.12","CALGARY INTL A","3031092","2025-01-13 07:00","2025","01","13","07:00","","-3.7","","-10.6","","59","","","","21","","6","","24.1","","89.20","","","","-6","","NA"
"-114.01","51.12","CALGARY INTL A","3031092","2025-01-13 08:00","2025","01","13","08:00","","-4.9","","-9.7","","69","","","","21","","9","","24.1","","89.16","","","","-9","","Mostly Cloudy"
"-114.01","51.12","CALGARY INTL A","3031092","2025-01-13 09:00","2025","01","13","09:00","","-3.5","","-9.7","","62","","","","23","","10","","64.4","","89.09","","","","-7","","NA"
"-114.01","51.12","CALGARY INTL A","3031092","2025-01-13 10:00","2025","01","13","10:00","","-2.0","","-10.2","","54","","","","23","","10","","64.4","","89.10","","","","-6","","NA"
"-114.01","51.12","CALGARY INTL A","3031092","2025-01-13 11:00","2025","01","13","11:00","","-0.1","","-9.7","","49","","","","22","","14","","64.4","","89.12","","","","-4","","Cloudy"
"-114.01","51.12","CALGARY INTL A","3031092","2025-01-13 12:00","2025","01","13","12:00","","1.4","","-9.0","","46","","","","23","","10","","64.4","","89.11","","","","","","NA"
"-114.01","51.12","CALGARY INTL A","3031092","2025-01-13 13:00","2025","01","13","13:00","","4.5","","-7.5","","41","","","","28","","6","","64.4","","89.00","","","","","","NA"
"-114.01","51.12","CALGARY INTL A","3031092","2025-01-13 14:00","2025","01","13","14:00","","7.3","","-6.2","","38","","","","32","","17","","64.4","","89.00","","","","","","Mainly Clear"
"-114.01","51.12","CALGARY INTL A","3031092","2025-01-13 15:00","2025","01","13","15:00","","7.5","","-8.0","","32","","","","33","","25","","64.4","","89.07","","","","","","NA"
"-114.01","51.12","CALGARY INTL A","3031092","2025-01-13 16:00","2025","01","13","16:00","","5.4","","-8.7","","36","","","","35","","19","","64.4","","89.14","","","","","","NA"
"-114.01","51.12","CALGARY INTL A","3031092","2025-01-13 17:00","2025","01","13","17:00","","3.0","","-8.2","","44","","","","34","","12","","64.4","","89.20","","","","","","Mostly Cloudy"
"-114.01","51.12","CALGARY INTL A","3031092","2025-01-13 18:00","2025","01","13","18:00","","2.3","","-8.7","","44","","","","34","","12","","64.4","","89.29","","","","","","NA"
"-114.01","51.12","CALGARY INTL A","3031092","2025-01-13 19:00","2025","01","13","19:00","","3.4","","-9.0","","40","","","","34","","25","","24.1","","89.41","","","","","","NA"
"-114.01","51.12","CALGARY INTL A","3031092","2025-01-13 20:00","2025","01","13","20:00","","2.6","","-9.2","","42","","","","34","","19","","24.1","","89.49","","","","","","Clear"
"-114.01","51.12","CALGARY INTL A","3031092","2025-01-13 21:00","2025","01","13","21:00","","1.5","","-9.3","","45","","","","32","","12","","24.1","","89.50","","","","","","NA"
"-114.01","51.12","CALGARY INTL A","3031092","2025-01-13 22:00","2025","01","13","22:00","","1.5","","-9.4","","44","","","","30","","8","","24.1","","89.54","","","","","","NA"
"-114.01","51.12","CALGARY INTL A","3031092","2025-01-13 23:00","2025","01","13","23:00","","-1.1","","-9.1","","55","","","","24","","3","","24.1","","89.57","","","","-2","","Clear"
"-114.01","51.12","CALGARY INTL A","3031092","2025-01-14 00:00","2025","01","14","00:00","","-0.9","","-9.1","","54","","","","23","","8","","24.1","","89.60","","","","-4","","NA"
"-114.01","51.12","CALGARY INTL A","3031092","2025-01-14 01:00","2025","01","14","01:00","","-5.8","","-9.5","","75","","","","","","0","","32.2","","89.56","","","","","","NA"
"-114.01","51.12","CALGARY INTL A","3031092","2025-01-14 02:00","2025","01","14","02:00","","-3.2","","-8.3","","68","","","","19","","9","","24.1","","89.53","","","","-7","","Mostly Cloudy"
"-114.01","51.12","CALGARY INTL A","3031092","2025-01-14 03:00","2025","01","14","03:00","","-0.8","","-9.2","","53","","","","23","","9","","24.1","","89.56","","","","-4","","NA"
"-114.01","51.12","CALGARY INTL A","3031092","2025-01-14 04:00","2025","01","14","04:00","","-1.3","","-8.8","","56","","","","22","","13","","24.1","","89.55","","","","-6","","NA"
"-114.01","51.12","CALGARY INTL A","3031092","2025-01-14 05:00","2025","01","14","05:00","","-0.1","","-8.9","","52","","","","19","","7","","24.1","","89.49","","","","-3","","Mostly Cloudy"
"-114.01","51.12","CALGARY INTL A","3031092","2025-01-14 06:00","2025","01","14","06:00","","-0.4","","-8.2","","56","","","","15","","6","","24.1","","89.46","","","","-2","","NA"
"-114.01","51.12","CALGARY INTL A","3031092","2025-01-14 07:00","2025","01","14","07:00","","-1.5","","-8.2","","60","","","","19","","7","","24.1","","89.41","","","","-4","","NA"
"-114.01","51.12","CALGARY INTL A","3031092","2025-01-14 08:00","2025","01","14","08:00","","-1.2","","-8.8","","56","","","","19","","11","","64.4","","89.35","","","","-5","","Mostly Cloudy"
"-114.01","51.12","CALGARY INTL A","3031092","2025-01-14 09:00","2025","01","14","09:00","","-0.3","","-8.7","","53","","","","23","","21","","64.4","","89.29","","","","-6","","NA"
"-114.01","51.12","CALGARY INTL A","3031092","2025-01-14 10:00","2025","01","14","10:00","","0.6","","-8.0","","53","","","","20","","10","","64.4","","89.33","","","","","","NA"
"-114.01","51.12","CALGARY INTL A","3031092","2025-01-14 11:00","2025","01","14","11:00","","2.5","","-7.0","","50","","","","19","","12","","64.4","","89.32","","","","","","Mostly Cloudy"
"-114.01","51.12","CALGARY INTL A","3031092","2025-01-14 12:00","2025","01","14","12:00","","3.5","","-6.2","","49","","","","22","","16","","64.4","","89.28","","","","","","NA"
"-114.01","51.12","CALGARY INTL A","3031092","2025-01-14 13:00","2025","01","14","13:00","","5.5","","-5.1","","46","","","","18","","14","","64.4","","89.23","","","","","","NA"
"-114.01","51.12","CALGARY INTL A","3031092","2025-01-14 14:00","2025","01","14","14:00","","7.5","","-4.3","","43","","","","23","","14","","64.4","","89.20","","","","","","Mostly Cloudy"
"-114.01","51.12","CALGARY INTL A","3031092","2025-01-14 15:00","2025","01","14","15:00","","6.6","","-4.0","","47","","","","23","","14","","64.4","","89.10","","","","","","NA"
"-114.01","51.12","CALGARY INTL A","3031092","2025-01-14 16:00","2025","01","14","16:00","","9.2","","-3.1","","42","","","","27","","18","","64.4","","89.10","","","","","","NA"
"-114.01","51.12","CALGARY INTL A","3031092","2025-01-14 17:00","2025","01","14","17:00","","9.0","","-2.7","","44","","","","26","","18","","64.4","","89.03","","","","","","Cloudy"
"-114.01","51.12","CALGARY INTL A","3031092","2025-01-14 18:00","2025","01","14","18:00","","10.0","","-2.5","","41","","","","28","","36","","24.1","","89.03","","","","","","NA"
"-114.01","51.12","CALGARY INTL A","3031092","2025-01-14 19:00","2025","01","14","19:00","","10.3","","-2.6","","40","","","","28","","39","","24.1","","88.99","","","","","","NA"
"-114.01","51.12","CALGARY INTL A","3031092","2025-01-14 20:00","2025","01","14","20:00","","9.9","","-2.6","","41","","","","28","","43","","24.1","","89.01","","","","","","Mostly Cloudy"
"-114.01","51.12","CALGARY INTL A","3031092","2025-01-14 21:00","2025","01","14","21:00","","9.9","","-2.5","","41","","","","27","","30","","24.1","","89.04","","","","","","NA"
"-114.01","51.12","CALGARY INTL A","3031092","2025-01-14 22:00","2025","01","14","22:00","","9.7","","-2.5","","42","","","","28","","34","","24.1","","89.08","","","","","","NA"
"-114.01","51.12","CALGARY INTL A","3031092","2025-01-14 23:00","2025","01","14","23:00","","9.5","","-2.5","","43","","","","28","","32","","24.1","","89.13","","","","","","Clear"
"-114.01","51.12","CALGARY INTL A","3031092","2025-01-15 00:00","2025","01","15","00:00","","8.8","","-2.5","","45","","","","27","","20","","24.1","","89.15","","","","","","NA"
"-114.01","51.12","CALGARY INTL A","3031092","2025-01-15 01:00","2025","01","15","01:00","","9.0","","-2.6","","44","","","","27","","23","","24.1","","89.18","","","","","","NA"
"-114.01","51.12","CALGARY INTL A","3031092","2025-01-15 02:00","2025","01","15","02:00","","8.1","","-2.7","","47","","","","26","","10","","24.1","","89.20","","","","","","Mostly Cloudy"
"-114.01","51.12","CALGARY INTL A","3031092","2025-01-15 03:00","2025","01","15","03:00","","8.6","","-2.7","","45","","","","27","","17","","24.1","","89.25","","","","","","NA"
"-114.01","51.12","CALGARY INTL A","3031092","2025-01-15 04:00","2025","01","15","04:00","","7.4","","-2.7","","48","","","","28","","14","","24.1","","89.31","","","","","","NA"
"-114.01","51.12","CALGARY INTL A","3031092","2025-01-15 05:00","2025","01","15","05:00","","4.1","","-3.4","","58","","","","","","0","","24.1","","89.36","","","","","","Clear"
"-114.01","51.12","CALGARY INTL A","3031092","2025-01-15 06:00","2025","01","15","06:00","","3.9","","-2.3","","64","","","","7","","8","","24.1","","89.42","","","","","","NA"
"-114.01","51.12","CALGARY INTL A","3031092","2025-01-15 07:00","2025","01","15","07:00","","3.8","","-3.1","","61","","","","13","","9","","24.1","","89.46","","","","","","NA"
"-114.01","51.12","CALGARY INTL A","3031092","2025-01-15 08:00","2025","01","15","08:00","","3.1","","-2.7","","66","","","","17","","7","","32.2","","89.51","","","","","","Mostly Cloudy"
"-114.01","51.12","CALGARY INTL A","3031092","2025-01-15 09:00","2025","01","15","09:00","","0.6","","-3.0","","77","","","","23","","4","","64.4","","89.54","","","","","","NA"
"-114.01","51.12","CALGARY INTL A","3031092","2025-01-15 10:00","2025","01","15","10:00","","3.0","","-1.7","","72","","","","19","","10","","64.4","","89.57","","","","","","NA"
"-114.01","51.12","CALGARY INTL A","3031092","2025-01-15 11:00","2025","01","15","11:00","","6.0","","-3.1","","52","","","","18","","5","","64.4","","89.65","","","","","","Mostly Cloudy"
"-114.01","51.12","CALGARY INTL A","3031092","2025-01-15 12:00","2025","01","15","12:00","","7.3","","-4.8","","42","","","","15","","15","","64.4","","89.58","","","","","","NA"
"-114.01","51.12","CALGARY INTL A","3031092","2025-01-15 13:00","2025","01","15","13:00","","7.4","","-4.8","","41","","","","14","","16","","48.3","","89.56","","","","","","NA"
"-114.01","51.12","CALGARY INTL A","3031092","2025-01-15 14:00","2025","01","15","14:00","","7.0","","-4.9","","42","","","","16","","17","","48.3","","89.51","","","","","","Mostly Cloudy"
"-114.01","51.12","CALGARY INTL A","3031092","2025-01-15 15:00","2025","01","15","15:00","","5.6","","-5.1","","46","","","","15","","18","","48.3","","89.52","","","","","","NA"
"-114.01","51.12","CALGARY INTL A","3031092","2025-01-15 16:00","2025","01","15","16:00","","4.3","","-4.5","","53","","","","17","","21","","48.3","","89.47","","","","","","NA"
"-114.01","51.12","CALGARY INTL A","3031092","2025-01-15 17:00","2025","01","15","17:00","","2.2","","-4.6","","61","","","","18","","13","","32.2","","89.46","","","","","","Cloudy"
"-114.01","51.12","CALGARY INTL A","3031092","2025-01-15 18:00","2025","01","15","18:00","","2.2","","-4.0","","64","","","","18","","15","","24.1","","89.37","","","","","","NA"
"-114.01","51.12","CALGARY INTL A","3031092","2025-01-15 19:00","2025","01","15","19:00","","1.0","","-3.9","","70","","","","19","","10","","24.1","","89.28","","","","","","NA"
"-114.01","51.12","CALGARY INTL A","3031092","2025-01-15 20:00","2025","01","15","20:00","","0.6","","-3.6","","73","","","","17","","8","","24.1","","89.19","","","","","","Mostly Cloudy"
"-114.01","51.12","CALGARY INTL A","3031092","2025-01-15 21:00","2025","01","15","21:00","","0.6","","-3.4","","75","","","","19","","11","","24.1","","89.07","","","","","","NA"
"-114.01","51.12","CALGARY INTL A","3031092","2025-01-15 22:00","2025","01","15","22:00","","-0.2","","-3.2","","80","","","","18","","8","","24.1","","88.93","","","","-3","","NA"
"-114.01","51.12","CALGARY INTL A","3031092","2025-01-15 23:00","2025","01","15","23:00","","0.6","","-3.3","","75","","","","17","","8","","24.1","","88.81","","","","","","Mostly Cloudy"
"-114.01","51.12","CALGARY INTL A","3031092","2025-01-16 00:00","2025","01","16","00:00","","1.9","","-3.2","","69","","","","21","","10","","24.1","","88.64","","","","","","NA"
"-114.01","51.12","CALGARY INTL A","3031092","2025-01-16 01:00","2025","01","16","01:00","","5.5","","-3.4","","53","","","","29","","13","","24.1","","88.53","","","","","","NA"
"-114.01","51.12","CALGARY INTL A","3031092","2025-01-16 02:00","2025","01","16","02:00","","6.4","","-4.1","","47","","","","","","0","","24.1","","88.36","","","","","","Mostly Cloudy"
"-114.01","51.12","CALGARY INTL A","3031092","2025-01-16 03:00","2025","01","16","03:00","","4.1","","-3.2","","59","","","","20","","10","","24.1","","88.28","","","","","","NA"
"-114.01","51.12","CALGARY INTL A","3031092","2025-01-16 04:00","2025","01","16","04:00","","3.3","","-3.1","","63","","","","20","","14","","24.1","","88.08","","","","","","NA"
"-114.01","51.12","CALGARY INTL A","3031092","2025-01-16 05:00","2025","01","16","05:00","","7.9","","-4.0","","43","","","","23","","24","","24.1","","87.85","","","","","","Mostly Cloudy"
"-114.01","51.12","CALGARY INTL A","3031092","2025-01-16 06:00","2025","01","16","06:00","","10.4","","-5.7","","32","","","","26","","22","","24.1","","87.59","","","","","","NA"
"-114.01","51.12","CALGARY INTL A","3031092","2025-01-16 07:00","2025","01","16","07:00","","10.3","","-5.9","","32","","","","26","","32","","24.1","","87.44","","","","","","NA"
"-114.01","51.12","CALGARY INTL A","3031092","2025-01-16 08:00","2025","01","16","08:00","","9.9","","-6.6","","31","","","","26","","32","","24.1","","87.41","","","","","","Mainly Clear"
"-114.01","51.12","CALGARY INTL A","3031092","2025-01-16 09:00","2025","01","16","09:00","","9.2","","-8.2","","29","","","","26","","24","","32.2","","87.41","","","","","","NA"
"-114.01","51.12","CALGARY INTL A","3031092","2025-01-16 10:00","2025","01","16","10:00","","9.2","","-8.3","","28","","","","27","","27","","32.2","","87.45","","","","","","NA"
"-114.01","51.12","CALGARY INTL A","3031092","2025-01-16 11:00","2025","01","16","11:00","","9.0","","-8.5","","28","","","","28","","45","","24.1","","87.51","","","","","","Mainly Clear"
"-114.01","51.12","CALGARY INTL A","3031092","2025-01-16 12:00","2025","01","16","12:00","","8.7","","-7.8","","30","","","","28","","36","","24.1","","87.56","","","","","","NA"
"-114.01","51.12","CALGARY INTL A","3031092","2025-01-16 13:00","2025","01","16","13:00","","1.4","","-4.3","","66","","","","35","","47","","24.1","","87.69","","","","","","NA"
"-114.01","51.12","CALGARY INTL A","3031092","2025-01-16 14:00","2025","01","16","14:00","","1.6","","-4.1","","66","","","","36","","34","","24.1","","87.68","","","","","","Snow"
"-114.01","51.12","CALGARY INTL A","3031092","2025-01-16 15:00","2025","01","16","15:00","","-0.2","","-2.5","","84","","","","1","","26","","1.2","","87.70","","","","-6","","Snow"
"-114.01","51.12","CALGARY INTL A","3031092","2025-01-16 16:00","2025","01","16","16:00","","-0.5","","-1.4","","94","","","","31","","7","","6.4","","87.76","","","","-3","","NA"
"-114.01","51.12","CALGARY INTL A","3031092","2025-01-16 17:00","2025","01","16","17:00","","-0.2","","-2.3","","86","","","","23","","10","","24.1","","87.79","","","","-4","","Mainly Clear"
"-114.01","51.12","CALGARY INTL A","3031092","2025-01-16 18:00","2025","01","16","18:00","","-2.1","","-3.4","","91","","","","29","","8","","24.1","","87.86","","","","-5","","NA"
"-114.01","51.12","CALGARY INTL A","3031092","2025-01-16 19:00","2025","01","16","19:00","","-0.2","","-10.3","","46","","","","28","","24","","24.1","","87.89","","","","-6","","NA"
"-114.01","51.12","CALGARY INTL A","3031092","2025-01-16 20:00","2025","01","16","20:00","","0.3","","-13.5","","35","","","","31","","34","","12.9","","87.96","","","","","","Mostly Cloudy"
"-114.01","51.12","CALGARY INTL A","3031092","2025-01-16 21:00","2025","01","16","21:00","","-0.5","","-11.7","","43","","","","33","","17","","12.9","","88.10","","","","-5","","NA"
"-114.01","51.12","CALGARY INTL A","3031092","2025-01-16 22:00","2025","01","16","22:00","","-4.1","","-8.0","","75","","","","34","","44","","11.3","","88.30","","","","-13","","NA"
"-114.01","51.12","CALGARY INTL A","3031092","2025-01-16 23:00","2025","01","16","23:00","","-5.0","","-11.7","","60","","","","34","","48","","12.9","","88.50","","","","-15","","Mostly Cloudy"
"-114.01","51.12","CALGARY INTL A","3031092","2025-01-17 00:00","2025","01","17","00:00","","-6.6","","-12.7","","62","","","","34","","55","","12.9","","88.72","","","","-18","","NA"
"-114.01","51.12","CALGARY INTL A","3031092","2025-01-17 01:00","2025","01","17","01:00","","-6.8","","-12.1","","66","","","","34","","63","","12.9","","88.95","","","","-18","","NA"
"-114.01","51.12","CALGARY INTL A","3031092","2025-01-17 02:00","2025","01","17","02:00","","-7.3","","-11.3","","73","","","","34","","55","","9.7","","89.16","","","","-19","","Haze"
"-114.01","51.12","CALGARY INTL A","3031092","2025-01-17 03:00","2025","01","17","03:00","","-8.3","","-11.5","","78","","","","35","","40","","4.0","","89.37","","","","-18","","Haze"
"-114.01","51.12","CALGARY INTL A","3031092","2025-01-17 04:00","2025","01","17","04:00","","-9.1","","-12.9","","74","","","","36","","37","","11.3","","89.50","","","","-19","","NA"
"-114.01","51.12","CALGARY INTL A","3031092","2025-01-17 05:00","2025","01","17","05:00","","-9.8","","-12.7","","80","","","","36","","26","","4.0","","89.59","","","","-19","","Haze"
"-114.01","51.12","CALGARY INTL A","3031092","2025-01-17 06:00","2025","01","17","06:00","","-10.4","","-13.1","","81","","","","34","","14","","12.9","","89.70","","","","-17","","NA"
"-114.01","51.12","CALGARY INTL A","3031092","2025-01-17 07:00","2025","01","17","07:00","","-9.8","","-13.1","","78","","","","33","","17","","16.1","","89.72","","","","-17","","NA"
"-114.01","51.12","CALGARY INTL A","3031092","2025-01-17 08:00","2025","01","17","08:00","","-10.2","","-13.2","","78","","","","34","","24","","16.1","","89.76","","","","-19","","Mostly Cloudy"
"-114.01","51.12","CALGARY INTL A","3031092","2025-01-17 09:00","2025","01","17","09:00","","-10.0","","-13.3","","77","","","","34","","18","","24.1","","89.77","","","","-17","","NA"
"-114.01","51.12","CALGARY INTL A","3031092","2025-01-17 10:00","2025","01","17","10:00","","-9.8","","-13.4","","76","","","","32","","17","","48.3","","89.81","","","","-17","","NA"
"-114.01","51.12","CALGARY INTL A","3031092","2025-01-17 11:00","2025","01","17","11:00","","-9.0","","-13.0","","73","","","","35","","13","","64.4","","89.83","","","","-15","","Clear"
"-114.01","51.12","CALGARY INTL A","3031092","2025-01-17 12:00","2025","01","17","12:00","","-8.7","","-13.1","","71","","","","2","","14","","32.2","","89.84","","","","-15","","NA"
"-114.01","51.12","CALGARY INTL A","3031092","2025-01-17 13:00","2025","01","17","13:00","","-8.6","","-13.0","","71","","","","34","","9","","8.1","","89.82","","","","-13","","Snow"
"-114.01","51.12","CALGARY INTL A","3031092","2025-01-17 14:00","2025","01","17","14:00","","-8.6","","-13.1","","70","","","","3","","5","","1.2","","89.78","","","","-11","","Snow"
"-114.01","51.12","CALGARY INTL A","3031092","2025-01-17 15:00","2025","01","17","15:00","","-9.0","","-11.7","","81","","","","7","","9","","8.1","","89.76","","","","-14","","Snow"
"-114.01","51.12","CALGARY INTL A","3031092","2025-01-17 16:00","2025","01","17","16:00","","-9.4","","-11.9","","82","","","","9","","9","","6.4","","89.76","","","","-14","","Snow"
"-114.01","51.12","CALGARY INTL A","3031092","2025-01-17 17:00","2025","01","17","17:00","","-10.0","","-12.3","","83","","","","10","","9","","6.4","","89.81","","","","-15","","Snow"
"-114.01","51.12","CALGARY INTL A","3031092","2025-01-17 18:00","2025","01","17","18:00","","-10.4","","-12.4","","85","","","","17","","9","","2.8","","89.86","","","","-15","","Snow"
"-114.01","51.12","CALGARY INTL A","3031092","2025-01-17 19:00","2025","01","17","19:00","","-10.2","","-12.1","","86","","","","16","","5","","1.6","","89.94","","","","-13","","Snow"
"-114.01","51.12","CALGARY INTL A","3031092","2025-01-17 20:00","2025","01","17","20:00","","-10.2","","-12.1","","86","","","","","","0","","4.8","","90.01","","","","","","Snow,Fog"
"-114.01","51.12","CALGARY INTL A","3031092","2025-01-17 21:00","2025","01","17","21:00","","-10.1","","-11.8","","87","","","","29","","8","","6.4","","90.06","","","","-15","","Snow,Fog"
"-114.01","51.12","CALGARY INTL A","3031092","2025-01-17 22:00","2025","01","17","22:00","","-9.8","","-12.4","","81","","","","35","","23","","9.7","","90.14","","","","-18","","Snow,Fog"
"-114.01","51.12","CALGARY INTL A","3031092","2025-01-17 23:00","2025","01","17","23:00","","-10.6","","-14.7","","72","","","","35","","27","","16.1","","90.21","","","","-20","","Blowing Snow,Drifting Snow"
"-114.01","51.12","CALGARY INTL A","3031092","2025-01-18 00:00","2025","01","18","00:00","","-13.7","","-16.4","","80","","","","2","","52","","1.6","","90.35","","","","-27","","Snow,Fog,Blowing Snow,Drifting Snow"
"-114.01","51.12","CALGARY INTL A","3031092","2025-01-18 01:00","2025","01","18","01:00","","-15.2","","-18.2","","78","","","","1","","28","","6.4","","90.48","","","","-26","","Snow,Fog,Blowing Snow,Drifting Snow"
"-114.01","51.12","CALGARY INTL A","3031092","2025-01-18 02:00","2025","01","18","02:00","","-16.9","","-20.6","","74","","","","1","","28","","12.9","","90.54","","","","-28","","Mainly Clear"
"-114.01","51.12","CALGARY INTL A","3031092","2025-01-18 03:00","2025","01","18","03:00","","-17.8","","-20.8","","78","","","","36","","19","","16.1","","90.61","","","","-27","","NA"
"-114.01","51.12","CALGARY INTL A","3031092","2025-01-18 04:00","2025","01","18","04:00","","-18.6","","-21.6","","78","","","","33","","10","","16.1","","90.68","","","","-26","","NA"
"-114.01","51.12","CALGARY INTL A","3031092","2025-01-18 05:00","2025","01","18","05:00","","-18.8","","-22.6","","73","","","","33","","9","","16.1","","90.69","","","","-25","","Mostly Cloudy"
"-114.01","51.12","CALGARY INTL A","3031092","2025-01-18 06:00","2025","01","18","06:00","","-19.0","","-22.2","","76","","","","1","","8","","16.1","","90.71","","","","-25","","NA"
"-114.01","51.12","CALGARY INTL A","3031092","2025-01-18 07:00","2025","01","18","07:00","","-19.2","","-22.0","","79","","","","2","","9","","16.1","","90.71","","","","-26","","Snow"
"-114.01","51.12","CALGARY INTL A","3031092","2025-01-18 08:00","2025","01","18","08:00","","-18.9","","-21.6","","79","","","","8","","7","","16.1","","90.69","","","","-24","","Mostly Cloudy"
"-114.01","51.12","CALGARY INTL A","3031092","2025-01-18 09:00","2025","01","18","09:00","","-18.4","","-21.1","","80","","","","17","","8","","64.4","","90.69","","","","-24","","Snow"
"-114.01","51.12","CALGARY INTL A","3031092","2025-01-18 10:00","2025","01","18","10:00","","-18.1","","-21.0","","78","","","","17","","13","","9.7","","90.66","","","","-26","","Ice Crystals"
"-114.01","51.12","CALGARY INTL A","3031092","2025-01-18 11:00","2025","01","18","11:00","","-17.3","","-20.5","","77","","","","17","","12","","32.2","","90.61","","","","-25","","Ice Crystals"
"-114.01","51.12","CALGARY INTL A","3031092","2025-01-18 12:00","2025","01","18","12:00","","-16.6","","-20.2","","74","","","","18","","18","","48.3","","90.48","","","","-26","","NA"
"-114.01","51.12","CALGARY INTL A","3031092","2025-01-18 13:00","2025","01","18","13:00","","-16.0","","-20.1","","71","","","","18","","18","","48.3","","90.38","","","","-25","","NA"
"-114.01","51.12","CALGARY INTL A","3031092","2025-01-18 14:00","2025","01","18","14:00","","-15.9","","-19.5","","74","","","","16","","22","","14.5","","90.28","","","","-26","","Ice Crystals"
"-114.01","51.12","CALGARY INTL A","3031092","2025-01-18 15:00","2025","01","18","15:00","","-16.3","","-19.8","","75","","","","17","","23","","14.5","","90.19","","","","-26","","NA"
"-114.01","51.12","CALGARY INTL A","3031092","2025-01-18 16:00","2025","01","18","16:00","","-16.4","","-19.8","","75","","","","17","","22","","24.1","","90.12","","","","-26","","NA"
"-114.01","51.12","CALGARY INTL A","3031092","2025-01-18 17:00","2025","01","18","17:00","","-17.4","","-20.3","","79","","","","17","","19","","14.5","","90.06","","","","-27","","Mainly Clear"
"-114.01","51.12","CALGARY INTL A","3031092","2025-01-18 18:00","2025","01","18","18:00","","-17.6","","-20.2","","81","","","","17","","14","","16.1","","90.01","","","","-26","","NA"
"-114.01","51.12","CALGARY INTL A","3031092","2025-01-18 19:00","2025","01","18","19:00","","-17.3","","-19.9","","81","","","","18","","20","","16.1","","89.97","","","","-27","","NA"
"-114.01","51.12","CALGARY INTL A","3031092","2025-01-18 20:00","2025","01","18","20:00","","-18.0","","-20.6","","81","","","","18","","12","","16.1","","89.90","","","","-26","","Ice Crystals"
"-114.01","51.12","CALGARY INTL A","3031092","2025-01-18 21:00","2025","01","18","21:00","","-17.2","","-20.0","","79","","","","21","","8","","16.1","","89.84","","","","-23","","NA"
"-114.01","51.12","CALGARY INTL A","3031092","2025-01-18 22:00","2025","01","18","22:00","","-16.8","","-19.6","","79","","","","23","","12","","16.1","","89.79","","","","-24","","NA"
"-114.01","51.12","CALGARY INTL A","3031092","2025-01-18 23:00","2025","01","18","23:00","","-16.0","","-19.1","","77","","","","21","","7","","16.1","","89.76","","","","-21","","Mostly Cloudy"
"-114.01","51.12","CALGARY INTL A","3031092","2025-01-19 00:00","2025","01","19","00:00","","-15.2","","-19.0","","73","","","","","","0","","16.1","","89.76","","","","","","NA"
"-114.01","51.12","CALGARY INTL A","3031092","2025-01-19 01:00","2025","01","19","01:00","","-14.4","","-18.6","","71","","","","33","","7","","12.9","","89.79","","","","-19","","NA"
"-114.01","51.12","CALGARY INTL A","3031092","2025-01-19 02:00","2025","01","19","02:00","","-12.4","","-15.9","","76","","","","35","","14","","16.1","","89.82","","","","-19","","Mostly Cloudy"
"-114.01","51.12","CALGARY INTL A","3031092","2025-01-19 03:00","2025","01","19","03:00","","-12.4","","-15.5","","78","","","","34","","12","","16.1","","89.86","","","","-19","","NA"
"-114.01","51.12","CALGARY INTL A","3031092","2025-01-19 04:00","2025","01","19","04:00","","-12.6","","-15.2","","81","","","","34","","15","","16.1","","89.90","","","","-20","","NA"
"-114.01","51.12","CALGARY INTL A","3031092","2025-01-19 05:00","2025","01","19","05:00","","-12.7","","-15.2","","82","","","","36","","18","","12.9","","89.93","","","","-21","","Cloudy"
"-114.01","51.12","CALGARY INTL A","3031092","2025-01-19 06:00","2025","01","19","06:00","","-13.7","","-16.4","","81","","","","36","","18","","4.8","","89.99","","","","-22","","Snow,Fog"
"-114.01","51.12","CALGARY INTL A","3031092","2025-01-19 07:00","2025","01","19","07:00","","-14.3","","-17.0","","80","","","","36","","22","","4.0","","90.09","","","","-24","","Snow,Fog"
"-114.01","51.12","CALGARY INTL A","3031092","2025-01-19 08:00","2025","01","19","08:00","","-16.0","","-18.8","","79","","","","1","","24","","9.7","","90.21","","","","-26","","Snow,Fog"
"-114.01","51.12","CALGARY INTL A","3031092","2025-01-19 09:00","2025","01","19","09:00","","-16.6","","-19.8","","77","","","","36","","23","","8.1","","90.32","","","","-27","","Fog"
"-114.01","51.12","CALGARY INTL A","3031092","2025-01-19 10:00","2025","01","19","10:00","","-16.0","","-19.1","","77","","","","36","","27","","6.4","","90.45","","","","-27","","Snow,Fog"
"-114.01","51.12","CALGARY INTL A","3031092","2025-01-19 11:00","2025","01","19","11:00","","-15.5","","-19.2","","74","","","","36","","25","","9.7","","90.57","","","","-26","","Fog"
"-114.01","51.12","CALGARY INTL A","3031092","2025-01-19 12:00","2025","01","19","12:00","","-15.2","","-19.2","","72","","","","36","","21","","14.5","","90.61","","","","-25","","NA"
"-114.01","51.12","CALGARY INTL A","3031092","2025-01-19 13:00","2025","01","19","13:00","","-14.6","","-18.9","","70","","","","36","","20","","16.1","","90.65","","","","-24","","NA"
"-114.01","51.12","CALGARY INTL A","3031092","2025-01-19 14:00","2025","01","19","14:00","","-14.9","","-18.8","","73","","","","1","","19","","24.1","","90.65","","","","-24","","Mostly Cloudy"
"-114.01","51.12","CALGARY INTL A","3031092","2025-01-19 15:00","2025","01","19","15:00","","-13.9","","-19.0","","66","","","","36","","13","","24.1","","90.68","","","","-21","","NA"
"-114.01","51.12","CALGARY INTL A","3031092","2025-01-19 16:00","2025","01","19","16:00","","-14.7","","-20.7","","61","","","","36","","19","","24.1","","90.71","","","","-24","","NA"
"-114.01","51.12","CALGARY INTL A","3031092","2025-01-19 17:00","2025","01","19","17:00","","-16.2","","-20.6","","69","","","","36","","13","","24.1","","90.75","","","","-24","","Mostly Cloudy"
"-114.01","51.12","CALGARY INTL A","3031092","2025-01-19 18:00","2025","01","19","18:00","","-16.4","","-20.4","","72","","","","36","","13","","24.1","","90.74","","","","-24","","NA"
"-114.01","51.12","CALGARY INTL A","3031092","2025-01-19 19:00","2025","01","19","19:00","","-17.4","","-21.1","","74","","","","34","","5","","24.1","","90.72","","","","-21","","NA"
"-114.01","51.12","CALGARY INTL A","3031092","2025-01-19 20:00","2025","01","19","20:00","","-17.0","","-20.5","","75","","","","2","","4","","16.1","","90.69","","","","-20","","Mostly Cloudy"
"-114.01","51.12","CALGARY INTL A","3031092","2025-01-19 21:00","2025","01","19","21:00","","-16.9","","-20.4","","74","","","","","","0","","16.1","","90.64","","","","","","NA"
"-114.01","51.12","CALGARY INTL A","3031092","2025-01-19 22:00","2025","01","19","22:00","","-16.1","","-20.0","","73","","","","8","","5","","12.9","","90.62","","","","-20","","NA"
"-114.01","51.12","CALGARY INTL A","3031092","2025-01-19 23:00","2025","01","19","23:00","","-16.1","","-19.4","","76","","","","14","","9","","12.9","","90.64","","","","-22","","Cloudy"
"-114.01","51.12","CALGARY INTL A","3031092","2025-01-20 00:00","2025","01","20","00:00","","-16.4","","-19.6","","76","","","","17","","8","","12.9","","90.60","","","","-22","","NA"
"-114.01","51.12","CALGARY INTL A","3031092","2025-01-20 01:00","2025","01","20","01:00","","-16.5","","-19.5","","78","","","","19","","13","","12.9","","90.54","","","","-24","","NA"
"-114.01","51.12","CALGARY INTL A","3031092","2025-01-20 02:00","2025","01","20","02:00","","-18.3","","-20.4","","83","","","","18","","11","","12.9","","90.48","","","","-26","","Mostly Cloudy"
"-114.01","51.12","CALGARY INTL A","3031092","2025-01-20 03:00","2025","01","20","03:00","","-19.2","","-21.2","","84","","","","19","","12","","16.1","","90.41","","","","-27","","NA"
"-114.01","51.12","CALGARY INTL A","3031092","2025-01-20 04:00","2025","01","20","04:00","","-18.3","","-20.8","","81","","","","23","","12","","24.1","","90.37","","","","-26","","NA"
"-114.01","51.12","CALGARY INTL A","3031092","2025-01-20 05:00","2025","01","20","05:00","","-19.3","","-22.1","","79","","","","22","","15","","24.1","","90.27","","","","-28","","Clear"
"-114.01","51.12","CALGARY INTL A","3031092","2025-01-20 06:00","2025","01","20","06:00","","-19.7","","-22.5","","78","","","","22","","10","","24.1","","90.13","","","","-27","","NA"
"-114.01","51.12","CALGARY INTL A","3031092","2025-01-20 07:00","2025","01","20","07:00","","-19.9","","-22.8","","78","","","","22","","13","","24.1","","89.99","","","","-28","","NA"
"-114.01","51.12","CALGARY INTL A","3031092","2025-01-20 08:00","2025","01","20","08:00","","-20.0","","-22.8","","78","","","","21","","13","","64.4","","89.88","","","","-28","","Clear"
"-114.01","51.12","CALGARY INTL A","3031092","2025-01-20 09:00","2025","01","20","09:00","","-19.0","","-22.1","","77","","","","20","","13","","64.4","","89.73","","","","-27","","NA"
"-114.01","51.12","CALGARY INTL A","3031092","2025-01-20 10:00","2025","01","20","10:00","","-16.9","","-20.9","","71","","","","20","","12","","64.4","","89.61","","","","-24","","NA"
"-114.01","51.12","CALGARY INTL A","3031092","2025-01-20 11:00","2025","01","20","11:00","","-14.0","","-19.7","","62","","","","23","","10","","64.4","","89.50","","","","-20","","Mostly Cloudy"
"-114.01","51.12","CALGARY INTL A","3031092","2025-01-20 12:00","2025","01","20","12:00","","-10.9","","-18.5","","54","","","","22","","13","","64.4","","89.38","","","","-17","","NA"
"-114.01","51.12","CALGARY INTL A","3031092","2025-01-20 13:00","2025","01","20","13:00","","-9.3","","-17.7","","51","","","","23","","14","","64.4","","89.24","","","","-16","","NA"
"-114.01","51.12","CALGARY INTL A","3031092","2025-01-20 14:00","2025","01","20","14:00","","-6.3","","-15.1","","50","","","","22","","14","","64.4","","89.15","","","","-12","","Mostly Cloudy"
"-114.01","51.12","CALGARY INTL A","3031092","2025-01-20 15:00","2025","01","20","15:00","","-5.2","","-13.9","","51","","","","18","","13","","64.4","","89.05","","","","-10","","NA"
"-114.01","51.12","CALGARY INTL A","3031092","2025-01-20 16:00","2025","01","20","16:00","","-4.7","","-13.5","","50","","","","20","","9","","64.4","","89.00","","","","-9","","NA"
"-114.01","51.12","CALGARY INTL A","3031092","2025-01-20 17:00","2025","01","20","17:00","","-6.0","","-13.8","","54","","","","21","","8","","64.4","","88.93","","","","-10","","Mostly Cloudy"
"-114.01","51.12","CALGARY INTL A","3031092","2025-01-20 18:00","2025","01","20","18:00","","-3.8","","-13.9","","45","","","","28","","3","","64.4","","88.90","","","","-5","","NA"
"-114.01","51.12","CALGARY INTL A","3031092","2025-01-20 19:00","2025","01","20","19:00","","0.8","","-17.6","","24","","","","28","","31","","24.1","","88.85","","","","","","NA"
"-114.01","51.12","CALGARY INTL A","3031092","2025-01-20 20:00","2025","01","20","20:00","","1.2","","-18.6","","22","","","","27","","28","","24.1","","88.79","","","","","","Mostly Cloudy"
"-114.01","51.12","CALGARY INTL A","3031092","2025-01-20 21:00","2025","01","20","21:00","","0.7","","-17.5","","25","","","","27","","26","","24.1","","88.73","","","","","","NA"
"-114.01","51.12","CALGARY INTL A","3031092","2025-01-20 22:00","2025","01","20","22:00","","1.3","","-17.1","","24","","","","26","","19","","24.1","","88.70","","","","","","NA"
"-114.01","51.12","CALGARY INTL A","3031092","2025-01-20 23:00","2025","01","20","23:00","","1.7","","-16.7","","24","","","","27","","25","","24.1","","88.67","","","","","","Mostly Cloudy"
"-114.01","51.12","CALGARY INTL A","3031092","2025-01-21 00:00","2025","01","21","00:00","","2.0","","-15.4","","26","","","","28","","32","","24.1","","88.60","","","","","","NA"
"-114.01","51.12","CALGARY INTL A","3031092","2025-01-21 01:00","2025","01","21","01:00","","2.1","","-13.5","","31","","","","28","","30","","24.1","","88.52","","","","","","NA"
"-114.01","51.12","CALGARY INTL A","3031092","2025-01-21 02:00","2025","01","21","02:00","","2.5","","-12.2","","33","","","","28","","32","","24.1","","88.46","","","","","","Mostly Cloudy"
"-114.01","51.12","CALGARY INTL A","3031092","2025-01-21 03:00","2025","01","21","03:00","","2.1","","-11.4","","36","","","","28","","37","","24.1","","88.49","","","","","","NA"
"-114.01","51.12","CALGARY INTL A","3031092","2025-01-21 04:00","2025","01","21","04:00","","1.2","","-11.9","","37","","","","27","","25","","24.1","","88.49","","","","","","NA"
"-114.01","51.12","CALGARY INTL A","3031092","2025-01-21 05:00","2025","01","21","05:00","","1.0","","-11.3","","40","","","","29","","29","","24.1","","88.51","","","","","","Mostly Cloudy"
"-114.01","51.12","CALGARY INTL A","3031092","2025-01-21 06:00","2025","01","21","06:00","","-2.7","","-11.8","","50","","","","35","","16","","24.1","","88.47","","","","-8","","NA"
"-114.01","51.12","CALGARY INTL A","3031092","2025-01-21 07:00","2025","01","21","07:00","","-1.9","","-12.1","","46","","","","2","","8","","24.1","","88.44","","","","-5","","NA"
"-114.01","51.12","CALGARY INTL A","3031092","2025-01-21 08:00","2025","01","21","08:00","","-0.9","","-12.4","","42","","","","30","","22","","64.4","","88.44","","","","-7","","Cloudy"
"-114.01","51.12","CALGARY INTL A","3031092","2025-01-21 09:00","2025","01","21","09:00","","-1.0","","-13.4","","39","","","","28","","33","","64.4","","88.42","","","","-8","","NA"
"-114.01","51.12","CALGARY INTL A","3031092","2025-01-21 10:00","2025","01","21","10:00","","-0.2","","-14.2","","34","","","","28","","36","","64.4","","88.46","","","","-7","","NA"
"-114.01","51.12","CALGARY INTL A","3031092","2025-01-21 11:00","2025","01","21","11:00","","0.8","","-14.6","","31","","","","28","","45","","64.4","","88.51","","","","","","Mainly Clear"
"-114.01","51.12","CALGARY INTL A","3031092","2025-01-21 12:00","2025","01","21","12:00","","1.5","","-15.1","","28","","","","28","","43","","64.4","","88.57","","","","","","NA"
"-114.01","51.12","CALGARY INTL A","3031092","2025-01-21 13:00","2025","01","21","13:00","","1.5","","-15.4","","27","","","","28","","43","","64.4","","88.56","","","","","","NA"
"-114.01","51.12","CALGARY INTL A","3031092","2025-01-21 14:00","2025","01","21","14:00","","1.8","","-14.9","","28","","","","28","","36","","64.4","","88.61","","","","","","Mostly Cloudy"
"-114.01","51.12","CALGARY INTL A","3031092","2025-01-21 15:00","2025","01","21","15:00","","1.3","","-15.2","","28","","","","29","","30","","56.3","","88.67","","","","","","NA"
"-114.01","51.12","CALGARY INTL A","3031092","2025-01-21 16:00","2025","01","21","16:00","","1.2","","-15.5","","28","","","","30","","31","","56.3","","88.79","","","","","","NA"
"-114.01","51.12","CALGARY INTL A","3031092","2025-01-21 17:00","2025","01","21","17:00","","-0.6","","-16.0","","30","","","","29","","35","","64.4","","88.86","","","","-8","","Mostly Cloudy"
"-114.01","51.12","CALGARY INTL A","3031092","2025-01-21 18:00","2025","01","21","18:00","","-1.4","","-16.2","","32","","","","29","","38","","24.1","","88.93","","","","-9","","NA"
"-114.01","51.12","CALGARY INTL A","3031092","2025-01-21 19:00","2025","01","21","19:00","","-1.5","","-16.4","","32","","","","29","","26","","24.1","","89.04","","","","-8","","NA"
"-114.01","51.12","CALGARY INTL A","3031092","2025-01-21 20:00","2025","01","21","20:00","","-1.3","","-16.4","","31","","","","33","","16","","24.1","","89.14","","","","-6","","Mostly Cloudy"
"-114.01","51.12","CALGARY INTL A","3031092","2025-01-21 21:00","2025","01","21","21:00","","-0.6","","-11.5","","44","","","","34","","36","","24.1","","89.24","","","","-8","","NA"
"-114.01","51.12","CALGARY INTL A","3031092","2025-01-21 22:00","2025","01","21","22:00","","-1.7","","-8.3","","61","","","","31","","32","","12.9","","89.31","","","","-9","","NA"
"-114.01","51.12","CALGARY INTL A","3031092","2025-01-21 23:00","2025","01","21","23:00","","-1.6","","-7.7","","63","","","","31","","43","","11.3","","89.43","","","","-10","","Snow"
"-114.01","51.12","CALGARY INTL A","3031092","2025-01-22 00:00","2025","01","22","00:00","","-2.6","","-5.5","","80","","","","32","","32","","2.4","","89.53","","","","-10","","Snow"
"-114.01","51.12","CALGARY INTL A","3031092","2025-01-22 01:00","2025","01","22","01:00","","-2.5","","-5.7","","78","","","","32","","27","","16.1","","89.61","","","","-9","","NA"
"-114.01","51.12","CALGARY INTL A","3031092","2025-01-22 02:00","2025","01","22","02:00","","-1.4","","-8.6","","58","","","","33","","34","","24.1","","89.70","","","","-9","","Mostly Cloudy"
"-114.01","51.12","CALGARY INTL A","3031092","2025-01-22 03:00","2025","01","22","03:00","","-1.6","","-8.3","","61","","","","35","","32","","24.1","","89.87","","","","-9","","NA"
"-114.01","51.12","CALGARY INTL A","3031092","2025-01-22 04:00","2025","01","22","04:00","","-2.5","","-7.5","","69","","","","34","","30","","24.1","","89.95","","","","-10","","NA"
"-114.01","51.12","CALGARY INTL A","3031092","2025-01-22 05:00","2025","01","22","05:00","","-3.2","","-7.3","","74","","","","35","","23","","24.1","","90.04","","","","-10","","Mostly Cloudy"
"-114.01","51.12","CALGARY INTL A","3031092","2025-01-22 06:00","2025","01","22","06:00","","-4.1","","-8.8","","70","","","","33","","17","","24.1","","90.13","","","","-10","","NA"
"-114.01","51.12","CALGARY INTL A","3031092","2025-01-22 07:00","2025","01","22","07:00","","-1.7","","-10.1","","53","","","","33","","35","","24.1","","90.18","","","","-9","","NA"
"-114.01","51.12","CALGARY INTL A","3031092","2025-01-22 08:00","2025","01","22","08:00","","-1.8","","-9.7","","55","","","","33","","33","","64.4","","90.24","","","","-9","","Mostly Cloudy"
"-114.01","51.12","CALGARY INTL A","3031092","2025-01-22 09:00","2025","01","22","09:00","","-2.3","","-9.5","","58","","","","34","","23","","64.4","","90.31","","","","-9","","NA"
"-114.01","51.12","CALGARY INTL A","3031092","2025-01-22 10:00","2025","01","22","10:00","","-1.7","","-9.3","","56","","","","33","","22","","64.4","","90.38","","","","-8","","NA"
"-114.01","51.12","CALGARY INTL A","3031092","2025-01-22 11:00","2025","01","22","11:00","","-0.5","","-9.0","","53","","","","33","","21","","64.4","","90.42","","","","-6","","Mainly Clear"
"-114.01","51.12","CALGARY INTL A","3031092","2025-01-22 12:00","2025","01","22","12:00","","0.4","","-10.2","","45","","","","32","","26","","64.4","","90.42","","","","","","NA"
"-114.01","51.12","CALGARY INTL A","3031092","2025-01-22 13:00","2025","01","22","13:00","","1.1","","-10.9","","40","","","","34","","24","","64.4","","90.40","","","","","","NA"
"-114.01","51.12","CALGARY INTL A","3031092","2025-01-22 14:00","2025","01","22","14:00","","1.5","","-11.0","","39","","","","34","","21","","64.4","","90.39","","","","","","Clear"
"-114.01","51.12","CALGARY INTL A","3031092","2025-01-22 15:00","2025","01","22","15:00","","1.4","","-11.1","","39","","","","34","","18","","64.4","","90.36","","","","","","NA"
"-114.01","51.12","CALGARY INTL A","3031092","2025-01-22 16:00","2025","01","22","16:00","","0.9","","-11.4","","40","","","","36","","11","","64.4","","90.40","","","","","","NA"
"-114.01","51.12","CALGARY INTL A","3031092","2025-01-22 17:00","2025","01","22","17:00","","-0.2","","-11.1","","44","","","","29","","4","","64.4","","90.40","","","","-1","","Mainly Clear"
"-114.01","51.12","CALGARY INTL A","3031092","2025-01-22 18:00","2025","01","22","18:00","","-1.5","","-11.2","","48","","","","6","","5","","64.4","","90.43","","","","-3","","NA"
"-114.01","51.12","CALGARY INTL A","3031092","2025-01-22 19:00","2025","01","22","19:00","","-3.0","","-9.9","","59","","","","22","","11","","64.4","","90.41","","","","-7","","NA"
"-114.01","51.12","CALGARY INTL A","3031092","2025-01-22 20:00","2025","01","22","20:00","","-4.6","","-11.2","","60","","","","18","","10","","24.1","","90.35","","","","-9","","Mainly Clear"
"-114.01","51.12","CALGARY INTL A","3031092","2025-01-22 21:00","2025","01","22","21:00","","-4.4","","-10.4","","63","","","","20","","8","","24.1","","90.28","","","","-8","","NA"
"-114.01","51.12","CALGARY INTL A","3031092","2025-01-22 22:00","2025","01","22","22:00","","-4.6","","-10.7","","63","","","","20","","7","","24.1","","90.23","","","","-8","","NA"
"-114.01","51.12","CALGARY INTL A","3031092","2025-01-22 23:00","2025","01","22","23:00","","-5.3","","-10.3","","68","","","","19","","8","","24.1","","90.16","","","","-9","","Mainly Clear"
"-114.01","51.12","CALGARY INTL A","3031092","2025-01-23 00:00","2025","01","23","00:00","","-6.1","","-10.5","","71","","","","20","","5","","24.1","","90.09","","","","-9","","NA"
"-114.01","51.12","CALGARY INTL A","3031092","2025-01-23 01:00","2025","01","23","01:00","","-8.8","","-11.9","","78","","","","20","","9","","24.1","","89.99","","","","-13","","NA"
"-114.01","51.12","CALGARY INTL A","3031092","2025-01-23 02:00","2025","01","23","02:00","","-7.8","","-12.3","","71","","","","18","","8","","24.1","","89.90","","","","-12","","Mostly Cloudy"
"-114.01","51.12","CALGARY INTL A","3031092","2025-01-23 03:00","2025","01","23","03:00","","-7.3","","-12.5","","67","","","","19","","8","","24.1","","89.77","","","","-11","","NA"
"-114.01","51.12","CALGARY INTL A","3031092","2025-01-23 04:00","2025","01","23","04:00","","-6.8","","-12.9","","62","","","","20","","7","","24.1","","89.63","","","","-10","","NA"
"-114.01","51.12","CALGARY INTL A","3031092","2025-01-23 05:00","2025","01","23","05:00","","-5.9","","-12.3","","61","","","","","","0","","24.1","","89.50","","","","","","Cloudy"
"-114.01","51.12","CALGARY INTL A","3031092","2025-01-23 06:00","2025","01","23","06:00","","-4.1","","-12.4","","53","","","","21","","8","","24.1","","89.36","","","","-8","","NA"
"-114.01","51.12","CALGARY INTL A","3031092","2025-01-23 07:00","2025","01","23","07:00","","-0.6","","-10.3","","48","","","","21","","4","","24.1","","89.28","","","","-2","","NA"
"-114.01","51.12","CALGARY INTL A","3031092","2025-01-23 08:00","2025","01","23","08:00","","3.9","","-9.3","","37","","","","28","","31","","32.2","","89.11","","","","","","Mostly Cloudy"
"-114.01","51.12","CALGARY INTL A","3031092","2025-01-23 09:00","2025","01","23","09:00","","4.2","","-9.6","","36","","","","28","","28","","64.4","","89.07","","","","","","NA"
"-114.01","51.12","CALGARY INTL A","3031092","2025-01-23 10:00","2025","01","23","10:00","","4.5","","-9.5","","35","","","","27","","18","","64.4","","89.02","","","","","","NA"
"-114.01","51.12","CALGARY INTL A","3031092","2025-01-23 11:00","2025","01","23","11:00","","5.0","","-9.4","","35","","","","27","","37","","64.4","","88.95","","","","","","Mostly Cloudy"
"-114.01","51.12","CALGARY INTL A","3031092","2025-01-23 12:00","2025","01","23","12:00","","5.2","","-9.3","","34","","","","28","","36","","64.4","","88.87","","","","","","NA"
"-114.01","51.12","CALGARY INTL A","3031092","2025-01-23 13:00","2025","01","23","13:00","","5.7","","-9.2","","33","","","","28","","30","","64.4","","88.81","","","","","","NA"
"-114.01","51.12","CALGARY INTL A","3031092","2025-01-23 14:00","2025","01","23","14:00","","5.9","","-8.9","","34","","","","28","","27","","64.4","","88.76","","","","","","Mostly Cloudy"
"-114.01","51.12","CALGARY INTL A","3031092","2025-01-23 15:00","2025","01","23","15:00","","1.1","","-5.3","","62","","","","2","","29","","48.3","","88.89","","","","","","NA"
"-114.01","51.12","CALGARY INTL A","3031092","2025-01-23 16:00","2025","01","23","16:00","","0.0","","-4.0","","75","","","","1","","29","","32.2","","89.00","","","","-6","","NA"
"-114.01","51.12","CALGARY INTL A","3031092","2025-01-23 17:00","2025","01","23","17:00","","-1.0","","-3.2","","86","","","","36","","22","","24.1","","89.00","","","","-7","","Snow"
"-114.01","51.12","CALGARY INTL A","3031092","2025-01-23 18:00","2025","01","23","18:00","","-1.0","","-4.0","","80","","","","32","","22","","24.1","","89.00","","","","-7","","NA"
"-114.01","51.12","CALGARY INTL A","3031092","2025-01-23 19:00","2025","01","23","19:00","","0.1","","-6.3","","62","","","","31","","26","","24.1","","89.01","","","","","","NA"
"-114.01","51.12","CALGARY INTL A","3031092","2025-01-23 20:00","2025","01","23","20:00","","-1.3","","-7.1","","65","","","","34","","18","","24.1","","89.04","","","","-7","","Mainly Clear"
"-114.01","51.12","CALGARY INTL A","3031092","2025-01-23 21:00","2025","01","23","21:00","","-2.9","","-6.7","","75","","","","34","","15","","24.1","","89.07","","","","-8","","NA"
"-114.01","51.12","CALGARY INTL A","3031092","2025-01-23 22:00","2025","01","23","22:00","","-2.3","","-8.3","","64","","","","33","","17","","24.1","","89.10","","","","-8","","NA"
"-114.01","51.12","CALGARY INTL A","3031092","2025-01-23 23:00","2025","01","23","23:00","","-3.5","","-9.6","","63","","","","34","","14","","24.1","","89.14","","","","-9","","Mostly Cloudy"
"-114.01","51.12","CALGARY INTL A","3031092","2025-01-24 00:00","2025","01","24","00:00","","-3.4","","-9.8","","61","","","","33","","13","","24.1","","89.15","","","","-8","","NA"
"-114.01","51.12","CALGARY INTL A","3031092","2025-01-24 01:00","2025","01","24","01:00","","-3.1","","-11.4","","53","","","","33","","19","","24.1","","89.15","","","","-9","","NA"
"-114.01","51.12","CALGARY INTL A","3031092","2025-01-24 02:00","2025","01","24","02:00","","-3.7","","-11.9","","53","","","","32","","17","","24.1","","89.17","","","","-9","","Clear"
"-114.01","51.12","CALGARY INTL A","3031092","2025-01-24 03:00","2025","01","24","03:00","","-3.4","","-12.1","","51","","","","32","","20","","24.1","","89.20","","","","-10","","NA"
"-114.01","51.12","CALGARY INTL A","3031092","2025-01-24 04:00","2025","01","24","04:00","","-3.9","","-12.0","","53","","","","31","","19","","24.1","","89.20","","","","-10","","NA"
"-114.01","51.12","CALGARY INTL A","3031092","2025-01-24 05:00","2025","01","24","05:00","","-3.1","","-11.8","","51","","","","31","","25","","24.1","","89.19","","","","-10","","Mostly Cloudy"
"-114.01","51.12","CALGARY INTL A","3031092","2025-01-24 06:00","2025","01","24","06:00","","-3.8","","-11.3","","56","","","","31","","20","","24.1","","89.18","","","","-10","","NA"
"-114.01","51.12","CALGARY INTL A","3031092","2025-01-24 07:00","2025","01","24","07:00","","-3.7","","-12.0","","53","","","","31","","26","","24.1","","89.18","","","","-11","","NA"
"-114.01","51.12","CALGARY INTL A","3031092","2025-01-24 08:00","2025","01","24","08:00","","-4.2","","-11.9","","55","","","","31","","19","","32.2","","89.21","","","","-10","","Mainly Clear"
"-114.01","51.12","CALGARY INTL A","3031092","2025-01-24 09:00","2025","01","24","09:00","","-3.1","","-12.4","","49","","","","31","","32","","64.4","","89.24","","","","-11","","NA"
"-114.01","51.12","CALGARY INTL A","3031092","2025-01-24 10:00","2025","01","24","10:00","","-2.0","","-11.9","","47","","","","32","","32","","64.4","","89.28","","","","-9","","NA"
"-114.01","51.12","CALGARY INTL A","3031092","2025-01-24 11:00","2025","01","24","11:00","","-0.7","","-11.2","","45","","","","33","","34","","32.2","","89.34","","","","-8","","Mostly Cloudy"
"-114.01","51.12","CALGARY INTL A","3031092","2025-01-24 12:00","2025","01","24","12:00","","-1.0","","-10.7","","48","","","","33","","43","","32.2","","89.37","","","","-9","","NA"
"-114.01","51.12","CALGARY INTL A","3031092","2025-01-24 13:00","2025","01","24","13:00","","-1.1","","-11.5","","45","","","","33","","47","","24.1","","89.38","","","","-9","","NA"
"-114.01","51.12","CALGARY INTL A","3031092","2025-01-24 14:00","2025","01","24","14:00","","-0.5","","-12.2","","41","","","","34","","56","","24.1","","89.39","","","","-9","","Mostly Cloudy"
"-114.01","51.12","CALGARY INTL A","3031092","2025-01-24 15:00","2025","01","24","15:00","","-1.3","","-11.6","","46","","","","35","","34","","24.1","","89.42","","","","-9","","NA"
"-114.01","51.12","CALGARY INTL A","3031092","2025-01-24 16:00","2025","01","24","16:00","","-1.4","","-11.8","","45","","","","34","","36","","24.1","","89.51","","","","-9","","NA"
"-114.01","51.12","CALGARY INTL A","3031092","2025-01-24 17:00","2025","01","24","17:00","","-2.2","","-12.0","","47","","","","34","","17","","24.1","","89.59","","","","-8","","Mostly Cloudy"
"-114.01","51.12","CALGARY INTL A","3031092","2025-01-24 18:00","2025","01","24","18:00","","-3.7","","-12.0","","53","","","","33","","17","","24.1","","89.67","","","","-9","","NA"
"-114.01","51.12","CALGARY INTL A","3031092","2025-01-24 19:00","2025","01","24","19:00","","-4.9","","-11.9","","58","","","","33","","14","","24.1","","89.73","","","","-10","","NA"
"-114.01","51.12","CALGARY INTL A","3031092","2025-01-24 20:00","2025","01","24","20:00","","-5.3","","-12.5","","57","","","","32","","10","","24.1","","89.77","","","","-10","","Mainly Clear"
"-114.01","51.12","CALGARY INTL A","3031092","2025-01-24 21:00","2025","01","24","21:00","","-4.9","","-12.4","","56","","","","31","","8","","24.1","","89.79","","","","-8","","NA"
"-114.01","51.12","CALGARY INTL A","3031092","2025-01-24 22:00","2025","01","24","22:00","","-3.2","","-12.9","","47","","","","31","","10","","24.1","","89.78","","","","-7","","NA"
"-114.01","51.12","CALGARY INTL A","3031092","2025-01-24 23:00","2025","01","24","23:00","","-3.3","","-12.9","","48","","","","33","","16","","16.1","","89.78","","","","-9","","Cloudy"
"-114.01","51.12","CALGARY INTL A","3031092","2025-01-25 00:00","2025","01","25","00:00","","-2.9","","-14.1","","42","","","","29","","10","","16.1","","89.78","","","","-7","","NA"
"-114.01","51.12","CALGARY INTL A","3031092","2025-01-25 01:00","2025","01","25","01:00","","-3.8","","-14.1","","45","","","","28","","8","","16.1","","89.78","","","","-7","","NA"
"-114.01","51.12","CALGARY INTL A","3031092","2025-01-25 02:00","2025","01","25","02:00","","-4.3","","-13.8","","48","","","","31","","7","","16.1","","89.74","","","","-7","","Cloudy"
"-114.01","51.12","CALGARY INTL A","3031092","2025-01-25 03:00","2025","01","25","03:00","","-4.1","","-13.8","","47","","","","27","","13","","16.1","","89.70","","","","-9","","NA"
"-114.01","51.12","CALGARY INTL A","3031092","2025-01-25 04:00","2025","01","25","04:00","","-5.7","","-14.1","","52","","","","29","","5","","16.1","","89.65","","","","-8","","NA"
"-114.01","51.12","CALGARY INTL A","3031092","2025-01-25 05:00","2025","01","25","05:00","","-6.5","","-14.7","","52","","","","31","","7","","24.1","","89.64","","","","-10","","Mostly Cloudy"
"-114.01","51.12","CALGARY INTL A","3031092","2025-01-25 06:00","2025","01","25","06:00","","-7.4","","-14.2","","58","","","","22","","12","","24.1","","89.63","","","","-13","","NA"
"-114.01","51.12","CALGARY INTL A","3031092","2025-01-25 07:00","2025","01","25","07:00","","-8.0","","-14.4","","60","","","","21","","9","","24.1","","89.62","","","","-13","","NA"
"-114.01","51.12","CALGARY INTL A","3031092","2025-01-25 08:00","2025","01","25","08:00","","-6.9","","-15.4","","51","","","","23","","13","","64.4","","89.61","","","","-12","","Mostly Cloudy"
"-114.01","51.12","CALGARY INTL A","3031092","2025-01-25 09:00","2025","01","25","09:00","","-7.4","","-15.8","","52","","","","25","","3","","64.4","","89.63","","","","-9","","NA"
"-114.01","51.12","CALGARY INTL A","3031092","2025-01-25 10:00","2025","01","25","10:00","","-6.4","","-14.7","","52","","","","15","","10","","64.4","","89.66","","","","-11","","NA"
"-114.01","51.12","CALGARY INTL A","3031092","2025-01-25 11:00","2025","01","25","11:00","","-3.9","","-14.7","","43","","","","18","","14","","64.4","","89.66","","","","-9","","Clear"
"-114.01","51.12","CALGARY INTL A","3031092","2025-01-25 12:00","2025","01","25","12:00","","-2.5","","-14.7","","39","","","","23","","14","","64.4","","89.59","","","","-7","","NA"
"-114.01","51.12","CALGARY INTL A","3031092","2025-01-25 13:00","2025","01","25","13:00","","-1.0","","-15.2","","33","","","","23","","16","","64.4","","89.52","","","","-6","","NA"
"-114.01","51.12","CALGARY INTL A","3031092","2025-01-25 14:00","2025","01","25","14:00","","0.3","","-16.0","","28","","","","24","","10","","64.4","","89.45","","","","","","Mainly Clear"
"-114.01","51.12","CALGARY INTL A","3031092","2025-01-25 15:00","2025","01","25","15:00","","0.9","","-15.5","","28","","","","26","","13","","64.4","","89.39","","","","","","NA"
"-114.01","51.12","CALGARY INTL A","3031092","2025-01-25 16:00","2025","01","25","16:00","","1.6","","-15.9","","26","","","","27","","15","","64.4","","89.36","","","","","","NA"
"-114.01","51.12","CALGARY INTL A","3031092","2025-01-25 17:00","2025","01","25","17:00","","1.3","","-14.5","","30","","","","25","","10","","64.4","","89.36","","","","","","Mostly Cloudy"
"-114.01","51.12","CALGARY INTL A","3031092","2025-01-25 18:00","2025","01","25","18:00","","-0.1","","-13.8","","35","","","","22","","10","","64.4","","89.28","","","","-3","","NA"
"-114.01","51.12","CALGARY INTL A","3031092","2025-01-25 19:00","2025","01","25","19:00","","-0.3","","-14.3","","34","","","","27","","16","","24.1","","89.27","","","","-5","","NA"
"-114.01","51.12","CALGARY INTL A","3031092","2025-01-25 20:00","2025","01","25","20:00","","-1.1","","-14.4","","36","","","","","","0","","24.1","","89.25","","","","","","Clear"
"-114.01","51.12","CALGARY INTL A","3031092","2025-01-25 21:00","2025","01","25","21:00","","-2.2","","-14.2","","40","","","","30","","5","","24.1","","89.26","","","","-4","","NA"
"-114.01","51.12","CALGARY INTL A","3031092","2025-01-25 22:00","2025","01","25","22:00","","-1.9","","-13.8","","40","","","","","","0","","24.1","","89.23","","","","","","NA"
"-114.01","51.12","CALGARY INTL A","3031092","2025-01-25 23:00","2025","01","25","23:00","","-2.8","","-13.9","","43","","","","29","","3","","24.1","","89.26","","","","-4","","Clear"
"-114.01","51.12","CALGARY INTL A","3031092","2025-01-26 00:00","2025","01","26","00:00","","-5.6","","-13.3","","55","","","","23","","4","","24.1","","89.25","","","","-7","","NA"
"-114.01","51.12","CALGARY INTL A","3031092","2025-01-26 01:00","2025","01","26","01:00","","-1.7","","-13.3","","41","","","","28","","10","","24.1","","89.24","","","","-5","","NA"
"-114.01","51.12","CALGARY INTL A","3031092","2025-01-26 02:00","2025","01","26","02:00","","-3.9","","-11.5","","56","","","","8","","6","","24.1","","89.21","","","","-7","","Mostly Cloudy"
"-114.01","51.12","CALGARY INTL A","3031092","2025-01-26 03:00","2025","01","26","03:00","","-4.1","","-12.2","","54","","","","19","","7","","24.1","","89.24","","","","-7","","NA"
"-114.01","51.12","CALGARY INTL A","3031092","2025-01-26 04:00","2025","01","26","04:00","","-2.4","","-13.0","","44","","","","26","","10","","24.1","","89.24","","","","-6","","NA"
"-114.01","51.12","CALGARY INTL A","3031092","2025-01-26 05:00","2025","01","26","05:00","","-4.3","","-13.2","","50","","","","19","","5","","24.1","","89.24","","","","-6","","Mostly Cloudy"
"-114.01","51.12","CALGARY INTL A","3031092","2025-01-26 06:00","2025","01","26","06:00","","-3.8","","-13.0","","49","","","","25","","5","","24.1","","89.25","","","","-6","","NA"
"-114.01","51.12","CALGARY INTL A","3031092","2025-01-26 07:00","2025","01","26","07:00","","-5.8","","-13.4","","55","","","","20","","5","","24.1","","89.25","","","","-8","","NA"
"-114.01","51.12","CALGARY INTL A","3031092","2025-01-26 08:00","2025","01","26","08:00","","-4.9","","-13.1","","53","","","","20","","9","","64.4","","89.22","","","","-9","","Clear"
"-114.01","51.12","CALGARY INTL A","3031092","2025-01-26 09:00","2025","01","26","09:00","","-4.1","","-12.8","","51","","","","","","0","","64.4","","89.22","","","","","","NA"
"-114.01","51.12","CALGARY INTL A","3031092","2025-01-26 10:00","2025","01","26","10:00","","-2.3","","-12.3","","47","","","","23","","14","","64.4","","89.20","","","","-7","","NA"
"-114.01","51.12","CALGARY INTL A","3031092","2025-01-26 11:00","2025","01","26","11:00","","0.3","","-11.6","","40","","","","20","","10","","64.4","","89.18","","","","","","Mostly Cloudy"
"-114.01","51.12","CALGARY INTL A","3031092","2025-01-26 12:00","2025","01","26","12:00","","3.2","","-10.9","","35","","","","23","","8","","64.4","","89.12","","","","","","NA"
"-114.01","51.12","CALGARY INTL A","3031092","2025-01-26 13:00","2025","01","26","13:00","","4.9","","-10.6","","32","","","","23","","9","","64.4","","89.03","","","","","","NA"
"-114.01","51.12","CALGARY INTL A","3031092","2025-01-26 14:00","2025","01","26","14:00","","6.8","","-9.9","","29","","","","23","","7","","64.4","","88.95","","","","","","Mostly Cloudy"
"-114.01","51.12","CALGARY INTL A","3031092","2025-01-26 15:00","2025","01","26","15:00","","7.8","","-9.7","","28","","","","23","","9","","64.4","","88.91","","","","","","NA"
"-114.01","51.12","CALGARY INTL A","3031092","2025-01-26 16:00","2025","01","26","16:00","","7.7","","-9.1","","29","","","","22","","14","","64.4","","88.87","","","","","","NA"
"-114.01","51.12","CALGARY INTL A","3031092","2025-01-26 17:00","2025","01","26","17:00","","6.6","","-9.1","","32","","","","25","","10","","64.4","","88.85","","","","","","Mainly Clear"
"-114.01","51.12","CALGARY INTL A","3031092","2025-01-26 18:00","2025","01","26","18:00","","5.2","","-9.2","","35","","","","30","","5","","64.4","","88.80","","","","","","NA"
"-114.01","51.12","CALGARY INTL A","3031092","2025-01-26 19:00","2025","01","26","19:00","","3.8","","-8.9","","39","","","","23","","8","","24.1","","88.78","","","","","","NA"
"-114.01","51.12","CALGARY INTL A","3031092","2025-01-26 20:00","2025","01","26","20:00","","4.8","","-8.7","","37","","","","33","","5","","24.1","","88.85","","","","","","Clear"
"-114.01","51.12","CALGARY INTL A","3031092","2025-01-26 21:00","2025","01","26","21:00","","5.7","","-8.0","","37","","","","33","","16","","24.1","","88.95","","","","","","NA"
"-114.01","51.12","CALGARY INTL A","3031092","2025-01-26 22:00","2025","01","26","22:00","","3.7","","-8.5","","41","","","","25","","7","","24.1","","89.00","","","","","","NA"
"-114.01","51.12","CALGARY INTL A","3031092","2025-01-26 23:00","2025","01","26","23:00","","2.6","","-9.0","","42","","","","23","","18","","24.1","","89.03","","","","","","Mainly Clear"
"-114.01","51.12","CALGARY INTL A","3031092","2025-01-27 00:00","2025","01","27","00:00","","1.5","","-9.5","","44","","","","26","","13","","24.1","","89.08","","","","","","NA"
"-114.01","51.12","CALGARY INTL A","3031092","2025-01-27 01:00","2025","01","27","01:00","","1.2","","-9.3","","45","","","","30","","12","","24.1","","89.08","","","","","","NA"
"-114.01","51.12","CALGARY INTL A","3031092","2025-01-27 02:00","2025","01","27","02:00","","0.8","","-8.9","","49","","","","33","","16","","24.1","","89.12","","","","","","Clear"
"-114.01","51.12","CALGARY INTL A","3031092","2025-01-27 03:00","2025","01","27","03:00","","-0.7","","-9.3","","52","","","","33","","10","","24.1","","89.17","","","","-4","","NA"
"-114.01","51.12","CALGARY INTL A","3031092","2025-01-27 04:00","2025","01","27","04:00","","-1.5","","-9.7","","54","","","","25","","4","","24.1","","89.20","","","","-3","","NA"
"-114.01","51.12","CALGARY INTL A","3031092","2025-01-27 05:00","2025","01","27","05:00","","-3.4","","-10.4","","58","","","","24","","4","","24.1","","89.18","","","","-5","","Clear"
"-114.01","51.12","CALGARY INTL A","3031092","2025-01-27 06:00","2025","01","27","06:00","","-1.7","","-10.1","","53","","","","18","","4","","24.1","","89.22","","","","-3","","NA"
"-114.01","51.12","CALGARY INTL A","3031092","2025-01-27 07:00","2025","01","27","07:00","","-1.7","","-10.4","","52","","","","22","","10","","24.1","","89.20","","","","-5","","NA"
"-114.01","51.12","CALGARY INTL A","3031092","2025-01-27 08:00","2025","01","27","08:00","","-0.7","","-10.6","","47","","","","24","","9","","64.4","","89.25","","","","-4","","Mainly Clear"
"-114.01","51.12","CALGARY INTL A","3031092","2025-01-27 09:00","2025","01","27","09:00","","-1.8","","-10.5","","52","","","","23","","4","","64.4","","89.29","","","","-3","","NA"
"-114.01","51.12","CALGARY INTL A","3031092","2025-01-27 10:00","2025","01","27","10:00","","-0.5","","-10.4","","47","","","","20","","3","","64.4","","89.31","","","","-1","","NA"
"-114.01","51.12","CALGARY INTL A","3031092","2025-01-27 11:00","2025","01","27","11:00","","2.9","","-9.6","","39","","","","","","0","","64.4","","89.31","","","","","","Mainly Clear"
"-114.01","51.12","CALGARY INTL A","3031092","2025-01-27 12:00","2025","01","27","12:00","","5.2","","-9.4","","34","","","","22","","8","","64.4","","89.25","","","","","","NA"
"-114.01","51.12","CALGARY INTL A","3031092","2025-01-27 13:00","2025","01","27","13:00","","7.2","","-9.0","","31","","","","23","","11","","64.4","","89.13","","","","","","NA"
"-114.01","51.12","CALGARY INTL A","3031092","2025-01-27 14:00","2025","01","27","14:00","","8.0","","-9.0","","29","","","","22","","12","","64.4","","89.01","","","","","","Mostly Cloudy"
"-114.01","51.12","CALGARY INTL A","3031092","2025-01-27 15:00","2025","01","27","15:00","","8.7","","-8.7","","28","","","","25","","12","","64.4","","88.94","","","","","","NA"
"-114.01","51.12","CALGARY INTL A","3031092","2025-01-27 16:00","2025","01","27","16:00","","8.2","","-8.3","","30","","","","25","","6","","64.4","","88.91","","","","","","NA"
"-114.01","51.12","CALGARY INTL A","3031092","2025-01-27 17:00","2025","01","27","17:00","","7.0","","-9.3","","30","","","","21","","8","","64.4","","88.83","","","","","","Mostly Cloudy"
"-114.01","51.12","CALGARY INTL A","3031092","2025-01-27 18:00","2025","01","27","18:00","","5.8","","-10.6","","30","","","","18","","8","","64.4","","88.78","","","","","","NA"
"-114.01","51.12","CALGARY INTL A","3031092","2025-01-27 19:00","2025","01","27","19:00","","7.8","","-12.3","","23","","","","30","","10","","24.1","","88.74","","","","","","NA"
"-114.01","51.12","CALGARY INTL A","3031092","2025-01-27 20:00","2025","01","27","20:00","","8.2","","-12.8","","21","","","","29","","16","","24.1","","88.73","","","","","","Mainly Clear"
"-114.01","51.12","CALGARY INTL A","3031092","2025-01-27 21:00","2025","01","27","21:00","","9.6","","-13.8","","18","","","","28","","21","","24.1","","88.71","","","","","","NA"
"-114.01","51.12","CALGARY INTL A","3031092","2025-01-27 22:00","2025","01","27","22:00","","9.9","","-14.6","","16","","","","28","","23","","24.1","","88.70","","","","","","NA"
"-114.01","51.12","CALGARY INTL A","3031092","2025-01-27 23:00","2025","01","27","23:00","","6.0","","-12.7","","25","","","","27","","8","","24.1","","88.73","","","","","","Clear"
"-114.01","51.12","CALGARY INTL A","3031092","2025-01-28 00:00","2025","01","28","00:00","","3.0","","-11.6","","34","","","","20","","11","","24.1","","88.74","","","","","","NA"
"-114.01","51.12","CALGARY INTL A","3031092","2025-01-28 01:00","2025","01","28","01:00","","7.2","","-14.1","","20","","","","31","","9","","24.1","","88.74","","","","","","NA"
"-114.01","51.12","CALGARY INTL A","3031092","2025-01-28 02:00","2025","01","28","02:00","","6.3","","-14.3","","21","","","","30","","6","","24.1","","88.75","","","","","","Clear"
"-114.01","51.12","CALGARY INTL A","3031092","2025-01-28 03:00","2025","01","28","03:00","","3.6","","-13.0","","29","","","","19","","13","","24.1","","88.75","","","","","","NA"
"-114.01","51.12","CALGARY INTL A","3031092","2025-01-28 04:00","2025","01","28","04:00","","8.5","","-15.6","","17","","","","30","","20","","24.1","","88.77","","","","","","NA"
"-114.01","51.12","CALGARY INTL A","3031092","2025-01-28 05:00","2025","01","28","05:00","","6.3","","-14.3","","21","","","","31","","9","","24.1","","88.85","","","","","","Mainly Clear"
"-114.01","51.12","CALGARY INTL A","3031092","2025-01-28 06:00","2025","01","28","06:00","","1.9","","-12.9","","33","","","","15","","3","","24.1","","88.82","","","","","","NA"
"-114.01","51.12","CALGARY INTL A","3031092","2025-01-28 07:00","2025","01","28","07:00","","0.5","","-11.9","","39","","","","","","0","","24.1","","88.79","","","","","","NA"
"-114.01","51.12","CALGARY INTL A","3031092","2025-01-28 08:00","2025","01","28","08:00","","4.8","","-13.1","","26","","","","32","","9","","64.4","","88.78","","","","","","Mostly Cloudy"
"-114.01","51.12","CALGARY INTL A","3031092","2025-01-28 09:00","2025","01","28","09:00","","1.9","","-11.2","","37","","","","8","","14","","64.4","","88.79","","","","","","NA"
"-114.01","51.12","CALGARY INTL A","3031092","2025-01-28 10:00","2025","01","28","10:00","","3.2","","-10.6","","36","","","","12","","11","","64.4","","88.82","","","","","","NA"
"-114.01","51.12","CALGARY INTL A","3031092","2025-01-28 11:00","2025","01","28","11:00","","5.9","","-10.6","","29","","","","18","","14","","64.4","","88.82","","","","","","Mostly Cloudy"
"-114.01","51.12","CALGARY INTL A","3031092","2025-01-28 12:00","2025","01","28","12:00","","8.3","","-10.7","","25","","","","23","","9","","64.4","","88.78","","","","","","NA"
"-114.01","51.12","CALGARY INTL A","3031092","2025-01-28 13:00","2025","01","28","13:00","","9.2","","-11.2","","22","","","","21","","14","","64.4","","88.72","","","","","","NA"
"-114.01","51.12","CALGARY INTL A","3031092","2025-01-28 14:00","2025","01","28","14:00","","9.9","","-10.3","","23","","","","17","","24","","64.4","","88.65","","","","","","Mostly Cloudy"
"-114.01","51.12","CALGARY INTL A","3031092","2025-01-28 15:00","2025","01","28","15:00","","9.1","","-8.0","","29","","","","17","","22","","64.4","","88.59","","","","","","NA"
"-114.01","51.12","CALGARY INTL A","3031092","2025-01-28 16:00","2025","01","28","16:00","","7.3","","-7.6","","34","","","","14","","17","","64.4","","88.59","","","","","","NA"
"-114.01","51.12","CALGARY INTL A","3031092","2025-01-28 17:00","2025","01","28","17:00","","5.6","","-6.7","","41","","","","16","","16","","64.4","","88.61","","","","","","Mostly Cloudy"
"-114.01","51.12","CALGARY INTL A","3031092","2025-01-28 18:00","2025","01","28","18:00","","4.5","","-5.9","","47","","","","14","","8","","64.4","","88.61","","","","","","NA"
"-114.01","51.12","CALGARY INTL A","3031092","2025-01-28 19:00","2025","01","28","19:00","","3.4","","-5.8","","51","","","","17","","3","","24.1","","88.60","","","","","","NA"
"-114.01","51.12","CALGARY INTL A","3031092","2025-01-28 20:00","2025","01","28","20:00","","2.7","","-6.3","","52","","","","22","","4","","24.1","","88.57","","","","","","Mainly Clear"
"-114.01","51.12","CALGARY INTL A","3031092","2025-01-28 21:00","2025","01","28","21:00","","-0.5","","-6.4","","65","","","","6","","3","","24.1","","88.61","","","","-1","","NA"
"-114.01","51.12","CALGARY INTL A","3031092","2025-01-28 22:00","2025","01","28","22:00","","-1.0","","-6.2","","67","","","","9","","5","","24.1","","88.59","","","","-3","","NA"
"-114.01","51.12","CALGARY INTL A","3031092","2025-01-28 23:00","2025","01","28","23:00","","-2.7","","-7.0","","72","","","","16","","3","","24.1","","88.53","","","","-4","","Clear"
"-114.01","51.12","CALGARY INTL A","3031092","2025-01-29 00:00","2025","01","29","00:00","","-1.9","","-6.5","","71","","","","18","","13","","24.1","","88.45","","","","-6","","NA"
"-114.01","51.12","CALGARY INTL A","3031092","2025-01-29 01:00","2025","01","29","01:00","","-1.9","","-5.7","","75","","","","18","","18","","24.1","","88.33","","","","-7","","NA"
"-114.01","51.12","CALGARY INTL A","3031092","2025-01-29 02:00","2025","01","29","02:00","","-1.8","","-5.7","","75","","","","18","","16","","24.1","","88.24","","","","-7","","Mainly Clear"
"-114.01","51.12","CALGARY INTL A","3031092","2025-01-29 03:00","2025","01","29","03:00","","-2.0","","-6.0","","74","","","","19","","12","","24.1","","88.15","","","","-6","","NA"
"-114.01","51.12","CALGARY INTL A","3031092","2025-01-29 04:00","2025","01","29","04:00","","-2.1","","-6.1","","74","","","","16","","11","","24.1","","88.06","","","","-6","","NA"
"-114.01","51.12","CALGARY INTL A","3031092","2025-01-29 05:00","2025","01","29","05:00","","-1.4","","-6.1","","71","","","","19","","14","","24.1","","87.96","","","","-6","","Mostly Cloudy"
"-114.01","51.12","CALGARY INTL A","3031092","2025-01-29 06:00","2025","01","29","06:00","","1.0","","-6.3","","58","","","","16","","12","","24.1","","87.91","","","","","","NA"
"-114.01","51.12","CALGARY INTL A","3031092","2025-01-29 07:00","2025","01","29","07:00","","0.0","","-6.5","","62","","","","17","","11","","24.1","","87.89","","","","-4","","NA"
"-114.01","51.12","CALGARY INTL A","3031092","2025-01-29 08:00","2025","01","29","08:00","","1.8","","-7.6","","50","","","","20","","7","","32.2","","87.89","","","","","","Mostly Cloudy"
"-114.01","51.12","CALGARY INTL A","3031092","2025-01-29 09:00","2025","01","29","09:00","","2.6","","-9.0","","42","","","","14","","11","","64.4","","87.86","","","","","","NA"
"-114.01","51.12","CALGARY INTL A","3031092","2025-01-29 10:00","2025","01","29","10:00","","9.0","","-14.2","","18","","","","27","","20","","64.4","","87.83","","","","","","NA"
"-114.01","51.12","CALGARY INTL A","3031092","2025-01-29 11:00","2025","01","29","11:00","","9.8","","-14.7","","16","","","","26","","21","","64.4","","87.82","","","","","","Mostly Cloudy"
"-114.01","51.12","CALGARY INTL A","3031092","2025-01-29 12:00","2025","01","29","12:00","","11.2","","-14.8","","15","","","","26","","24","","64.4","","87.79","","","","","","NA"
"-114.01","51.12","CALGARY INTL A","3031092","2025-01-29 13:00","2025","01","29","13:00","","12.1","","-15.4","","13","","","","27","","24","","64.4","","87.75","","","","","","NA"
"-114.01","51.12","CALGARY INTL A","3031092","2025-01-29 14:00","2025","01","29","14:00","","12.3","","-15.4","","13","","","","26","","25","","64.4","","87.74","","","","","","Mostly Cloudy"
"-114.01","51.12","CALGARY INTL A","3031092","2025-01-29 15:00","2025","01","29","15:00","","11.9","","-15.1","","14","","","","27","","23","","48.3","","87.72","","","","","","NA"
"-114.01","51.12","CALGARY INTL A","3031092","2025-01-29 16:00","2025","01","29","16:00","","11.2","","-15.1","","14","","","","26","","32","","48.3","","87.71","","","","","","NA"
"-114.01","51.12","CALGARY INTL A","3031092","2025-01-29 17:00","2025","01","29","17:00","","9.9","","-14.7","","16","","","","26","","25","","48.3","","87.73","","","","","","Mostly Cloudy"
"-114.01","51.12","CALGARY INTL A","3031092","2025-01-29 18:00","2025","01","29","18:00","","8.5","","-14.2","","19","","","","26","","23","","24.1","","87.75","","","","","","NA"
"-114.01","51.12","CALGARY INTL A","3031092","2025-01-29 19:00","2025","01","29","19:00","","7.8","","-14.1","","20","","","","26","","23","","24.1","","87.80","","","","","","NA"
"-114.01","51.12","CALGARY INTL A","3031092","2025-01-29 20:00","2025","01","29","20:00","","7.3","","-13.9","","21","","","","27","","31","","24.1","","87.82","","","","","","Clear"
"-114.01","51.12","CALGARY INTL A","3031092","2025-01-29 21:00","2025","01","29","21:00","","6.9","","-13.6","","22","","","","27","","30","","24.1","","87.87","","","","","","NA"
"-114.01","51.12","CALGARY INTL A","3031092","2025-01-29 22:00","2025","01","29","22:00","","6.7","","-13.5","","22","","","","27","","34","","24.1","","87.92","","","","","","NA"
"-114.01","51.12","CALGARY INTL A","3031092","2025-01-29 23:00","2025","01","29","23:00","","6.1","","-13.5","","23","","","","27","","26","","24.1","","87.94","","","","","","Clear"
"-114.01","51.12","CALGARY INTL A","3031092","2025-01-30 00:00","2025","01","30","00:00","","6.4","","-13.5","","23","","","","28","","32","","24.1","","87.93","","","","","","NA"
"-114.01","51.12","CALGARY INTL A","3031092","2025-01-30 01:00","2025","01","30","01:00","","6.7","","-13.6","","22","","","","27","","28","","24.1","","87.92","","","","","","NA"
"-114.01","51.12","CALGARY INTL A","3031092","2025-01-30 02:00","2025","01","30","02:00","","5.4","","-13.5","","24","","","","26","","17","","24.1","","87.95","","","","","","Clear"
"-114.01","51.12","CALGARY INTL A","3031092","2025-01-30 03:00","2025","01","30","03:00","","4.3","","-13.4","","26","","","","25","","7","","24.1","","87.98","","","","","","NA"
"-114.01","51.12","CALGARY INTL A","3031092","2025-01-30 04:00","2025","01","30","04:00","","1.1","","-11.8","","38","","","","3","","23","","24.1","","88.07","","","","","","NA"
"-114.01","51.12","CALGARY INTL A","3031092","2025-01-30 05:00","2025","01","30","05:00","","-3.8","","-7.4","","76","","","","35","","22","","24.1","","88.20","","","","-10","","Clear"
"-114.01","51.12","CALGARY INTL A","3031092","2025-01-30 06:00","2025","01","30","06:00","","-4.0","","-7.0","","80","","","","35","","21","","24.1","","88.20","","","","-10","","NA"
"-114.01","51.12","CALGARY INTL A","3031092","2025-01-30 07:00","2025","01","30","07:00","","-4.5","","-7.1","","82","","","","36","","17","","24.1","","88.25","","","","-10","","NA"
"-114.01","51.12","CALGARY INTL A","3031092","2025-01-30 08:00","2025","01","30","08:00","","-5.3","","-7.6","","84","","","","34","","14","","32.2","","88.30","","","","-11","","Mostly Cloudy"
"-114.01","51.12","CALGARY INTL A","3031092","2025-01-30 09:00","2025","01","30","09:00","","-4.5","","-7.2","","81","","","","34","","14","","64.4","","88.33","","","","-10","","NA"
"-114.01","51.12","CALGARY INTL A","3031092","2025-01-30 10:00","2025","01","30","10:00","","-2.3","","-6.5","","73","","","","34","","10","","64.4","","88.34","","","","-6","","NA"
"-114.01","51.12","CALGARY INTL A","3031092","2025-01-30 11:00","2025","01","30","11:00","","-1.8","","-6.9","","68","","","","7","","9","","64.4","","88.36","","","","-5","","Mostly Cloudy"
"-114.01","51.12","CALGARY INTL A","3031092","2025-01-30 12:00","2025","01","30","12:00","","-0.5","","-6.3","","65","","","","9","","15","","48.3","","88.37","","","","-5","","NA"
"-114.01","51.12","CALGARY INTL A","3031092","2025-01-30 13:00","2025","01","30","13:00","","-1.0","","-6.8","","65","","","","11","","13","","32.2","","88.35","","","","-5","","NA"
"-114.01","51.12","CALGARY INTL A","3031092","2025-01-30 14:00","2025","01","30","14:00","","-1.2","","-7.5","","63","","","","12","","12","","24.1","","88.35","","","","-5","","Cloudy"
"-114.01","51.12","CALGARY INTL A","3031092","2025-01-30 15:00","2025","01","30","15:00","","-1.0","","-7.3","","63","","","","12","","18","","24.1","","88.34","","","","-6","","NA"
"-114.01","51.12","CALGARY INTL A","3031092","2025-01-30 16:00","2025","01","30","16:00","","-1.6","","-7.3","","65","","","","13","","20","","24.1","","88.37","","","","-7","","NA"
"-114.01","51.12","CALGARY INTL A","3031092","2025-01-30 17:00","2025","01","30","17:00","","-3.1","","-7.1","","74","","","","13","","23","","24.1","","88.43","","","","-10","","Cloudy"
"-114.01","51.12","CALGARY INTL A","3031092","2025-01-30 18:00","2025","01","30","18:00","","-4.2","","-7.1","","80","","","","15","","16","","24.1","","88.46","","","","-10","","NA"
"-114.01","51.12","CALGARY INTL A","3031092","2025-01-30 19:00","2025","01","30","19:00","","-4.9","","-7.1","","85","","","","15","","14","","24.1","","88.49","","","","-10","","NA"
"-114.01","51.12","CALGARY INTL A","3031092","2025-01-30 20:00","2025","01","30","20:00","","-5.4","","-7.1","","88","","","","14","","14","","24.1","","88.49","","","","-11","","Mostly Cloudy"
"-114.01","51.12","CALGARY INTL A","3031092","2025-01-30 21:00","2025","01","30","21:00","","-5.4","","-6.6","","92","","","","14","","23","","12.9","","88.50","","","","-13","","NA"
"-114.01","51.12","CALGARY INTL A","3031092","2025-01-30 22:00","2025","01","30","22:00","","-5.9","","-6.5","","95","","","","14","","17","","4.0","","88.52","","","","-12","","Fog"
"-114.01","51.12","CALGARY INTL A","3031092","2025-01-30 23:00","2025","01","30","23:00","","-6.0","","-6.5","","96","","","","14","","23","","1.6","","88.49","","","","-13","","Fog"
"-114.01","51.12","CALGARY INTL A","3031092","2025-01-31 00:00","2025","01","31","00:00","","-6.1","","-6.5","","97","","","","13","","18","","0.8","","88.48","","","","-13","","Freezing Fog"
"-114.01","51.12","CALGARY INTL A","3031092","2025-01-31 01:00","2025","01","31","01:00","","-6.0","","-6.6","","96","","","","14","","17","","0.8","","88.47","","","","-12","","Freezing Fog"
"-114.01","51.12","CALGARY INTL A","3031092","2025-01-31 02:00","2025","01","31","02:00","","-5.9","","-6.4","","96","","","","16","","17","","0.8","","88.43","","","","-12","","Freezing Fog"
"-114.01","51.12","CALGARY INTL A","3031092","2025-01-31 03:00","2025","01","31","03:00","","-5.9","","-6.4","","96","","","","15","","12","","0.8","","88.40","","","","-11","","Freezing Fog"
"-114.01","51.12","CALGARY INTL A","3031092","2025-01-31 04:00","2025","01","31","04:00","","-6.2","","-6.7","","96","","","","14","","16","","0.8","","88.34","","","","-12","","Freezing Fog"
"-114.01","51.12","CALGARY INTL A","3031092","2025-01-31 05:00","2025","01","31","05:00","","-6.3","","-6.9","","95","","","","17","","18","","0.2","","88.28","","","","-13","","Freezing Fog"
"-114.01","51.12","CALGARY INTL A","3031092","2025-01-31 06:00","2025","01","31","06:00","","-6.5","","-7.2","","95","","","","15","","17","","0.2","","88.20","","","","-13","","Freezing Fog"
"-114.01","51.12","CALGARY INTL A","3031092","2025-01-31 07:00","2025","01","31","07:00","","-6.8","","-7.5","","95","","","","15","","17","","0.4","","88.13","","","","-13","","Snow Grains,Freezing Fog"
"-114.01","51.12","CALGARY INTL A","3031092","2025-01-31 08:00","2025","01","31","08:00","","-7.1","","-7.8","","95","","","","16","","17","","0.4","","88.06","","","","-14","","Freezing Fog"
"-114.01","51.12","CALGARY INTL A","3031092","2025-01-31 09:00","2025","01","31","09:00","","-7.4","","-8.1","","94","","","","14","","13","","0.2","","87.99","","","","-13","","Freezing Fog"
"-114.01","51.12","CALGARY INTL A","3031092","2025-01-31 10:00","2025","01","31","10:00","","-8.0","","-8.8","","94","","","","14","","12","","0.2","","87.92","","","","-13","","Freezing Fog"
"-114.01","51.12","CALGARY INTL A","3031092","2025-01-31 11:00","2025","01","31","11:00","","-8.0","","-8.8","","94","","","","15","","15","","0.2","","87.82","","","","-14","","Freezing Fog"
"-114.01","51.12","CALGARY INTL A","3031092","2025-01-31 12:00","2025","01","31","12:00","","-7.8","","-8.6","","94","","","","17","","14","","0.2","","87.76","","","","-14","","Freezing Fog"
"-114.01","51.12","CALGARY INTL A","3031092","2025-01-31 13:00","2025","01","31","13:00","","-7.8","","-8.6","","94","","","","13","","12","","0.2","","87.63","","","","-13","","Freezing Fog"
"-114.01","51.12","CALGARY INTL A","3031092","2025-01-31 14:00","2025","01","31","14:00","","-7.3","","-8.0","","94","","","","16","","11","","0.4","","87.53","","","","-12","","Freezing Fog"
"-114.01","51.12","CALGARY INTL A","3031092","2025-01-31 15:00","2025","01","31","15:00","","-6.9","","-7.7","","94","","","","18","","7","","1.6","","87.47","","","","-10","","Fog"
"-114.01","51.12","CALGARY INTL A","3031092","2025-01-31 16:00","2025","01","31","16:00","","-6.2","","-6.9","","95","","","","18","","9","","2.8","","87.44","","","","-10","","Fog"
"-114.01","51.12","CALGARY INTL A","3031092","2025-01-31 17:00","2025","01","31","17:00","","-7.1","","-7.8","","94","","","","9","","10","","0.4","","87.44","","","","-12","","Freezing Fog"
"-114.01","51.12","CALGARY INTL A","3031092","2025-01-31 18:00","2025","01","31","18:00","","-7.4","","-8.2","","94","","","","7","","11","","0.4","","87.43","","","","-12","","Freezing Fog"
"-114.01","51.12","CALGARY INTL A","3031092","2025-01-31 19:00","2025","01","31","19:00","","-7.9","","-8.8","","94","","","","4","","7","","0.4","","87.44","","","","-12","","Freezing Fog"
"-114.01","51.12","CALGARY INTL A","3031092","2025-01-31 20:00","2025","01","31","20:00","","-8.3","","-9.3","","93","","","","4","","14","","1.6","","87.41","","","","-14","","Fog"
"-114.01","51.12","CALGARY INTL A","3031092","2025-01-31 21:00","2025","01","31","21:00","","-8.6","","-9.5","","93","","","","2","","12","","1.6","","87.40","","","","-14","","Snow Grains,Fog"
"-114.01","51.12","CALGARY INTL A","3031092","2025-01-31 22:00","2025","01","31","22:00","","-8.8","","-9.8","","93","","","","36","","13","","1.6","","87.40","","","","-15","","Snow Grains,Fog"
"-114.01","51.12","CALGARY INTL A","3031092","2025-01-31 23:00","2025","01","31","23:00","","-9.2","","-10.3","","92","","","","2","","14","","2.0","","87.40","","","","-16","","Snow Grains,Fog"
