"Longitude (x)","Latitude (y)","Station Name","Climate ID","Date/Time (LST)","Year","Month","Day","Time (LST)","Flag","Temp (°C)","Temp Flag","Dew Point Temp (°C)","Dew Point Temp Flag","Rel Hum (%)","Rel Hum Flag","Precip. Amount (mm)","Precip. Amount Flag","Wind Dir (10s deg)","Wind Dir Flag","Wind Spd (km/h)","Wind Spd Flag","Visibility (km)","Visibility Flag","Stn Press (kPa)","Stn Press Flag","Hmdx","Hmdx Flag","Wind Chill","Wind Chill Flag","Weather"
"-114.01","51.12","CALGARY INTL A","3031092","2025-09-01 00:00","2025","09","01","00:00","","16.1","","8.6","","61","","","","35","","5","","24.1","","89.71","","","","","","NA"
"-114.01","51.12","CALGARY INTL A","3031092","2025-09-01 01:00","2025","09","01","01:00","","15.0","","8.6","","65","","","","34","","4","","24.1","","89.72","","","","","","NA"
"-114.01","51.12","CALGARY INTL A","3031092","2025-09-01 02:00","2025","09","01","02:00","","13.8","","8.3","","69","","","","","","0","","24.1","","89.71","","","","","","Clear"
"-114.01","51.12","CALGARY INTL A","3031092","2025-09-01 03:00","2025","09","01","03:00","","13.3","","8.4","","72","","","","21","","3","","24.1","","89.70","","","","","","NA"
"-114.01","51.12","CALGARY INTL A","3031092","2025-09-01 04:00","2025","09","01","04:00","","12.7","","8.2","","74","","","","29","","5","","24.1","","89.70","","","","","","NA"
"-114.01","51.12","CALGARY INTL A","3031092","2025-09-01 05:00","2025","09","01","05:00","","11.8","","8.7","","81","","","","18","","4","","24.1","","89.72","","","","","","Clear"
"-114.01","51.12","CALGARY INTL A","3031092","2025-09-01 06:00","2025","09","01","06:00","","10.8","","7.5","","80","","","","33","","5","","24.1","","89.73","","","","","","NA"
"-114.01","51.12","CALGARY INTL A","3031092","2025-09-01 07:00","2025","09","01","07:00","","11.8","","8.2","","79","","","","36","","5","","24.1","","89.75","","","","","","NA"
"-114.01","51.12","CALGARY INTL A","3031092","2025-09-01 08:00","2025","09","01","08:00","","14.1","","8.6","","69","","","","31","","4","","24.1","","89.77","","","","","","Mainly Clear"
"-114.01","51.12","CALGARY INTL A","3031092","2025-09-01 09:00","2025","09","01","09:00","","17.6","","10.1","","61","","","","21","","5","","24.1","","89.76","","","","","","NA"
"-114.01","51.12","CALGARY INTL A","3031092","2025-09-01 10:00","2025","09","01","10:00","","20.2","","9.4","","49","","","","23","","8","","24.1","","89.77","","","","","","NA"
"-114.01","51.12","CALGARY INTL A","3031092","2025-09-01 11:00","2025","09","01","11:00","","22.9","","9.4","","42","","","","19","","9","","24.1","","89.75","","","","","","Mainly Clear"
"-114.01","51.12","CALGARY INTL A","3031092","2025-09-01 12:00","2025","09","01","12:00","","24.6","","8.6","","36","","","","16","","8","","24.1","","89.74","","25","","","","NA"
"-114.01","51.12","CALGARY INTL A","3031092","2025-09-01 13:00","2025","09","01","13:00","","25.6","","10.8","","39","","","","23","","6","","24.1","","89.69","","27","","","","NA"
"-114.01","51.12","CALGARY INTL A","3031092","2025-09-01 14:00","2025","09","01","14:00","","26.5","","8.2","","31","","","","14","","8","","24.1","","89.68","","27","","","","Mainly Clear"
"-114.01","51.12","CALGARY INTL A","3031092","2025-09-01 15:00","2025","09","01","15:00","","26.5","","9.2","","33","","","","18","","8","","24.1","","89.64","","27","","","","NA"
"-114.01","51.12","CALGARY INTL A","3031092","2025-09-01 16:00","2025","09","01","16:00","","27.6","","8.2","","29","","","","","","0","","24.1","","89.61","","28","","","","NA"
"-114.01","51.12","CALGARY INTL A","3031092","2025-09-01 17:00","2025","09","01","17:00","","27.0","","8.2","","30","","","","10","","12","","24.1","","89.61","","27","","","","Mostly Cloudy"
"-114.01","51.12","CALGARY INTL A","3031092","2025-09-01 18:00","2025","09","01","18:00","","26.8","","7.9","","30","","","","10","","12","","24.1","","89.64","","27","","","","NA"
"-114.01","51.12","CALGARY INTL A","3031092","2025-09-01 19:00","2025","09","01","19:00","","24.7","","8.1","","34","","","","3","","8","","24.1","","89.70","","25","","","","NA"
"-114.01","51.12","CALGARY INTL A","3031092","2025-09-01 20:00","2025","09","01","20:00","","22.9","","10.3","","44","","","","3","","14","","24.1","","89.76","","","","","","Thunderstorms,Rain Showers"
"-114.01","51.12","CALGARY INTL A","3031092","2025-09-01 21:00","2025","09","01","21:00","","22.0","","10.9","","49","","","","36","","8","","24.1","","89.78","","","","","","Rain Showers"
"-114.01","51.12","CALGARY INTL A","3031092","2025-09-01 22:00","2025","09","01","22:00","","19.8","","12.0","","60","","","","35","","21","","24.1","","89.87","","","","","","NA"
"-114.01","51.12","CALGARY INTL A","3031092","2025-09-01 23:00","2025","09","01","23:00","","16.7","","12.1","","74","","","","36","","18","","8.1","","89.87","","","","","","Smoke"
"-114.01","51.12","CALGARY INTL A","3031092","2025-09-02 00:00","2025","09","02","00:00","","15.4","","11.9","","79","","","","34","","14","","6.4","","89.91","","","","","","Smoke"
"-114.01","51.12","CALGARY INTL A","3031092","2025-09-02 01:00","2025","09","02","01:00","","14.7","","11.6","","81","","","","35","","17","","8.1","","89.92","","","","","","Smoke"
"-114.01","51.12","CALGARY INTL A","3031092","2025-09-02 02:00","2025","09","02","02:00","","13.6","","10.6","","82","","","","35","","18","","6.4","","89.95","","","","","","Smoke"
"-114.01","51.12","CALGARY INTL A","3031092","2025-09-02 03:00","2025","09","02","03:00","","12.6","","10.4","","87","","","","35","","11","","6.4","","89.94","","","","","","Smoke"
"-114.01","51.12","CALGARY INTL A","3031092","2025-09-02 04:00","2025","09","02","04:00","","12.2","","10.4","","89","","","","34","","11","","6.4","","89.92","","","","","","Smoke"
"-114.01","51.12","CALGARY INTL A","3031092","2025-09-02 05:00","2025","09","02","05:00","","11.8","","10.2","","90","","","","34","","10","","8.1","","89.92","","","","","","Smoke"
"-114.01","51.12","CALGARY INTL A","3031092","2025-09-02 06:00","2025","09","02","06:00","","11.4","","10.1","","91","","","","36","","13","","3.2","","89.93","","","","","","Fog,Smoke"
"-114.01","51.12","CALGARY INTL A","3031092","2025-09-02 07:00","2025","09","02","07:00","","11.4","","10.2","","92","","","","36","","12","","3.6","","89.94","","","","","","Smoke"
"-114.01","51.12","CALGARY INTL A","3031092","2025-09-02 08:00","2025","09","02","08:00","","12.0","","9.6","","85","","","","1","","11","","4.8","","89.94","","","","","","Smoke"
"-114.01","51.12","CALGARY INTL A","3031092","2025-09-02 09:00","2025","09","02","09:00","","13.2","","10.2","","82","","","","1","","11","","4.8","","89.98","","","","","","Smoke"
"-114.01","51.12","CALGARY INTL A","3031092","2025-09-02 10:00","2025","09","02","10:00","","14.7","","10.2","","74","","","","2","","7","","8.1","","89.98","","","","","","Smoke"
"-114.01","51.12","CALGARY INTL A","3031092","2025-09-02 11:00","2025","09","02","11:00","","16.5","","10.9","","69","","","","7","","3","","8.1","","89.96","","","","","","Smoke"
"-114.01","51.12","CALGARY INTL A","3031092","2025-09-02 12:00","2025","09","02","12:00","","19.1","","12.0","","63","","","","15","","10","","8.1","","89.95","","","","","","Smoke"
"-114.01","51.12","CALGARY INTL A","3031092","2025-09-02 13:00","2025","09","02","13:00","","20.1","","12.1","","60","","","","14","","13","","8.1","","89.91","","","","","","Smoke"
"-114.01","51.12","CALGARY INTL A","3031092","2025-09-02 14:00","2025","09","02","14:00","","20.1","","12.3","","60","","","","12","","14","","6.4","","89.89","","","","","","Smoke"
"-114.01","51.12","CALGARY INTL A","3031092","2025-09-02 15:00","2025","09","02","15:00","","20.9","","13.2","","61","","","","14","","11","","6.4","","89.87","","","","","","Smoke"
"-114.01","51.12","CALGARY INTL A","3031092","2025-09-02 16:00","2025","09","02","16:00","","21.2","","12.9","","59","","","","11","","8","","6.4","","89.81","","","","","","Smoke"
"-114.01","51.12","CALGARY INTL A","3031092","2025-09-02 17:00","2025","09","02","17:00","","20.9","","11.9","","56","","","","14","","12","","8.1","","89.81","","","","","","Smoke"
"-114.01","51.12","CALGARY INTL A","3031092","2025-09-02 18:00","2025","09","02","18:00","","20.1","","11.7","","58","","","","15","","9","","8.1","","89.80","","","","","","Smoke"
"-114.01","51.12","CALGARY INTL A","3031092","2025-09-02 19:00","2025","09","02","19:00","","19.3","","11.1","","59","","","","14","","15","","6.4","","89.77","","","","","","Smoke"
"-114.01","51.12","CALGARY INTL A","3031092","2025-09-02 20:00","2025","09","02","20:00","","18.4","","11.1","","62","","","","15","","12","","6.4","","89.77","","","","","","Smoke"
"-114.01","51.12","CALGARY INTL A","3031092","2025-09-02 21:00","2025","09","02","21:00","","17.1","","10.4","","64","","","","16","","13","","6.4","","89.76","","","","","","Smoke"
"-114.01","51.12","CALGARY INTL A","3031092","2025-09-02 22:00","2025","09","02","22:00","","15.7","","9.7","","67","","","","17","","15","","6.4","","89.75","","","","","","Smoke"
"-114.01","51.12","CALGARY INTL A","3031092","2025-09-02 23:00","2025","09","02","23:00","","14.3","","9.7","","74","","","","18","","13","","6.4","","89.74","","","","","","Smoke"
"-114.01","51.12","CALGARY INTL A","3031092","2025-09-03 00:00","2025","09","03","00:00","","14.0","","9.8","","75","","","","19","","18","","6.4","","89.69","","","","","","Smoke"
"-114.01","51.12","CALGARY INTL A","3031092","2025-09-03 01:00","2025","09","03","01:00","","12.8","","9.8","","82","","","","18","","13","","6.4","","89.64","","","","","","Smoke"
"-114.01","51.12","CALGARY INTL A","3031092","2025-09-03 02:00","2025","09","03","02:00","","12.5","","9.8","","84","","","","19","","10","","6.4","","89.60","","","","","","Smoke"
"-114.01","51.12","CALGARY INTL A","3031092","2025-09-03 03:00","2025","09","03","03:00","","12.1","","9.2","","82","","","","17","","10","","6.4","","89.55","","","","","","Smoke"
"-114.01","51.12","CALGARY INTL A","3031092","2025-09-03 04:00","2025","09","03","04:00","","11.8","","9.3","","84","","","","20","","13","","8.1","","89.47","","","","","","Smoke"
"-114.01","51.12","CALGARY INTL A","3031092","2025-09-03 05:00","2025","09","03","05:00","","12.1","","9.3","","83","","","","23","","9","","6.4","","89.44","","","","","","Smoke"
"-114.01","51.12","CALGARY INTL A","3031092","2025-09-03 06:00","2025","09","03","06:00","","11.7","","9.8","","88","","","","23","","13","","6.4","","89.38","","","","","","Smoke"
"-114.01","51.12","CALGARY INTL A","3031092","2025-09-03 07:00","2025","09","03","07:00","","10.8","","9.2","","89","","","","21","","10","","6.4","","89.34","","","","","","Smoke"
"-114.01","51.12","CALGARY INTL A","3031092","2025-09-03 08:00","2025","09","03","08:00","","12.7","","9.4","","80","","","","22","","7","","9.7","","89.31","","","","","","Smoke"
"-114.01","51.12","CALGARY INTL A","3031092","2025-09-03 09:00","2025","09","03","09:00","","13.6","","9.1","","74","","","","22","","16","","9.7","","89.27","","","","","","Smoke"
"-114.01","51.12","CALGARY INTL A","3031092","2025-09-03 10:00","2025","09","03","10:00","","15.2","","10.0","","71","","","","19","","3","","12.9","","89.27","","","","","","NA"
"-114.01","51.12","CALGARY INTL A","3031092","2025-09-03 11:00","2025","09","03","11:00","","16.9","","10.1","","64","","","","","","0","","14.5","","89.27","","","","","","Mainly Clear"
"-114.01","51.12","CALGARY INTL A","3031092","2025-09-03 12:00","2025","09","03","12:00","","20.3","","10.4","","52","","","","","","0","","12.9","","89.24","","","","","","NA"
"-114.01","51.12","CALGARY INTL A","3031092","2025-09-03 13:00","2025","09","03","13:00","","21.4","","10.7","","50","","","","33","","8","","12.9","","89.23","","","","","","NA"
"-114.01","51.12","CALGARY INTL A","3031092","2025-09-03 14:00","2025","09","03","14:00","","21.6","","8.6","","43","","","","35","","16","","14.5","","89.18","","","","","","NA"
"-114.01","51.12","CALGARY INTL A","3031092","2025-09-03 15:00","2025","09","03","15:00","","23.0","","5.7","","32","","","","32","","9","","16.1","","89.15","","","","","","NA"
"-114.01","51.12","CALGARY INTL A","3031092","2025-09-03 16:00","2025","09","03","16:00","","23.1","","9.1","","40","","","","23","","8","","16.1","","89.10","","","","","","NA"
"-114.01","51.12","CALGARY INTL A","3031092","2025-09-03 17:00","2025","09","03","17:00","","22.0","","10.0","","46","","","","25","","5","","14.5","","89.06","","","","","","NA"
"-114.01","51.12","CALGARY INTL A","3031092","2025-09-03 18:00","2025","09","03","18:00","","20.9","","10.4","","51","","","","26","","8","","16.1","","89.04","","","","","","NA"
"-114.01","51.12","CALGARY INTL A","3031092","2025-09-03 19:00","2025","09","03","19:00","","20.4","","9.1","","48","","","","27","","7","","12.9","","89.07","","","","","","NA"
"-114.01","51.12","CALGARY INTL A","3031092","2025-09-03 20:00","2025","09","03","20:00","","16.1","","8.9","","62","","","","","","0","","11.3","","89.13","","","","","","Mainly Clear"
"-114.01","51.12","CALGARY INTL A","3031092","2025-09-03 21:00","2025","09","03","21:00","","15.0","","7.9","","62","","","","","","0","","6.4","","89.18","","","","","","Smoke"
"-114.01","51.12","CALGARY INTL A","3031092","2025-09-03 22:00","2025","09","03","22:00","","14.9","","8.9","","67","","","","23","","5","","6.4","","89.22","","","","","","Smoke"
"-114.01","51.12","CALGARY INTL A","3031092","2025-09-03 23:00","2025","09","03","23:00","","16.7","","7.5","","54","","","","30","","14","","6.4","","89.30","","","","","","Smoke"
"-114.01","51.12","CALGARY INTL A","3031092","2025-09-04 00:00","2025","09","04","00:00","","18.0","","8.0","","52","","","","32","","16","","8.1","","89.36","","","","","","Smoke"
"-114.01","51.12","CALGARY INTL A","3031092","2025-09-04 01:00","2025","09","04","01:00","","15.1","","8.4","","64","","","","34","","15","","6.4","","89.46","","","","","","Smoke"
"-114.01","51.12","CALGARY INTL A","3031092","2025-09-04 02:00","2025","09","04","02:00","","14.8","","8.7","","67","","","","35","","10","","6.4","","89.52","","","","","","Smoke"
"-114.01","51.12","CALGARY INTL A","3031092","2025-09-04 03:00","2025","09","04","03:00","","15.4","","8.5","","63","","","","35","","21","","9.7","","89.61","","","","","","Smoke"
"-114.01","51.12","CALGARY INTL A","3031092","2025-09-04 04:00","2025","09","04","04:00","","14.4","","8.8","","69","","","","35","","18","","9.7","","89.66","","","","","","Smoke"
"-114.01","51.12","CALGARY INTL A","3031092","2025-09-04 05:00","2025","09","04","05:00","","14.4","","9.1","","70","","","","33","","10","","11.3","","89.75","","","","","","Mostly Cloudy"
"-114.01","51.12","CALGARY INTL A","3031092","2025-09-04 06:00","2025","09","04","06:00","","14.3","","9.3","","72","","","","36","","17","","11.3","","89.81","","","","","","NA"
"-114.01","51.12","CALGARY INTL A","3031092","2025-09-04 07:00","2025","09","04","07:00","","13.3","","7.1","","66","","","","2","","16","","9.7","","89.87","","","","","","Smoke"
"-114.01","51.12","CALGARY INTL A","3031092","2025-09-04 08:00","2025","09","04","08:00","","13.1","","7.3","","68","","","","3","","18","","8.1","","89.92","","","","","","Smoke"
"-114.01","51.12","CALGARY INTL A","3031092","2025-09-04 09:00","2025","09","04","09:00","","13.0","","3.3","","52","","","","2","","22","","8.1","","89.93","","","","","","Smoke"
"-114.01","51.12","CALGARY INTL A","3031092","2025-09-04 10:00","2025","09","04","10:00","","12.4","","3.7","","55","","","","35","","21","","9.7","","89.93","","","","","","Smoke"
"-114.01","51.12","CALGARY INTL A","3031092","2025-09-04 11:00","2025","09","04","11:00","","12.9","","4.6","","57","","","","36","","12","","9.7","","89.91","","","","","","Smoke"
"-114.01","51.12","CALGARY INTL A","3031092","2025-09-04 12:00","2025","09","04","12:00","","13.4","","5.3","","57","","","","34","","7","","9.7","","89.87","","","","","","Smoke"
"-114.01","51.12","CALGARY INTL A","3031092","2025-09-04 13:00","2025","09","04","13:00","","14.0","","5.7","","57","","","","28","","10","","9.7","","89.84","","","","","","Smoke"
"-114.01","51.12","CALGARY INTL A","3031092","2025-09-04 14:00","2025","09","04","14:00","","15.2","","6.4","","55","","","","33","","13","","9.7","","89.76","","","","","","Smoke"
"-114.01","51.12","CALGARY INTL A","3031092","2025-09-04 15:00","2025","09","04","15:00","","16.2","","5.8","","50","","","","31","","12","","9.7","","89.73","","","","","","Smoke"
"-114.01","51.12","CALGARY INTL A","3031092","2025-09-04 16:00","2025","09","04","16:00","","15.7","","5.9","","52","","","","2","","5","","9.7","","89.69","","","","","","Smoke"
"-114.01","51.12","CALGARY INTL A","3031092","2025-09-04 17:00","2025","09","04","17:00","","16.8","","5.3","","46","","","","30","","16","","11.3","","89.65","","","","","","Mostly Cloudy"
"-114.01","51.12","CALGARY INTL A","3031092","2025-09-04 18:00","2025","09","04","18:00","","15.9","","5.8","","51","","","","33","","10","","11.3","","89.63","","","","","","NA"
"-114.01","51.12","CALGARY INTL A","3031092","2025-09-04 19:00","2025","09","04","19:00","","14.5","","6.4","","58","","","","29","","13","","11.3","","89.60","","","","","","NA"
"-114.01","51.12","CALGARY INTL A","3031092","2025-09-04 20:00","2025","09","04","20:00","","12.4","","6.2","","66","","","","31","","8","","11.3","","89.61","","","","","","Mainly Clear"
"-114.01","51.12","CALGARY INTL A","3031092","2025-09-04 21:00","2025","09","04","21:00","","11.3","","6.0","","70","","","","5","","5","","11.3","","89.61","","","","","","NA"
"-114.01","51.12","CALGARY INTL A","3031092","2025-09-04 22:00","2025","09","04","22:00","","9.6","","6.1","","79","","","","6","","10","","11.3","","89.62","","","","","","NA"
"-114.01","51.12","CALGARY INTL A","3031092","2025-09-04 23:00","2025","09","04","23:00","","8.8","","5.7","","81","","","","31","","4","","11.3","","89.62","","","","","","Clear"
"-114.01","51.12","CALGARY INTL A","3031092","2025-09-05 00:00","2025","09","05","00:00","","7.0","","4.3","","83","","","","36","","4","","11.3","","89.60","","","","","","NA"
"-114.01","51.12","CALGARY INTL A","3031092","2025-09-05 01:00","2025","09","05","01:00","","7.1","","4.7","","84","","","","30","","5","","11.3","","89.56","","","","","","NA"
"-114.01","51.12","CALGARY INTL A","3031092","2025-09-05 02:00","2025","09","05","02:00","","6.0","","3.1","","81","","","","4","","3","","11.3","","89.52","","","","","","Clear"
"-114.01","51.12","CALGARY INTL A","3031092","2025-09-05 03:00","2025","09","05","03:00","","5.3","","3.2","","86","","","","35","","4","","11.3","","89.48","","","","","","NA"
"-114.01","51.12","CALGARY INTL A","3031092","2025-09-05 04:00","2025","09","05","04:00","","5.3","","3.0","","85","","","","33","","4","","11.3","","89.46","","","","","","NA"
"-114.01","51.12","CALGARY INTL A","3031092","2025-09-05 05:00","2025","09","05","05:00","","5.5","","4.1","","91","","","","23","","7","","11.3","","89.44","","","","","","Clear"
"-114.01","51.12","CALGARY INTL A","3031092","2025-09-05 06:00","2025","09","05","06:00","","4.5","","3.1","","91","","","","20","","7","","9.7","","89.41","","","","","","Fog,Smoke"
"-114.01","51.12","CALGARY INTL A","3031092","2025-09-05 07:00","2025","09","05","07:00","","5.6","","4.3","","91","","","","20","","7","","9.7","","89.38","","","","","","Fog"
"-114.01","51.12","CALGARY INTL A","3031092","2025-09-05 08:00","2025","09","05","08:00","","8.6","","5.5","","81","","","","20","","5","","9.7","","89.37","","","","","","Fog"
"-114.01","51.12","CALGARY INTL A","3031092","2025-09-05 09:00","2025","09","05","09:00","","11.7","","6.4","","70","","","","19","","14","","9.7","","89.37","","","","","","Fog"
"-114.01","51.12","CALGARY INTL A","3031092","2025-09-05 10:00","2025","09","05","10:00","","14.4","","6.6","","59","","","","17","","27","","9.7","","89.36","","","","","","Fog"
"-114.01","51.12","CALGARY INTL A","3031092","2025-09-05 11:00","2025","09","05","11:00","","16.4","","5.9","","50","","","","18","","26","","11.3","","89.31","","","","","","Clear"
"-114.01","51.12","CALGARY INTL A","3031092","2025-09-05 12:00","2025","09","05","12:00","","17.7","","5.2","","43","","","","18","","20","","14.5","","89.28","","","","","","NA"
"-114.01","51.12","CALGARY INTL A","3031092","2025-09-05 13:00","2025","09","05","13:00","","19.1","","5.3","","40","","","","16","","22","","14.5","","89.22","","","","","","NA"
"-114.01","51.12","CALGARY INTL A","3031092","2025-09-05 14:00","2025","09","05","14:00","","19.9","","3.8","","34","","","","16","","21","","14.5","","89.19","","","","","","Clear"
"-114.01","51.12","CALGARY INTL A","3031092","2025-09-05 15:00","2025","09","05","15:00","","20.8","","3.2","","31","","","","16","","22","","14.5","","89.14","","","","","","NA"
"-114.01","51.12","CALGARY INTL A","3031092","2025-09-05 16:00","2025","09","05","16:00","","20.7","","3.3","","31","","","","16","","21","","14.5","","89.09","","","","","","NA"
"-114.01","51.12","CALGARY INTL A","3031092","2025-09-05 17:00","2025","09","05","17:00","","20.5","","4.0","","33","","","","16","","21","","14.5","","89.07","","","","","","Clear"
"-114.01","51.12","CALGARY INTL A","3031092","2025-09-05 18:00","2025","09","05","18:00","","19.3","","4.5","","37","","","","18","","16","","14.5","","89.05","","","","","","NA"
"-114.01","51.12","CALGARY INTL A","3031092","2025-09-05 19:00","2025","09","05","19:00","","18.0","","3.8","","39","","","","17","","14","","14.5","","89.04","","","","","","NA"
"-114.01","51.12","CALGARY INTL A","3031092","2025-09-05 20:00","2025","09","05","20:00","","16.6","","4.2","","43","","","","15","","14","","12.9","","89.05","","","","","","Clear"
"-114.01","51.12","CALGARY INTL A","3031092","2025-09-05 21:00","2025","09","05","21:00","","14.9","","3.6","","46","","","","15","","11","","16.1","","89.05","","","","","","NA"
"-114.01","51.12","CALGARY INTL A","3031092","2025-09-05 22:00","2025","09","05","22:00","","12.9","","2.9","","50","","","","17","","12","","16.1","","89.06","","","","","","NA"
"-114.01","51.12","CALGARY INTL A","3031092","2025-09-05 23:00","2025","09","05","23:00","","13.1","","2.1","","47","","","","17","","15","","16.1","","89.08","","","","","","Clear"
"-114.01","51.12","CALGARY INTL A","3031092","2025-09-06 00:00","2025","09","06","00:00","","11.7","","2.3","","52","","","","18","","9","","16.1","","89.06","","","","","","NA"
"-114.01","51.12","CALGARY INTL A","3031092","2025-09-06 01:00","2025","09","06","01:00","","12.2","","1.5","","48","","","","18","","7","","16.1","","89.07","","","","","","NA"
"-114.01","51.12","CALGARY INTL A","3031092","2025-09-06 02:00","2025","09","06","02:00","","10.9","","1.4","","52","","","","15","","3","","16.1","","89.05","","","","","","Clear"
"-114.01","51.12","CALGARY INTL A","3031092","2025-09-06 03:00","2025","09","06","03:00","","9.5","","1.6","","58","","","","19","","6","","24.1","","89.01","","","","","","NA"
"-114.01","51.12","CALGARY INTL A","3031092","2025-09-06 04:00","2025","09","06","04:00","","8.6","","4.3","","74","","","","19","","8","","16.1","","88.98","","","","","","NA"
"-114.01","51.12","CALGARY INTL A","3031092","2025-09-06 05:00","2025","09","06","05:00","","8.8","","5.0","","77","","","","22","","10","","16.1","","88.97","","","","","","Clear"
"-114.01","51.12","CALGARY INTL A","3031092","2025-09-06 06:00","2025","09","06","06:00","","8.0","","4.1","","76","","","","","","0","","12.9","","88.98","","","","","","NA"
"-114.01","51.12","CALGARY INTL A","3031092","2025-09-06 07:00","2025","09","06","07:00","","9.3","","5.2","","76","","","","20","","4","","19.3","","88.98","","","","","","NA"
"-114.01","51.12","CALGARY INTL A","3031092","2025-09-06 08:00","2025","09","06","08:00","","12.0","","6.7","","70","","","","","","0","","19.3","","89.00","","","","","","Clear"
"-114.01","51.12","CALGARY INTL A","3031092","2025-09-06 09:00","2025","09","06","09:00","","15.5","","8.3","","62","","","","13","","4","","19.3","","89.01","","","","","","NA"
"-114.01","51.12","CALGARY INTL A","3031092","2025-09-06 10:00","2025","09","06","10:00","","18.9","","9.4","","54","","","","20","","7","","19.3","","89.02","","","","","","NA"
"-114.01","51.12","CALGARY INTL A","3031092","2025-09-06 11:00","2025","09","06","11:00","","21.4","","7.4","","40","","","","16","","8","","19.3","","89.00","","","","","","Clear"
"-114.01","51.12","CALGARY INTL A","3031092","2025-09-06 12:00","2025","09","06","12:00","","22.5","","8.7","","41","","","","18","","6","","16.1","","88.99","","","","","","NA"
"-114.01","51.12","CALGARY INTL A","3031092","2025-09-06 13:00","2025","09","06","13:00","","23.4","","8.3","","37","","","","17","","13","","16.1","","88.99","","","","","","NA"
"-114.01","51.12","CALGARY INTL A","3031092","2025-09-06 14:00","2025","09","06","14:00","","24.7","","8.4","","35","","","","18","","9","","16.1","","88.99","","25","","","","Clear"
"-114.01","51.12","CALGARY INTL A","3031092","2025-09-06 15:00","2025","09","06","15:00","","25.7","","7.6","","31","","","","15","","10","","16.1","","88.97","","26","","","","NA"
"-114.01","51.12","CALGARY INTL A","3031092","2025-09-06 16:00","2025","09","06","16:00","","25.7","","8.1","","32","","","","14","","9","","16.1","","88.95","","26","","","","NA"
"-114.01","51.12","CALGARY INTL A","3031092","2025-09-06 17:00","2025","09","06","17:00","","25.4","","6.5","","29","","","","16","","14","","16.1","","88.93","","25","","","","Mainly Clear"
"-114.01","51.12","CALGARY INTL A","3031092","2025-09-06 18:00","2025","09","06","18:00","","24.0","","5.9","","31","","","","15","","19","","16.1","","88.92","","","","","","NA"
"-114.01","51.12","CALGARY INTL A","3031092","2025-09-06 19:00","2025","09","06","19:00","","22.0","","5.3","","33","","","","15","","13","","16.1","","88.94","","","","","","NA"
"-114.01","51.12","CALGARY INTL A","3031092","2025-09-06 20:00","2025","09","06","20:00","","19.4","","4.4","","37","","","","17","","9","","16.1","","88.98","","","","","","Mainly Clear"
"-114.01","51.12","CALGARY INTL A","3031092","2025-09-06 21:00","2025","09","06","21:00","","18.5","","3.7","","37","","","","16","","11","","16.1","","88.98","","","","","","NA"
"-114.01","51.12","CALGARY INTL A","3031092","2025-09-06 22:00","2025","09","06","22:00","","17.9","","3.8","","39","","","","20","","8","","16.1","","88.98","","","","","","NA"
"-114.01","51.12","CALGARY INTL A","3031092","2025-09-06 23:00","2025","09","06","23:00","","16.8","","4.8","","45","","","","19","","3","","16.1","","88.96","","","","","","Mainly Clear"
"-114.01","51.12","CALGARY INTL A","3031092","2025-09-07 00:00","2025","09","07","00:00","","15.2","","5.7","","53","","","","22","","3","","16.1","","88.93","","","","","","NA"
"-114.01","51.12","CALGARY INTL A","3031092","2025-09-07 01:00","2025","09","07","01:00","","14.8","","6.3","","57","","","","22","","3","","16.1","","88.92","","","","","","NA"
"-114.01","51.12","CALGARY INTL A","3031092","2025-09-07 02:00","2025","09","07","02:00","","12.9","","6.8","","66","","","","4","","4","","16.1","","88.88","","","","","","Mainly Clear"
"-114.01","51.12","CALGARY INTL A","3031092","2025-09-07 03:00","2025","09","07","03:00","","12.7","","6.5","","66","","","","1","","3","","16.1","","88.86","","","","","","NA"
"-114.01","51.12","CALGARY INTL A","3031092","2025-09-07 04:00","2025","09","07","04:00","","12.3","","7.6","","72","","","","33","","3","","16.1","","88.86","","","","","","NA"
"-114.01","51.12","CALGARY INTL A","3031092","2025-09-07 05:00","2025","09","07","05:00","","12.3","","8.7","","78","","","","","","0","","16.1","","88.84","","","","","","Mostly Cloudy"
"-114.01","51.12","CALGARY INTL A","3031092","2025-09-07 06:00","2025","09","07","06:00","","12.4","","8.8","","78","","","","1","","5","","12.9","","88.85","","","","","","NA"
"-114.01","51.12","CALGARY INTL A","3031092","2025-09-07 07:00","2025","09","07","07:00","","11.9","","8.8","","81","","","","31","","3","","19.3","","88.86","","","","","","NA"
"-114.01","51.12","CALGARY INTL A","3031092","2025-09-07 08:00","2025","09","07","08:00","","14.5","","9.5","","72","","","","3","","6","","24.1","","88.85","","","","","","Mainly Clear"
"-114.01","51.12","CALGARY INTL A","3031092","2025-09-07 09:00","2025","09","07","09:00","","16.1","","9.7","","65","","","","23","","9","","24.1","","88.85","","","","","","NA"
"-114.01","51.12","CALGARY INTL A","3031092","2025-09-07 10:00","2025","09","07","10:00","","20.2","","10.8","","54","","","","","","0","","24.1","","88.84","","","","","","NA"
"-114.01","51.12","CALGARY INTL A","3031092","2025-09-07 11:00","2025","09","07","11:00","","23.1","","10.4","","44","","","","35","","11","","24.1","","88.82","","25","","","","Mostly Cloudy"
"-114.01","51.12","CALGARY INTL A","3031092","2025-09-07 12:00","2025","09","07","12:00","","25.2","","11.2","","41","","","","36","","13","","19.3","","88.81","","27","","","","NA"
"-114.01","51.12","CALGARY INTL A","3031092","2025-09-07 13:00","2025","09","07","13:00","","24.9","","9.0","","36","","","","1","","8","","19.3","","88.80","","26","","","","NA"
"-114.01","51.12","CALGARY INTL A","3031092","2025-09-07 14:00","2025","09","07","14:00","","25.2","","9.5","","37","","","","5","","9","","19.3","","88.81","","26","","","","Cloudy"
"-114.01","51.12","CALGARY INTL A","3031092","2025-09-07 15:00","2025","09","07","15:00","","25.5","","9.4","","36","","","","4","","12","","19.3","","88.80","","27","","","","NA"
"-114.01","51.12","CALGARY INTL A","3031092","2025-09-07 16:00","2025","09","07","16:00","","25.8","","8.7","","33","","","","6","","11","","16.1","","88.78","","27","","","","NA"
"-114.01","51.12","CALGARY INTL A","3031092","2025-09-07 17:00","2025","09","07","17:00","","25.4","","9.0","","35","","","","3","","13","","16.1","","88.79","","26","","","","Mostly Cloudy"
"-114.01","51.12","CALGARY INTL A","3031092","2025-09-07 18:00","2025","09","07","18:00","","23.8","","8.2","","36","","","","4","","10","","16.1","","88.78","","","","","","NA"
"-114.01","51.12","CALGARY INTL A","3031092","2025-09-07 19:00","2025","09","07","19:00","","21.7","","8.4","","42","","","","2","","16","","16.1","","88.79","","","","","","NA"
"-114.01","51.12","CALGARY INTL A","3031092","2025-09-07 20:00","2025","09","07","20:00","","20.4","","9.3","","49","","","","34","","18","","16.1","","88.92","","","","","","Cloudy"
"-114.01","51.12","CALGARY INTL A","3031092","2025-09-07 21:00","2025","09","07","21:00","","19.2","","10.4","","56","","","","33","","20","","24.1","","88.94","","","","","","Rain Showers"
"-114.01","51.12","CALGARY INTL A","3031092","2025-09-07 22:00","2025","09","07","22:00","","19.7","","8.0","","46","","","","32","","15","","24.1","","88.98","","","","","","NA"
"-114.01","51.12","CALGARY INTL A","3031092","2025-09-07 23:00","2025","09","07","23:00","","17.8","","10.8","","63","","","","22","","14","","24.1","","89.05","","","","","","Rain"
"-114.01","51.12","CALGARY INTL A","3031092","2025-09-08 00:00","2025","09","08","00:00","","17.6","","10.2","","62","","","","29","","17","","24.1","","89.01","","","","","","NA"
"-114.01","51.12","CALGARY INTL A","3031092","2025-09-08 01:00","2025","09","08","01:00","","17.1","","9.9","","62","","","","30","","11","","24.1","","89.04","","","","","","NA"
"-114.01","51.12","CALGARY INTL A","3031092","2025-09-08 02:00","2025","09","08","02:00","","15.7","","11.3","","75","","","","27","","11","","24.1","","89.03","","","","","","Cloudy"
"-114.01","51.12","CALGARY INTL A","3031092","2025-09-08 03:00","2025","09","08","03:00","","15.7","","9.6","","67","","","","24","","7","","24.1","","88.99","","","","","","NA"
"-114.01","51.12","CALGARY INTL A","3031092","2025-09-08 04:00","2025","09","08","04:00","","15.7","","9.8","","67","","","","28","","5","","24.1","","88.95","","","","","","NA"
"-114.01","51.12","CALGARY INTL A","3031092","2025-09-08 05:00","2025","09","08","05:00","","15.5","","9.9","","69","","","","32","","10","","24.1","","88.96","","","","","","Cloudy"
"-114.01","51.12","CALGARY INTL A","3031092","2025-09-08 06:00","2025","09","08","06:00","","15.3","","9.2","","67","","","","35","","8","","24.1","","88.94","","","","","","NA"
"-114.01","51.12","CALGARY INTL A","3031092","2025-09-08 07:00","2025","09","08","07:00","","15.3","","8.9","","66","","","","35","","5","","24.1","","88.98","","","","","","NA"
"-114.01","51.12","CALGARY INTL A","3031092","2025-09-08 08:00","2025","09","08","08:00","","16.5","","9.8","","64","","","","","","0","","19.3","","89.00","","","","","","Mostly Cloudy"
"-114.01","51.12","CALGARY INTL A","3031092","2025-09-08 09:00","2025","09","08","09:00","","17.3","","9.5","","60","","","","30","","3","","19.3","","89.02","","","","","","NA"
"-114.01","51.12","CALGARY INTL A","3031092","2025-09-08 10:00","2025","09","08","10:00","","20.1","","9.3","","49","","","","33","","3","","24.1","","89.02","","","","","","NA"
"-114.01","51.12","CALGARY INTL A","3031092","2025-09-08 11:00","2025","09","08","11:00","","21.5","","9.7","","47","","","","36","","9","","24.1","","89.04","","","","","","Mostly Cloudy"
"-114.01","51.12","CALGARY INTL A","3031092","2025-09-08 12:00","2025","09","08","12:00","","22.4","","8.8","","41","","","","9","","4","","24.1","","89.03","","","","","","NA"
"-114.01","51.12","CALGARY INTL A","3031092","2025-09-08 13:00","2025","09","08","13:00","","23.0","","8.2","","38","","","","15","","8","","19.3","","89.02","","","","","","NA"
"-114.01","51.12","CALGARY INTL A","3031092","2025-09-08 14:00","2025","09","08","14:00","","23.6","","8.9","","39","","","","","","0","","16.1","","88.99","","","","","","Mostly Cloudy"
"-114.01","51.12","CALGARY INTL A","3031092","2025-09-08 15:00","2025","09","08","15:00","","23.8","","7.9","","36","","","","5","","8","","16.1","","88.95","","","","","","NA"
"-114.01","51.12","CALGARY INTL A","3031092","2025-09-08 16:00","2025","09","08","16:00","","23.9","","8.0","","36","","","","7","","7","","19.3","","88.92","","","","","","NA"
"-114.01","51.12","CALGARY INTL A","3031092","2025-09-08 17:00","2025","09","08","17:00","","23.4","","8.2","","37","","","","17","","3","","19.3","","88.91","","","","","","Mostly Cloudy"
"-114.01","51.12","CALGARY INTL A","3031092","2025-09-08 18:00","2025","09","08","18:00","","22.3","","8.1","","40","","","","13","","12","","19.3","","88.91","","","","","","NA"
"-114.01","51.12","CALGARY INTL A","3031092","2025-09-08 19:00","2025","09","08","19:00","","21.1","","9.3","","47","","","","15","","13","","16.1","","88.93","","","","","","NA"
"-114.01","51.12","CALGARY INTL A","3031092","2025-09-08 20:00","2025","09","08","20:00","","20.1","","9.1","","49","","","","20","","6","","16.1","","88.97","","","","","","Mostly Cloudy"
"-114.01","51.12","CALGARY INTL A","3031092","2025-09-08 21:00","2025","09","08","21:00","","18.4","","9.6","","56","","","","16","","5","","16.1","","88.98","","","","","","NA"
"-114.01","51.12","CALGARY INTL A","3031092","2025-09-08 22:00","2025","09","08","22:00","","17.5","","9.9","","60","","","","","","0","","16.1","","88.95","","","","","","NA"
"-114.01","51.12","CALGARY INTL A","3031092","2025-09-08 23:00","2025","09","08","23:00","","13.9","","9.9","","77","","","","9","","6","","16.1","","88.96","","","","","","Clear"
"-114.01","51.12","CALGARY INTL A","3031092","2025-09-09 00:00","2025","09","09","00:00","","14.1","","9.8","","75","","","","5","","3","","16.1","","88.95","","","","","","NA"
"-114.01","51.12","CALGARY INTL A","3031092","2025-09-09 01:00","2025","09","09","01:00","","13.1","","10.0","","81","","","","","","0","","16.1","","88.96","","","","","","NA"
"-114.01","51.12","CALGARY INTL A","3031092","2025-09-09 02:00","2025","09","09","02:00","","12.6","","9.7","","82","","","","","","0","","16.1","","88.96","","","","","","Clear"
"-114.01","51.12","CALGARY INTL A","3031092","2025-09-09 03:00","2025","09","09","03:00","","12.1","","9.8","","86","","","","25","","4","","16.1","","88.95","","","","","","NA"
"-114.01","51.12","CALGARY INTL A","3031092","2025-09-09 04:00","2025","09","09","04:00","","11.4","","9.5","","87","","","","","","0","","16.1","","88.93","","","","","","NA"
"-114.01","51.12","CALGARY INTL A","3031092","2025-09-09 05:00","2025","09","09","05:00","","11.6","","9.1","","85","","","","21","","4","","11.3","","88.92","","","","","","Clear"
"-114.01","51.12","CALGARY INTL A","3031092","2025-09-09 06:00","2025","09","09","06:00","","11.0","","8.4","","84","","","","20","","4","","16.1","","88.92","","","","","","NA"
"-114.01","51.12","CALGARY INTL A","3031092","2025-09-09 07:00","2025","09","09","07:00","","11.6","","8.4","","81","","","","","","0","","19.3","","88.92","","","","","","NA"
"-114.01","51.12","CALGARY INTL A","3031092","2025-09-09 08:00","2025","09","09","08:00","","13.9","","9.0","","72","","","","18","","3","","24.1","","88.92","","","","","","Clear"
"-114.01","51.12","CALGARY INTL A","3031092","2025-09-09 09:00","2025","09","09","09:00","","16.6","","9.3","","62","","","","20","","4","","24.1","","88.92","","","","","","NA"
"-114.01","51.12","CALGARY INTL A","3031092","2025-09-09 10:00","2025","09","09","10:00","","19.9","","8.7","","48","","","","21","","5","","24.1","","88.92","","","","","","NA"
"-114.01","51.12","CALGARY INTL A","3031092","2025-09-09 11:00","2025","09","09","11:00","","22.1","","8.0","","40","","","","15","","5","","24.1","","88.87","","","","","","Mainly Clear"
"-114.01","51.12","CALGARY INTL A","3031092","2025-09-09 12:00","2025","09","09","12:00","","23.8","","7.8","","35","","","","21","","5","","24.1","","88.84","","","","","","NA"
"-114.01","51.12","CALGARY INTL A","3031092","2025-09-09 13:00","2025","09","09","13:00","","25.0","","7.0","","31","","","","14","","4","","24.1","","88.78","","25","","","","NA"
"-114.01","51.12","CALGARY INTL A","3031092","2025-09-09 14:00","2025","09","09","14:00","","25.6","","6.8","","30","","","","16","","15","","19.3","","88.75","","26","","","","Mainly Clear"
"-114.01","51.12","CALGARY INTL A","3031092","2025-09-09 15:00","2025","09","09","15:00","","25.6","","5.0","","26","","","","19","","12","","19.3","","88.71","","25","","","","NA"
"-114.01","51.12","CALGARY INTL A","3031092","2025-09-09 16:00","2025","09","09","16:00","","25.9","","5.5","","27","","","","12","","4","","19.3","","88.68","","25","","","","NA"
"-114.01","51.12","CALGARY INTL A","3031092","2025-09-09 17:00","2025","09","09","17:00","","24.3","","5.7","","30","","","","17","","9","","24.1","","88.66","","","","","","Mostly Cloudy"
"-114.01","51.12","CALGARY INTL A","3031092","2025-09-09 18:00","2025","09","09","18:00","","24.1","","7.6","","34","","","","18","","9","","24.1","","88.63","","","","","","NA"
"-114.01","51.12","CALGARY INTL A","3031092","2025-09-09 19:00","2025","09","09","19:00","","23.4","","5.1","","30","","","","19","","4","","24.1","","88.66","","","","","","NA"
"-114.01","51.12","CALGARY INTL A","3031092","2025-09-09 20:00","2025","09","09","20:00","","21.2","","6.0","","37","","","","15","","5","","24.1","","88.71","","","","","","Mainly Clear"
"-114.01","51.12","CALGARY INTL A","3031092","2025-09-09 21:00","2025","09","09","21:00","","19.0","","6.7","","44","","","","","","0","","24.1","","88.72","","","","","","NA"
"-114.01","51.12","CALGARY INTL A","3031092","2025-09-09 22:00","2025","09","09","22:00","","16.1","","7.7","","57","","","","36","","7","","24.1","","88.76","","","","","","NA"
"-114.01","51.12","CALGARY INTL A","3031092","2025-09-09 23:00","2025","09","09","23:00","","15.2","","7.1","","58","","","","","","0","","24.1","","88.73","","","","","","Mostly Cloudy"
"-114.01","51.12","CALGARY INTL A","3031092","2025-09-10 00:00","2025","09","10","00:00","","14.6","","7.4","","62","","","","","","0","","24.1","","88.75","","","","","","NA"
"-114.01","51.12","CALGARY INTL A","3031092","2025-09-10 01:00","2025","09","10","01:00","","13.2","","7.5","","68","","","","","","0","","24.1","","88.76","","","","","","NA"
"-114.01","51.12","CALGARY INTL A","3031092","2025-09-10 02:00","2025","09","10","02:00","","12.8","","7.4","","70","","","","33","","5","","24.1","","88.76","","","","","","Mainly Clear"
"-114.01","51.12","CALGARY INTL A","3031092","2025-09-10 03:00","2025","09","10","03:00","","13.9","","5.8","","58","","","","30","","5","","24.1","","88.75","","","","","","NA"
"-114.01","51.12","CALGARY INTL A","3031092","2025-09-10 04:00","2025","09","10","04:00","","11.4","","5.6","","67","","","","31","","7","","24.1","","88.81","","","","","","NA"
"-114.01","51.12","CALGARY INTL A","3031092","2025-09-10 05:00","2025","09","10","05:00","","11.8","","5.9","","67","","","","30","","4","","24.1","","88.83","","","","","","Mainly Clear"
"-114.01","51.12","CALGARY INTL A","3031092","2025-09-10 06:00","2025","09","10","06:00","","11.8","","6.0","","68","","","","36","","5","","16.1","","88.84","","","","","","NA"
"-114.01","51.12","CALGARY INTL A","3031092","2025-09-10 07:00","2025","09","10","07:00","","11.2","","6.1","","70","","","","21","","4","","14.5","","88.87","","","","","","NA"
"-114.01","51.12","CALGARY INTL A","3031092","2025-09-10 08:00","2025","09","10","08:00","","14.7","","7.8","","63","","","","34","","21","","14.5","","88.91","","","","","","Mostly Cloudy"
"-114.01","51.12","CALGARY INTL A","3031092","2025-09-10 09:00","2025","09","10","09:00","","16.9","","8.6","","58","","","","34","","17","","14.5","","88.94","","","","","","NA"
"-114.01","51.12","CALGARY INTL A","3031092","2025-09-10 10:00","2025","09","10","10:00","","18.1","","9.6","","57","","","","34","","21","","14.5","","88.95","","","","","","NA"
"-114.01","51.12","CALGARY INTL A","3031092","2025-09-10 11:00","2025","09","10","11:00","","20.1","","10.6","","54","","","","35","","13","","14.5","","88.98","","","","","","Mostly Cloudy"
"-114.01","51.12","CALGARY INTL A","3031092","2025-09-10 12:00","2025","09","10","12:00","","21.3","","11.2","","52","","","","3","","15","","9.7","","88.96","","","","","","Smoke"
"-114.01","51.12","CALGARY INTL A","3031092","2025-09-10 13:00","2025","09","10","13:00","","21.2","","10.0","","48","","","","5","","8","","9.7","","88.96","","","","","","Smoke"
"-114.01","51.12","CALGARY INTL A","3031092","2025-09-10 14:00","2025","09","10","14:00","","21.9","","9.6","","45","","","","12","","10","","9.7","","88.94","","","","","","Smoke"
"-114.01","51.12","CALGARY INTL A","3031092","2025-09-10 15:00","2025","09","10","15:00","","21.6","","10.1","","47","","","","16","","13","","9.7","","88.92","","","","","","Smoke"
"-114.01","51.12","CALGARY INTL A","3031092","2025-09-10 16:00","2025","09","10","16:00","","22.0","","10.7","","48","","","","15","","20","","9.7","","88.90","","","","","","Smoke"
"-114.01","51.12","CALGARY INTL A","3031092","2025-09-10 17:00","2025","09","10","17:00","","20.6","","9.7","","49","","","","18","","16","","14.5","","88.90","","","","","","Mostly Cloudy"
"-114.01","51.12","CALGARY INTL A","3031092","2025-09-10 18:00","2025","09","10","18:00","","19.4","","9.6","","53","","","","19","","7","","14.5","","88.93","","","","","","NA"
"-114.01","51.12","CALGARY INTL A","3031092","2025-09-10 19:00","2025","09","10","19:00","","17.6","","8.5","","55","","","","33","","22","","16.1","","88.99","","","","","","NA"
"-114.01","51.12","CALGARY INTL A","3031092","2025-09-10 20:00","2025","09","10","20:00","","15.7","","8.0","","60","","","","33","","16","","24.1","","89.04","","","","","","Mostly Cloudy"
"-114.01","51.12","CALGARY INTL A","3031092","2025-09-10 21:00","2025","09","10","21:00","","15.5","","8.0","","60","","","","31","","6","","24.1","","89.06","","","","","","NA"
"-114.01","51.12","CALGARY INTL A","3031092","2025-09-10 22:00","2025","09","10","22:00","","15.0","","7.8","","62","","","","24","","8","","24.1","","89.02","","","","","","NA"
"-114.01","51.12","CALGARY INTL A","3031092","2025-09-10 23:00","2025","09","10","23:00","","14.7","","8.2","","65","","","","23","","18","","24.1","","89.00","","","","","","Mostly Cloudy"
"-114.01","51.12","CALGARY INTL A","3031092","2025-09-11 00:00","2025","09","11","00:00","","14.0","","8.2","","67","","","","29","","10","","24.1","","89.04","","","","","","NA"
"-114.01","51.12","CALGARY INTL A","3031092","2025-09-11 01:00","2025","09","11","01:00","","13.0","","7.8","","71","","","","16","","3","","24.1","","89.03","","","","","","NA"
"-114.01","51.12","CALGARY INTL A","3031092","2025-09-11 02:00","2025","09","11","02:00","","12.0","","7.7","","75","","","","35","","5","","24.1","","89.04","","","","","","Mainly Clear"
"-114.01","51.12","CALGARY INTL A","3031092","2025-09-11 03:00","2025","09","11","03:00","","11.4","","7.9","","79","","","","16","","3","","24.1","","89.05","","","","","","NA"
"-114.01","51.12","CALGARY INTL A","3031092","2025-09-11 04:00","2025","09","11","04:00","","10.7","","6.8","","76","","","","34","","5","","24.1","","89.06","","","","","","NA"
"-114.01","51.12","CALGARY INTL A","3031092","2025-09-11 05:00","2025","09","11","05:00","","9.7","","7.6","","87","","","","21","","4","","24.1","","89.08","","","","","","Clear"
"-114.01","51.12","CALGARY INTL A","3031092","2025-09-11 06:00","2025","09","11","06:00","","9.2","","6.8","","85","","","","33","","4","","24.1","","89.09","","","","","","NA"
"-114.01","51.12","CALGARY INTL A","3031092","2025-09-11 07:00","2025","09","11","07:00","","9.8","","7.0","","83","","","","19","","5","","14.5","","89.10","","","","","","NA"
"-114.01","51.12","CALGARY INTL A","3031092","2025-09-11 08:00","2025","09","11","08:00","","12.6","","8.0","","73","","","","","","0","","14.5","","89.12","","","","","","Clear"
"-114.01","51.12","CALGARY INTL A","3031092","2025-09-11 09:00","2025","09","11","09:00","","16.5","","8.6","","59","","","","21","","3","","14.5","","89.13","","","","","","NA"
"-114.01","51.12","CALGARY INTL A","3031092","2025-09-11 10:00","2025","09","11","10:00","","18.8","","8.7","","52","","","","15","","4","","24.1","","89.11","","","","","","NA"
"-114.01","51.12","CALGARY INTL A","3031092","2025-09-11 11:00","2025","09","11","11:00","","20.9","","8.0","","43","","","","9","","5","","24.1","","89.08","","","","","","Clear"
"-114.01","51.12","CALGARY INTL A","3031092","2025-09-11 12:00","2025","09","11","12:00","","22.1","","7.8","","39","","","","15","","7","","24.1","","89.05","","","","","","NA"
"-114.01","51.12","CALGARY INTL A","3031092","2025-09-11 13:00","2025","09","11","13:00","","23.7","","6.8","","33","","","","18","","6","","24.1","","89.00","","","","","","NA"
"-114.01","51.12","CALGARY INTL A","3031092","2025-09-11 14:00","2025","09","11","14:00","","24.3","","7.2","","33","","","","16","","10","","24.1","","88.97","","","","","","Mainly Clear"
"-114.01","51.12","CALGARY INTL A","3031092","2025-09-11 15:00","2025","09","11","15:00","","24.9","","6.6","","30","","","","15","","19","","24.1","","88.93","","25","","","","NA"
"-114.01","51.12","CALGARY INTL A","3031092","2025-09-11 16:00","2025","09","11","16:00","","25.1","","6.3","","30","","","","17","","17","","24.1","","88.90","","25","","","","NA"
"-114.01","51.12","CALGARY INTL A","3031092","2025-09-11 17:00","2025","09","11","17:00","","24.6","","7.0","","32","","","","18","","8","","24.1","","88.90","","25","","","","Clear"
"-114.01","51.12","CALGARY INTL A","3031092","2025-09-11 18:00","2025","09","11","18:00","","23.4","","6.3","","33","","","","17","","16","","24.1","","88.89","","","","","","NA"
"-114.01","51.12","CALGARY INTL A","3031092","2025-09-11 19:00","2025","09","11","19:00","","21.7","","7.8","","40","","","","12","","13","","32.2","","88.90","","","","","","NA"
"-114.01","51.12","CALGARY INTL A","3031092","2025-09-11 20:00","2025","09","11","20:00","","20.2","","7.6","","44","","","","15","","13","","24.1","","88.94","","","","","","Clear"
"-114.01","51.12","CALGARY INTL A","3031092","2025-09-11 21:00","2025","09","11","21:00","","18.1","","7.7","","50","","","","17","","9","","24.1","","88.95","","","","","","NA"
"-114.01","51.12","CALGARY INTL A","3031092","2025-09-11 22:00","2025","09","11","22:00","","17.0","","7.8","","54","","","","18","","7","","24.1","","88.96","","","","","","NA"
"-114.01","51.12","CALGARY INTL A","3031092","2025-09-11 23:00","2025","09","11","23:00","","17.3","","7.5","","52","","","","16","","5","","24.1","","88.94","","","","","","Mainly Clear"
"-114.01","51.12","CALGARY INTL A","3031092","2025-09-12 00:00","2025","09","12","00:00","","16.4","","7.5","","55","","","","18","","6","","24.1","","88.93","","","","","","NA"
"-114.01","51.12","CALGARY INTL A","3031092","2025-09-12 01:00","2025","09","12","01:00","","15.8","","7.4","","57","","","","18","","8","","24.1","","88.92","","","","","","NA"
"-114.01","51.12","CALGARY INTL A","3031092","2025-09-12 02:00","2025","09","12","02:00","","13.3","","7.7","","68","","","","18","","9","","24.1","","88.93","","","","","","Mainly Clear"
"-114.01","51.12","CALGARY INTL A","3031092","2025-09-12 03:00","2025","09","12","03:00","","12.3","","7.8","","74","","","","20","","8","","24.1","","88.93","","","","","","NA"
"-114.01","51.12","CALGARY INTL A","3031092","2025-09-12 04:00","2025","09","12","04:00","","10.7","","6.7","","76","","","","3","","5","","24.1","","88.92","","","","","","NA"
"-114.01","51.12","CALGARY INTL A","3031092","2025-09-12 05:00","2025","09","12","05:00","","10.1","","6.5","","78","","","","35","","7","","24.1","","88.92","","","","","","Mainly Clear"
"-114.01","51.12","CALGARY INTL A","3031092","2025-09-12 06:00","2025","09","12","06:00","","10.3","","6.7","","78","","","","","","0","","14.5","","88.93","","","","","","NA"
"-114.01","51.12","CALGARY INTL A","3031092","2025-09-12 07:00","2025","09","12","07:00","","10.8","","7.3","","79","","","","","","0","","32.2","","88.95","","","","","","NA"
"-114.01","51.12","CALGARY INTL A","3031092","2025-09-12 08:00","2025","09","12","08:00","","13.3","","7.9","","70","","","","31","","6","","24.1","","88.99","","","","","","Mostly Cloudy"
"-114.01","51.12","CALGARY INTL A","3031092","2025-09-12 09:00","2025","09","12","09:00","","14.6","","7.8","","64","","","","","","0","","24.1","","89.02","","","","","","NA"
"-114.01","51.12","CALGARY INTL A","3031092","2025-09-12 10:00","2025","09","12","10:00","","18.2","","8.4","","52","","","","","","0","","16.1","","89.01","","","","","","NA"
"-114.01","51.12","CALGARY INTL A","3031092","2025-09-12 11:00","2025","09","12","11:00","","20.8","","8.5","","45","","","","","","0","","24.1","","89.01","","","","","","Mostly Cloudy"
"-114.01","51.12","CALGARY INTL A","3031092","2025-09-12 12:00","2025","09","12","12:00","","22.8","","9.2","","41","","","","33","","9","","24.1","","88.97","","","","","","NA"
"-114.01","51.12","CALGARY INTL A","3031092","2025-09-12 13:00","2025","09","12","13:00","","23.5","","8.1","","37","","","","34","","5","","24.1","","88.94","","","","","","NA"
"-114.01","51.12","CALGARY INTL A","3031092","2025-09-12 14:00","2025","09","12","14:00","","24.3","","8.4","","36","","","","","","0","","24.1","","88.90","","25","","","","Mainly Clear"
"-114.01","51.12","CALGARY INTL A","3031092","2025-09-12 15:00","2025","09","12","15:00","","24.8","","9.1","","36","","","","12","","6","","24.1","","88.87","","26","","","","NA"
"-114.01","51.12","CALGARY INTL A","3031092","2025-09-12 16:00","2025","09","12","16:00","","24.8","","8.5","","35","","","","5","","5","","24.1","","88.85","","25","","","","NA"
"-114.01","51.12","CALGARY INTL A","3031092","2025-09-12 17:00","2025","09","12","17:00","","24.0","","8.4","","36","","","","","","0","","24.1","","88.85","","25","","","","Mostly Cloudy"
"-114.01","51.12","CALGARY INTL A","3031092","2025-09-12 18:00","2025","09","12","18:00","","23.5","","9.8","","41","","","","33","","8","","24.1","","88.84","","25","","","","NA"
"-114.01","51.12","CALGARY INTL A","3031092","2025-09-12 19:00","2025","09","12","19:00","","22.6","","8.1","","39","","","","34","","5","","16.1","","88.85","","","","","","NA"
"-114.01","51.12","CALGARY INTL A","3031092","2025-09-12 20:00","2025","09","12","20:00","","19.8","","9.4","","51","","","","34","","12","","16.1","","88.89","","","","","","Mainly Clear"
"-114.01","51.12","CALGARY INTL A","3031092","2025-09-12 21:00","2025","09","12","21:00","","18.9","","9.3","","54","","","","36","","9","","16.1","","88.89","","","","","","NA"
"-114.01","51.12","CALGARY INTL A","3031092","2025-09-12 22:00","2025","09","12","22:00","","16.6","","9.7","","63","","","","36","","12","","16.1","","88.95","","","","","","NA"
"-114.01","51.12","CALGARY INTL A","3031092","2025-09-12 23:00","2025","09","12","23:00","","16.8","","9.3","","61","","","","10","","10","","16.1","","88.99","","","","","","Thunderstorms,Rain Showers"
"-114.01","51.12","CALGARY INTL A","3031092","2025-09-13 00:00","2025","09","13","00:00","","15.6","","11.4","","76","","","","25","","6","","16.1","","89.00","","","","","","NA"
"-114.01","51.12","CALGARY INTL A","3031092","2025-09-13 01:00","2025","09","13","01:00","","14.5","","10.8","","78","","","","1","","7","","16.1","","88.98","","","","","","NA"
"-114.01","51.12","CALGARY INTL A","3031092","2025-09-13 02:00","2025","09","13","02:00","","14.1","","10.8","","80","","","","33","","8","","16.1","","88.92","","","","","","Mostly Cloudy"
"-114.01","51.12","CALGARY INTL A","3031092","2025-09-13 03:00","2025","09","13","03:00","","12.0","","8.4","","78","","","","33","","8","","16.1","","88.89","","","","","","NA"
"-114.01","51.12","CALGARY INTL A","3031092","2025-09-13 04:00","2025","09","13","04:00","","12.2","","8.6","","78","","","","19","","15","","16.1","","88.90","","","","","","NA"
"-114.01","51.12","CALGARY INTL A","3031092","2025-09-13 05:00","2025","09","13","05:00","","12.2","","8.6","","78","","","","19","","14","","16.1","","88.91","","","","","","Mostly Cloudy"
"-114.01","51.12","CALGARY INTL A","3031092","2025-09-13 06:00","2025","09","13","06:00","","11.8","","8.3","","79","","","","24","","10","","14.5","","88.90","","","","","","NA"
"-114.01","51.12","CALGARY INTL A","3031092","2025-09-13 07:00","2025","09","13","07:00","","11.7","","8.2","","79","","","","25","","3","","24.1","","88.93","","","","","","NA"
"-114.01","51.12","CALGARY INTL A","3031092","2025-09-13 08:00","2025","09","13","08:00","","12.8","","8.7","","76","","","","20","","8","","24.1","","88.91","","","","","","Mainly Clear"
"-114.01","51.12","CALGARY INTL A","3031092","2025-09-13 09:00","2025","09","13","09:00","","17.3","","9.3","","59","","","","28","","5","","24.1","","88.87","","","","","","NA"
"-114.01","51.12","CALGARY INTL A","3031092","2025-09-13 10:00","2025","09","13","10:00","","19.4","","8.3","","48","","","","23","","5","","24.1","","88.83","","","","","","NA"
"-114.01","51.12","CALGARY INTL A","3031092","2025-09-13 11:00","2025","09","13","11:00","","21.5","","7.5","","40","","","","20","","4","","24.1","","88.80","","","","","","Mainly Clear"
"-114.01","51.12","CALGARY INTL A","3031092","2025-09-13 12:00","2025","09","13","12:00","","22.7","","7.8","","38","","","","13","","3","","24.1","","88.74","","","","","","NA"
"-114.01","51.12","CALGARY INTL A","3031092","2025-09-13 13:00","2025","09","13","13:00","","23.8","","7.5","","35","","","","13","","12","","24.1","","88.71","","","","","","NA"
"-114.01","51.12","CALGARY INTL A","3031092","2025-09-13 14:00","2025","09","13","14:00","","23.9","","8.2","","36","","","","15","","11","","24.1","","88.67","","","","","","Clear"
"-114.01","51.12","CALGARY INTL A","3031092","2025-09-13 15:00","2025","09","13","15:00","","24.2","","8.3","","36","","","","12","","16","","24.1","","88.62","","25","","","","NA"
"-114.01","51.12","CALGARY INTL A","3031092","2025-09-13 16:00","2025","09","13","16:00","","24.8","","8.2","","34","","","","14","","18","","24.1","","88.60","","25","","","","NA"
"-114.01","51.12","CALGARY INTL A","3031092","2025-09-13 17:00","2025","09","13","17:00","","24.1","","7.4","","34","","","","13","","19","","24.1","","88.58","","","","","","Mainly Clear"
"-114.01","51.12","CALGARY INTL A","3031092","2025-09-13 18:00","2025","09","13","18:00","","22.7","","8.3","","39","","","","10","","13","","24.1","","88.58","","","","","","NA"
"-114.01","51.12","CALGARY INTL A","3031092","2025-09-13 19:00","2025","09","13","19:00","","20.8","","8.5","","45","","","","12","","7","","24.1","","88.57","","","","","","NA"
"-114.01","51.12","CALGARY INTL A","3031092","2025-09-13 20:00","2025","09","13","20:00","","19.2","","8.6","","50","","","","26","","6","","24.1","","88.60","","","","","","Mainly Clear"
"-114.01","51.12","CALGARY INTL A","3031092","2025-09-13 21:00","2025","09","13","21:00","","16.7","","8.5","","58","","","","2","","5","","24.1","","88.54","","","","","","NA"
"-114.01","51.12","CALGARY INTL A","3031092","2025-09-13 22:00","2025","09","13","22:00","","16.0","","8.0","","59","","","","","","0","","24.1","","88.49","","","","","","NA"
"-114.01","51.12","CALGARY INTL A","3031092","2025-09-13 23:00","2025","09","13","23:00","","16.2","","8.9","","62","","","","18","","3","","24.1","","88.48","","","","","","Mostly Cloudy"
"-114.01","51.12","CALGARY INTL A","3031092","2025-09-14 00:00","2025","09","14","00:00","","16.1","","8.8","","62","","","","","","0","","24.1","","88.44","","","","","","NA"
"-114.01","51.12","CALGARY INTL A","3031092","2025-09-14 01:00","2025","09","14","01:00","","13.7","","8.2","","69","","","","36","","3","","24.1","","88.41","","","","","","NA"
"-114.01","51.12","CALGARY INTL A","3031092","2025-09-14 02:00","2025","09","14","02:00","","13.7","","8.4","","70","","","","9","","4","","24.1","","88.37","","","","","","Mainly Clear"
"-114.01","51.12","CALGARY INTL A","3031092","2025-09-14 03:00","2025","09","14","03:00","","12.2","","7.7","","74","","","","3","","5","","24.1","","88.37","","","","","","NA"
"-114.01","51.12","CALGARY INTL A","3031092","2025-09-14 04:00","2025","09","14","04:00","","11.4","","7.9","","79","","","","32","","5","","24.1","","88.35","","","","","","NA"
"-114.01","51.12","CALGARY INTL A","3031092","2025-09-14 05:00","2025","09","14","05:00","","10.8","","7.6","","81","","","","","","0","","24.1","","88.33","","","","","","Mainly Clear"
"-114.01","51.12","CALGARY INTL A","3031092","2025-09-14 06:00","2025","09","14","06:00","","10.8","","7.3","","79","","","","","","0","","16.1","","88.33","","","","","","NA"
"-114.01","51.12","CALGARY INTL A","3031092","2025-09-14 07:00","2025","09","14","07:00","","12.1","","8.1","","76","","","","23","","7","","14.5","","88.33","","","","","","NA"
"-114.01","51.12","CALGARY INTL A","3031092","2025-09-14 08:00","2025","09","14","08:00","","14.0","","7.3","","64","","","","23","","12","","14.5","","88.29","","","","","","Clear"
"-114.01","51.12","CALGARY INTL A","3031092","2025-09-14 09:00","2025","09","14","09:00","","16.3","","7.9","","57","","","","19","","8","","16.1","","88.30","","","","","","NA"
"-114.01","51.12","CALGARY INTL A","3031092","2025-09-14 10:00","2025","09","14","10:00","","19.3","","8.9","","50","","","","19","","5","","24.1","","88.29","","","","","","NA"
"-114.01","51.12","CALGARY INTL A","3031092","2025-09-14 11:00","2025","09","14","11:00","","22.0","","8.8","","42","","","","21","","7","","24.1","","88.27","","","","","","Clear"
"-114.01","51.12","CALGARY INTL A","3031092","2025-09-14 12:00","2025","09","14","12:00","","24.2","","4.7","","28","","","","32","","6","","24.1","","88.23","","","","","","NA"
"-114.01","51.12","CALGARY INTL A","3031092","2025-09-14 13:00","2025","09","14","13:00","","25.4","","5.8","","28","","","","32","","7","","24.1","","88.24","","25","","","","NA"
"-114.01","51.12","CALGARY INTL A","3031092","2025-09-14 14:00","2025","09","14","14:00","","26.1","","5.6","","27","","","","34","","11","","24.1","","88.20","","26","","","","Mostly Cloudy"
"-114.01","51.12","CALGARY INTL A","3031092","2025-09-14 15:00","2025","09","14","15:00","","25.6","","4.1","","25","","","","31","","15","","24.1","","88.20","","25","","","","NA"
"-114.01","51.12","CALGARY INTL A","3031092","2025-09-14 16:00","2025","09","14","16:00","","25.4","","4.8","","26","","","","33","","8","","24.1","","88.22","","25","","","","NA"
"-114.01","51.12","CALGARY INTL A","3031092","2025-09-14 17:00","2025","09","14","17:00","","24.1","","5.2","","29","","","","36","","13","","14.5","","88.25","","","","","","Cloudy"
"-114.01","51.12","CALGARY INTL A","3031092","2025-09-14 18:00","2025","09","14","18:00","","22.0","","6.4","","36","","","","36","","10","","19.3","","88.30","","","","","","NA"
"-114.01","51.12","CALGARY INTL A","3031092","2025-09-14 19:00","2025","09","14","19:00","","19.7","","7.5","","45","","","","28","","21","","24.1","","88.36","","","","","","NA"
"-114.01","51.12","CALGARY INTL A","3031092","2025-09-14 20:00","2025","09","14","20:00","","18.2","","8.2","","52","","","","28","","16","","24.1","","88.44","","","","","","Mainly Clear"
"-114.01","51.12","CALGARY INTL A","3031092","2025-09-14 21:00","2025","09","14","21:00","","18.1","","7.5","","49","","","","30","","16","","24.1","","88.46","","","","","","NA"
"-114.01","51.12","CALGARY INTL A","3031092","2025-09-14 22:00","2025","09","14","22:00","","18.3","","7.5","","49","","","","28","","16","","24.1","","88.46","","","","","","NA"
"-114.01","51.12","CALGARY INTL A","3031092","2025-09-14 23:00","2025","09","14","23:00","","17.6","","7.6","","52","","","","","","0","","24.1","","88.48","","","","","","Mainly Clear"
"-114.01","51.12","CALGARY INTL A","3031092","2025-09-15 00:00","2025","09","15","00:00","","15.5","","7.6","","59","","","","31","","3","","24.1","","88.52","","","","","","NA"
"-114.01","51.12","CALGARY INTL A","3031092","2025-09-15 01:00","2025","09","15","01:00","","13.6","","8.6","","72","","","","34","","10","","24.1","","88.58","","","","","","NA"
"-114.01","51.12","CALGARY INTL A","3031092","2025-09-15 02:00","2025","09","15","02:00","","14.8","","8.4","","65","","","","34","","20","","24.1","","88.64","","","","","","Mainly Clear"
"-114.01","51.12","CALGARY INTL A","3031092","2025-09-15 03:00","2025","09","15","03:00","","14.4","","8.6","","68","","","","35","","18","","24.1","","88.67","","","","","","NA"
"-114.01","51.12","CALGARY INTL A","3031092","2025-09-15 04:00","2025","09","15","04:00","","15.3","","8.2","","62","","","","35","","25","","24.1","","88.72","","","","","","NA"
"-114.01","51.12","CALGARY INTL A","3031092","2025-09-15 05:00","2025","09","15","05:00","","14.8","","7.8","","62","","","","34","","25","","24.1","","88.77","","","","","","Mainly Clear"
"-114.01","51.12","CALGARY INTL A","3031092","2025-09-15 06:00","2025","09","15","06:00","","14.3","","7.6","","64","","","","34","","18","","24.1","","88.87","","","","","","NA"
"-114.01","51.12","CALGARY INTL A","3031092","2025-09-15 07:00","2025","09","15","07:00","","14.7","","8.3","","65","","","","34","","25","","24.1","","88.97","","","","","","NA"
"-114.01","51.12","CALGARY INTL A","3031092","2025-09-15 08:00","2025","09","15","08:00","","15.8","","8.8","","63","","","","34","","30","","24.1","","89.04","","","","","","Mostly Cloudy"
"-114.01","51.12","CALGARY INTL A","3031092","2025-09-15 09:00","2025","09","15","09:00","","17.1","","9.2","","60","","","","35","","29","","24.1","","89.14","","","","","","NA"
"-114.01","51.12","CALGARY INTL A","3031092","2025-09-15 10:00","2025","09","15","10:00","","17.6","","10.5","","63","","","","35","","25","","24.1","","89.20","","","","","","NA"
"-114.01","51.12","CALGARY INTL A","3031092","2025-09-15 11:00","2025","09","15","11:00","","19.0","","10.9","","59","","","","35","","32","","24.1","","89.27","","","","","","Cloudy"
"-114.01","51.12","CALGARY INTL A","3031092","2025-09-15 12:00","2025","09","15","12:00","","18.3","","10.6","","60","","","","35","","30","","24.1","","89.30","","","","","","NA"
"-114.01","51.12","CALGARY INTL A","3031092","2025-09-15 13:00","2025","09","15","13:00","","18.2","","10.5","","60","","","","33","","27","","19.3","","89.38","","","","","","NA"
"-114.01","51.12","CALGARY INTL A","3031092","2025-09-15 14:00","2025","09","15","14:00","","19.1","","10.5","","57","","","","34","","25","","19.3","","89.42","","","","","","Mostly Cloudy"
"-114.01","51.12","CALGARY INTL A","3031092","2025-09-15 15:00","2025","09","15","15:00","","19.4","","10.0","","54","","","","34","","26","","24.1","","89.45","","","","","","NA"
"-114.01","51.12","CALGARY INTL A","3031092","2025-09-15 16:00","2025","09","15","16:00","","20.0","","10.0","","52","","","","35","","20","","19.3","","89.47","","","","","","NA"
"-114.01","51.12","CALGARY INTL A","3031092","2025-09-15 17:00","2025","09","15","17:00","","20.4","","9.6","","49","","","","36","","13","","19.3","","89.48","","","","","","Mainly Clear"
"-114.01","51.12","CALGARY INTL A","3031092","2025-09-15 18:00","2025","09","15","18:00","","19.3","","9.2","","51","","","","34","","14","","24.1","","89.53","","","","","","NA"
"-114.01","51.12","CALGARY INTL A","3031092","2025-09-15 19:00","2025","09","15","19:00","","17.6","","9.2","","58","","","","33","","8","","24.1","","89.57","","","","","","NA"
"-114.01","51.12","CALGARY INTL A","3031092","2025-09-15 20:00","2025","09","15","20:00","","17.0","","9.4","","61","","","","30","","5","","24.1","","89.63","","","","","","Mainly Clear"
"-114.01","51.12","CALGARY INTL A","3031092","2025-09-15 21:00","2025","09","15","21:00","","15.0","","9.1","","67","","","","34","","7","","24.1","","89.68","","","","","","NA"
"-114.01","51.12","CALGARY INTL A","3031092","2025-09-15 22:00","2025","09","15","22:00","","13.4","","8.8","","73","","","","2","","4","","24.1","","89.71","","","","","","NA"
"-114.01","51.12","CALGARY INTL A","3031092","2025-09-15 23:00","2025","09","15","23:00","","12.1","","8.0","","76","","","","7","","3","","24.1","","89.78","","","","","","Clear"
"-114.01","51.12","CALGARY INTL A","3031092","2025-09-16 00:00","2025","09","16","00:00","","11.4","","8.1","","80","","","","34","","3","","24.1","","89.82","","","","","","NA"
"-114.01","51.12","CALGARY INTL A","3031092","2025-09-16 01:00","2025","09","16","01:00","","11.0","","7.9","","81","","","","","","0","","24.1","","89.86","","","","","","NA"
"-114.01","51.12","CALGARY INTL A","3031092","2025-09-16 02:00","2025","09","16","02:00","","10.5","","8.2","","86","","","","19","","7","","24.1","","89.87","","","","","","Mainly Clear"
"-114.01","51.12","CALGARY INTL A","3031092","2025-09-16 03:00","2025","09","16","03:00","","9.8","","7.5","","85","","","","35","","4","","24.1","","89.90","","","","","","NA"
"-114.01","51.12","CALGARY INTL A","3031092","2025-09-16 04:00","2025","09","16","04:00","","9.5","","7.2","","86","","","","32","","5","","24.1","","89.92","","","","","","NA"
"-114.01","51.12","CALGARY INTL A","3031092","2025-09-16 05:00","2025","09","16","05:00","","10.1","","7.6","","84","","","","30","","5","","24.1","","89.95","","","","","","Mainly Clear"
"-114.01","51.12","CALGARY INTL A","3031092","2025-09-16 06:00","2025","09","16","06:00","","10.7","","7.7","","82","","","","","","0","","24.1","","90.00","","","","","","NA"
"-114.01","51.12","CALGARY INTL A","3031092","2025-09-16 07:00","2025","09","16","07:00","","10.9","","8.0","","83","","","","","","0","","24.1","","90.03","","","","","","NA"
"-114.01","51.12","CALGARY INTL A","3031092","2025-09-16 08:00","2025","09","16","08:00","","13.3","","9.4","","77","","","","20","","5","","24.1","","90.03","","","","","","Clear"
"-114.01","51.12","CALGARY INTL A","3031092","2025-09-16 09:00","2025","09","16","09:00","","15.8","","10.0","","68","","","","20","","5","","24.1","","90.02","","","","","","NA"
"-114.01","51.12","CALGARY INTL A","3031092","2025-09-16 10:00","2025","09","16","10:00","","18.4","","9.9","","57","","","","19","","10","","24.1","","90.03","","","","","","NA"
"-114.01","51.12","CALGARY INTL A","3031092","2025-09-16 11:00","2025","09","16","11:00","","20.2","","9.8","","50","","","","18","","10","","24.1","","89.99","","","","","","Clear"
"-114.01","51.12","CALGARY INTL A","3031092","2025-09-16 12:00","2025","09","16","12:00","","21.6","","9.8","","46","","","","17","","18","","24.1","","89.95","","","","","","NA"
"-114.01","51.12","CALGARY INTL A","3031092","2025-09-16 13:00","2025","09","16","13:00","","22.7","","6.8","","35","","","","19","","11","","24.1","","89.89","","","","","","NA"
"-114.01","51.12","CALGARY INTL A","3031092","2025-09-16 14:00","2025","09","16","14:00","","23.5","","6.4","","33","","","","16","","15","","24.1","","89.86","","","","","","Clear"
"-114.01","51.12","CALGARY INTL A","3031092","2025-09-16 15:00","2025","09","16","15:00","","23.8","","6.4","","32","","","","19","","9","","24.1","","89.84","","","","","","NA"
"-114.01","51.12","CALGARY INTL A","3031092","2025-09-16 16:00","2025","09","16","16:00","","24.2","","6.6","","32","","","","14","","18","","24.1","","89.82","","","","","","NA"
"-114.01","51.12","CALGARY INTL A","3031092","2025-09-16 17:00","2025","09","16","17:00","","23.5","","6.3","","33","","","","16","","14","","24.1","","89.81","","","","","","Clear"
"-114.01","51.12","CALGARY INTL A","3031092","2025-09-16 18:00","2025","09","16","18:00","","22.5","","6.2","","34","","","","15","","16","","24.1","","89.79","","","","","","NA"
"-114.01","51.12","CALGARY INTL A","3031092","2025-09-16 19:00","2025","09","16","19:00","","21.1","","6.2","","38","","","","13","","12","","24.1","","89.79","","","","","","NA"
"-114.01","51.12","CALGARY INTL A","3031092","2025-09-16 20:00","2025","09","16","20:00","","19.2","","7.0","","45","","","","14","","14","","24.1","","89.83","","","","","","Clear"
"-114.01","51.12","CALGARY INTL A","3031092","2025-09-16 21:00","2025","09","16","21:00","","17.4","","7.1","","50","","","","14","","13","","24.1","","89.82","","","","","","NA"
"-114.01","51.12","CALGARY INTL A","3031092","2025-09-16 22:00","2025","09","16","22:00","","15.8","","7.2","","56","","","","15","","11","","24.1","","89.81","","","","","","NA"
"-114.01","51.12","CALGARY INTL A","3031092","2025-09-16 23:00","2025","09","16","23:00","","14.2","","7.0","","62","","","","16","","10","","24.1","","89.81","","","","","","Clear"
"-114.01","51.12","CALGARY INTL A","3031092","2025-09-17 00:00","2025","09","17","00:00","","13.2","","7.2","","67","","","","17","","9","","24.1","","89.79","","","","","","NA"
"-114.01","51.12","CALGARY INTL A","3031092","2025-09-17 01:00","2025","09","17","01:00","","12.7","","7.3","","70","","","","16","","12","","24.1","","89.80","","","","","","NA"
"-114.01","51.12","CALGARY INTL A","3031092","2025-09-17 02:00","2025","09","17","02:00","","12.8","","6.9","","67","","","","16","","16","","24.1","","89.77","","","","","","Clear"
"-114.01","51.12","CALGARY INTL A","3031092","2025-09-17 03:00","2025","09","17","03:00","","11.2","","6.6","","73","","","","18","","9","","24.1","","89.74","","","","","","NA"
"-114.01","51.12","CALGARY INTL A","3031092","2025-09-17 04:00","2025","09","17","04:00","","11.1","","6.6","","74","","","","20","","5","","24.1","","89.70","","","","","","NA"
"-114.01","51.12","CALGARY INTL A","3031092","2025-09-17 05:00","2025","09","17","05:00","","10.2","","6.8","","79","","","","21","","5","","24.1","","89.67","","","","","","Clear"
"-114.01","51.12","CALGARY INTL A","3031092","2025-09-17 06:00","2025","09","17","06:00","","9.7","","7.1","","84","","","","18","","8","","24.1","","89.65","","","","","","NA"
"-114.01","51.12","CALGARY INTL A","3031092","2025-09-17 07:00","2025","09","17","07:00","","9.9","","7.1","","83","","","","20","","6","","24.1","","89.64","","","","","","NA"
"-114.01","51.12","CALGARY INTL A","3031092","2025-09-17 08:00","2025","09","17","08:00","","12.1","","7.9","","75","","","","22","","7","","24.1","","89.63","","","","","","Clear"
"-114.01","51.12","CALGARY INTL A","3031092","2025-09-17 09:00","2025","09","17","09:00","","14.7","","8.6","","67","","","","18","","7","","24.1","","89.62","","","","","","NA"
"-114.01","51.12","CALGARY INTL A","3031092","2025-09-17 10:00","2025","09","17","10:00","","17.6","","8.4","","54","","","","16","","18","","24.1","","89.62","","","","","","NA"
"-114.01","51.12","CALGARY INTL A","3031092","2025-09-17 11:00","2025","09","17","11:00","","20.1","","9.3","","50","","","","18","","21","","24.1","","89.60","","","","","","Clear"
"-114.01","51.12","CALGARY INTL A","3031092","2025-09-17 12:00","2025","09","17","12:00","","22.6","","9.0","","41","","","","18","","21","","24.1","","89.55","","","","","","NA"
"-114.01","51.12","CALGARY INTL A","3031092","2025-09-17 13:00","2025","09","17","13:00","","24.4","","7.5","","33","","","","17","","28","","24.1","","89.48","","25","","","","NA"
"-114.01","51.12","CALGARY INTL A","3031092","2025-09-17 14:00","2025","09","17","14:00","","25.4","","5.7","","28","","","","18","","28","","24.1","","89.43","","25","","","","Clear"
"-114.01","51.12","CALGARY INTL A","3031092","2025-09-17 15:00","2025","09","17","15:00","","25.8","","5.9","","28","","","","17","","25","","24.1","","89.36","","25","","","","NA"
"-114.01","51.12","CALGARY INTL A","3031092","2025-09-17 16:00","2025","09","17","16:00","","25.9","","5.7","","27","","","","15","","25","","24.1","","89.32","","25","","","","NA"
"-114.01","51.12","CALGARY INTL A","3031092","2025-09-17 17:00","2025","09","17","17:00","","25.5","","7.1","","30","","","","15","","27","","24.1","","89.28","","26","","","","Clear"
"-114.01","51.12","CALGARY INTL A","3031092","2025-09-17 18:00","2025","09","17","18:00","","23.9","","7.4","","34","","","","15","","29","","24.1","","89.25","","","","","","NA"
"-114.01","51.12","CALGARY INTL A","3031092","2025-09-17 19:00","2025","09","17","19:00","","21.2","","7.1","","40","","","","13","","19","","24.1","","89.24","","","","","","NA"
"-114.01","51.12","CALGARY INTL A","3031092","2025-09-17 20:00","2025","09","17","20:00","","19.3","","4.0","","36","","","","15","","24","","24.1","","89.26","","","","","","Clear"
"-114.01","51.12","CALGARY INTL A","3031092","2025-09-17 21:00","2025","09","17","21:00","","16.2","","3.1","","41","","","","18","","13","","32.2","","89.26","","","","","","NA"
"-114.01","51.12","CALGARY INTL A","3031092","2025-09-17 22:00","2025","09","17","22:00","","16.1","","2.4","","39","","","","16","","11","","24.1","","89.26","","","","","","NA"
"-114.01","51.12","CALGARY INTL A","3031092","2025-09-17 23:00","2025","09","17","23:00","","14.5","","2.8","","45","","","","17","","10","","24.1","","89.23","","","","","","Clear"
"-114.01","51.12","CALGARY INTL A","3031092","2025-09-18 00:00","2025","09","18","00:00","","14.0","","2.9","","47","","","","16","","12","","24.1","","89.17","","","","","","NA"
"-114.01","51.12","CALGARY INTL A","3031092","2025-09-18 01:00","2025","09","18","01:00","","12.0","","3.0","","54","","","","16","","8","","24.1","","89.12","","","","","","NA"
"-114.01","51.12","CALGARY INTL A","3031092","2025-09-18 02:00","2025","09","18","02:00","","11.8","","3.6","","57","","","","18","","6","","24.1","","89.10","","","","","","Clear"
"-114.01","51.12","CALGARY INTL A","3031092","2025-09-18 03:00","2025","09","18","03:00","","10.4","","4.5","","66","","","","19","","7","","24.1","","89.09","","","","","","NA"
"-114.01","51.12","CALGARY INTL A","3031092","2025-09-18 04:00","2025","09","18","04:00","","9.0","","4.2","","72","","","","13","","7","","24.1","","89.11","","","","","","NA"
"-114.01","51.12","CALGARY INTL A","3031092","2025-09-18 05:00","2025","09","18","05:00","","9.4","","4.4","","71","","","","18","","6","","24.1","","89.14","","","","","","Clear"
"-114.01","51.12","CALGARY INTL A","3031092","2025-09-18 06:00","2025","09","18","06:00","","9.1","","4.9","","75","","","","22","","14","","24.1","","89.09","","","","","","NA"
"-114.01","51.12","CALGARY INTL A","3031092","2025-09-18 07:00","2025","09","18","07:00","","9.0","","4.9","","75","","","","","","0","","32.2","","89.12","","","","","","NA"
"-114.01","51.12","CALGARY INTL A","3031092","2025-09-18 08:00","2025","09","18","08:00","","11.6","","5.1","","65","","","","","","0","","24.1","","89.15","","","","","","Clear"
"-114.01","51.12","CALGARY INTL A","3031092","2025-09-18 09:00","2025","09","18","09:00","","15.4","","6.0","","53","","","","34","","9","","24.1","","89.18","","","","","","NA"
"-114.01","51.12","CALGARY INTL A","3031092","2025-09-18 10:00","2025","09","18","10:00","","17.9","","6.5","","47","","","","33","","25","","24.1","","89.21","","","","","","NA"
"-114.01","51.12","CALGARY INTL A","3031092","2025-09-18 11:00","2025","09","18","11:00","","18.6","","6.9","","46","","","","36","","21","","24.1","","89.21","","","","","","Clear"
"-114.01","51.12","CALGARY INTL A","3031092","2025-09-18 12:00","2025","09","18","12:00","","19.4","","6.8","","43","","","","35","","24","","24.1","","89.20","","","","","","NA"
"-114.01","51.12","CALGARY INTL A","3031092","2025-09-18 13:00","2025","09","18","13:00","","20.4","","7.1","","42","","","","2","","22","","24.1","","89.18","","","","","","NA"
"-114.01","51.12","CALGARY INTL A","3031092","2025-09-18 14:00","2025","09","18","14:00","","21.0","","7.4","","41","","","","1","","18","","24.1","","89.14","","","","","","Mainly Clear"
"-114.01","51.12","CALGARY INTL A","3031092","2025-09-18 15:00","2025","09","18","15:00","","21.1","","6.9","","40","","","","5","","11","","24.1","","89.12","","","","","","NA"
"-114.01","51.12","CALGARY INTL A","3031092","2025-09-18 16:00","2025","09","18","16:00","","20.4","","6.5","","40","","","","5","","13","","24.1","","89.08","","","","","","NA"
"-114.01","51.12","CALGARY INTL A","3031092","2025-09-18 17:00","2025","09","18","17:00","","21.0","","6.8","","39","","","","6","","7","","24.1","","89.08","","","","","","Mostly Cloudy"
"-114.01","51.12","CALGARY INTL A","3031092","2025-09-18 18:00","2025","09","18","18:00","","19.9","","6.7","","42","","","","7","","7","","24.1","","89.07","","","","","","NA"
"-114.01","51.12","CALGARY INTL A","3031092","2025-09-18 19:00","2025","09","18","19:00","","18.0","","6.2","","46","","","","9","","7","","24.1","","89.07","","","","","","NA"
"-114.01","51.12","CALGARY INTL A","3031092","2025-09-18 20:00","2025","09","18","20:00","","16.6","","6.5","","51","","","","34","","4","","24.1","","89.10","","","","","","Mainly Clear"
"-114.01","51.12","CALGARY INTL A","3031092","2025-09-18 21:00","2025","09","18","21:00","","14.6","","7.1","","60","","","","34","","12","","24.1","","89.14","","","","","","NA"
"-114.01","51.12","CALGARY INTL A","3031092","2025-09-18 22:00","2025","09","18","22:00","","13.8","","6.7","","62","","","","36","","16","","24.1","","89.19","","","","","","NA"
"-114.01","51.12","CALGARY INTL A","3031092","2025-09-18 23:00","2025","09","18","23:00","","13.4","","7.0","","65","","","","35","","17","","24.1","","89.22","","","","","","Mostly Cloudy"
"-114.01","51.12","CALGARY INTL A","3031092","2025-09-19 00:00","2025","09","19","00:00","","13.6","","6.7","","63","","","","1","","17","","24.1","","89.24","","","","","","NA"
"-114.01","51.12","CALGARY INTL A","3031092","2025-09-19 01:00","2025","09","19","01:00","","12.8","","8.2","","73","","","","35","","18","","24.1","","89.29","","","","","","Thunderstorms"
"-114.01","51.12","CALGARY INTL A","3031092","2025-09-19 02:00","2025","09","19","02:00","","12.7","","8.3","","75","","","","28","","13","","24.1","","89.27","","","","","","Thunderstorms"
"-114.01","51.12","CALGARY INTL A","3031092","2025-09-19 03:00","2025","09","19","03:00","","12.1","","8.6","","79","","","","27","","6","","24.1","","89.23","","","","","","NA"
"-114.01","51.12","CALGARY INTL A","3031092","2025-09-19 04:00","2025","09","19","04:00","","10.7","","7.3","","79","","","","1","","9","","24.1","","89.19","","","","","","NA"
"-114.01","51.12","CALGARY INTL A","3031092","2025-09-19 05:00","2025","09","19","05:00","","9.5","","6.8","","83","","","","35","","4","","24.1","","89.18","","","","","","Clear"
"-114.01","51.12","CALGARY INTL A","3031092","2025-09-19 06:00","2025","09","19","06:00","","8.9","","6.6","","85","","","","35","","4","","24.1","","89.19","","","","","","NA"
"-114.01","51.12","CALGARY INTL A","3031092","2025-09-19 07:00","2025","09","19","07:00","","8.8","","6.2","","83","","","","34","","4","","24.1","","89.19","","","","","","NA"
"-114.01","51.12","CALGARY INTL A","3031092","2025-09-19 08:00","2025","09","19","08:00","","10.7","","7.0","","78","","","","35","","4","","24.1","","89.20","","","","","","Clear"
"-114.01","51.12","CALGARY INTL A","3031092","2025-09-19 09:00","2025","09","19","09:00","","14.1","","8.3","","68","","","","35","","5","","24.1","","89.22","","","","","","NA"
"-114.01","51.12","CALGARY INTL A","3031092","2025-09-19 10:00","2025","09","19","10:00","","16.1","","7.6","","57","","","","5","","6","","24.1","","89.20","","","","","","NA"
"-114.01","51.12","CALGARY INTL A","3031092","2025-09-19 11:00","2025","09","19","11:00","","17.3","","8.3","","55","","","","35","","8","","24.1","","89.16","","","","","","Clear"
"-114.01","51.12","CALGARY INTL A","3031092","2025-09-19 12:00","2025","09","19","12:00","","18.6","","7.9","","49","","","","11","","6","","24.1","","89.11","","","","","","NA"
"-114.01","51.12","CALGARY INTL A","3031092","2025-09-19 13:00","2025","09","19","13:00","","20.1","","8.1","","46","","","","17","","10","","24.1","","89.04","","","","","","NA"
"-114.01","51.12","CALGARY INTL A","3031092","2025-09-19 14:00","2025","09","19","14:00","","21.0","","7.6","","42","","","","16","","6","","24.1","","88.97","","","","","","Mainly Clear"
"-114.01","51.12","CALGARY INTL A","3031092","2025-09-19 15:00","2025","09","19","15:00","","21.6","","7.5","","40","","","","14","","9","","24.1","","88.93","","","","","","NA"
"-114.01","51.12","CALGARY INTL A","3031092","2025-09-19 16:00","2025","09","19","16:00","","22.1","","8.1","","40","","","","17","","11","","24.1","","88.90","","","","","","NA"
"-114.01","51.12","CALGARY INTL A","3031092","2025-09-19 17:00","2025","09","19","17:00","","21.4","","7.4","","40","","","","15","","14","","24.1","","88.89","","","","","","Mostly Cloudy"
"-114.01","51.12","CALGARY INTL A","3031092","2025-09-19 18:00","2025","09","19","18:00","","20.8","","7.2","","41","","","","15","","14","","24.1","","88.88","","","","","","NA"
"-114.01","51.12","CALGARY INTL A","3031092","2025-09-19 19:00","2025","09","19","19:00","","19.5","","7.3","","45","","","","15","","9","","24.1","","88.87","","","","","","NA"
"-114.01","51.12","CALGARY INTL A","3031092","2025-09-19 20:00","2025","09","19","20:00","","18.3","","7.4","","49","","","","12","","5","","24.1","","88.88","","","","","","Mainly Clear"
"-114.01","51.12","CALGARY INTL A","3031092","2025-09-19 21:00","2025","09","19","21:00","","17.8","","7.3","","50","","","","21","","4","","24.1","","88.85","","","","","","NA"
"-114.01","51.12","CALGARY INTL A","3031092","2025-09-19 22:00","2025","09","19","22:00","","14.7","","7.4","","61","","","","","","0","","24.1","","88.86","","","","","","NA"
"-114.01","51.12","CALGARY INTL A","3031092","2025-09-19 23:00","2025","09","19","23:00","","13.2","","7.6","","68","","","","","","0","","24.1","","88.84","","","","","","Clear"
"-114.01","51.12","CALGARY INTL A","3031092","2025-09-20 00:00","2025","09","20","00:00","","12.5","","7.2","","70","","","","","","0","","24.1","","88.81","","","","","","NA"
"-114.01","51.12","CALGARY INTL A","3031092","2025-09-20 01:00","2025","09","20","01:00","","11.6","","6.5","","71","","","","","","0","","24.1","","88.78","","","","","","NA"
"-114.01","51.12","CALGARY INTL A","3031092","2025-09-20 02:00","2025","09","20","02:00","","10.6","","6.4","","75","","","","","","0","","24.1","","88.76","","","","","","Clear"
"-114.01","51.12","CALGARY INTL A","3031092","2025-09-20 03:00","2025","09","20","03:00","","10.7","","7.6","","81","","","","","","0","","24.1","","88.72","","","","","","NA"
"-114.01","51.12","CALGARY INTL A","3031092","2025-09-20 04:00","2025","09","20","04:00","","9.6","","7.2","","85","","","","","","0","","24.1","","88.69","","","","","","NA"
"-114.01","51.12","CALGARY INTL A","3031092","2025-09-20 05:00","2025","09","20","05:00","","9.1","","5.7","","79","","","","34","","5","","24.1","","88.67","","","","","","Mainly Clear"
"-114.01","51.12","CALGARY INTL A","3031092","2025-09-20 06:00","2025","09","20","06:00","","9.7","","6.2","","78","","","","11","","4","","24.1","","88.66","","","","","","NA"
"-114.01","51.12","CALGARY INTL A","3031092","2025-09-20 07:00","2025","09","20","07:00","","9.8","","6.8","","82","","","","16","","4","","64.4","","88.66","","","","","","NA"
"-114.01","51.12","CALGARY INTL A","3031092","2025-09-20 08:00","2025","09","20","08:00","","11.9","","7.8","","76","","","","","","0","","48.3","","88.63","","","","","","Mainly Clear"
"-114.01","51.12","CALGARY INTL A","3031092","2025-09-20 09:00","2025","09","20","09:00","","15.0","","7.2","","59","","","","","","0","","48.3","","88.60","","","","","","NA"
"-114.01","51.12","CALGARY INTL A","3031092","2025-09-20 10:00","2025","09","20","10:00","","20.6","","6.7","","40","","","","23","","5","","48.3","","88.57","","","","","","NA"
"-114.01","51.12","CALGARY INTL A","3031092","2025-09-20 11:00","2025","09","20","11:00","","24.3","","3.5","","26","","","","26","","7","","48.3","","88.52","","","","","","Mainly Clear"
"-114.01","51.12","CALGARY INTL A","3031092","2025-09-20 12:00","2025","09","20","12:00","","25.3","","1.8","","21","","","","18","","9","","48.3","","88.47","","","","","","NA"
"-114.01","51.12","CALGARY INTL A","3031092","2025-09-20 13:00","2025","09","20","13:00","","26.8","","3.4","","22","","","","25","","8","","32.2","","88.40","","26","","","","NA"
"-114.01","51.12","CALGARY INTL A","3031092","2025-09-20 14:00","2025","09","20","14:00","","27.6","","3.6","","21","","","","19","","8","","32.2","","88.31","","26","","","","Mainly Clear"
"-114.01","51.12","CALGARY INTL A","3031092","2025-09-20 15:00","2025","09","20","15:00","","27.6","","3.9","","21","","","","18","","12","","32.2","","88.25","","27","","","","NA"
"-114.01","51.12","CALGARY INTL A","3031092","2025-09-20 16:00","2025","09","20","16:00","","26.9","","2.4","","20","","","","19","","6","","64.4","","88.19","","25","","","","NA"
"-114.01","51.12","CALGARY INTL A","3031092","2025-09-20 17:00","2025","09","20","17:00","","26.5","","4.9","","25","","","","30","","4","","48.3","","88.18","","26","","","","Mostly Cloudy"
"-114.01","51.12","CALGARY INTL A","3031092","2025-09-20 18:00","2025","09","20","18:00","","26.7","","2.8","","21","","","","26","","4","","48.3","","88.14","","25","","","","NA"
"-114.01","51.12","CALGARY INTL A","3031092","2025-09-20 19:00","2025","09","20","19:00","","24.8","","1.5","","21","","","","26","","8","","32.2","","88.16","","","","","","NA"
"-114.01","51.12","CALGARY INTL A","3031092","2025-09-20 20:00","2025","09","20","20:00","","22.6","","1.1","","24","","","","27","","14","","24.1","","88.17","","","","","","Clear"
"-114.01","51.12","CALGARY INTL A","3031092","2025-09-20 21:00","2025","09","20","21:00","","21.7","","1.5","","26","","","","27","","11","","24.1","","88.16","","","","","","NA"
"-114.01","51.12","CALGARY INTL A","3031092","2025-09-20 22:00","2025","09","20","22:00","","20.1","","2.0","","30","","","","32","","4","","24.1","","88.14","","","","","","NA"
"-114.01","51.12","CALGARY INTL A","3031092","2025-09-20 23:00","2025","09","20","23:00","","19.1","","2.5","","33","","","","28","","11","","24.1","","88.13","","","","","","Clear"
"-114.01","51.12","CALGARY INTL A","3031092","2025-09-21 00:00","2025","09","21","00:00","","19.3","","2.6","","33","","","","26","","12","","24.1","","88.11","","","","","","NA"
"-114.01","51.12","CALGARY INTL A","3031092","2025-09-21 01:00","2025","09","21","01:00","","18.4","","2.5","","34","","","","23","","7","","24.1","","88.09","","","","","","NA"
"-114.01","51.12","CALGARY INTL A","3031092","2025-09-21 02:00","2025","09","21","02:00","","19.0","","2.1","","32","","","","23","","14","","24.1","","88.09","","","","","","Clear"
"-114.01","51.12","CALGARY INTL A","3031092","2025-09-21 03:00","2025","09","21","03:00","","16.7","","2.5","","38","","","","22","","16","","24.1","","88.07","","","","","","NA"
"-114.01","51.12","CALGARY INTL A","3031092","2025-09-21 04:00","2025","09","21","04:00","","15.8","","2.4","","40","","","","24","","13","","24.1","","88.09","","","","","","NA"
"-114.01","51.12","CALGARY INTL A","3031092","2025-09-21 05:00","2025","09","21","05:00","","13.7","","2.4","","46","","","","22","","8","","24.1","","88.07","","","","","","Clear"
"-114.01","51.12","CALGARY INTL A","3031092","2025-09-21 06:00","2025","09","21","06:00","","13.3","","2.6","","48","","","","22","","8","","24.1","","88.05","","","","","","NA"
"-114.01","51.12","CALGARY INTL A","3031092","2025-09-21 07:00","2025","09","21","07:00","","13.1","","2.7","","49","","","","22","","10","","24.1","","88.03","","","","","","NA"
"-114.01","51.12","CALGARY INTL A","3031092","2025-09-21 08:00","2025","09","21","08:00","","15.2","","3.3","","45","","","","22","","10","","24.1","","88.00","","","","","","Mainly Clear"
"-114.01","51.12","CALGARY INTL A","3031092","2025-09-21 09:00","2025","09","21","09:00","","17.9","","3.7","","39","","","","22","","12","","24.1","","87.97","","","","","","NA"
"-114.01","51.12","CALGARY INTL A","3031092","2025-09-21 10:00","2025","09","21","10:00","","19.8","","4.6","","36","","","","22","","13","","24.1","","87.98","","","","","","NA"
"-114.01","51.12","CALGARY INTL A","3031092","2025-09-21 11:00","2025","09","21","11:00","","22.6","","5.4","","32","","","","20","","8","","24.1","","87.93","","","","","","Mainly Clear"
"-114.01","51.12","CALGARY INTL A","3031092","2025-09-21 12:00","2025","09","21","12:00","","24.6","","1.0","","21","","","","23","","17","","24.1","","87.87","","","","","","NA"
"-114.01","51.12","CALGARY INTL A","3031092","2025-09-21 13:00","2025","09","21","13:00","","24.5","","0.7","","21","","","","23","","21","","24.1","","87.86","","","","","","NA"
"-114.01","51.12","CALGARY INTL A","3031092","2025-09-21 14:00","2025","09","21","14:00","","24.2","","0.8","","21","","","","28","","25","","24.1","","87.85","","","","","","Mostly Cloudy"
"-114.01","51.12","CALGARY INTL A","3031092","2025-09-21 15:00","2025","09","21","15:00","","22.8","","1.2","","24","","","","27","","23","","19.3","","87.84","","","","","","NA"
"-114.01","51.12","CALGARY INTL A","3031092","2025-09-21 16:00","2025","09","21","16:00","","21.9","","1.2","","25","","","","28","","31","","24.1","","87.87","","","","","","NA"
"-114.01","51.12","CALGARY INTL A","3031092","2025-09-21 17:00","2025","09","21","17:00","","21.2","","1.9","","28","","","","28","","28","","24.1","","87.92","","","","","","Cloudy"
"-114.01","51.12","CALGARY INTL A","3031092","2025-09-21 18:00","2025","09","21","18:00","","20.1","","2.2","","30","","","","29","","21","","24.1","","88.02","","","","","","NA"
"-114.01","51.12","CALGARY INTL A","3031092","2025-09-21 19:00","2025","09","21","19:00","","18.8","","4.4","","38","","","","36","","33","","24.1","","88.16","","","","","","NA"
"-114.01","51.12","CALGARY INTL A","3031092","2025-09-21 20:00","2025","09","21","20:00","","13.4","","6.9","","64","","","","36","","44","","24.1","","88.40","","","","","","Cloudy"
"-114.01","51.12","CALGARY INTL A","3031092","2025-09-21 21:00","2025","09","21","21:00","","12.3","","4.9","","60","","","","35","","23","","24.1","","88.50","","","","","","NA"
"-114.01","51.12","CALGARY INTL A","3031092","2025-09-21 22:00","2025","09","21","22:00","","11.7","","4.1","","59","","","","32","","25","","24.1","","88.63","","","","","","Rain"
"-114.01","51.12","CALGARY INTL A","3031092","2025-09-21 23:00","2025","09","21","23:00","","11.4","","1.6","","51","","","","36","","27","","24.1","","88.72","","","","","","Cloudy"
"-114.01","51.12","CALGARY INTL A","3031092","2025-09-22 00:00","2025","09","22","00:00","","11.1","","1.6","","52","","","","34","","15","","24.1","","88.84","","","","","","NA"
"-114.01","51.12","CALGARY INTL A","3031092","2025-09-22 01:00","2025","09","22","01:00","","10.5","","1.7","","54","","","","33","","12","","24.1","","88.87","","","","","","NA"
"-114.01","51.12","CALGARY INTL A","3031092","2025-09-22 02:00","2025","09","22","02:00","","9.9","","0.9","","54","","","","30","","9","","24.1","","88.97","","","","","","Mainly Clear"
"-114.01","51.12","CALGARY INTL A","3031092","2025-09-22 03:00","2025","09","22","03:00","","10.5","","1.4","","53","","","","32","","7","","24.1","","89.01","","","","","","NA"
"-114.01","51.12","CALGARY INTL A","3031092","2025-09-22 04:00","2025","09","22","04:00","","10.3","","1.5","","54","","","","32","","9","","24.1","","89.07","","","","","","NA"
"-114.01","51.12","CALGARY INTL A","3031092","2025-09-22 05:00","2025","09","22","05:00","","10.8","","1.0","","51","","","","26","","6","","24.1","","89.17","","","","","","Mainly Clear"
"-114.01","51.12","CALGARY INTL A","3031092","2025-09-22 06:00","2025","09","22","06:00","","9.5","","3.3","","65","","","","23","","9","","24.1","","89.24","","","","","","NA"
"-114.01","51.12","CALGARY INTL A","3031092","2025-09-22 07:00","2025","09","22","07:00","","9.6","","3.6","","66","","","","22","","9","","64.4","","89.29","","","","","","NA"
"-114.01","51.12","CALGARY INTL A","3031092","2025-09-22 08:00","2025","09","22","08:00","","10.1","","4.0","","66","","","","22","","9","","64.4","","89.35","","","","","","Mainly Clear"
"-114.01","51.12","CALGARY INTL A","3031092","2025-09-22 09:00","2025","09","22","09:00","","12.5","","3.2","","53","","","","21","","10","","64.4","","89.38","","","","","","NA"
"-114.01","51.12","CALGARY INTL A","3031092","2025-09-22 10:00","2025","09","22","10:00","","14.2","","0.1","","38","","","","18","","13","","64.4","","89.39","","","","","","NA"
"-114.01","51.12","CALGARY INTL A","3031092","2025-09-22 11:00","2025","09","22","11:00","","15.4","","-0.8","","33","","","","19","","22","","64.4","","89.34","","","","","","Clear"
"-114.01","51.12","CALGARY INTL A","3031092","2025-09-22 12:00","2025","09","22","12:00","","16.6","","0.3","","33","","","","16","","19","","64.4","","89.32","","","","","","NA"
"-114.01","51.12","CALGARY INTL A","3031092","2025-09-22 13:00","2025","09","22","13:00","","18.0","","0.0","","29","","","","17","","22","","64.4","","89.24","","","","","","NA"
"-114.01","51.12","CALGARY INTL A","3031092","2025-09-22 14:00","2025","09","22","14:00","","18.9","","0.7","","29","","","","18","","19","","64.4","","89.17","","","","","","Mainly Clear"
"-114.01","51.12","CALGARY INTL A","3031092","2025-09-22 15:00","2025","09","22","15:00","","19.6","","1.0","","28","","","","19","","20","","64.4","","89.11","","","","","","NA"
"-114.01","51.12","CALGARY INTL A","3031092","2025-09-22 16:00","2025","09","22","16:00","","20.2","","1.5","","28","","","","17","","17","","64.4","","89.04","","","","","","NA"
"-114.01","51.12","CALGARY INTL A","3031092","2025-09-22 17:00","2025","09","22","17:00","","20.4","","2.1","","29","","","","18","","16","","64.4","","89.02","","","","","","Mainly Clear"
"-114.01","51.12","CALGARY INTL A","3031092","2025-09-22 18:00","2025","09","22","18:00","","18.9","","2.9","","34","","","","16","","19","","64.4","","88.99","","","","","","NA"
"-114.01","51.12","CALGARY INTL A","3031092","2025-09-22 19:00","2025","09","22","19:00","","16.5","","2.2","","38","","","","17","","8","","48.3","","89.00","","","","","","NA"
"-114.01","51.12","CALGARY INTL A","3031092","2025-09-22 20:00","2025","09","22","20:00","","15.6","","2.4","","41","","","","15","","10","","24.1","","89.02","","","","","","Mainly Clear"
"-114.01","51.12","CALGARY INTL A","3031092","2025-09-22 21:00","2025","09","22","21:00","","14.4","","2.2","","44","","","","21","","8","","24.1","","89.03","","","","","","NA"
"-114.01","51.12","CALGARY INTL A","3031092","2025-09-22 22:00","2025","09","22","22:00","","14.1","","2.4","","45","","","","25","","4","","24.1","","89.05","","","","","","NA"
"-114.01","51.12","CALGARY INTL A","3031092","2025-09-22 23:00","2025","09","22","23:00","","13.4","","1.5","","44","","","","23","","14","","24.1","","89.06","","","","","","Clear"
"-114.01","51.12","CALGARY INTL A","3031092","2025-09-23 00:00","2025","09","23","00:00","","12.7","","1.8","","47","","","","22","","10","","24.1","","89.09","","","","","","NA"
"-114.01","51.12","CALGARY INTL A","3031092","2025-09-23 01:00","2025","09","23","01:00","","12.7","","1.9","","48","","","","21","","12","","24.1","","89.07","","","","","","NA"
"-114.01","51.12","CALGARY INTL A","3031092","2025-09-23 02:00","2025","09","23","02:00","","12.6","","2.2","","49","","","","22","","12","","24.1","","89.06","","","","","","Mainly Clear"
"-114.01","51.12","CALGARY INTL A","3031092","2025-09-23 03:00","2025","09","23","03:00","","13.8","","2.7","","47","","","","15","","15","","24.1","","89.06","","","","","","NA"
"-114.01","51.12","CALGARY INTL A","3031092","2025-09-23 04:00","2025","09","23","04:00","","17.9","","1.7","","33","","","","32","","24","","24.1","","89.09","","","","","","NA"
"-114.01","51.12","CALGARY INTL A","3031092","2025-09-23 05:00","2025","09","23","05:00","","18.5","","1.3","","31","","","","28","","23","","24.1","","89.14","","","","","","Mostly Cloudy"
"-114.01","51.12","CALGARY INTL A","3031092","2025-09-23 06:00","2025","09","23","06:00","","17.9","","1.3","","33","","","","27","","23","","24.1","","89.18","","","","","","NA"
"-114.01","51.12","CALGARY INTL A","3031092","2025-09-23 07:00","2025","09","23","07:00","","17.6","","1.8","","34","","","","26","","16","","64.4","","89.25","","","","","","NA"
"-114.01","51.12","CALGARY INTL A","3031092","2025-09-23 08:00","2025","09","23","08:00","","19.1","","2.9","","34","","","","3","","8","","64.4","","89.31","","","","","","Mostly Cloudy"
"-114.01","51.12","CALGARY INTL A","3031092","2025-09-23 09:00","2025","09","23","09:00","","21.1","","4.5","","33","","","","","","0","","64.4","","89.32","","","","","","NA"
"-114.01","51.12","CALGARY INTL A","3031092","2025-09-23 10:00","2025","09","23","10:00","","21.8","","4.9","","33","","","","20","","9","","64.4","","89.30","","","","","","NA"
"-114.01","51.12","CALGARY INTL A","3031092","2025-09-23 11:00","2025","09","23","11:00","","22.6","","5.2","","32","","","","19","","14","","64.4","","89.32","","","","","","Mainly Clear"
"-114.01","51.12","CALGARY INTL A","3031092","2025-09-23 12:00","2025","09","23","12:00","","24.0","","4.7","","28","","","","20","","6","","64.4","","89.30","","","","","","NA"
"-114.01","51.12","CALGARY INTL A","3031092","2025-09-23 13:00","2025","09","23","13:00","","25.2","","2.9","","23","","","","18","","14","","64.4","","89.27","","","","","","NA"
"-114.01","51.12","CALGARY INTL A","3031092","2025-09-23 14:00","2025","09","23","14:00","","26.5","","2.2","","20","","","","16","","16","","64.4","","89.23","","25","","","","Mainly Clear"
"-114.01","51.12","CALGARY INTL A","3031092","2025-09-23 15:00","2025","09","23","15:00","","27.0","","1.8","","19","","","","17","","15","","64.4","","89.19","","25","","","","NA"
"-114.01","51.12","CALGARY INTL A","3031092","2025-09-23 16:00","2025","09","23","16:00","","27.2","","3.0","","21","","","","18","","15","","64.4","","89.15","","26","","","","NA"
"-114.01","51.12","CALGARY INTL A","3031092","2025-09-23 17:00","2025","09","23","17:00","","26.7","","3.4","","22","","","","16","","10","","64.4","","89.13","","25","","","","Mainly Clear"
"-114.01","51.12","CALGARY INTL A","3031092","2025-09-23 18:00","2025","09","23","18:00","","25.1","","3.5","","24","","","","15","","10","","64.4","","89.13","","","","","","NA"
"-114.01","51.12","CALGARY INTL A","3031092","2025-09-23 19:00","2025","09","23","19:00","","21.4","","4.0","","32","","","","6","","3","","32.2","","89.11","","","","","","NA"
"-114.01","51.12","CALGARY INTL A","3031092","2025-09-23 20:00","2025","09","23","20:00","","19.3","","4.4","","37","","","","33","","4","","24.1","","89.12","","","","","","Mainly Clear"
"-114.01","51.12","CALGARY INTL A","3031092","2025-09-23 21:00","2025","09","23","21:00","","20.2","","1.6","","29","","","","33","","10","","24.1","","89.16","","","","","","NA"
"-114.01","51.12","CALGARY INTL A","3031092","2025-09-23 22:00","2025","09","23","22:00","","17.2","","1.7","","35","","","","21","","10","","24.1","","89.14","","","","","","NA"
"-114.01","51.12","CALGARY INTL A","3031092","2025-09-23 23:00","2025","09","23","23:00","","18.5","","1.8","","32","","","","21","","12","","24.1","","89.11","","","","","","Mainly Clear"
"-114.01","51.12","CALGARY INTL A","3031092","2025-09-24 00:00","2025","09","24","00:00","","19.0","","1.8","","31","","","","17","","20","","24.1","","89.09","","","","","","NA"
"-114.01","51.12","CALGARY INTL A","3031092","2025-09-24 01:00","2025","09","24","01:00","","17.4","","1.9","","35","","","","23","","8","","24.1","","89.09","","","","","","NA"
"-114.01","51.12","CALGARY INTL A","3031092","2025-09-24 02:00","2025","09","24","02:00","","13.1","","4.5","","56","","","","5","","16","","24.1","","89.09","","","","","","Mainly Clear"
"-114.01","51.12","CALGARY INTL A","3031092","2025-09-24 03:00","2025","09","24","03:00","","11.6","","5.1","","64","","","","4","","10","","24.1","","89.10","","","","","","NA"
"-114.01","51.12","CALGARY INTL A","3031092","2025-09-24 04:00","2025","09","24","04:00","","9.9","","4.7","","70","","","","1","","18","","24.1","","89.11","","","","","","NA"
"-114.01","51.12","CALGARY INTL A","3031092","2025-09-24 05:00","2025","09","24","05:00","","9.0","","3.4","","68","","","","35","","22","","24.1","","89.19","","","","","","Mainly Clear"
"-114.01","51.12","CALGARY INTL A","3031092","2025-09-24 06:00","2025","09","24","06:00","","8.1","","2.2","","66","","","","35","","23","","24.1","","89.22","","","","","","NA"
"-114.01","51.12","CALGARY INTL A","3031092","2025-09-24 07:00","2025","09","24","07:00","","7.7","","2.1","","67","","","","35","","25","","64.4","","89.30","","","","","","NA"
"-114.01","51.12","CALGARY INTL A","3031092","2025-09-24 08:00","2025","09","24","08:00","","8.9","","2.7","","65","","","","34","","28","","64.4","","89.40","","","","","","Mostly Cloudy"
"-114.01","51.12","CALGARY INTL A","3031092","2025-09-24 09:00","2025","09","24","09:00","","10.7","","2.1","","55","","","","35","","30","","64.4","","89.51","","","","","","NA"
"-114.01","51.12","CALGARY INTL A","3031092","2025-09-24 10:00","2025","09","24","10:00","","11.6","","3.1","","56","","","","35","","30","","64.4","","89.55","","","","","","NA"
"-114.01","51.12","CALGARY INTL A","3031092","2025-09-24 11:00","2025","09","24","11:00","","13.1","","3.4","","51","","","","36","","26","","64.4","","89.52","","","","","","Mostly Cloudy"
"-114.01","51.12","CALGARY INTL A","3031092","2025-09-24 12:00","2025","09","24","12:00","","14.0","","3.1","","48","","","","1","","21","","64.4","","89.49","","","","","","NA"
"-114.01","51.12","CALGARY INTL A","3031092","2025-09-24 13:00","2025","09","24","13:00","","14.7","","3.4","","46","","","","35","","10","","64.4","","89.45","","","","","","NA"
"-114.01","51.12","CALGARY INTL A","3031092","2025-09-24 14:00","2025","09","24","14:00","","15.5","","3.5","","44","","","","3","","14","","48.3","","89.40","","","","","","Mainly Clear"
"-114.01","51.12","CALGARY INTL A","3031092","2025-09-24 15:00","2025","09","24","15:00","","16.1","","3.3","","42","","","","33","","10","","48.3","","89.42","","","","","","NA"
"-114.01","51.12","CALGARY INTL A","3031092","2025-09-24 16:00","2025","09","24","16:00","","16.2","","2.8","","40","","","","3","","10","","48.3","","89.43","","","","","","NA"
"-114.01","51.12","CALGARY INTL A","3031092","2025-09-24 17:00","2025","09","24","17:00","","16.3","","2.9","","40","","","","36","","7","","32.2","","89.47","","","","","","Mainly Clear"
"-114.01","51.12","CALGARY INTL A","3031092","2025-09-24 18:00","2025","09","24","18:00","","15.2","","2.4","","42","","","","8","","7","","32.2","","89.48","","","","","","NA"
"-114.01","51.12","CALGARY INTL A","3031092","2025-09-24 19:00","2025","09","24","19:00","","12.7","","2.7","","50","","","","9","","9","","32.2","","89.52","","","","","","NA"
"-114.01","51.12","CALGARY INTL A","3031092","2025-09-24 20:00","2025","09","24","20:00","","11.2","","2.4","","54","","","","8","","9","","24.1","","89.55","","","","","","Clear"
"-114.01","51.12","CALGARY INTL A","3031092","2025-09-24 21:00","2025","09","24","21:00","","10.9","","2.3","","55","","","","5","","4","","24.1","","89.58","","","","","","NA"
"-114.01","51.12","CALGARY INTL A","3031092","2025-09-24 22:00","2025","09","24","22:00","","10.4","","2.3","","57","","","","10","","14","","24.1","","89.60","","","","","","NA"
"-114.01","51.12","CALGARY INTL A","3031092","2025-09-24 23:00","2025","09","24","23:00","","9.6","","2.4","","61","","","","11","","12","","24.1","","89.57","","","","","","Clear"
"-114.01","51.12","CALGARY INTL A","3031092","2025-09-25 00:00","2025","09","25","00:00","","8.2","","2.0","","65","","","","17","","8","","24.1","","89.54","","","","","","NA"
"-114.01","51.12","CALGARY INTL A","3031092","2025-09-25 01:00","2025","09","25","01:00","","7.0","","1.9","","70","","","","18","","11","","24.1","","89.51","","","","","","NA"
"-114.01","51.12","CALGARY INTL A","3031092","2025-09-25 02:00","2025","09","25","02:00","","6.2","","1.6","","72","","","","18","","13","","24.1","","89.46","","","","","","Clear"
"-114.01","51.12","CALGARY INTL A","3031092","2025-09-25 03:00","2025","09","25","03:00","","6.7","","1.9","","71","","","","19","","15","","24.1","","89.39","","","","","","NA"
"-114.01","51.12","CALGARY INTL A","3031092","2025-09-25 04:00","2025","09","25","04:00","","6.6","","1.6","","70","","","","18","","20","","24.1","","89.32","","","","","","NA"
"-114.01","51.12","CALGARY INTL A","3031092","2025-09-25 05:00","2025","09","25","05:00","","6.7","","1.4","","69","","","","17","","21","","24.1","","89.20","","","","","","Clear"
"-114.01","51.12","CALGARY INTL A","3031092","2025-09-25 06:00","2025","09","25","06:00","","5.7","","1.4","","74","","","","18","","22","","24.1","","89.10","","","","","","NA"
"-114.01","51.12","CALGARY INTL A","3031092","2025-09-25 07:00","2025","09","25","07:00","","5.7","","1.8","","76","","","","17","","15","","24.1","","89.00","","","","","","NA"
"-114.01","51.12","CALGARY INTL A","3031092","2025-09-25 08:00","2025","09","25","08:00","","6.7","","2.2","","73","","","","17","","17","","24.1","","88.92","","","","","","Mainly Clear"
"-114.01","51.12","CALGARY INTL A","3031092","2025-09-25 09:00","2025","09","25","09:00","","8.5","","2.6","","67","","","","19","","14","","24.1","","88.80","","","","","","NA"
"-114.01","51.12","CALGARY INTL A","3031092","2025-09-25 10:00","2025","09","25","10:00","","10.9","","3.2","","59","","","","19","","16","","24.1","","88.70","","","","","","NA"
"-114.01","51.12","CALGARY INTL A","3031092","2025-09-25 11:00","2025","09","25","11:00","","13.2","","4.0","","54","","","","20","","13","","24.1","","88.58","","","","","","Cloudy"
"-114.01","51.12","CALGARY INTL A","3031092","2025-09-25 12:00","2025","09","25","12:00","","15.4","","4.7","","48","","","","19","","13","","24.1","","88.46","","","","","","NA"
"-114.01","51.12","CALGARY INTL A","3031092","2025-09-25 13:00","2025","09","25","13:00","","17.4","","4.7","","43","","","","19","","10","","24.1","","88.34","","","","","","NA"
"-114.01","51.12","CALGARY INTL A","3031092","2025-09-25 14:00","2025","09","25","14:00","","19.6","","5.5","","39","","","","35","","4","","24.1","","88.21","","","","","","Cloudy"
"-114.01","51.12","CALGARY INTL A","3031092","2025-09-25 15:00","2025","09","25","15:00","","22.3","","5.5","","33","","","","1","","9","","24.1","","88.09","","","","","","NA"
"-114.01","51.12","CALGARY INTL A","3031092","2025-09-25 16:00","2025","09","25","16:00","","23.8","","5.3","","30","","","","","","0","","24.1","","88.01","","","","","","NA"
"-114.01","51.12","CALGARY INTL A","3031092","2025-09-25 17:00","2025","09","25","17:00","","23.6","","4.8","","29","","","","10","","7","","24.1","","87.94","","","","","","Mainly Clear"
"-114.01","51.12","CALGARY INTL A","3031092","2025-09-25 18:00","2025","09","25","18:00","","20.1","","6.0","","39","","","","5","","7","","16.1","","87.92","","","","","","NA"
"-114.01","51.12","CALGARY INTL A","3031092","2025-09-25 19:00","2025","09","25","19:00","","18.4","","5.5","","43","","","","33","","4","","16.1","","87.94","","","","","","NA"
"-114.01","51.12","CALGARY INTL A","3031092","2025-09-25 20:00","2025","09","25","20:00","","16.1","","4.4","","46","","","","35","","24","","24.1","","88.06","","","","","","Mostly Cloudy"
"-114.01","51.12","CALGARY INTL A","3031092","2025-09-25 21:00","2025","09","25","21:00","","15.2","","5.3","","51","","","","35","","34","","24.1","","88.17","","","","","","NA"
"-114.01","51.12","CALGARY INTL A","3031092","2025-09-25 22:00","2025","09","25","22:00","","13.7","","4.5","","54","","","","35","","42","","24.1","","88.23","","","","","","NA"
"-114.01","51.12","CALGARY INTL A","3031092","2025-09-25 23:00","2025","09","25","23:00","","12.7","","4.5","","57","","","","36","","32","","24.1","","88.31","","","","","","Mostly Cloudy"
"-114.01","51.12","CALGARY INTL A","3031092","2025-09-26 00:00","2025","09","26","00:00","","11.4","","3.0","","56","","","","35","","41","","24.1","","88.35","","","","","","NA"
"-114.01","51.12","CALGARY INTL A","3031092","2025-09-26 01:00","2025","09","26","01:00","","10.5","","2.5","","58","","","","35","","23","","24.1","","88.46","","","","","","NA"
"-114.01","51.12","CALGARY INTL A","3031092","2025-09-26 02:00","2025","09","26","02:00","","9.1","","2.4","","63","","","","36","","17","","24.1","","88.47","","","","","","Mostly Cloudy"
"-114.01","51.12","CALGARY INTL A","3031092","2025-09-26 03:00","2025","09","26","03:00","","8.0","","2.6","","69","","","","35","","14","","24.1","","88.49","","","","","","NA"
"-114.01","51.12","CALGARY INTL A","3031092","2025-09-26 04:00","2025","09","26","04:00","","7.6","","2.9","","72","","","","35","","13","","24.1","","88.56","","","","","","NA"
"-114.01","51.12","CALGARY INTL A","3031092","2025-09-26 05:00","2025","09","26","05:00","","8.0","","2.6","","69","","","","26","","5","","24.1","","88.60","","","","","","Clear"
"-114.01","51.12","CALGARY INTL A","3031092","2025-09-26 06:00","2025","09","26","06:00","","7.7","","2.5","","69","","","","23","","9","","24.1","","88.61","","","","","","NA"
"-114.01","51.12","CALGARY INTL A","3031092","2025-09-26 07:00","2025","09","26","07:00","","7.3","","2.6","","72","","","","23","","11","","64.4","","88.66","","","","","","NA"
"-114.01","51.12","CALGARY INTL A","3031092","2025-09-26 08:00","2025","09","26","08:00","","8.8","","2.8","","66","","","","23","","14","","64.4","","88.73","","","","","","Mainly Clear"
"-114.01","51.12","CALGARY INTL A","3031092","2025-09-26 09:00","2025","09","26","09:00","","10.7","","2.7","","58","","","","24","","9","","64.4","","88.74","","","","","","NA"
"-114.01","51.12","CALGARY INTL A","3031092","2025-09-26 10:00","2025","09","26","10:00","","13.2","","1.4","","44","","","","17","","18","","64.4","","88.73","","","","","","NA"
"-114.01","51.12","CALGARY INTL A","3031092","2025-09-26 11:00","2025","09","26","11:00","","15.2","","1.1","","38","","","","19","","12","","64.4","","88.71","","","","","","Mainly Clear"
"-114.01","51.12","CALGARY INTL A","3031092","2025-09-26 12:00","2025","09","26","12:00","","17.2","","-1.1","","29","","","","20","","13","","64.4","","88.65","","","","","","NA"
"-114.01","51.12","CALGARY INTL A","3031092","2025-09-26 13:00","2025","09","26","13:00","","18.2","","-7.8","","16","","","","28","","28","","64.4","","88.64","","","","","","NA"
"-114.01","51.12","CALGARY INTL A","3031092","2025-09-26 14:00","2025","09","26","14:00","","18.3","","-7.4","","17","","","","29","","36","","48.3","","88.61","","","","","","Mainly Clear"
"-114.01","51.12","CALGARY INTL A","3031092","2025-09-26 15:00","2025","09","26","15:00","","18.0","","-6.8","","18","","","","29","","38","","48.3","","88.61","","","","","","NA"
"-114.01","51.12","CALGARY INTL A","3031092","2025-09-26 16:00","2025","09","26","16:00","","17.7","","-5.8","","19","","","","30","","24","","48.3","","88.60","","","","","","NA"
"-114.01","51.12","CALGARY INTL A","3031092","2025-09-26 17:00","2025","09","26","17:00","","17.4","","-5.6","","20","","","","29","","23","","48.3","","88.58","","","","","","Mainly Clear"
"-114.01","51.12","CALGARY INTL A","3031092","2025-09-26 18:00","2025","09","26","18:00","","16.6","","-5.3","","22","","","","28","","13","","48.3","","88.52","","","","","","NA"
"-114.01","51.12","CALGARY INTL A","3031092","2025-09-26 19:00","2025","09","26","19:00","","14.8","","-4.7","","26","","","","27","","8","","64.4","","88.49","","","","","","NA"
"-114.01","51.12","CALGARY INTL A","3031092","2025-09-26 20:00","2025","09","26","20:00","","14.1","","-4.5","","27","","","","25","","6","","24.1","","88.48","","","","","","Clear"
"-114.01","51.12","CALGARY INTL A","3031092","2025-09-26 21:00","2025","09","26","21:00","","13.4","","-4.1","","29","","","","25","","7","","24.1","","88.43","","","","","","NA"
"-114.01","51.12","CALGARY INTL A","3031092","2025-09-26 22:00","2025","09","26","22:00","","9.8","","-2.7","","41","","","","23","","7","","24.1","","88.41","","","","","","NA"
"-114.01","51.12","CALGARY INTL A","3031092","2025-09-26 23:00","2025","09","26","23:00","","8.9","","-2.0","","46","","","","21","","5","","24.1","","88.33","","","","","","Clear"
"-114.01","51.12","CALGARY INTL A","3031092","2025-09-27 00:00","2025","09","27","00:00","","7.2","","-1.6","","53","","","","22","","5","","24.1","","88.33","","","","","","NA"
"-114.01","51.12","CALGARY INTL A","3031092","2025-09-27 01:00","2025","09","27","01:00","","13.8","","-1.9","","34","","","","25","","21","","24.1","","88.27","","","","","","NA"
"-114.01","51.12","CALGARY INTL A","3031092","2025-09-27 02:00","2025","09","27","02:00","","12.2","","-2.5","","36","","","","22","","10","","24.1","","88.34","","","","","","Mostly Cloudy"
"-114.01","51.12","CALGARY INTL A","3031092","2025-09-27 03:00","2025","09","27","03:00","","10.2","","-1.7","","43","","","","20","","9","","24.1","","88.36","","","","","","NA"
"-114.01","51.12","CALGARY INTL A","3031092","2025-09-27 04:00","2025","09","27","04:00","","11.7","","-1.8","","39","","","","23","","14","","24.1","","88.41","","","","","","NA"
"-114.01","51.12","CALGARY INTL A","3031092","2025-09-27 05:00","2025","09","27","05:00","","10.0","","-1.4","","45","","","","19","","5","","24.1","","88.43","","","","","","Mainly Clear"
"-114.01","51.12","CALGARY INTL A","3031092","2025-09-27 06:00","2025","09","27","06:00","","9.4","","-1.2","","48","","","","27","","3","","32.2","","88.41","","","","","","NA"
"-114.01","51.12","CALGARY INTL A","3031092","2025-09-27 07:00","2025","09","27","07:00","","7.7","","0.2","","59","","","","18","","9","","64.4","","88.48","","","","","","NA"
"-114.01","51.12","CALGARY INTL A","3031092","2025-09-27 08:00","2025","09","27","08:00","","12.7","","0.1","","42","","","","23","","18","","64.4","","88.49","","","","","","Mostly Cloudy"
"-114.01","51.12","CALGARY INTL A","3031092","2025-09-27 09:00","2025","09","27","09:00","","13.7","","2.5","","47","","","","19","","10","","64.4","","88.46","","","","","","NA"
"-114.01","51.12","CALGARY INTL A","3031092","2025-09-27 10:00","2025","09","27","10:00","","16.5","","2.4","","38","","","","23","","8","","64.4","","88.44","","","","","","NA"
"-114.01","51.12","CALGARY INTL A","3031092","2025-09-27 11:00","2025","09","27","11:00","","16.8","","2.0","","37","","","","21","","14","","64.4","","88.40","","","","","","Mostly Cloudy"
"-114.01","51.12","CALGARY INTL A","3031092","2025-09-27 12:00","2025","09","27","12:00","","18.4","","3.2","","36","","","","23","","12","","64.4","","88.36","","","","","","NA"
"-114.01","51.12","CALGARY INTL A","3031092","2025-09-27 13:00","2025","09","27","13:00","","20.2","","3.4","","33","","","","19","","5","","64.4","","88.30","","","","","","NA"
"-114.01","51.12","CALGARY INTL A","3031092","2025-09-27 14:00","2025","09","27","14:00","","22.6","","3.8","","29","","","","19","","12","","48.3","","88.22","","","","","","Mostly Cloudy"
"-114.01","51.12","CALGARY INTL A","3031092","2025-09-27 15:00","2025","09","27","15:00","","22.8","","3.5","","28","","","","18","","12","","48.3","","88.16","","","","","","NA"
"-114.01","51.12","CALGARY INTL A","3031092","2025-09-27 16:00","2025","09","27","16:00","","23.5","","4.0","","28","","","","21","","9","","32.2","","88.11","","","","","","NA"
"-114.01","51.12","CALGARY INTL A","3031092","2025-09-27 17:00","2025","09","27","17:00","","22.5","","3.4","","28","","","","28","","18","","32.2","","88.07","","","","","","Mostly Cloudy"
"-114.01","51.12","CALGARY INTL A","3031092","2025-09-27 18:00","2025","09","27","18:00","","20.9","","3.1","","31","","","","28","","17","","32.2","","88.06","","","","","","NA"
"-114.01","51.12","CALGARY INTL A","3031092","2025-09-27 19:00","2025","09","27","19:00","","18.6","","2.7","","35","","","","32","","19","","32.2","","88.11","","","","","","NA"
"-114.01","51.12","CALGARY INTL A","3031092","2025-09-27 20:00","2025","09","27","20:00","","16.8","","2.7","","38","","","","29","","12","","24.1","","88.10","","","","","","Clear"
"-114.01","51.12","CALGARY INTL A","3031092","2025-09-27 21:00","2025","09","27","21:00","","16.9","","2.6","","38","","","","29","","10","","24.1","","88.13","","","","","","NA"
"-114.01","51.12","CALGARY INTL A","3031092","2025-09-27 22:00","2025","09","27","22:00","","14.8","","3.5","","46","","","","15","","13","","24.1","","88.17","","","","","","NA"
"-114.01","51.12","CALGARY INTL A","3031092","2025-09-27 23:00","2025","09","27","23:00","","11.1","","1.9","","53","","","","35","","34","","16.1","","88.44","","","","","","Mainly Clear"
"-114.01","51.12","CALGARY INTL A","3031092","2025-09-28 00:00","2025","09","28","00:00","","8.6","","2.6","","66","","","","35","","39","","24.1","","88.64","","","","","","NA"
"-114.01","51.12","CALGARY INTL A","3031092","2025-09-28 01:00","2025","09","28","01:00","","7.7","","3.1","","73","","","","36","","37","","24.1","","88.70","","","","","","NA"
"-114.01","51.12","CALGARY INTL A","3031092","2025-09-28 02:00","2025","09","28","02:00","","6.9","","2.6","","74","","","","35","","36","","24.1","","88.89","","","","","","Mainly Clear"
"-114.01","51.12","CALGARY INTL A","3031092","2025-09-28 03:00","2025","09","28","03:00","","6.1","","2.1","","76","","","","34","","18","","24.1","","88.96","","","","","","NA"
"-114.01","51.12","CALGARY INTL A","3031092","2025-09-28 04:00","2025","09","28","04:00","","5.2","","2.1","","81","","","","32","","8","","24.1","","89.03","","","","","","NA"
"-114.01","51.12","CALGARY INTL A","3031092","2025-09-28 05:00","2025","09","28","05:00","","5.0","","1.8","","80","","","","31","","9","","24.1","","89.09","","","","","","Mostly Cloudy"
"-114.01","51.12","CALGARY INTL A","3031092","2025-09-28 06:00","2025","09","28","06:00","","5.5","","2.1","","78","","","","29","","5","","32.2","","89.10","","","","","","NA"
"-114.01","51.12","CALGARY INTL A","3031092","2025-09-28 07:00","2025","09","28","07:00","","6.0","","2.0","","76","","","","20","","5","","64.4","","89.15","","","","","","NA"
"-114.01","51.12","CALGARY INTL A","3031092","2025-09-28 08:00","2025","09","28","08:00","","6.5","","2.6","","76","","","","18","","5","","64.4","","89.20","","","","","","Mostly Cloudy"
"-114.01","51.12","CALGARY INTL A","3031092","2025-09-28 09:00","2025","09","28","09:00","","8.8","","3.2","","68","","","","21","","7","","64.4","","89.27","","","","","","NA"
"-114.01","51.12","CALGARY INTL A","3031092","2025-09-28 10:00","2025","09","28","10:00","","10.6","","0.8","","51","","","","17","","15","","48.3","","89.24","","","","","","NA"
"-114.01","51.12","CALGARY INTL A","3031092","2025-09-28 11:00","2025","09","28","11:00","","12.2","","2.6","","52","","","","15","","15","","32.2","","89.24","","","","","","Cloudy"
"-114.01","51.12","CALGARY INTL A","3031092","2025-09-28 12:00","2025","09","28","12:00","","12.6","","2.5","","50","","","","18","","21","","32.2","","89.17","","","","","","NA"
"-114.01","51.12","CALGARY INTL A","3031092","2025-09-28 13:00","2025","09","28","13:00","","14.0","","2.1","","44","","","","18","","27","","32.2","","89.11","","","","","","NA"
"-114.01","51.12","CALGARY INTL A","3031092","2025-09-28 14:00","2025","09","28","14:00","","14.9","","2.4","","43","","","","16","","26","","32.2","","89.05","","","","","","Cloudy"
"-114.01","51.12","CALGARY INTL A","3031092","2025-09-28 15:00","2025","09","28","15:00","","15.3","","2.5","","42","","","","16","","26","","32.2","","89.03","","","","","","NA"
"-114.01","51.12","CALGARY INTL A","3031092","2025-09-28 16:00","2025","09","28","16:00","","15.6","","1.7","","39","","","","16","","29","","32.2","","88.97","","","","","","NA"
"-114.01","51.12","CALGARY INTL A","3031092","2025-09-28 17:00","2025","09","28","17:00","","14.5","","2.1","","43","","","","17","","26","","32.2","","88.93","","","","","","Cloudy"
"-114.01","51.12","CALGARY INTL A","3031092","2025-09-28 18:00","2025","09","28","18:00","","13.5","","2.0","","46","","","","17","","27","","32.2","","88.91","","","","","","NA"
"-114.01","51.12","CALGARY INTL A","3031092","2025-09-28 19:00","2025","09","28","19:00","","12.1","","2.2","","51","","","","16","","21","","24.1","","88.89","","","","","","NA"
"-114.01","51.12","CALGARY INTL A","3031092","2025-09-28 20:00","2025","09","28","20:00","","11.0","","1.8","","53","","","","16","","22","","24.1","","88.86","","","","","","Mainly Clear"
"-114.01","51.12","CALGARY INTL A","3031092","2025-09-28 21:00","2025","09","28","21:00","","10.3","","1.6","","55","","","","16","","23","","24.1","","88.84","","","","","","NA"
"-114.01","51.12","CALGARY INTL A","3031092","2025-09-28 22:00","2025","09","28","22:00","","9.4","","1.8","","59","","","","17","","21","","24.1","","88.83","","","","","","NA"
"-114.01","51.12","CALGARY INTL A","3031092","2025-09-28 23:00","2025","09","28","23:00","","8.7","","1.9","","62","","","","16","","22","","24.1","","88.78","","","","","","Clear"
"-114.01","51.12","CALGARY INTL A","3031092","2025-09-29 00:00","2025","09","29","00:00","","9.8","","2.1","","59","","","","17","","23","","24.1","","88.71","","","","","","NA"
"-114.01","51.12","CALGARY INTL A","3031092","2025-09-29 01:00","2025","09","29","01:00","","10.0","","1.9","","57","","","","16","","21","","24.1","","88.68","","","","","","NA"
"-114.01","51.12","CALGARY INTL A","3031092","2025-09-29 02:00","2025","09","29","02:00","","10.1","","1.5","","55","","","","18","","17","","24.1","","88.63","","","","","","Mainly Clear"
"-114.01","51.12","CALGARY INTL A","3031092","2025-09-29 03:00","2025","09","29","03:00","","9.2","","1.8","","60","","","","18","","17","","24.1","","88.58","","","","","","NA"
"-114.01","51.12","CALGARY INTL A","3031092","2025-09-29 04:00","2025","09","29","04:00","","9.0","","2.2","","62","","","","18","","8","","24.1","","88.59","","","","","","NA"
"-114.01","51.12","CALGARY INTL A","3031092","2025-09-29 05:00","2025","09","29","05:00","","7.7","","2.2","","68","","","","18","","12","","24.1","","88.54","","","","","","Mainly Clear"
"-114.01","51.12","CALGARY INTL A","3031092","2025-09-29 06:00","2025","09","29","06:00","","7.6","","2.2","","69","","","","18","","11","","24.1","","88.53","","","","","","NA"
"-114.01","51.12","CALGARY INTL A","3031092","2025-09-29 07:00","2025","09","29","07:00","","8.1","","3.0","","70","","","","18","","11","","48.3","","88.50","","","","","","NA"
"-114.01","51.12","CALGARY INTL A","3031092","2025-09-29 08:00","2025","09","29","08:00","","9.1","","3.4","","67","","","","21","","10","","48.3","","88.48","","","","","","Mostly Cloudy"
"-114.01","51.12","CALGARY INTL A","3031092","2025-09-29 09:00","2025","09","29","09:00","","11.9","","3.4","","56","","","","18","","9","","32.2","","88.49","","","","","","NA"
"-114.01","51.12","CALGARY INTL A","3031092","2025-09-29 10:00","2025","09","29","10:00","","15.6","","4.4","","47","","","","16","","5","","32.2","","88.48","","","","","","NA"
"-114.01","51.12","CALGARY INTL A","3031092","2025-09-29 11:00","2025","09","29","11:00","","20.9","","4.7","","34","","","","17","","20","","32.2","","88.44","","","","","","Mostly Cloudy"
"-114.01","51.12","CALGARY INTL A","3031092","2025-09-29 12:00","2025","09","29","12:00","","23.7","","4.0","","27","","","","16","","32","","32.2","","88.37","","","","","","NA"
"-114.01","51.12","CALGARY INTL A","3031092","2025-09-29 13:00","2025","09","29","13:00","","24.2","","4.7","","28","","","","17","","24","","32.2","","88.32","","","","","","NA"
"-114.01","51.12","CALGARY INTL A","3031092","2025-09-29 14:00","2025","09","29","14:00","","26.4","","3.5","","22","","","","20","","35","","48.3","","88.27","","25","","","","Mostly Cloudy"
"-114.01","51.12","CALGARY INTL A","3031092","2025-09-29 15:00","2025","09","29","15:00","","26.0","","3.2","","23","","","","20","","28","","48.3","","88.26","","25","","","","NA"
"-114.01","51.12","CALGARY INTL A","3031092","2025-09-29 16:00","2025","09","29","16:00","","26.3","","3.6","","23","","","","18","","30","","64.4","","88.25","","25","","","","NA"
"-114.01","51.12","CALGARY INTL A","3031092","2025-09-29 17:00","2025","09","29","17:00","","24.2","","3.6","","26","","","","18","","23","","64.4","","88.25","","","","","","Mostly Cloudy"
"-114.01","51.12","CALGARY INTL A","3031092","2025-09-29 18:00","2025","09","29","18:00","","23.0","","3.6","","28","","","","21","","32","","32.2","","88.21","","","","","","NA"
"-114.01","51.12","CALGARY INTL A","3031092","2025-09-29 19:00","2025","09","29","19:00","","21.3","","3.8","","31","","","","19","","20","","24.1","","88.24","","","","","","NA"
"-114.01","51.12","CALGARY INTL A","3031092","2025-09-29 20:00","2025","09","29","20:00","","19.4","","4.2","","36","","","","18","","17","","24.1","","88.22","","","","","","Mainly Clear"
"-114.01","51.12","CALGARY INTL A","3031092","2025-09-29 21:00","2025","09","29","21:00","","17.5","","4.4","","42","","","","19","","11","","24.1","","88.22","","","","","","NA"
"-114.01","51.12","CALGARY INTL A","3031092","2025-09-29 22:00","2025","09","29","22:00","","17.1","","3.9","","41","","","","16","","11","","24.1","","88.24","","","","","","NA"
"-114.01","51.12","CALGARY INTL A","3031092","2025-09-29 23:00","2025","09","29","23:00","","18.2","","2.9","","36","","","","20","","8","","24.1","","88.24","","","","","","Mostly Cloudy"
"-114.01","51.12","CALGARY INTL A","3031092","2025-09-30 00:00","2025","09","30","00:00","","18.9","","2.3","","33","","","","23","","7","","24.1","","88.21","","","","","","NA"
"-114.01","51.12","CALGARY INTL A","3031092","2025-09-30 01:00","2025","09","30","01:00","","17.7","","2.7","","36","","","","20","","6","","24.1","","88.23","","","","","","NA"
"-114.01","51.12","CALGARY INTL A","3031092","2025-09-30 02:00","2025","09","30","02:00","","17.1","","3.1","","39","","","","22","","7","","24.1","","88.19","","","","","","Mainly Clear"
"-114.01","51.12","CALGARY INTL A","3031092","2025-09-30 03:00","2025","09","30","03:00","","14.1","","3.6","","49","","","","","","0","","24.1","","88.15","","","","","","NA"
"-114.01","51.12","CALGARY INTL A","3031092","2025-09-30 04:00","2025","09","30","04:00","","11.8","","3.2","","56","","","","11","","5","","24.1","","88.16","","","","","","NA"
"-114.01","51.12","CALGARY INTL A","3031092","2025-09-30 05:00","2025","09","30","05:00","","12.2","","3.2","","54","","","","17","","3","","24.1","","88.17","","","","","","Mainly Clear"
"-114.01","51.12","CALGARY INTL A","3031092","2025-09-30 06:00","2025","09","30","06:00","","10.4","","3.5","","62","","","","19","","5","","24.1","","88.15","","","","","","NA"
"-114.01","51.12","CALGARY INTL A","3031092","2025-09-30 07:00","2025","09","30","07:00","","11.0","","3.2","","58","","","","24","","8","","24.1","","88.14","","","","","","NA"
"-114.01","51.12","CALGARY INTL A","3031092","2025-09-30 08:00","2025","09","30","08:00","","11.4","","4.5","","63","","","","","","0","","24.1","","88.10","","","","","","Mostly Cloudy"
"-114.01","51.12","CALGARY INTL A","3031092","2025-09-30 09:00","2025","09","30","09:00","","13.4","","4.3","","54","","","","4","","3","","32.2","","88.08","","","","","","NA"
"-114.01","51.12","CALGARY INTL A","3031092","2025-09-30 10:00","2025","09","30","10:00","","15.3","","4.6","","49","","","","23","","5","","24.1","","88.08","","","","","","NA"
"-114.01","51.12","CALGARY INTL A","3031092","2025-09-30 11:00","2025","09","30","11:00","","17.3","","4.8","","43","","","","2","","13","","19.3","","88.05","","","","","","Rain"
"-114.01","51.12","CALGARY INTL A","3031092","2025-09-30 12:00","2025","09","30","12:00","","17.8","","5.2","","43","","","","30","","7","","32.2","","88.05","","","","","","Rain"
"-114.01","51.12","CALGARY INTL A","3031092","2025-09-30 13:00","2025","09","30","13:00","","19.4","","6.3","","42","","","","35","","5","","32.2","","88.00","","","","","","NA"
"-114.01","51.12","CALGARY INTL A","3031092","2025-09-30 14:00","2025","09","30","14:00","","19.7","","6.0","","40","","","","5","","7","","48.3","","87.98","","","","","","Mostly Cloudy"
"-114.01","51.12","CALGARY INTL A","3031092","2025-09-30 15:00","2025","09","30","15:00","","19.9","","6.0","","40","","","","34","","12","","48.3","","88.00","","","","","","NA"
"-114.01","51.12","CALGARY INTL A","3031092","2025-09-30 16:00","2025","09","30","16:00","","19.9","","6.5","","41","","","","4","","15","","24.1","","88.00","","","","","","NA"
"-114.01","51.12","CALGARY INTL A","3031092","2025-09-30 17:00","2025","09","30","17:00","","16.3","","6.8","","53","","","","4","","16","","24.1","","88.03","","","","","","Mostly Cloudy"
"-114.01","51.12","CALGARY INTL A","3031092","2025-09-30 18:00","2025","09","30","18:00","","14.1","","6.6","","61","","","","5","","12","","24.1","","88.03","","","","","","NA"
"-114.01","51.12","CALGARY INTL A","3031092","2025-09-30 19:00","2025","09","30","19:00","","11.8","","6.1","","68","","","","36","","11","","24.1","","88.04","","","","","","NA"
"-114.01","51.12","CALGARY INTL A","3031092","2025-09-30 20:00","2025","09","30","20:00","","10.5","","5.9","","73","","","","34","","9","","24.1","","88.04","","","","","","Mostly Cloudy"
"-114.01","51.12","CALGARY INTL A","3031092","2025-09-30 21:00","2025","09","30","21:00","","9.5","","5.9","","78","","","","34","","6","","24.1","","88.07","","","","","","NA"
"-114.01","51.12","CALGARY INTL A","3031092","2025-09-30 22:00","2025","09","30","22:00","","10.3","","6.5","","77","","","","36","","7","","24.1","","88.08","","","","","","NA"
"-114.01","51.12","CALGARY INTL A","3031092","2025-09-30 23:00","2025","09","30","23:00","","9.5","","6.8","","83","","","","33","","9","","24.1","","88.07","","","","","","Mostly Cloudy"
