"Longitude (x)","Latitude (y)","Station Name","Climate ID","Date/Time (LST)","Year","Month","Day","Time (LST)","Flag","Temp (°C)","Temp Flag","Dew Point Temp (°C)","Dew Point Temp Flag","Rel Hum (%)","Rel Hum Flag","Precip. Amount (mm)","Precip. Amount Flag","Wind Dir (10s deg)","Wind Dir Flag","Wind Spd (km/h)","Wind Spd Flag","Visibility (km)","Visibility Flag","Stn Press (kPa)","Stn Press Flag","Hmdx","Hmdx Flag","Wind Chill","Wind Chill Flag","Weather"
"-114.01","51.12","CALGARY INTL A","3031092","2025-06-01 00:00","2025","06","01","00:00","","6.7","","1.2","","68","","","","35","","42","","16.1","","88.59","","","","","","Rain"
"-114.01","51.12","CALGARY INTL A","3031092","2025-06-01 01:00","2025","06","01","01:00","","5.8","","2.0","","76","","","","36","","30","","16.1","","88.65","","","","","","NA"
"-114.01","51.12","CALGARY INTL A","3031092","2025-06-01 02:00","2025","06","01","02:00","","6.4","","2.7","","77","","","","35","","27","","12.9","","88.73","","","","","","Rain"
"-114.01","51.12","CALGARY INTL A","3031092","2025-06-01 03:00","2025","06","01","03:00","","6.7","","1.0","","67","","","","36","","22","","16.1","","88.78","","","","","","Rain"
"-114.01","51.12","CALGARY INTL A","3031092","2025-06-01 04:00","2025","06","01","04:00","","6.3","","0.1","","64","","","","32","","14","","16.1","","88.84","","","","","","NA"
"-114.01","51.12","CALGARY INTL A","3031092","2025-06-01 05:00","2025","06","01","05:00","","6.5","","-0.6","","60","","","","29","","14","","16.1","","88.91","","","","","","Mainly Clear"
"-114.01","51.12","CALGARY INTL A","3031092","2025-06-01 06:00","2025","06","01","06:00","","7.3","","-0.1","","59","","","","27","","9","","16.1","","88.98","","","","","","NA"
"-114.01","51.12","CALGARY INTL A","3031092","2025-06-01 07:00","2025","06","01","07:00","","9.4","","-0.4","","50","","","","33","","18","","48.3","","88.99","","","","","","NA"
"-114.01","51.12","CALGARY INTL A","3031092","2025-06-01 08:00","2025","06","01","08:00","","11.3","","-1.2","","42","","","","33","","32","","48.3","","89.04","","","","","","Mostly Cloudy"
"-114.01","51.12","CALGARY INTL A","3031092","2025-06-01 09:00","2025","06","01","09:00","","12.1","","-2.1","","37","","","","33","","14","","48.3","","89.06","","","","","","NA"
"-114.01","51.12","CALGARY INTL A","3031092","2025-06-01 10:00","2025","06","01","10:00","","14.4","","-2.6","","31","","","","34","","19","","64.4","","89.05","","","","","","NA"
"-114.01","51.12","CALGARY INTL A","3031092","2025-06-01 11:00","2025","06","01","11:00","","14.2","","-3.0","","30","","","","36","","18","","64.4","","89.07","","","","","","Mostly Cloudy"
"-114.01","51.12","CALGARY INTL A","3031092","2025-06-01 12:00","2025","06","01","12:00","","14.1","","-2.8","","31","","","","31","","21","","64.4","","89.09","","","","","","NA"
"-114.01","51.12","CALGARY INTL A","3031092","2025-06-01 13:00","2025","06","01","13:00","","16.1","","-2.8","","27","","","","1","","10","","64.4","","89.04","","","","","","NA"
"-114.01","51.12","CALGARY INTL A","3031092","2025-06-01 14:00","2025","06","01","14:00","","13.2","","0.2","","41","","","","36","","33","","64.4","","89.05","","","","","","Mostly Cloudy"
"-114.01","51.12","CALGARY INTL A","3031092","2025-06-01 15:00","2025","06","01","15:00","","13.3","","-1.3","","36","","","","7","","13","","64.4","","89.07","","","","","","Rain Showers"
"-114.01","51.12","CALGARY INTL A","3031092","2025-06-01 16:00","2025","06","01","16:00","","14.0","","-0.3","","37","","","","11","","21","","64.4","","89.07","","","","","","NA"
"-114.01","51.12","CALGARY INTL A","3031092","2025-06-01 17:00","2025","06","01","17:00","","13.7","","-1.3","","35","","","","14","","14","","64.4","","89.07","","","","","","Mostly Cloudy"
"-114.01","51.12","CALGARY INTL A","3031092","2025-06-01 18:00","2025","06","01","18:00","","11.9","","1.0","","47","","","","4","","19","","48.3","","89.11","","","","","","Rain Showers"
"-114.01","51.12","CALGARY INTL A","3031092","2025-06-01 19:00","2025","06","01","19:00","","10.1","","2.5","","59","","","","4","","18","","32.2","","89.19","","","","","","Rain Showers"
"-114.01","51.12","CALGARY INTL A","3031092","2025-06-01 20:00","2025","06","01","20:00","","9.9","","1.7","","56","","","","3","","8","","48.3","","89.21","","","","","","Mostly Cloudy"
"-114.01","51.12","CALGARY INTL A","3031092","2025-06-01 21:00","2025","06","01","21:00","","10.4","","1.9","","56","","","","26","","8","","24.1","","89.27","","","","","","NA"
"-114.01","51.12","CALGARY INTL A","3031092","2025-06-01 22:00","2025","06","01","22:00","","10.1","","-0.2","","49","","","","31","","8","","24.1","","89.30","","","","","","NA"
"-114.01","51.12","CALGARY INTL A","3031092","2025-06-01 23:00","2025","06","01","23:00","","10.0","","-0.7","","47","","","","29","","4","","24.1","","89.33","","","","","","Mostly Cloudy"
"-114.01","51.12","CALGARY INTL A","3031092","2025-06-02 00:00","2025","06","02","00:00","","9.7","","-1.9","","44","","","","32","","8","","24.1","","89.35","","","","","","NA"
"-114.01","51.12","CALGARY INTL A","3031092","2025-06-02 01:00","2025","06","02","01:00","","9.3","","-1.8","","46","","","","23","","10","","24.1","","89.36","","","","","","NA"
"-114.01","51.12","CALGARY INTL A","3031092","2025-06-02 02:00","2025","06","02","02:00","","7.9","","-0.4","","55","","","","30","","12","","24.1","","89.35","","","","","","Mostly Cloudy"
"-114.01","51.12","CALGARY INTL A","3031092","2025-06-02 03:00","2025","06","02","03:00","","7.3","","-2.1","","51","","","","34","","14","","24.1","","89.37","","","","","","NA"
"-114.01","51.12","CALGARY INTL A","3031092","2025-06-02 04:00","2025","06","02","04:00","","5.6","","-1.9","","59","","","","35","","13","","24.1","","89.41","","","","","","NA"
"-114.01","51.12","CALGARY INTL A","3031092","2025-06-02 05:00","2025","06","02","05:00","","6.1","","-1.3","","59","","","","31","","3","","64.4","","89.43","","","","","","Mostly Cloudy"
"-114.01","51.12","CALGARY INTL A","3031092","2025-06-02 06:00","2025","06","02","06:00","","8.1","","-0.1","","56","","","","32","","13","","64.4","","89.45","","","","","","NA"
"-114.01","51.12","CALGARY INTL A","3031092","2025-06-02 07:00","2025","06","02","07:00","","9.9","","0.0","","50","","","","33","","18","","64.4","","89.46","","","","","","NA"
"-114.01","51.12","CALGARY INTL A","3031092","2025-06-02 08:00","2025","06","02","08:00","","10.3","","-0.7","","46","","","","33","","17","","64.4","","89.46","","","","","","Mostly Cloudy"
"-114.01","51.12","CALGARY INTL A","3031092","2025-06-02 09:00","2025","06","02","09:00","","12.6","","-2.6","","34","","","","35","","26","","64.4","","89.45","","","","","","NA"
"-114.01","51.12","CALGARY INTL A","3031092","2025-06-02 10:00","2025","06","02","10:00","","12.8","","-1.8","","36","","","","33","","26","","48.3","","89.43","","","","","","NA"
"-114.01","51.12","CALGARY INTL A","3031092","2025-06-02 11:00","2025","06","02","11:00","","13.0","","-2.2","","35","","","","35","","27","","64.4","","89.42","","","","","","Mostly Cloudy"
"-114.01","51.12","CALGARY INTL A","3031092","2025-06-02 12:00","2025","06","02","12:00","","14.4","","-1.2","","34","","","","34","","18","","48.3","","89.40","","","","","","NA"
"-114.01","51.12","CALGARY INTL A","3031092","2025-06-02 13:00","2025","06","02","13:00","","14.1","","-3.8","","29","","","","32","","18","","48.3","","89.37","","","","","","NA"
"-114.01","51.12","CALGARY INTL A","3031092","2025-06-02 14:00","2025","06","02","14:00","","15.0","","-2.0","","31","","","","36","","17","","32.2","","89.34","","","","","","Mostly Cloudy"
"-114.01","51.12","CALGARY INTL A","3031092","2025-06-02 15:00","2025","06","02","15:00","","15.3","","-4.3","","25","","","","28","","11","","32.2","","89.28","","","","","","NA"
"-114.01","51.12","CALGARY INTL A","3031092","2025-06-02 16:00","2025","06","02","16:00","","16.4","","-3.4","","25","","","","33","","13","","32.2","","89.27","","","","","","NA"
"-114.01","51.12","CALGARY INTL A","3031092","2025-06-02 17:00","2025","06","02","17:00","","16.0","","-4.2","","25","","","","36","","7","","32.2","","89.22","","","","","","Mostly Cloudy"
"-114.01","51.12","CALGARY INTL A","3031092","2025-06-02 18:00","2025","06","02","18:00","","15.8","","-4.6","","24","","","","33","","7","","32.2","","89.19","","","","","","NA"
"-114.01","51.12","CALGARY INTL A","3031092","2025-06-02 19:00","2025","06","02","19:00","","14.8","","-5.4","","24","","","","30","","9","","48.3","","89.17","","","","","","NA"
"-114.01","51.12","CALGARY INTL A","3031092","2025-06-02 20:00","2025","06","02","20:00","","14.3","","-4.5","","27","","","","6","","5","","32.2","","89.16","","","","","","Mainly Clear"
"-114.01","51.12","CALGARY INTL A","3031092","2025-06-02 21:00","2025","06","02","21:00","","12.4","","-3.4","","33","","","","14","","13","","32.2","","89.21","","","","","","NA"
"-114.01","51.12","CALGARY INTL A","3031092","2025-06-02 22:00","2025","06","02","22:00","","12.5","","-3.3","","33","","","","12","","12","","24.1","","89.23","","","","","","NA"
"-114.01","51.12","CALGARY INTL A","3031092","2025-06-02 23:00","2025","06","02","23:00","","12.0","","-3.3","","34","","","","12","","12","","24.1","","89.23","","","","","","Mostly Cloudy"
"-114.01","51.12","CALGARY INTL A","3031092","2025-06-03 00:00","2025","06","03","00:00","","10.3","","-1.8","","43","","","","1","","14","","24.1","","89.25","","","","","","NA"
"-114.01","51.12","CALGARY INTL A","3031092","2025-06-03 01:00","2025","06","03","01:00","","9.8","","-0.4","","49","","","","35","","10","","24.1","","89.25","","","","","","NA"
"-114.01","51.12","CALGARY INTL A","3031092","2025-06-03 02:00","2025","06","03","02:00","","10.8","","0.4","","48","","","","4","","13","","24.1","","89.21","","","","","","Mostly Cloudy"
"-114.01","51.12","CALGARY INTL A","3031092","2025-06-03 03:00","2025","06","03","03:00","","10.5","","-0.6","","46","","","","31","","17","","24.1","","89.23","","","","","","NA"
"-114.01","51.12","CALGARY INTL A","3031092","2025-06-03 04:00","2025","06","03","04:00","","9.7","","-0.6","","48","","","","1","","5","","24.1","","89.20","","","","","","NA"
"-114.01","51.12","CALGARY INTL A","3031092","2025-06-03 05:00","2025","06","03","05:00","","8.4","","2.0","","64","","","","32","","5","","32.2","","89.23","","","","","","Mostly Cloudy"
"-114.01","51.12","CALGARY INTL A","3031092","2025-06-03 06:00","2025","06","03","06:00","","9.7","","-0.9","","48","","","","32","","8","","64.4","","89.24","","","","","","NA"
"-114.01","51.12","CALGARY INTL A","3031092","2025-06-03 07:00","2025","06","03","07:00","","10.7","","-1.6","","42","","","","33","","19","","48.3","","89.23","","","","","","Rain"
"-114.01","51.12","CALGARY INTL A","3031092","2025-06-03 08:00","2025","06","03","08:00","","11.7","","-0.9","","42","","","","32","","21","","48.3","","89.25","","","","","","Mostly Cloudy"
"-114.01","51.12","CALGARY INTL A","3031092","2025-06-03 09:00","2025","06","03","09:00","","11.7","","-2.9","","36","","","","32","","24","","32.2","","89.26","","","","","","NA"
"-114.01","51.12","CALGARY INTL A","3031092","2025-06-03 10:00","2025","06","03","10:00","","13.0","","-3.2","","32","","","","34","","15","","32.2","","89.25","","","","","","NA"
"-114.01","51.12","CALGARY INTL A","3031092","2025-06-03 11:00","2025","06","03","11:00","","13.2","","-3.7","","31","","","","25","","8","","32.2","","89.21","","","","","","Mostly Cloudy"
"-114.01","51.12","CALGARY INTL A","3031092","2025-06-03 12:00","2025","06","03","12:00","","15.1","","-4.3","","26","","","","33","","21","","48.3","","89.18","","","","","","NA"
"-114.01","51.12","CALGARY INTL A","3031092","2025-06-03 13:00","2025","06","03","13:00","","14.5","","-3.7","","28","","","","36","","21","","32.2","","89.15","","","","","","NA"
"-114.01","51.12","CALGARY INTL A","3031092","2025-06-03 14:00","2025","06","03","14:00","","11.1","","-1.1","","43","","","","32","","30","","48.3","","89.18","","","","","","Rain Showers"
"-114.01","51.12","CALGARY INTL A","3031092","2025-06-03 15:00","2025","06","03","15:00","","13.6","","-1.6","","35","","","","18","","4","","48.3","","89.15","","","","","","NA"
"-114.01","51.12","CALGARY INTL A","3031092","2025-06-03 16:00","2025","06","03","16:00","","15.7","","-3.2","","27","","","","30","","22","","32.2","","89.13","","","","","","NA"
"-114.01","51.12","CALGARY INTL A","3031092","2025-06-03 17:00","2025","06","03","17:00","","15.4","","-3.0","","28","","","","33","","9","","48.3","","89.13","","","","","","Mostly Cloudy"
"-114.01","51.12","CALGARY INTL A","3031092","2025-06-03 18:00","2025","06","03","18:00","","14.4","","-2.4","","31","","","","34","","19","","48.3","","89.11","","","","","","NA"
"-114.01","51.12","CALGARY INTL A","3031092","2025-06-03 19:00","2025","06","03","19:00","","13.4","","-2.4","","33","","","","23","","10","","32.2","","89.13","","","","","","NA"
"-114.01","51.12","CALGARY INTL A","3031092","2025-06-03 20:00","2025","06","03","20:00","","11.7","","0.5","","46","","","","3","","25","","24.1","","89.22","","","","","","Mostly Cloudy"
"-114.01","51.12","CALGARY INTL A","3031092","2025-06-03 21:00","2025","06","03","21:00","","10.8","","0.7","","49","","","","4","","10","","24.1","","89.26","","","","","","NA"
"-114.01","51.12","CALGARY INTL A","3031092","2025-06-03 22:00","2025","06","03","22:00","","10.2","","1.2","","53","","","","33","","9","","24.1","","89.30","","","","","","NA"
"-114.01","51.12","CALGARY INTL A","3031092","2025-06-03 23:00","2025","06","03","23:00","","11.0","","1.4","","51","","","","29","","12","","16.1","","89.31","","","","","","Rain"
"-114.01","51.12","CALGARY INTL A","3031092","2025-06-04 00:00","2025","06","04","00:00","","10.0","","2.3","","59","","","","27","","9","","24.1","","89.31","","","","","","NA"
"-114.01","51.12","CALGARY INTL A","3031092","2025-06-04 01:00","2025","06","04","01:00","","9.2","","2.2","","62","","","","32","","12","","24.1","","89.29","","","","","","NA"
"-114.01","51.12","CALGARY INTL A","3031092","2025-06-04 02:00","2025","06","04","02:00","","8.5","","2.4","","65","","","","26","","8","","24.1","","89.28","","","","","","Mostly Cloudy"
"-114.01","51.12","CALGARY INTL A","3031092","2025-06-04 03:00","2025","06","04","03:00","","8.2","","2.8","","69","","","","27","","7","","24.1","","89.25","","","","","","NA"
"-114.01","51.12","CALGARY INTL A","3031092","2025-06-04 04:00","2025","06","04","04:00","","6.6","","2.7","","76","","","","30","","11","","24.1","","89.26","","","","","","NA"
"-114.01","51.12","CALGARY INTL A","3031092","2025-06-04 05:00","2025","06","04","05:00","","7.1","","2.3","","71","","","","30","","5","","19.3","","89.25","","","","","","Mainly Clear"
"-114.01","51.12","CALGARY INTL A","3031092","2025-06-04 06:00","2025","06","04","06:00","","7.9","","2.9","","70","","","","22","","7","","32.2","","89.25","","","","","","NA"
"-114.01","51.12","CALGARY INTL A","3031092","2025-06-04 07:00","2025","06","04","07:00","","10.0","","3.0","","62","","","","26","","7","","48.3","","89.25","","","","","","NA"
"-114.01","51.12","CALGARY INTL A","3031092","2025-06-04 08:00","2025","06","04","08:00","","11.3","","2.9","","56","","","","22","","9","","48.3","","89.25","","","","","","Cloudy"
"-114.01","51.12","CALGARY INTL A","3031092","2025-06-04 09:00","2025","06","04","09:00","","12.6","","3.3","","53","","","","19","","5","","48.3","","89.24","","","","","","NA"
"-114.01","51.12","CALGARY INTL A","3031092","2025-06-04 10:00","2025","06","04","10:00","","13.8","","1.5","","43","","","","13","","8","","48.3","","89.20","","","","","","NA"
"-114.01","51.12","CALGARY INTL A","3031092","2025-06-04 11:00","2025","06","04","11:00","","15.1","","0.6","","37","","","","19","","12","","48.3","","89.17","","","","","","Mostly Cloudy"
"-114.01","51.12","CALGARY INTL A","3031092","2025-06-04 12:00","2025","06","04","12:00","","16.2","","0.6","","35","","","","26","","8","","48.3","","89.13","","","","","","NA"
"-114.01","51.12","CALGARY INTL A","3031092","2025-06-04 13:00","2025","06","04","13:00","","16.7","","-0.6","","31","","","","19","","10","","48.3","","89.09","","","","","","NA"
"-114.01","51.12","CALGARY INTL A","3031092","2025-06-04 14:00","2025","06","04","14:00","","18.2","","-0.1","","29","","","","36","","11","","48.3","","89.06","","","","","","Mostly Cloudy"
"-114.01","51.12","CALGARY INTL A","3031092","2025-06-04 15:00","2025","06","04","15:00","","18.6","","-0.8","","27","","","","2","","16","","48.3","","89.03","","","","","","NA"
"-114.01","51.12","CALGARY INTL A","3031092","2025-06-04 16:00","2025","06","04","16:00","","19.3","","-2.0","","23","","","","15","","13","","32.2","","88.98","","","","","","NA"
"-114.01","51.12","CALGARY INTL A","3031092","2025-06-04 17:00","2025","06","04","17:00","","18.8","","-2.5","","23","","","","2","","4","","32.2","","88.93","","","","","","Mostly Cloudy"
"-114.01","51.12","CALGARY INTL A","3031092","2025-06-04 18:00","2025","06","04","18:00","","18.7","","-1.8","","25","","","","15","","11","","32.2","","88.90","","","","","","NA"
"-114.01","51.12","CALGARY INTL A","3031092","2025-06-04 19:00","2025","06","04","19:00","","17.9","","-0.6","","28","","","","14","","17","","48.3","","88.91","","","","","","NA"
"-114.01","51.12","CALGARY INTL A","3031092","2025-06-04 20:00","2025","06","04","20:00","","17.2","","0.3","","32","","","","16","","16","","48.3","","88.94","","","","","","Mostly Cloudy"
"-114.01","51.12","CALGARY INTL A","3031092","2025-06-04 21:00","2025","06","04","21:00","","15.3","","1.1","","38","","","","33","","18","","24.1","","89.02","","","","","","NA"
"-114.01","51.12","CALGARY INTL A","3031092","2025-06-04 22:00","2025","06","04","22:00","","10.0","","7.0","","82","","","","31","","26","","9.7","","89.26","","","","","","Rain Showers,Fog"
"-114.01","51.12","CALGARY INTL A","3031092","2025-06-04 23:00","2025","06","04","23:00","","10.2","","5.6","","73","","","","21","","9","","8.1","","89.24","","","","","","Rain Showers,Fog"
"-114.01","51.12","CALGARY INTL A","3031092","2025-06-05 00:00","2025","06","05","00:00","","11.8","","4.3","","60","","","","13","","25","","24.1","","89.06","","","","","","NA"
"-114.01","51.12","CALGARY INTL A","3031092","2025-06-05 01:00","2025","06","05","01:00","","11.5","","5.2","","65","","","","23","","8","","24.1","","89.08","","","","","","NA"
"-114.01","51.12","CALGARY INTL A","3031092","2025-06-05 02:00","2025","06","05","02:00","","9.7","","4.3","","69","","","","26","","9","","24.1","","89.12","","","","","","Clear"
"-114.01","51.12","CALGARY INTL A","3031092","2025-06-05 03:00","2025","06","05","03:00","","9.1","","4.2","","71","","","","24","","5","","24.1","","89.12","","","","","","NA"
"-114.01","51.12","CALGARY INTL A","3031092","2025-06-05 04:00","2025","06","05","04:00","","8.2","","3.5","","72","","","","22","","7","","24.1","","89.11","","","","","","NA"
"-114.01","51.12","CALGARY INTL A","3031092","2025-06-05 05:00","2025","06","05","05:00","","9.4","","3.0","","64","","","","26","","3","","24.1","","89.12","","","","","","Mainly Clear"
"-114.01","51.12","CALGARY INTL A","3031092","2025-06-05 06:00","2025","06","05","06:00","","9.5","","3.9","","68","","","","21","","8","","24.1","","89.16","","","","","","NA"
"-114.01","51.12","CALGARY INTL A","3031092","2025-06-05 07:00","2025","06","05","07:00","","10.5","","3.2","","61","","","","23","","14","","64.4","","89.15","","","","","","NA"
"-114.01","51.12","CALGARY INTL A","3031092","2025-06-05 08:00","2025","06","05","08:00","","12.9","","3.4","","52","","","","23","","16","","64.4","","89.17","","","","","","Clear"
"-114.01","51.12","CALGARY INTL A","3031092","2025-06-05 09:00","2025","06","05","09:00","","16.6","","5.4","","47","","","","20","","9","","64.4","","89.17","","","","","","NA"
"-114.01","51.12","CALGARY INTL A","3031092","2025-06-05 10:00","2025","06","05","10:00","","18.5","","2.5","","34","","","","22","","6","","64.4","","89.13","","","","","","NA"
"-114.01","51.12","CALGARY INTL A","3031092","2025-06-05 11:00","2025","06","05","11:00","","19.5","","0.8","","28","","","","10","","8","","64.4","","89.08","","","","","","Cloudy"
"-114.01","51.12","CALGARY INTL A","3031092","2025-06-05 12:00","2025","06","05","12:00","","20.8","","-0.4","","23","","","","18","","13","","64.4","","89.04","","","","","","NA"
"-114.01","51.12","CALGARY INTL A","3031092","2025-06-05 13:00","2025","06","05","13:00","","21.2","","-1.1","","22","","","","19","","16","","48.3","","88.98","","","","","","NA"
"-114.01","51.12","CALGARY INTL A","3031092","2025-06-05 14:00","2025","06","05","14:00","","22.1","","-0.7","","22","","","","18","","13","","32.2","","88.90","","","","","","Cloudy"
"-114.01","51.12","CALGARY INTL A","3031092","2025-06-05 15:00","2025","06","05","15:00","","22.7","","1.3","","24","","","","18","","16","","32.2","","88.84","","","","","","NA"
"-114.01","51.12","CALGARY INTL A","3031092","2025-06-05 16:00","2025","06","05","16:00","","23.5","","0.2","","21","","","","18","","20","","32.2","","88.77","","","","","","NA"
"-114.01","51.12","CALGARY INTL A","3031092","2025-06-05 17:00","2025","06","05","17:00","","23.3","","-0.4","","21","","","","20","","20","","32.2","","88.71","","","","","","Cloudy"
"-114.01","51.12","CALGARY INTL A","3031092","2025-06-05 18:00","2025","06","05","18:00","","23.2","","2.1","","25","","","","18","","23","","32.2","","88.64","","","","","","NA"
"-114.01","51.12","CALGARY INTL A","3031092","2025-06-05 19:00","2025","06","05","19:00","","22.1","","2.1","","26","","","","17","","23","","16.1","","88.62","","","","","","NA"
"-114.01","51.12","CALGARY INTL A","3031092","2025-06-05 20:00","2025","06","05","20:00","","20.6","","1.4","","28","","","","17","","27","","16.1","","88.60","","","","","","Mainly Clear"
"-114.01","51.12","CALGARY INTL A","3031092","2025-06-05 21:00","2025","06","05","21:00","","18.5","","1.6","","32","","","","17","","20","","48.3","","88.59","","","","","","NA"
"-114.01","51.12","CALGARY INTL A","3031092","2025-06-05 22:00","2025","06","05","22:00","","16.8","","2.5","","38","","","","19","","9","","16.1","","88.56","","","","","","NA"
"-114.01","51.12","CALGARY INTL A","3031092","2025-06-05 23:00","2025","06","05","23:00","","16.7","","2.9","","39","","","","18","","11","","16.1","","88.55","","","","","","Mostly Cloudy"
"-114.01","51.12","CALGARY INTL A","3031092","2025-06-06 00:00","2025","06","06","00:00","","15.3","","2.9","","43","","","","18","","7","","16.1","","88.52","","","","","","NA"
"-114.01","51.12","CALGARY INTL A","3031092","2025-06-06 01:00","2025","06","06","01:00","","14.8","","1.8","","41","","","","17","","4","","16.1","","88.48","","","","","","NA"
"-114.01","51.12","CALGARY INTL A","3031092","2025-06-06 02:00","2025","06","06","02:00","","19.1","","-2.4","","23","","","","28","","17","","16.1","","88.48","","","","","","Mostly Cloudy"
"-114.01","51.12","CALGARY INTL A","3031092","2025-06-06 03:00","2025","06","06","03:00","","18.6","","-1.5","","25","","","","29","","16","","16.1","","88.47","","","","","","NA"
"-114.01","51.12","CALGARY INTL A","3031092","2025-06-06 04:00","2025","06","06","04:00","","17.6","","-0.9","","28","","","","25","","12","","16.1","","88.46","","","","","","NA"
"-114.01","51.12","CALGARY INTL A","3031092","2025-06-06 05:00","2025","06","06","05:00","","18.7","","1.7","","32","","","","27","","9","","24.1","","88.48","","","","","","Cloudy"
"-114.01","51.12","CALGARY INTL A","3031092","2025-06-06 06:00","2025","06","06","06:00","","17.2","","4.6","","43","","","","17","","7","","32.2","","88.42","","","","","","NA"
"-114.01","51.12","CALGARY INTL A","3031092","2025-06-06 07:00","2025","06","06","07:00","","18.3","","3.5","","37","","","","23","","4","","64.4","","88.40","","","","","","NA"
"-114.01","51.12","CALGARY INTL A","3031092","2025-06-06 08:00","2025","06","06","08:00","","19.0","","2.4","","33","","","","24","","8","","64.4","","88.37","","","","","","Cloudy"
"-114.01","51.12","CALGARY INTL A","3031092","2025-06-06 09:00","2025","06","06","09:00","","21.2","","2.9","","30","","","","27","","13","","64.4","","88.33","","","","","","NA"
"-114.01","51.12","CALGARY INTL A","3031092","2025-06-06 10:00","2025","06","06","10:00","","22.0","","2.2","","27","","","","31","","17","","64.4","","88.31","","","","","","NA"
"-114.01","51.12","CALGARY INTL A","3031092","2025-06-06 11:00","2025","06","06","11:00","","23.1","","2.3","","25","","","","31","","13","","64.4","","88.26","","","","","","Cloudy"
"-114.01","51.12","CALGARY INTL A","3031092","2025-06-06 12:00","2025","06","06","12:00","","23.6","","2.5","","25","","","","32","","14","","64.4","","88.21","","","","","","NA"
"-114.01","51.12","CALGARY INTL A","3031092","2025-06-06 13:00","2025","06","06","13:00","","24.1","","2.1","","24","","","","22","","24","","64.4","","88.16","","","","","","NA"
"-114.01","51.12","CALGARY INTL A","3031092","2025-06-06 14:00","2025","06","06","14:00","","25.6","","1.4","","20","","","","27","","25","","48.3","","88.09","","","","","","Cloudy"
"-114.01","51.12","CALGARY INTL A","3031092","2025-06-06 15:00","2025","06","06","15:00","","24.8","","1.6","","22","","","","28","","32","","32.2","","88.09","","","","","","NA"
"-114.01","51.12","CALGARY INTL A","3031092","2025-06-06 16:00","2025","06","06","16:00","","24.3","","1.4","","22","","","","28","","29","","32.2","","88.09","","","","","","NA"
"-114.01","51.12","CALGARY INTL A","3031092","2025-06-06 17:00","2025","06","06","17:00","","24.6","","1.1","","21","","","","29","","32","","32.2","","88.06","","","","","","Mostly Cloudy"
"-114.01","51.12","CALGARY INTL A","3031092","2025-06-06 18:00","2025","06","06","18:00","","24.3","","1.1","","22","","","","29","","38","","32.2","","88.07","","","","","","NA"
"-114.01","51.12","CALGARY INTL A","3031092","2025-06-06 19:00","2025","06","06","19:00","","23.1","","1.2","","23","","","","29","","36","","16.1","","88.11","","","","","","NA"
"-114.01","51.12","CALGARY INTL A","3031092","2025-06-06 20:00","2025","06","06","20:00","","21.6","","1.1","","25","","","","27","","28","","24.1","","88.17","","","","","","Mainly Clear"
"-114.01","51.12","CALGARY INTL A","3031092","2025-06-06 21:00","2025","06","06","21:00","","20.1","","1.6","","29","","","","29","","26","","24.1","","88.24","","","","","","NA"
"-114.01","51.12","CALGARY INTL A","3031092","2025-06-06 22:00","2025","06","06","22:00","","18.9","","2.6","","33","","","","35","","22","","16.1","","88.40","","","","","","NA"
"-114.01","51.12","CALGARY INTL A","3031092","2025-06-06 23:00","2025","06","06","23:00","","16.9","","6.8","","51","","","","35","","14","","16.1","","88.51","","","","","","Cloudy"
"-114.01","51.12","CALGARY INTL A","3031092","2025-06-07 00:00","2025","06","07","00:00","","16.2","","2.8","","40","","","","35","","21","","16.1","","88.59","","","","","","NA"
"-114.01","51.12","CALGARY INTL A","3031092","2025-06-07 01:00","2025","06","07","01:00","","15.6","","0.3","","35","","","","36","","26","","16.1","","88.69","","","","","","NA"
"-114.01","51.12","CALGARY INTL A","3031092","2025-06-07 02:00","2025","06","07","02:00","","14.1","","0.7","","40","","","","2","","38","","16.1","","88.77","","","","","","Mostly Cloudy"
"-114.01","51.12","CALGARY INTL A","3031092","2025-06-07 03:00","2025","06","07","03:00","","12.1","","1.1","","47","","","","1","","32","","16.1","","88.88","","","","","","NA"
"-114.01","51.12","CALGARY INTL A","3031092","2025-06-07 04:00","2025","06","07","04:00","","11.5","","1.1","","49","","","","35","","17","","16.1","","88.96","","","","","","NA"
"-114.01","51.12","CALGARY INTL A","3031092","2025-06-07 05:00","2025","06","07","05:00","","11.3","","1.1","","49","","","","33","","15","","24.1","","89.01","","","","","","Cloudy"
"-114.01","51.12","CALGARY INTL A","3031092","2025-06-07 06:00","2025","06","07","06:00","","11.4","","0.7","","47","","","","34","","17","","16.1","","89.10","","","","","","NA"
"-114.01","51.12","CALGARY INTL A","3031092","2025-06-07 07:00","2025","06","07","07:00","","11.7","","-0.2","","44","","","","33","","23","","19.3","","89.13","","","","","","NA"
"-114.01","51.12","CALGARY INTL A","3031092","2025-06-07 08:00","2025","06","07","08:00","","12.4","","-0.7","","40","","","","31","","16","","19.3","","89.19","","","","","","Cloudy"
"-114.01","51.12","CALGARY INTL A","3031092","2025-06-07 09:00","2025","06","07","09:00","","13.6","","-1.6","","35","","","","35","","14","","16.1","","89.21","","","","","","NA"
"-114.01","51.12","CALGARY INTL A","3031092","2025-06-07 10:00","2025","06","07","10:00","","16.0","","-1.6","","30","","","","34","","18","","16.1","","89.20","","","","","","NA"
"-114.01","51.12","CALGARY INTL A","3031092","2025-06-07 11:00","2025","06","07","11:00","","15.8","","-2.3","","29","","","","33","","24","","19.3","","89.21","","","","","","Mostly Cloudy"
"-114.01","51.12","CALGARY INTL A","3031092","2025-06-07 12:00","2025","06","07","12:00","","17.8","","-1.9","","26","","","","35","","33","","24.1","","89.21","","","","","","NA"
"-114.01","51.12","CALGARY INTL A","3031092","2025-06-07 13:00","2025","06","07","13:00","","18.6","","-1.6","","25","","","","32","","22","","19.3","","89.20","","","","","","NA"
"-114.01","51.12","CALGARY INTL A","3031092","2025-06-07 14:00","2025","06","07","14:00","","19.5","","-1.2","","25","","","","1","","23","","16.1","","89.20","","","","","","Mainly Clear"
"-114.01","51.12","CALGARY INTL A","3031092","2025-06-07 15:00","2025","06","07","15:00","","18.8","","-2.8","","23","","","","34","","23","","19.3","","89.22","","","","","","NA"
"-114.01","51.12","CALGARY INTL A","3031092","2025-06-07 16:00","2025","06","07","16:00","","18.8","","-2.3","","24","","","","36","","26","","19.3","","89.25","","","","","","NA"
"-114.01","51.12","CALGARY INTL A","3031092","2025-06-07 17:00","2025","06","07","17:00","","19.4","","-1.6","","24","","","","36","","23","","16.1","","89.28","","","","","","Mainly Clear"
"-114.01","51.12","CALGARY INTL A","3031092","2025-06-07 18:00","2025","06","07","18:00","","17.5","","-2.1","","26","","","","36","","29","","16.1","","89.30","","","","","","NA"
"-114.01","51.12","CALGARY INTL A","3031092","2025-06-07 19:00","2025","06","07","19:00","","17.0","","-2.0","","27","","","","1","","29","","12.9","","89.37","","","","","","NA"
"-114.01","51.12","CALGARY INTL A","3031092","2025-06-07 20:00","2025","06","07","20:00","","15.5","","-1.5","","31","","","","2","","18","","12.9","","89.44","","","","","","Clear"
"-114.01","51.12","CALGARY INTL A","3031092","2025-06-07 21:00","2025","06","07","21:00","","14.2","","-1.6","","33","","","","3","","19","","8.1","","89.51","","","","","","Smoke"
"-114.01","51.12","CALGARY INTL A","3031092","2025-06-07 22:00","2025","06","07","22:00","","12.2","","-1.3","","39","","","","32","","8","","11.3","","89.59","","","","","","NA"
"-114.01","51.12","CALGARY INTL A","3031092","2025-06-07 23:00","2025","06","07","23:00","","11.6","","-1.2","","41","","","","30","","9","","12.9","","89.63","","","","","","Clear"
"-114.01","51.12","CALGARY INTL A","3031092","2025-06-08 00:00","2025","06","08","00:00","","11.7","","-1.4","","40","","","","27","","6","","16.1","","89.66","","","","","","NA"
"-114.01","51.12","CALGARY INTL A","3031092","2025-06-08 01:00","2025","06","08","01:00","","11.1","","-1.2","","42","","","","27","","6","","16.1","","89.65","","","","","","NA"
"-114.01","51.12","CALGARY INTL A","3031092","2025-06-08 02:00","2025","06","08","02:00","","8.9","","-0.7","","51","","","","22","","7","","12.9","","89.62","","","","","","Clear"
"-114.01","51.12","CALGARY INTL A","3031092","2025-06-08 03:00","2025","06","08","03:00","","9.3","","-0.7","","49","","","","25","","9","","12.9","","89.60","","","","","","NA"
"-114.01","51.12","CALGARY INTL A","3031092","2025-06-08 04:00","2025","06","08","04:00","","7.8","","-0.7","","55","","","","15","","5","","12.9","","89.59","","","","","","NA"
"-114.01","51.12","CALGARY INTL A","3031092","2025-06-08 05:00","2025","06","08","05:00","","8.8","","-0.8","","51","","","","3","","6","","9.7","","89.59","","","","","","Smoke"
"-114.01","51.12","CALGARY INTL A","3031092","2025-06-08 06:00","2025","06","08","06:00","","8.2","","0.6","","59","","","","20","","8","","9.7","","89.57","","","","","","Smoke"
"-114.01","51.12","CALGARY INTL A","3031092","2025-06-08 07:00","2025","06","08","07:00","","11.3","","0.3","","46","","","","","","0","","14.5","","89.59","","","","","","NA"
"-114.01","51.12","CALGARY INTL A","3031092","2025-06-08 08:00","2025","06","08","08:00","","15.0","","-0.1","","35","","","","23","","10","","14.5","","89.56","","","","","","Clear"
"-114.01","51.12","CALGARY INTL A","3031092","2025-06-08 09:00","2025","06","08","09:00","","16.6","","-0.1","","32","","","","26","","10","","14.5","","89.54","","","","","","NA"
"-114.01","51.12","CALGARY INTL A","3031092","2025-06-08 10:00","2025","06","08","10:00","","18.6","","0.6","","29","","","","22","","10","","14.5","","89.49","","","","","","NA"
"-114.01","51.12","CALGARY INTL A","3031092","2025-06-08 11:00","2025","06","08","11:00","","20.2","","-1.3","","23","","","","19","","4","","14.5","","89.43","","","","","","Clear"
"-114.01","51.12","CALGARY INTL A","3031092","2025-06-08 12:00","2025","06","08","12:00","","21.7","","-1.6","","21","","","","18","","5","","14.5","","89.38","","","","","","NA"
"-114.01","51.12","CALGARY INTL A","3031092","2025-06-08 13:00","2025","06","08","13:00","","23.4","","-1.5","","19","","","","13","","7","","14.5","","89.30","","","","","","NA"
"-114.01","51.12","CALGARY INTL A","3031092","2025-06-08 14:00","2025","06","08","14:00","","23.8","","-0.5","","20","","","","17","","12","","14.5","","89.22","","","","","","Clear"
"-114.01","51.12","CALGARY INTL A","3031092","2025-06-08 15:00","2025","06","08","15:00","","24.6","","-0.1","","19","","","","14","","8","","24.1","","89.10","","","","","","NA"
"-114.01","51.12","CALGARY INTL A","3031092","2025-06-08 16:00","2025","06","08","16:00","","25.7","","0.8","","19","","","","15","","17","","24.1","","89.03","","","","","","NA"
"-114.01","51.12","CALGARY INTL A","3031092","2025-06-08 17:00","2025","06","08","17:00","","25.6","","1.2","","20","","","","17","","14","","24.1","","88.96","","","","","","Clear"
"-114.01","51.12","CALGARY INTL A","3031092","2025-06-08 18:00","2025","06","08","18:00","","25.4","","2.0","","21","","","","16","","24","","24.1","","88.89","","","","","","NA"
"-114.01","51.12","CALGARY INTL A","3031092","2025-06-08 19:00","2025","06","08","19:00","","24.4","","2.5","","24","","","","16","","26","","24.1","","88.82","","","","","","NA"
"-114.01","51.12","CALGARY INTL A","3031092","2025-06-08 20:00","2025","06","08","20:00","","22.7","","3.5","","28","","","","18","","20","","16.1","","88.79","","","","","","Mainly Clear"
"-114.01","51.12","CALGARY INTL A","3031092","2025-06-08 21:00","2025","06","08","21:00","","20.9","","4.7","","34","","","","19","","13","","24.1","","88.77","","","","","","NA"
"-114.01","51.12","CALGARY INTL A","3031092","2025-06-08 22:00","2025","06","08","22:00","","18.2","","5.2","","42","","","","18","","14","","16.1","","88.75","","","","","","NA"
"-114.01","51.12","CALGARY INTL A","3031092","2025-06-08 23:00","2025","06","08","23:00","","17.4","","5.2","","44","","","","14","","7","","24.1","","88.74","","","","","","Clear"
"-114.01","51.12","CALGARY INTL A","3031092","2025-06-09 00:00","2025","06","09","00:00","","14.6","","5.7","","55","","","","","","0","","24.1","","88.74","","","","","","NA"
"-114.01","51.12","CALGARY INTL A","3031092","2025-06-09 01:00","2025","06","09","01:00","","19.8","","2.7","","32","","","","26","","10","","24.1","","88.69","","","","","","NA"
"-114.01","51.12","CALGARY INTL A","3031092","2025-06-09 02:00","2025","06","09","02:00","","16.8","","2.3","","38","","","","24","","5","","24.1","","88.67","","","","","","Mainly Clear"
"-114.01","51.12","CALGARY INTL A","3031092","2025-06-09 03:00","2025","06","09","03:00","","17.4","","1.6","","34","","","","23","","8","","24.1","","88.65","","","","","","NA"
"-114.01","51.12","CALGARY INTL A","3031092","2025-06-09 04:00","2025","06","09","04:00","","17.2","","1.1","","33","","","","22","","16","","24.1","","88.62","","","","","","NA"
"-114.01","51.12","CALGARY INTL A","3031092","2025-06-09 05:00","2025","06","09","05:00","","14.8","","1.6","","41","","","","20","","10","","64.4","","88.61","","","","","","Mainly Clear"
"-114.01","51.12","CALGARY INTL A","3031092","2025-06-09 06:00","2025","06","09","06:00","","19.6","","0.9","","28","","","","23","","9","","64.4","","88.62","","","","","","NA"
"-114.01","51.12","CALGARY INTL A","3031092","2025-06-09 07:00","2025","06","09","07:00","","22.6","","2.2","","26","","","","29","","10","","56.3","","88.68","","","","","","NA"
"-114.01","51.12","CALGARY INTL A","3031092","2025-06-09 08:00","2025","06","09","08:00","","20.5","","1.5","","28","","","","36","","30","","24.1","","88.78","","","","","","Clear"
"-114.01","51.12","CALGARY INTL A","3031092","2025-06-09 09:00","2025","06","09","09:00","","21.6","","1.6","","26","","","","36","","29","","24.1","","88.76","","","","","","NA"
"-114.01","51.12","CALGARY INTL A","3031092","2025-06-09 10:00","2025","06","09","10:00","","22.9","","2.5","","26","","","","2","","18","","24.1","","88.73","","","","","","NA"
"-114.01","51.12","CALGARY INTL A","3031092","2025-06-09 11:00","2025","06","09","11:00","","23.3","","1.4","","23","","","","4","","18","","24.1","","88.67","","","","","","Clear"
"-114.01","51.12","CALGARY INTL A","3031092","2025-06-09 12:00","2025","06","09","12:00","","24.1","","1.2","","22","","","","6","","16","","19.3","","88.64","","","","","","NA"
"-114.01","51.12","CALGARY INTL A","3031092","2025-06-09 13:00","2025","06","09","13:00","","24.9","","1.6","","22","","","","10","","7","","19.3","","88.56","","","","","","NA"
"-114.01","51.12","CALGARY INTL A","3031092","2025-06-09 14:00","2025","06","09","14:00","","26.4","","1.3","","19","","","","12","","21","","19.3","","88.52","","25","","","","Clear"
"-114.01","51.12","CALGARY INTL A","3031092","2025-06-09 15:00","2025","06","09","15:00","","26.8","","2.1","","20","","","","13","","12","","19.3","","88.47","","25","","","","NA"
"-114.01","51.12","CALGARY INTL A","3031092","2025-06-09 16:00","2025","06","09","16:00","","26.9","","1.4","","19","","","","10","","14","","19.3","","88.46","","25","","","","NA"
"-114.01","51.12","CALGARY INTL A","3031092","2025-06-09 17:00","2025","06","09","17:00","","26.6","","2.2","","20","","","","15","","11","","19.3","","88.44","","25","","","","Clear"
"-114.01","51.12","CALGARY INTL A","3031092","2025-06-09 18:00","2025","06","09","18:00","","25.9","","1.7","","20","","","","9","","19","","24.1","","88.45","","","","","","NA"
"-114.01","51.12","CALGARY INTL A","3031092","2025-06-09 19:00","2025","06","09","19:00","","24.7","","1.2","","21","","","","7","","18","","24.1","","88.52","","","","","","NA"
"-114.01","51.12","CALGARY INTL A","3031092","2025-06-09 20:00","2025","06","09","20:00","","22.0","","1.1","","25","","","","6","","25","","24.1","","88.59","","","","","","Clear"
"-114.01","51.12","CALGARY INTL A","3031092","2025-06-09 21:00","2025","06","09","21:00","","19.2","","1.3","","30","","","","6","","17","","24.1","","88.70","","","","","","NA"
"-114.01","51.12","CALGARY INTL A","3031092","2025-06-09 22:00","2025","06","09","22:00","","17.3","","0.8","","33","","","","5","","14","","24.1","","88.80","","","","","","NA"
"-114.01","51.12","CALGARY INTL A","3031092","2025-06-09 23:00","2025","06","09","23:00","","16.1","","-0.3","","33","","","","3","","12","","24.1","","88.87","","","","","","Clear"
"-114.01","51.12","CALGARY INTL A","3031092","2025-06-10 00:00","2025","06","10","00:00","","14.3","","0.4","","38","","","","33","","11","","24.1","","88.94","","","","","","NA"
"-114.01","51.12","CALGARY INTL A","3031092","2025-06-10 01:00","2025","06","10","01:00","","13.0","","0.6","","43","","","","34","","13","","24.1","","89.03","","","","","","NA"
"-114.01","51.12","CALGARY INTL A","3031092","2025-06-10 02:00","2025","06","10","02:00","","11.4","","-0.4","","44","","","","36","","10","","24.1","","89.10","","","","","","Clear"
"-114.01","51.12","CALGARY INTL A","3031092","2025-06-10 03:00","2025","06","10","03:00","","10.6","","-1.6","","42","","","","35","","11","","24.1","","89.13","","","","","","NA"
"-114.01","51.12","CALGARY INTL A","3031092","2025-06-10 04:00","2025","06","10","04:00","","9.3","","-1.9","","45","","","","35","","10","","24.1","","89.17","","","","","","NA"
"-114.01","51.12","CALGARY INTL A","3031092","2025-06-10 05:00","2025","06","10","05:00","","8.4","","-1.1","","51","","","","36","","5","","24.1","","89.20","","","","","","Mainly Clear"
"-114.01","51.12","CALGARY INTL A","3031092","2025-06-10 06:00","2025","06","10","06:00","","9.4","","-0.1","","51","","","","36","","8","","24.1","","89.20","","","","","","NA"
"-114.01","51.12","CALGARY INTL A","3031092","2025-06-10 07:00","2025","06","10","07:00","","12.9","","-0.9","","38","","","","10","","8","","24.1","","89.20","","","","","","NA"
"-114.01","51.12","CALGARY INTL A","3031092","2025-06-10 08:00","2025","06","10","08:00","","14.4","","-0.9","","35","","","","16","","25","","9.7","","89.21","","","","","","Smoke"
"-114.01","51.12","CALGARY INTL A","3031092","2025-06-10 09:00","2025","06","10","09:00","","15.7","","0.4","","35","","","","15","","22","","8.1","","89.16","","","","","","Smoke"
"-114.01","51.12","CALGARY INTL A","3031092","2025-06-10 10:00","2025","06","10","10:00","","17.5","","0.9","","32","","","","14","","27","","8.1","","89.10","","","","","","Smoke"
"-114.01","51.12","CALGARY INTL A","3031092","2025-06-10 11:00","2025","06","10","11:00","","19.6","","0.5","","28","","","","15","","29","","11.3","","89.05","","","","","","Mainly Clear"
"-114.01","51.12","CALGARY INTL A","3031092","2025-06-10 12:00","2025","06","10","12:00","","20.1","","0.9","","27","","","","16","","26","","12.9","","88.99","","","","","","NA"
"-114.01","51.12","CALGARY INTL A","3031092","2025-06-10 13:00","2025","06","10","13:00","","21.6","","0.5","","24","","","","15","","32","","12.9","","88.93","","","","","","NA"
"-114.01","51.12","CALGARY INTL A","3031092","2025-06-10 14:00","2025","06","10","14:00","","22.7","","-0.4","","21","","","","17","","31","","12.9","","88.86","","","","","","Mostly Cloudy"
"-114.01","51.12","CALGARY INTL A","3031092","2025-06-10 15:00","2025","06","10","15:00","","23.6","","0.2","","21","","","","16","","25","","16.1","","88.82","","","","","","NA"
"-114.01","51.12","CALGARY INTL A","3031092","2025-06-10 16:00","2025","06","10","16:00","","23.4","","0.5","","22","","","","15","","21","","16.1","","88.80","","","","","","NA"
"-114.01","51.12","CALGARY INTL A","3031092","2025-06-10 17:00","2025","06","10","17:00","","23.5","","1.0","","22","","","","15","","22","","16.1","","88.78","","","","","","Mostly Cloudy"
"-114.01","51.12","CALGARY INTL A","3031092","2025-06-10 18:00","2025","06","10","18:00","","22.7","","1.0","","24","","","","18","","17","","16.1","","88.81","","","","","","NA"
"-114.01","51.12","CALGARY INTL A","3031092","2025-06-10 19:00","2025","06","10","19:00","","22.2","","0.9","","24","","","","13","","17","","24.1","","88.82","","","","","","NA"
"-114.01","51.12","CALGARY INTL A","3031092","2025-06-10 20:00","2025","06","10","20:00","","21.0","","0.8","","26","","","","11","","16","","24.1","","88.86","","","","","","Mainly Clear"
"-114.01","51.12","CALGARY INTL A","3031092","2025-06-10 21:00","2025","06","10","21:00","","18.4","","1.5","","32","","","","10","","17","","24.1","","88.92","","","","","","NA"
"-114.01","51.12","CALGARY INTL A","3031092","2025-06-10 22:00","2025","06","10","22:00","","17.9","","0.6","","31","","","","11","","17","","16.1","","88.98","","","","","","NA"
"-114.01","51.12","CALGARY INTL A","3031092","2025-06-10 23:00","2025","06","10","23:00","","16.6","","-1.0","","30","","","","12","","22","","19.3","","89.02","","","","","","Mainly Clear"
"-114.01","51.12","CALGARY INTL A","3031092","2025-06-11 00:00","2025","06","11","00:00","","16.6","","-2.6","","27","","","","15","","25","","16.1","","89.04","","","","","","NA"
"-114.01","51.12","CALGARY INTL A","3031092","2025-06-11 01:00","2025","06","11","01:00","","15.4","","-2.4","","29","","","","18","","22","","4.8","","89.08","","","","","","Smoke"
"-114.01","51.12","CALGARY INTL A","3031092","2025-06-11 02:00","2025","06","11","02:00","","14.6","","-2.2","","31","","","","20","","7","","4.8","","89.12","","","","","","Smoke"
"-114.01","51.12","CALGARY INTL A","3031092","2025-06-11 03:00","2025","06","11","03:00","","15.5","","-3.3","","27","","","","","","0","","4.8","","89.15","","","","","","Smoke"
"-114.01","51.12","CALGARY INTL A","3031092","2025-06-11 04:00","2025","06","11","04:00","","13.2","","-1.0","","37","","","","35","","14","","4.8","","89.18","","","","","","Smoke"
"-114.01","51.12","CALGARY INTL A","3031092","2025-06-11 05:00","2025","06","11","05:00","","10.9","","2.5","","56","","","","35","","14","","14.5","","89.21","","","","","","Mainly Clear"
"-114.01","51.12","CALGARY INTL A","3031092","2025-06-11 06:00","2025","06","11","06:00","","10.9","","2.4","","55","","","","35","","16","","14.5","","89.23","","","","","","NA"
"-114.01","51.12","CALGARY INTL A","3031092","2025-06-11 07:00","2025","06","11","07:00","","11.9","","2.0","","50","","","","36","","20","","8.1","","89.27","","","","","","Smoke"
"-114.01","51.12","CALGARY INTL A","3031092","2025-06-11 08:00","2025","06","11","08:00","","13.7","","1.7","","44","","","","36","","17","","8.1","","89.29","","","","","","Smoke"
"-114.01","51.12","CALGARY INTL A","3031092","2025-06-11 09:00","2025","06","11","09:00","","14.9","","0.9","","38","","","","1","","14","","8.1","","89.29","","","","","","Smoke"
"-114.01","51.12","CALGARY INTL A","3031092","2025-06-11 10:00","2025","06","11","10:00","","16.5","","0.0","","32","","","","2","","10","","6.4","","89.25","","","","","","Smoke"
"-114.01","51.12","CALGARY INTL A","3031092","2025-06-11 11:00","2025","06","11","11:00","","18.4","","-0.2","","28","","","","5","","15","","6.4","","89.21","","","","","","Smoke"
"-114.01","51.12","CALGARY INTL A","3031092","2025-06-11 12:00","2025","06","11","12:00","","19.5","","1.4","","30","","","","11","","14","","6.4","","89.16","","","","","","Smoke"
"-114.01","51.12","CALGARY INTL A","3031092","2025-06-11 13:00","2025","06","11","13:00","","20.4","","2.2","","30","","","","8","","14","","6.4","","89.13","","","","","","Smoke"
"-114.01","51.12","CALGARY INTL A","3031092","2025-06-11 14:00","2025","06","11","14:00","","21.1","","1.6","","27","","","","13","","7","","4.8","","89.09","","","","","","Smoke"
"-114.01","51.12","CALGARY INTL A","3031092","2025-06-11 15:00","2025","06","11","15:00","","21.7","","2.6","","28","","","","13","","11","","6.4","","89.04","","","","","","Smoke"
"-114.01","51.12","CALGARY INTL A","3031092","2025-06-11 16:00","2025","06","11","16:00","","22.6","","3.9","","29","","","","14","","14","","6.4","","89.01","","","","","","Smoke"
"-114.01","51.12","CALGARY INTL A","3031092","2025-06-11 17:00","2025","06","11","17:00","","22.9","","4.1","","29","","","","16","","17","","4.8","","88.98","","","","","","Smoke"
"-114.01","51.12","CALGARY INTL A","3031092","2025-06-11 18:00","2025","06","11","18:00","","21.4","","4.4","","32","","","","17","","4","","6.4","","88.98","","","","","","Smoke"
"-114.01","51.12","CALGARY INTL A","3031092","2025-06-11 19:00","2025","06","11","19:00","","21.2","","3.7","","31","","","","27","","7","","6.4","","88.94","","","","","","Smoke"
"-114.01","51.12","CALGARY INTL A","3031092","2025-06-11 20:00","2025","06","11","20:00","","21.0","","3.8","","32","","","","27","","8","","6.4","","89.00","","","","","","Smoke"
"-114.01","51.12","CALGARY INTL A","3031092","2025-06-11 21:00","2025","06","11","21:00","","20.3","","3.8","","33","","","","30","","5","","6.4","","89.04","","","","","","Smoke"
"-114.01","51.12","CALGARY INTL A","3031092","2025-06-11 22:00","2025","06","11","22:00","","18.6","","2.8","","34","","","","12","","13","","8.1","","89.09","","","","","","Smoke"
"-114.01","51.12","CALGARY INTL A","3031092","2025-06-11 23:00","2025","06","11","23:00","","17.6","","3.1","","38","","","","16","","10","","8.1","","89.09","","","","","","Smoke"
"-114.01","51.12","CALGARY INTL A","3031092","2025-06-12 00:00","2025","06","12","00:00","","16.2","","8.2","","59","","","","27","","10","","8.1","","89.09","","","","","","Smoke"
"-114.01","51.12","CALGARY INTL A","3031092","2025-06-12 01:00","2025","06","12","01:00","","13.7","","10.3","","80","","","","28","","16","","8.1","","89.04","","","","","","Smoke"
"-114.01","51.12","CALGARY INTL A","3031092","2025-06-12 02:00","2025","06","12","02:00","","13.2","","10.9","","86","","","","3","","13","","9.7","","88.96","","","","","","Rain,Smoke"
"-114.01","51.12","CALGARY INTL A","3031092","2025-06-12 03:00","2025","06","12","03:00","","13.2","","11.0","","87","","","","6","","8","","11.3","","88.98","","","","","","NA"
"-114.01","51.12","CALGARY INTL A","3031092","2025-06-12 04:00","2025","06","12","04:00","","12.6","","9.5","","81","","","","6","","7","","11.3","","88.97","","","","","","NA"
"-114.01","51.12","CALGARY INTL A","3031092","2025-06-12 05:00","2025","06","12","05:00","","11.8","","7.2","","73","","","","6","","3","","9.7","","88.97","","","","","","Smoke"
"-114.01","51.12","CALGARY INTL A","3031092","2025-06-12 06:00","2025","06","12","06:00","","11.7","","7.7","","76","","","","15","","20","","9.7","","88.96","","","","","","Smoke"
"-114.01","51.12","CALGARY INTL A","3031092","2025-06-12 07:00","2025","06","12","07:00","","12.3","","8.4","","77","","","","19","","11","","8.1","","88.95","","","","","","Smoke"
"-114.01","51.12","CALGARY INTL A","3031092","2025-06-12 08:00","2025","06","12","08:00","","14.2","","9.1","","71","","","","18","","9","","8.1","","88.93","","","","","","Smoke"
"-114.01","51.12","CALGARY INTL A","3031092","2025-06-12 09:00","2025","06","12","09:00","","15.2","","8.4","","64","","","","16","","14","","8.1","","88.92","","","","","","Smoke"
"-114.01","51.12","CALGARY INTL A","3031092","2025-06-12 10:00","2025","06","12","10:00","","17.2","","8.1","","55","","","","17","","14","","8.1","","88.89","","","","","","Smoke"
"-114.01","51.12","CALGARY INTL A","3031092","2025-06-12 11:00","2025","06","12","11:00","","16.2","","8.2","","59","","","","13","","18","","8.1","","88.88","","","","","","Smoke"
"-114.01","51.12","CALGARY INTL A","3031092","2025-06-12 12:00","2025","06","12","12:00","","16.1","","8.9","","62","","","","14","","21","","8.1","","88.86","","","","","","Smoke"
"-114.01","51.12","CALGARY INTL A","3031092","2025-06-12 13:00","2025","06","12","13:00","","16.5","","9.7","","64","","","","12","","26","","6.4","","88.82","","","","","","Smoke"
"-114.01","51.12","CALGARY INTL A","3031092","2025-06-12 14:00","2025","06","12","14:00","","15.4","","9.6","","68","","","","14","","25","","8.1","","88.83","","","","","","Smoke"
"-114.01","51.12","CALGARY INTL A","3031092","2025-06-12 15:00","2025","06","12","15:00","","14.8","","10.0","","73","","","","13","","21","","8.1","","88.81","","","","","","Smoke"
"-114.01","51.12","CALGARY INTL A","3031092","2025-06-12 16:00","2025","06","12","16:00","","15.0","","10.7","","75","","","","14","","25","","8.1","","88.77","","","","","","Smoke"
"-114.01","51.12","CALGARY INTL A","3031092","2025-06-12 17:00","2025","06","12","17:00","","16.4","","9.4","","63","","","","14","","23","","14.5","","88.71","","","","","","Cloudy"
"-114.01","51.12","CALGARY INTL A","3031092","2025-06-12 18:00","2025","06","12","18:00","","15.2","","9.7","","69","","","","17","","23","","9.7","","88.73","","","","","","Smoke"
"-114.01","51.12","CALGARY INTL A","3031092","2025-06-12 19:00","2025","06","12","19:00","","13.2","","10.5","","84","","","","19","","23","","8.1","","88.72","","","","","","Rain Showers"
"-114.01","51.12","CALGARY INTL A","3031092","2025-06-12 20:00","2025","06","12","20:00","","12.5","","11.4","","93","","","","17","","11","","6.4","","88.76","","","","","","Rain Showers,Fog,Smoke"
"-114.01","51.12","CALGARY INTL A","3031092","2025-06-12 21:00","2025","06","12","21:00","","12.5","","11.4","","93","","","","14","","23","","6.4","","88.71","","","","","","Rain Showers,Fog,Smoke"
"-114.01","51.12","CALGARY INTL A","3031092","2025-06-12 22:00","2025","06","12","22:00","","12.3","","11.0","","92","","","","15","","16","","4.8","","88.67","","","","","","Fog,Smoke"
"-114.01","51.12","CALGARY INTL A","3031092","2025-06-12 23:00","2025","06","12","23:00","","12.3","","11.2","","93","","","","18","","14","","4.8","","88.67","","","","","","Fog,Smoke"
"-114.01","51.12","CALGARY INTL A","3031092","2025-06-13 00:00","2025","06","13","00:00","","12.5","","11.2","","91","","","","17","","16","","4.8","","88.60","","","","","","Fog,Smoke"
"-114.01","51.12","CALGARY INTL A","3031092","2025-06-13 01:00","2025","06","13","01:00","","12.3","","11.1","","92","","","","15","","17","","4.8","","88.55","","","","","","Fog,Smoke"
"-114.01","51.12","CALGARY INTL A","3031092","2025-06-13 02:00","2025","06","13","02:00","","12.2","","11.4","","95","","","","16","","11","","4.8","","88.52","","","","","","Fog"
"-114.01","51.12","CALGARY INTL A","3031092","2025-06-13 03:00","2025","06","13","03:00","","11.9","","11.4","","96","","","","14","","13","","1.2","","88.51","","","","","","Fog"
"-114.01","51.12","CALGARY INTL A","3031092","2025-06-13 04:00","2025","06","13","04:00","","12.2","","11.6","","96","","","","14","","8","","2.4","","88.49","","","","","","Fog"
"-114.01","51.12","CALGARY INTL A","3031092","2025-06-13 05:00","2025","06","13","05:00","","12.6","","11.5","","93","","","","16","","12","","2.8","","88.49","","","","","","Fog"
"-114.01","51.12","CALGARY INTL A","3031092","2025-06-13 06:00","2025","06","13","06:00","","12.8","","11.3","","91","","","","17","","13","","6.4","","88.46","","","","","","Fog"
"-114.01","51.12","CALGARY INTL A","3031092","2025-06-13 07:00","2025","06","13","07:00","","13.8","","11.1","","83","","","","14","","10","","9.7","","88.41","","","","","","Fog"
"-114.01","51.12","CALGARY INTL A","3031092","2025-06-13 08:00","2025","06","13","08:00","","14.9","","11.0","","77","","","","20","","14","","9.7","","88.43","","","","","","Fog"
"-114.01","51.12","CALGARY INTL A","3031092","2025-06-13 09:00","2025","06","13","09:00","","16.5","","10.3","","67","","","","17","","10","","14.5","","88.39","","","","","","NA"
"-114.01","51.12","CALGARY INTL A","3031092","2025-06-13 10:00","2025","06","13","10:00","","18.5","","10.4","","59","","","","20","","9","","24.1","","88.39","","","","","","NA"
"-114.01","51.12","CALGARY INTL A","3031092","2025-06-13 11:00","2025","06","13","11:00","","20.4","","7.1","","42","","","","19","","12","","32.2","","88.35","","","","","","Mainly Clear"
"-114.01","51.12","CALGARY INTL A","3031092","2025-06-13 12:00","2025","06","13","12:00","","20.6","","3.7","","32","","","","17","","9","","48.3","","88.30","","","","","","NA"
"-114.01","51.12","CALGARY INTL A","3031092","2025-06-13 13:00","2025","06","13","13:00","","22.6","","2.4","","26","","","","","","0","","48.3","","88.26","","","","","","NA"
"-114.01","51.12","CALGARY INTL A","3031092","2025-06-13 14:00","2025","06","13","14:00","","21.3","","3.8","","31","","","","14","","9","","32.2","","88.24","","","","","","Mostly Cloudy"
"-114.01","51.12","CALGARY INTL A","3031092","2025-06-13 15:00","2025","06","13","15:00","","23.4","","3.1","","26","","","","23","","9","","32.2","","88.22","","","","","","Rain Showers"
"-114.01","51.12","CALGARY INTL A","3031092","2025-06-13 16:00","2025","06","13","16:00","","24.3","","1.3","","22","","","","16","","16","","32.2","","88.19","","","","","","NA"
"-114.01","51.12","CALGARY INTL A","3031092","2025-06-13 17:00","2025","06","13","17:00","","19.4","","3.1","","34","","","","29","","41","","32.2","","88.26","","","","","","Mostly Cloudy"
"-114.01","51.12","CALGARY INTL A","3031092","2025-06-13 18:00","2025","06","13","18:00","","20.3","","1.6","","29","","","","30","","29","","32.2","","88.34","","","","","","NA"
"-114.01","51.12","CALGARY INTL A","3031092","2025-06-13 19:00","2025","06","13","19:00","","18.3","","2.8","","35","","","","34","","28","","64.4","","88.49","","","","","","NA"
"-114.01","51.12","CALGARY INTL A","3031092","2025-06-13 20:00","2025","06","13","20:00","","15.4","","5.0","","50","","","","35","","22","","48.3","","88.56","","","","","","Mainly Clear"
"-114.01","51.12","CALGARY INTL A","3031092","2025-06-13 21:00","2025","06","13","21:00","","13.7","","5.9","","59","","","","33","","23","","48.3","","88.64","","","","","","NA"
"-114.01","51.12","CALGARY INTL A","3031092","2025-06-13 22:00","2025","06","13","22:00","","12.2","","6.3","","67","","","","34","","17","","24.1","","88.70","","","","","","NA"
"-114.01","51.12","CALGARY INTL A","3031092","2025-06-13 23:00","2025","06","13","23:00","","11.4","","6.4","","71","","","","34","","19","","24.1","","88.74","","","","","","Mainly Clear"
"-114.01","51.12","CALGARY INTL A","3031092","2025-06-14 00:00","2025","06","14","00:00","","11.0","","6.3","","72","","","","34","","21","","24.1","","88.78","","","","","","NA"
"-114.01","51.12","CALGARY INTL A","3031092","2025-06-14 01:00","2025","06","14","01:00","","10.4","","6.6","","77","","","","34","","15","","24.1","","88.80","","","","","","NA"
"-114.01","51.12","CALGARY INTL A","3031092","2025-06-14 02:00","2025","06","14","02:00","","10.3","","6.6","","78","","","","35","","15","","24.1","","88.84","","","","","","Mainly Clear"
"-114.01","51.12","CALGARY INTL A","3031092","2025-06-14 03:00","2025","06","14","03:00","","11.3","","6.6","","72","","","","30","","8","","24.1","","88.89","","","","","","NA"
"-114.01","51.12","CALGARY INTL A","3031092","2025-06-14 04:00","2025","06","14","04:00","","9.7","","6.3","","79","","","","32","","5","","16.1","","88.91","","","","","","NA"
"-114.01","51.12","CALGARY INTL A","3031092","2025-06-14 05:00","2025","06","14","05:00","","10.2","","6.5","","78","","","","34","","7","","24.1","","88.95","","","","","","Mostly Cloudy"
"-114.01","51.12","CALGARY INTL A","3031092","2025-06-14 06:00","2025","06","14","06:00","","11.3","","6.7","","73","","","","31","","7","","24.1","","88.96","","","","","","NA"
"-114.01","51.12","CALGARY INTL A","3031092","2025-06-14 07:00","2025","06","14","07:00","","12.0","","7.1","","72","","","","35","","8","","64.4","","89.01","","","","","","NA"
"-114.01","51.12","CALGARY INTL A","3031092","2025-06-14 08:00","2025","06","14","08:00","","13.2","","6.8","","65","","","","34","","8","","64.4","","89.01","","","","","","Mostly Cloudy"
"-114.01","51.12","CALGARY INTL A","3031092","2025-06-14 09:00","2025","06","14","09:00","","15.3","","6.5","","56","","","","2","","6","","48.3","","89.01","","","","","","NA"
"-114.01","51.12","CALGARY INTL A","3031092","2025-06-14 10:00","2025","06","14","10:00","","16.1","","6.5","","53","","","","6","","4","","48.3","","88.99","","","","","","NA"
"-114.01","51.12","CALGARY INTL A","3031092","2025-06-14 11:00","2025","06","14","11:00","","17.6","","5.8","","46","","","","14","","10","","48.3","","88.99","","","","","","Mostly Cloudy"
"-114.01","51.12","CALGARY INTL A","3031092","2025-06-14 12:00","2025","06","14","12:00","","18.8","","5.3","","41","","","","18","","7","","48.3","","89.00","","","","","","NA"
"-114.01","51.12","CALGARY INTL A","3031092","2025-06-14 13:00","2025","06","14","13:00","","19.8","","6.2","","41","","","","6","","6","","48.3","","88.93","","","","","","NA"
"-114.01","51.12","CALGARY INTL A","3031092","2025-06-14 14:00","2025","06","14","14:00","","20.1","","4.9","","37","","","","17","","22","","32.2","","88.93","","","","","","Mostly Cloudy"
"-114.01","51.12","CALGARY INTL A","3031092","2025-06-14 15:00","2025","06","14","15:00","","20.4","","2.4","","30","","","","8","","7","","48.3","","88.89","","","","","","NA"
"-114.01","51.12","CALGARY INTL A","3031092","2025-06-14 16:00","2025","06","14","16:00","","20.5","","5.1","","36","","","","5","","21","","48.3","","88.94","","","","","","NA"
"-114.01","51.12","CALGARY INTL A","3031092","2025-06-14 17:00","2025","06","14","17:00","","19.0","","5.0","","40","","","","9","","23","","32.2","","88.97","","","","","","Mostly Cloudy"
"-114.01","51.12","CALGARY INTL A","3031092","2025-06-14 18:00","2025","06","14","18:00","","18.5","","6.0","","44","","","","7","","18","","32.2","","89.08","","","","","","NA"
"-114.01","51.12","CALGARY INTL A","3031092","2025-06-14 19:00","2025","06","14","19:00","","16.7","","5.8","","48","","","","1","","23","","16.1","","89.07","","","","","","NA"
"-114.01","51.12","CALGARY INTL A","3031092","2025-06-14 20:00","2025","06","14","20:00","","15.8","","7.0","","56","","","","6","","17","","12.9","","89.13","","","","","","Rain Showers"
"-114.01","51.12","CALGARY INTL A","3031092","2025-06-14 21:00","2025","06","14","21:00","","15.6","","7.0","","56","","","","5","","7","","12.9","","89.23","","","","","","Rain Showers"
"-114.01","51.12","CALGARY INTL A","3031092","2025-06-14 22:00","2025","06","14","22:00","","13.9","","8.6","","70","","","","1","","7","","12.9","","89.25","","","","","","Rain Showers"
"-114.01","51.12","CALGARY INTL A","3031092","2025-06-14 23:00","2025","06","14","23:00","","13.1","","9.4","","78","","","","34","","6","","12.9","","89.27","","","","","","Rain Showers"
"-114.01","51.12","CALGARY INTL A","3031092","2025-06-15 00:00","2025","06","15","00:00","","13.5","","8.1","","70","","","","16","","10","","12.9","","89.26","","","","","","Rain Showers"
"-114.01","51.12","CALGARY INTL A","3031092","2025-06-15 01:00","2025","06","15","01:00","","12.5","","9.0","","79","","","","34","","7","","16.1","","89.23","","","","","","NA"
"-114.01","51.12","CALGARY INTL A","3031092","2025-06-15 02:00","2025","06","15","02:00","","12.9","","8.2","","73","","","","26","","7","","24.1","","89.22","","","","","","Mostly Cloudy"
"-114.01","51.12","CALGARY INTL A","3031092","2025-06-15 03:00","2025","06","15","03:00","","10.2","","7.8","","85","","","","35","","8","","24.1","","89.22","","","","","","NA"
"-114.01","51.12","CALGARY INTL A","3031092","2025-06-15 04:00","2025","06","15","04:00","","9.2","","6.6","","83","","","","35","","6","","24.1","","89.24","","","","","","NA"
"-114.01","51.12","CALGARY INTL A","3031092","2025-06-15 05:00","2025","06","15","05:00","","9.2","","6.5","","83","","","","33","","4","","64.4","","89.26","","","","","","Clear"
"-114.01","51.12","CALGARY INTL A","3031092","2025-06-15 06:00","2025","06","15","06:00","","10.7","","7.5","","81","","","","22","","4","","64.4","","89.27","","","","","","NA"
"-114.01","51.12","CALGARY INTL A","3031092","2025-06-15 07:00","2025","06","15","07:00","","12.6","","8.1","","74","","","","","","0","","64.4","","89.29","","","","","","NA"
"-114.01","51.12","CALGARY INTL A","3031092","2025-06-15 08:00","2025","06","15","08:00","","15.1","","7.3","","59","","","","7","","3","","64.4","","89.29","","","","","","Mainly Clear"
"-114.01","51.12","CALGARY INTL A","3031092","2025-06-15 09:00","2025","06","15","09:00","","16.6","","6.7","","51","","","","","","0","","64.4","","89.29","","","","","","NA"
"-114.01","51.12","CALGARY INTL A","3031092","2025-06-15 10:00","2025","06","15","10:00","","18.4","","6.2","","44","","","","20","","7","","64.4","","89.26","","","","","","NA"
"-114.01","51.12","CALGARY INTL A","3031092","2025-06-15 11:00","2025","06","15","11:00","","19.3","","6.8","","44","","","","19","","11","","64.4","","89.23","","","","","","Mostly Cloudy"
"-114.01","51.12","CALGARY INTL A","3031092","2025-06-15 12:00","2025","06","15","12:00","","20.6","","6.3","","39","","","","17","","10","","64.4","","89.18","","","","","","NA"
"-114.01","51.12","CALGARY INTL A","3031092","2025-06-15 13:00","2025","06","15","13:00","","21.6","","4.0","","31","","","","22","","12","","64.4","","89.15","","","","","","NA"
"-114.01","51.12","CALGARY INTL A","3031092","2025-06-15 14:00","2025","06","15","14:00","","21.0","","4.5","","34","","","","17","","19","","64.4","","89.12","","","","","","Mostly Cloudy"
"-114.01","51.12","CALGARY INTL A","3031092","2025-06-15 15:00","2025","06","15","15:00","","20.7","","1.1","","27","","","","22","","27","","48.3","","89.09","","","","","","NA"
"-114.01","51.12","CALGARY INTL A","3031092","2025-06-15 16:00","2025","06","15","16:00","","18.4","","5.5","","42","","","","36","","33","","48.3","","89.14","","","","","","NA"
"-114.01","51.12","CALGARY INTL A","3031092","2025-06-15 17:00","2025","06","15","17:00","","18.7","","4.0","","37","","","","34","","25","","48.3","","89.17","","","","","","Rain Showers"
"-114.01","51.12","CALGARY INTL A","3031092","2025-06-15 18:00","2025","06","15","18:00","","15.7","","5.7","","51","","","","33","","8","","48.3","","89.22","","","","","","NA"
"-114.01","51.12","CALGARY INTL A","3031092","2025-06-15 19:00","2025","06","15","19:00","","15.9","","6.2","","52","","","","1","","25","","48.3","","89.28","","","","","","NA"
"-114.01","51.12","CALGARY INTL A","3031092","2025-06-15 20:00","2025","06","15","20:00","","14.7","","5.3","","53","","","","35","","27","","48.3","","89.35","","","","","","Cloudy"
"-114.01","51.12","CALGARY INTL A","3031092","2025-06-15 21:00","2025","06","15","21:00","","14.1","","5.0","","54","","","","2","","14","","24.1","","89.36","","","","","","NA"
"-114.01","51.12","CALGARY INTL A","3031092","2025-06-15 22:00","2025","06","15","22:00","","13.2","","4.5","","55","","","","30","","13","","24.1","","89.45","","","","","","NA"
"-114.01","51.12","CALGARY INTL A","3031092","2025-06-15 23:00","2025","06","15","23:00","","11.7","","6.2","","69","","","","25","","8","","24.1","","89.43","","","","","","Mainly Clear"
"-114.01","51.12","CALGARY INTL A","3031092","2025-06-16 00:00","2025","06","16","00:00","","12.3","","5.4","","63","","","","27","","5","","24.1","","89.39","","","","","","NA"
"-114.01","51.12","CALGARY INTL A","3031092","2025-06-16 01:00","2025","06","16","01:00","","9.5","","5.2","","74","","","","5","","5","","24.1","","89.36","","","","","","NA"
"-114.01","51.12","CALGARY INTL A","3031092","2025-06-16 02:00","2025","06","16","02:00","","8.5","","5.0","","79","","","","1","","8","","24.1","","89.34","","","","","","Clear"
"-114.01","51.12","CALGARY INTL A","3031092","2025-06-16 03:00","2025","06","16","03:00","","7.6","","5.0","","83","","","","36","","7","","24.1","","89.32","","","","","","NA"
"-114.01","51.12","CALGARY INTL A","3031092","2025-06-16 04:00","2025","06","16","04:00","","8.2","","5.1","","80","","","","","","0","","24.1","","89.30","","","","","","NA"
"-114.01","51.12","CALGARY INTL A","3031092","2025-06-16 05:00","2025","06","16","05:00","","7.7","","5.2","","84","","","","24","","13","","64.4","","89.32","","","","","","Clear"
"-114.01","51.12","CALGARY INTL A","3031092","2025-06-16 06:00","2025","06","16","06:00","","8.6","","5.6","","81","","","","19","","4","","64.4","","89.33","","","","","","NA"
"-114.01","51.12","CALGARY INTL A","3031092","2025-06-16 07:00","2025","06","16","07:00","","12.1","","5.4","","64","","","","23","","4","","64.4","","89.31","","","","","","NA"
"-114.01","51.12","CALGARY INTL A","3031092","2025-06-16 08:00","2025","06","16","08:00","","14.2","","6.5","","60","","","","22","","14","","64.4","","89.28","","","","","","Mainly Clear"
"-114.01","51.12","CALGARY INTL A","3031092","2025-06-16 09:00","2025","06","16","09:00","","16.0","","6.2","","52","","","","17","","11","","64.4","","89.27","","","","","","NA"
"-114.01","51.12","CALGARY INTL A","3031092","2025-06-16 10:00","2025","06","16","10:00","","18.4","","5.1","","41","","","","18","","18","","64.4","","89.19","","","","","","NA"
"-114.01","51.12","CALGARY INTL A","3031092","2025-06-16 11:00","2025","06","16","11:00","","19.8","","5.3","","38","","","","17","","19","","64.4","","89.12","","","","","","Mainly Clear"
"-114.01","51.12","CALGARY INTL A","3031092","2025-06-16 12:00","2025","06","16","12:00","","21.0","","5.6","","36","","","","19","","14","","64.4","","89.05","","","","","","NA"
"-114.01","51.12","CALGARY INTL A","3031092","2025-06-16 13:00","2025","06","16","13:00","","22.3","","3.0","","28","","","","16","","3","","64.4","","89.00","","","","","","NA"
"-114.01","51.12","CALGARY INTL A","3031092","2025-06-16 14:00","2025","06","16","14:00","","23.4","","2.5","","25","","","","19","","16","","64.4","","88.93","","","","","","Mainly Clear"
"-114.01","51.12","CALGARY INTL A","3031092","2025-06-16 15:00","2025","06","16","15:00","","23.9","","2.8","","25","","","","17","","22","","64.4","","88.87","","","","","","NA"
"-114.01","51.12","CALGARY INTL A","3031092","2025-06-16 16:00","2025","06","16","16:00","","24.0","","2.3","","24","","","","15","","8","","64.4","","88.83","","","","","","NA"
"-114.01","51.12","CALGARY INTL A","3031092","2025-06-16 17:00","2025","06","16","17:00","","24.1","","3.2","","25","","","","16","","11","","64.4","","88.80","","","","","","Mainly Clear"
"-114.01","51.12","CALGARY INTL A","3031092","2025-06-16 18:00","2025","06","16","18:00","","24.1","","3.5","","26","","","","14","","16","","48.3","","88.75","","","","","","NA"
"-114.01","51.12","CALGARY INTL A","3031092","2025-06-16 19:00","2025","06","16","19:00","","23.3","","3.8","","28","","","","14","","17","","32.2","","88.75","","","","","","NA"
"-114.01","51.12","CALGARY INTL A","3031092","2025-06-16 20:00","2025","06","16","20:00","","21.6","","4.7","","33","","","","12","","22","","32.2","","88.76","","","","","","Mainly Clear"
"-114.01","51.12","CALGARY INTL A","3031092","2025-06-16 21:00","2025","06","16","21:00","","20.0","","5.6","","39","","","","14","","19","","24.1","","88.79","","","","","","NA"
"-114.01","51.12","CALGARY INTL A","3031092","2025-06-16 22:00","2025","06","16","22:00","","18.3","","5.8","","44","","","","17","","18","","24.1","","88.79","","","","","","NA"
"-114.01","51.12","CALGARY INTL A","3031092","2025-06-16 23:00","2025","06","16","23:00","","17.4","","5.5","","45","","","","17","","14","","24.1","","88.77","","","","","","Mainly Clear"
"-114.01","51.12","CALGARY INTL A","3031092","2025-06-17 00:00","2025","06","17","00:00","","16.1","","5.8","","50","","","","15","","12","","24.1","","88.77","","","","","","NA"
"-114.01","51.12","CALGARY INTL A","3031092","2025-06-17 01:00","2025","06","17","01:00","","14.4","","6.7","","60","","","","7","","16","","24.1","","88.81","","","","","","NA"
"-114.01","51.12","CALGARY INTL A","3031092","2025-06-17 02:00","2025","06","17","02:00","","14.8","","7.0","","59","","","","10","","13","","24.1","","88.81","","","","","","Clear"
"-114.01","51.12","CALGARY INTL A","3031092","2025-06-17 03:00","2025","06","17","03:00","","13.4","","6.8","","64","","","","32","","9","","24.1","","88.83","","","","","","NA"
"-114.01","51.12","CALGARY INTL A","3031092","2025-06-17 04:00","2025","06","17","04:00","","13.1","","6.8","","65","","","","15","","3","","24.1","","88.85","","","","","","NA"
"-114.01","51.12","CALGARY INTL A","3031092","2025-06-17 05:00","2025","06","17","05:00","","12.7","","6.9","","68","","","","36","","17","","32.2","","88.89","","","","","","Mostly Cloudy"
"-114.01","51.12","CALGARY INTL A","3031092","2025-06-17 06:00","2025","06","17","06:00","","12.9","","7.2","","68","","","","1","","13","","32.2","","88.90","","","","","","NA"
"-114.01","51.12","CALGARY INTL A","3031092","2025-06-17 07:00","2025","06","17","07:00","","14.2","","7.0","","62","","","","3","","9","","32.2","","88.96","","","","","","NA"
"-114.01","51.12","CALGARY INTL A","3031092","2025-06-17 08:00","2025","06","17","08:00","","16.5","","7.4","","54","","","","32","","6","","32.2","","88.95","","","","","","Mostly Cloudy"
"-114.01","51.12","CALGARY INTL A","3031092","2025-06-17 09:00","2025","06","17","09:00","","17.8","","7.2","","50","","","","1","","10","","32.2","","88.95","","","","","","NA"
"-114.01","51.12","CALGARY INTL A","3031092","2025-06-17 10:00","2025","06","17","10:00","","19.7","","7.2","","44","","","","4","","12","","32.2","","88.92","","","","","","NA"
"-114.01","51.12","CALGARY INTL A","3031092","2025-06-17 11:00","2025","06","17","11:00","","20.3","","6.6","","41","","","","9","","8","","24.1","","88.91","","","","","","Mainly Clear"
"-114.01","51.12","CALGARY INTL A","3031092","2025-06-17 12:00","2025","06","17","12:00","","21.7","","6.5","","37","","","","14","","10","","24.1","","88.86","","","","","","NA"
"-114.01","51.12","CALGARY INTL A","3031092","2025-06-17 13:00","2025","06","17","13:00","","23.9","","7.1","","33","","","","19","","9","","24.1","","88.82","","","","","","NA"
"-114.01","51.12","CALGARY INTL A","3031092","2025-06-17 14:00","2025","06","17","14:00","","23.4","","4.8","","30","","","","4","","4","","32.2","","88.75","","","","","","Mostly Cloudy"
"-114.01","51.12","CALGARY INTL A","3031092","2025-06-17 15:00","2025","06","17","15:00","","22.2","","4.7","","32","","","","10","","11","","48.3","","88.69","","","","","","NA"
"-114.01","51.12","CALGARY INTL A","3031092","2025-06-17 16:00","2025","06","17","16:00","","15.2","","8.3","","63","","","","28","","25","","11.3","","88.91","","","","","","Thunderstorms,Heavy Rain Showers,Snow Pellets"
"-114.01","51.12","CALGARY INTL A","3031092","2025-06-17 17:00","2025","06","17","17:00","","19.5","","6.3","","42","","","","33","","18","","48.3","","88.65","","","","","","Rain Showers"
"-114.01","51.12","CALGARY INTL A","3031092","2025-06-17 18:00","2025","06","17","18:00","","16.1","","7.5","","57","","","","31","","26","","48.3","","88.81","","","","","","Rain Showers"
"-114.01","51.12","CALGARY INTL A","3031092","2025-06-17 19:00","2025","06","17","19:00","","16.2","","8.2","","59","","","","36","","10","","32.2","","88.66","","","","","","NA"
"-114.01","51.12","CALGARY INTL A","3031092","2025-06-17 20:00","2025","06","17","20:00","","15.1","","9.3","","68","","","","36","","12","","32.2","","88.74","","","","","","Mostly Cloudy"
"-114.01","51.12","CALGARY INTL A","3031092","2025-06-17 21:00","2025","06","17","21:00","","15.2","","6.9","","57","","","","","","0","","32.2","","88.78","","","","","","NA"
"-114.01","51.12","CALGARY INTL A","3031092","2025-06-17 22:00","2025","06","17","22:00","","13.9","","9.3","","74","","","","21","","8","","24.1","","88.87","","","","","","Rain Showers"
"-114.01","51.12","CALGARY INTL A","3031092","2025-06-17 23:00","2025","06","17","23:00","","13.4","","10.2","","81","","","","31","","8","","24.1","","88.87","","","","","","Mostly Cloudy"
"-114.01","51.12","CALGARY INTL A","3031092","2025-06-18 00:00","2025","06","18","00:00","","14.1","","7.1","","63","","","","6","","14","","24.1","","88.77","","","","","","NA"
"-114.01","51.12","CALGARY INTL A","3031092","2025-06-18 01:00","2025","06","18","01:00","","13.8","","6.9","","63","","","","26","","9","","24.1","","88.84","","","","","","NA"
"-114.01","51.12","CALGARY INTL A","3031092","2025-06-18 02:00","2025","06","18","02:00","","11.7","","7.6","","76","","","","36","","5","","24.1","","88.87","","","","","","Mainly Clear"
"-114.01","51.12","CALGARY INTL A","3031092","2025-06-18 03:00","2025","06","18","03:00","","10.4","","6.9","","79","","","","34","","4","","24.1","","88.88","","","","","","NA"
"-114.01","51.12","CALGARY INTL A","3031092","2025-06-18 04:00","2025","06","18","04:00","","9.6","","7.4","","86","","","","18","","9","","24.1","","88.87","","","","","","NA"
"-114.01","51.12","CALGARY INTL A","3031092","2025-06-18 05:00","2025","06","18","05:00","","10.6","","7.3","","80","","","","22","","7","","24.1","","88.84","","","","","","Clear"
"-114.01","51.12","CALGARY INTL A","3031092","2025-06-18 06:00","2025","06","18","06:00","","11.6","","8.0","","78","","","","","","0","","24.1","","88.83","","","","","","NA"
"-114.01","51.12","CALGARY INTL A","3031092","2025-06-18 07:00","2025","06","18","07:00","","13.4","","7.4","","67","","","","22","","9","","32.2","","88.82","","","","","","NA"
"-114.01","51.12","CALGARY INTL A","3031092","2025-06-18 08:00","2025","06","18","08:00","","15.7","","7.6","","58","","","","22","","8","","32.2","","88.80","","","","","","Mainly Clear"
"-114.01","51.12","CALGARY INTL A","3031092","2025-06-18 09:00","2025","06","18","09:00","","17.6","","7.7","","52","","","","17","","14","","32.2","","88.76","","","","","","NA"
"-114.01","51.12","CALGARY INTL A","3031092","2025-06-18 10:00","2025","06","18","10:00","","20.0","","7.1","","43","","","","15","","12","","32.2","","88.71","","","","","","NA"
"-114.01","51.12","CALGARY INTL A","3031092","2025-06-18 11:00","2025","06","18","11:00","","21.6","","7.2","","39","","","","12","","17","","32.2","","88.67","","","","","","Mainly Clear"
"-114.01","51.12","CALGARY INTL A","3031092","2025-06-18 12:00","2025","06","18","12:00","","20.3","","3.0","","32","","","","17","","23","","32.2","","88.65","","","","","","Rain Showers"
"-114.01","51.12","CALGARY INTL A","3031092","2025-06-18 13:00","2025","06","18","13:00","","21.3","","3.2","","30","","","","3","","18","","24.1","","88.60","","","","","","NA"
"-114.01","51.12","CALGARY INTL A","3031092","2025-06-18 14:00","2025","06","18","14:00","","20.3","","5.6","","38","","","","36","","36","","24.1","","88.61","","","","","","Rain Showers"
"-114.01","51.12","CALGARY INTL A","3031092","2025-06-18 15:00","2025","06","18","15:00","","20.7","","4.8","","35","","","","4","","25","","32.2","","88.64","","","","","","NA"
"-114.01","51.12","CALGARY INTL A","3031092","2025-06-18 16:00","2025","06","18","16:00","","21.2","","5.5","","36","","","","9","","22","","24.1","","88.54","","","","","","NA"
"-114.01","51.12","CALGARY INTL A","3031092","2025-06-18 17:00","2025","06","18","17:00","","20.6","","6.0","","38","","","","10","","30","","24.1","","88.48","","","","","","Mostly Cloudy"
"-114.01","51.12","CALGARY INTL A","3031092","2025-06-18 18:00","2025","06","18","18:00","","19.0","","6.0","","42","","","","10","","25","","24.1","","88.43","","","","","","NA"
"-114.01","51.12","CALGARY INTL A","3031092","2025-06-18 19:00","2025","06","18","19:00","","18.9","","6.2","","43","","","","11","","22","","24.1","","88.40","","","","","","NA"
"-114.01","51.12","CALGARY INTL A","3031092","2025-06-18 20:00","2025","06","18","20:00","","17.9","","6.6","","47","","","","13","","18","","24.1","","88.36","","","","","","Mostly Cloudy"
"-114.01","51.12","CALGARY INTL A","3031092","2025-06-18 21:00","2025","06","18","21:00","","17.7","","6.5","","48","","","","22","","9","","24.1","","88.38","","","","","","NA"
"-114.01","51.12","CALGARY INTL A","3031092","2025-06-18 22:00","2025","06","18","22:00","","16.9","","7.7","","54","","","","3","","11","","24.1","","88.31","","","","","","NA"
"-114.01","51.12","CALGARY INTL A","3031092","2025-06-18 23:00","2025","06","18","23:00","","14.8","","8.8","","67","","","","6","","18","","24.1","","88.43","","","","","","Mostly Cloudy"
"-114.01","51.12","CALGARY INTL A","3031092","2025-06-19 00:00","2025","06","19","00:00","","13.6","","8.9","","73","","","","2","","30","","24.1","","88.49","","","","","","NA"
"-114.01","51.12","CALGARY INTL A","3031092","2025-06-19 01:00","2025","06","19","01:00","","12.9","","8.3","","74","","","","35","","8","","24.1","","88.54","","","","","","NA"
"-114.01","51.12","CALGARY INTL A","3031092","2025-06-19 02:00","2025","06","19","02:00","","12.1","","6.8","","70","","","","34","","11","","24.1","","88.54","","","","","","Mainly Clear"
"-114.01","51.12","CALGARY INTL A","3031092","2025-06-19 03:00","2025","06","19","03:00","","10.4","","6.5","","77","","","","36","","8","","24.1","","88.56","","","","","","NA"
"-114.01","51.12","CALGARY INTL A","3031092","2025-06-19 04:00","2025","06","19","04:00","","9.5","","6.0","","78","","","","35","","16","","24.1","","88.57","","","","","","NA"
"-114.01","51.12","CALGARY INTL A","3031092","2025-06-19 05:00","2025","06","19","05:00","","9.3","","6.0","","80","","","","36","","14","","32.2","","88.57","","","","","","Clear"
"-114.01","51.12","CALGARY INTL A","3031092","2025-06-19 06:00","2025","06","19","06:00","","10.8","","6.3","","74","","","","33","","7","","32.2","","88.60","","","","","","NA"
"-114.01","51.12","CALGARY INTL A","3031092","2025-06-19 07:00","2025","06","19","07:00","","13.5","","5.5","","58","","","","16","","12","","64.4","","88.62","","","","","","NA"
"-114.01","51.12","CALGARY INTL A","3031092","2025-06-19 08:00","2025","06","19","08:00","","16.2","","1.9","","38","","","","9","","10","","64.4","","88.62","","","","","","Mainly Clear"
"-114.01","51.12","CALGARY INTL A","3031092","2025-06-19 09:00","2025","06","19","09:00","","18.4","","-2.7","","23","","","","33","","25","","64.4","","88.62","","","","","","NA"
"-114.01","51.12","CALGARY INTL A","3031092","2025-06-19 10:00","2025","06","19","10:00","","18.6","","0.5","","29","","","","2","","16","","64.4","","88.62","","","","","","NA"
"-114.01","51.12","CALGARY INTL A","3031092","2025-06-19 11:00","2025","06","19","11:00","","18.2","","2.9","","36","","","","35","","10","","64.4","","88.60","","","","","","Mainly Clear"
"-114.01","51.12","CALGARY INTL A","3031092","2025-06-19 12:00","2025","06","19","12:00","","20.2","","1.7","","29","","","","6","","12","","64.4","","88.60","","","","","","NA"
"-114.01","51.12","CALGARY INTL A","3031092","2025-06-19 13:00","2025","06","19","13:00","","18.8","","4.2","","38","","","","4","","17","","48.3","","88.61","","","","","","NA"
"-114.01","51.12","CALGARY INTL A","3031092","2025-06-19 14:00","2025","06","19","14:00","","20.2","","5.6","","38","","","","9","","21","","48.3","","88.62","","","","","","Mostly Cloudy"
"-114.01","51.12","CALGARY INTL A","3031092","2025-06-19 15:00","2025","06","19","15:00","","19.8","","5.2","","38","","","","7","","23","","48.3","","88.63","","","","","","NA"
"-114.01","51.12","CALGARY INTL A","3031092","2025-06-19 16:00","2025","06","19","16:00","","19.1","","6.1","","42","","","","6","","25","","48.3","","88.62","","","","","","NA"
"-114.01","51.12","CALGARY INTL A","3031092","2025-06-19 17:00","2025","06","19","17:00","","19.2","","7.5","","46","","","","4","","26","","48.3","","88.64","","","","","","Cloudy"
"-114.01","51.12","CALGARY INTL A","3031092","2025-06-19 18:00","2025","06","19","18:00","","18.1","","7.0","","48","","","","3","","23","","32.2","","88.62","","","","","","NA"
"-114.01","51.12","CALGARY INTL A","3031092","2025-06-19 19:00","2025","06","19","19:00","","17.1","","7.2","","52","","","","1","","31","","32.2","","88.64","","","","","","NA"
"-114.01","51.12","CALGARY INTL A","3031092","2025-06-19 20:00","2025","06","19","20:00","","15.6","","6.8","","56","","","","2","","25","","24.1","","88.66","","","","","","Mostly Cloudy"
"-114.01","51.12","CALGARY INTL A","3031092","2025-06-19 21:00","2025","06","19","21:00","","14.6","","7.5","","62","","","","3","","20","","24.1","","88.70","","","","","","NA"
"-114.01","51.12","CALGARY INTL A","3031092","2025-06-19 22:00","2025","06","19","22:00","","14.0","","7.5","","65","","","","3","","16","","24.1","","88.72","","","","","","NA"
"-114.01","51.12","CALGARY INTL A","3031092","2025-06-19 23:00","2025","06","19","23:00","","13.4","","7.8","","69","","","","36","","9","","24.1","","88.73","","","","","","Mostly Cloudy"
"-114.01","51.12","CALGARY INTL A","3031092","2025-06-20 00:00","2025","06","20","00:00","","12.7","","8.3","","75","","","","35","","9","","24.1","","88.67","","","","","","NA"
"-114.01","51.12","CALGARY INTL A","3031092","2025-06-20 01:00","2025","06","20","01:00","","12.6","","8.4","","76","","","","1","","6","","24.1","","88.67","","","","","","NA"
"-114.01","51.12","CALGARY INTL A","3031092","2025-06-20 02:00","2025","06","20","02:00","","13.0","","8.7","","75","","","","3","","14","","24.1","","88.65","","","","","","Cloudy"
"-114.01","51.12","CALGARY INTL A","3031092","2025-06-20 03:00","2025","06","20","03:00","","12.5","","8.8","","78","","","","6","","12","","24.1","","88.59","","","","","","NA"
"-114.01","51.12","CALGARY INTL A","3031092","2025-06-20 04:00","2025","06","20","04:00","","11.8","","8.7","","81","","","","4","","9","","16.1","","88.58","","","","","","NA"
"-114.01","51.12","CALGARY INTL A","3031092","2025-06-20 05:00","2025","06","20","05:00","","11.2","","8.8","","85","","","","36","","5","","16.1","","88.56","","","","","","Mostly Cloudy"
"-114.01","51.12","CALGARY INTL A","3031092","2025-06-20 06:00","2025","06","20","06:00","","12.3","","8.8","","79","","","","6","","7","","16.1","","88.48","","","","","","NA"
"-114.01","51.12","CALGARY INTL A","3031092","2025-06-20 07:00","2025","06","20","07:00","","12.5","","8.8","","78","","","","8","","16","","24.1","","88.43","","","","","","NA"
"-114.01","51.12","CALGARY INTL A","3031092","2025-06-20 08:00","2025","06","20","08:00","","12.5","","9.5","","82","","","","10","","11","","24.1","","88.42","","","","","","Rain"
"-114.01","51.12","CALGARY INTL A","3031092","2025-06-20 09:00","2025","06","20","09:00","","12.6","","8.9","","78","","","","12","","15","","24.1","","88.42","","","","","","NA"
"-114.01","51.12","CALGARY INTL A","3031092","2025-06-20 10:00","2025","06","20","10:00","","13.4","","9.3","","76","","","","11","","11","","14.5","","88.34","","","","","","Rain"
"-114.01","51.12","CALGARY INTL A","3031092","2025-06-20 11:00","2025","06","20","11:00","","13.8","","8.5","","70","","","","9","","10","","24.1","","88.29","","","","","","Cloudy"
"-114.01","51.12","CALGARY INTL A","3031092","2025-06-20 12:00","2025","06","20","12:00","","12.9","","9.9","","82","","","","7","","15","","16.1","","88.27","","","","","","Rain"
"-114.01","51.12","CALGARY INTL A","3031092","2025-06-20 13:00","2025","06","20","13:00","","12.6","","10.6","","87","","","","8","","13","","14.5","","88.24","","","","","","Rain"
"-114.01","51.12","CALGARY INTL A","3031092","2025-06-20 14:00","2025","06","20","14:00","","12.2","","9.6","","84","","","","5","","22","","14.5","","88.20","","","","","","Rain"
"-114.01","51.12","CALGARY INTL A","3031092","2025-06-20 15:00","2025","06","20","15:00","","12.6","","10.4","","86","","","","2","","13","","14.5","","88.20","","","","","","Rain"
"-114.01","51.12","CALGARY INTL A","3031092","2025-06-20 16:00","2025","06","20","16:00","","12.5","","9.3","","81","","","","8","","7","","6.4","","88.20","","","","","","Rain"
"-114.01","51.12","CALGARY INTL A","3031092","2025-06-20 17:00","2025","06","20","17:00","","11.6","","8.8","","82","","","","19","","11","","14.5","","88.22","","","","","","Rain"
"-114.01","51.12","CALGARY INTL A","3031092","2025-06-20 18:00","2025","06","20","18:00","","11.5","","9.3","","86","","","","23","","8","","8.1","","88.22","","","","","","Rain,Fog"
"-114.01","51.12","CALGARY INTL A","3031092","2025-06-20 19:00","2025","06","20","19:00","","10.9","","9.4","","91","","","","24","","14","","8.1","","88.25","","","","","","Rain,Fog"
"-114.01","51.12","CALGARY INTL A","3031092","2025-06-20 20:00","2025","06","20","20:00","","10.8","","9.8","","94","","","","30","","9","","8.1","","88.23","","","","","","Rain,Fog"
"-114.01","51.12","CALGARY INTL A","3031092","2025-06-20 21:00","2025","06","20","21:00","","10.4","","9.1","","92","","","","33","","11","","4.0","","88.23","","","","","","Rain,Fog"
"-114.01","51.12","CALGARY INTL A","3031092","2025-06-20 22:00","2025","06","20","22:00","","10.1","","9.2","","94","","","","31","","8","","4.8","","88.22","","","","","","Moderate Rain"
"-114.01","51.12","CALGARY INTL A","3031092","2025-06-20 23:00","2025","06","20","23:00","","10.2","","9.4","","95","","","","3","","27","","4.0","","88.13","","","","","","Moderate Rain"
"-114.01","51.12","CALGARY INTL A","3031092","2025-06-21 00:00","2025","06","21","00:00","","10.4","","9.6","","95","","","","3","","28","","6.4","","88.08","","","","","","Rain"
"-114.01","51.12","CALGARY INTL A","3031092","2025-06-21 01:00","2025","06","21","01:00","","10.5","","9.6","","95","","","","4","","34","","6.4","","88.04","","","","","","Rain"
"-114.01","51.12","CALGARY INTL A","3031092","2025-06-21 02:00","2025","06","21","02:00","","10.2","","9.1","","93","","","","6","","25","","4.8","","88.05","","","","","","Rain"
"-114.01","51.12","CALGARY INTL A","3031092","2025-06-21 03:00","2025","06","21","03:00","","10.1","","9.3","","95","","","","5","","28","","4.8","","88.03","","","","","","Rain,Fog"
"-114.01","51.12","CALGARY INTL A","3031092","2025-06-21 04:00","2025","06","21","04:00","","10.0","","9.1","","94","","","","3","","27","","4.0","","88.02","","","","","","Rain,Fog"
"-114.01","51.12","CALGARY INTL A","3031092","2025-06-21 05:00","2025","06","21","05:00","","8.7","","7.9","","95","","","","3","","34","","2.0","","88.05","","","","","","Moderate Rain"
"-114.01","51.12","CALGARY INTL A","3031092","2025-06-21 06:00","2025","06","21","06:00","","7.8","","7.1","","95","","","","3","","36","","2.0","","88.10","","","","","","Rain,Fog"
"-114.01","51.12","CALGARY INTL A","3031092","2025-06-21 07:00","2025","06","21","07:00","","6.9","","6.0","","94","","","","2","","40","","6.4","","88.14","","","","","","Rain,Fog"
"-114.01","51.12","CALGARY INTL A","3031092","2025-06-21 08:00","2025","06","21","08:00","","6.8","","5.9","","94","","","","2","","42","","2.4","","88.15","","","","","","Moderate Rain,Fog"
"-114.01","51.12","CALGARY INTL A","3031092","2025-06-21 09:00","2025","06","21","09:00","","7.0","","6.1","","94","","","","1","","44","","3.6","","88.21","","","","","","Moderate Rain,Fog"
"-114.01","51.12","CALGARY INTL A","3031092","2025-06-21 10:00","2025","06","21","10:00","","6.7","","5.8","","94","","","","36","","44","","4.0","","88.27","","","","","","Moderate Rain,Fog"
"-114.01","51.12","CALGARY INTL A","3031092","2025-06-21 11:00","2025","06","21","11:00","","6.4","","5.4","","93","","","","36","","36","","4.0","","88.39","","","","","","Moderate Rain,Fog"
"-114.01","51.12","CALGARY INTL A","3031092","2025-06-21 12:00","2025","06","21","12:00","","6.6","","5.3","","91","","","","35","","52","","2.8","","88.45","","","","","","Moderate Rain,Fog"
"-114.01","51.12","CALGARY INTL A","3031092","2025-06-21 13:00","2025","06","21","13:00","","6.9","","5.0","","88","","","","35","","35","","8.1","","88.52","","","","","","Rain,Fog"
"-114.01","51.12","CALGARY INTL A","3031092","2025-06-21 14:00","2025","06","21","14:00","","7.5","","5.3","","86","","","","35","","36","","8.1","","88.56","","","","","","Rain,Fog"
"-114.01","51.12","CALGARY INTL A","3031092","2025-06-21 15:00","2025","06","21","15:00","","9.0","","4.2","","72","","","","35","","35","","14.5","","88.58","","","","","","NA"
"-114.01","51.12","CALGARY INTL A","3031092","2025-06-21 16:00","2025","06","21","16:00","","9.7","","3.5","","65","","","","36","","40","","24.1","","88.64","","","","","","NA"
"-114.01","51.12","CALGARY INTL A","3031092","2025-06-21 17:00","2025","06","21","17:00","","9.6","","3.8","","67","","","","35","","47","","24.1","","88.70","","","","","","Cloudy"
"-114.01","51.12","CALGARY INTL A","3031092","2025-06-21 18:00","2025","06","21","18:00","","9.5","","3.5","","66","","","","34","","42","","32.2","","88.76","","","","","","NA"
"-114.01","51.12","CALGARY INTL A","3031092","2025-06-21 19:00","2025","06","21","19:00","","8.8","","4.0","","72","","","","36","","17","","16.1","","88.83","","","","","","Rain"
"-114.01","51.12","CALGARY INTL A","3031092","2025-06-21 20:00","2025","06","21","20:00","","8.3","","2.8","","68","","","","32","","17","","16.1","","88.90","","","","","","Cloudy"
"-114.01","51.12","CALGARY INTL A","3031092","2025-06-21 21:00","2025","06","21","21:00","","7.9","","2.5","","69","","","","27","","17","","16.1","","88.97","","","","","","NA"
"-114.01","51.12","CALGARY INTL A","3031092","2025-06-21 22:00","2025","06","21","22:00","","7.8","","2.7","","70","","","","32","","17","","16.1","","89.03","","","","","","NA"
"-114.01","51.12","CALGARY INTL A","3031092","2025-06-21 23:00","2025","06","21","23:00","","7.7","","2.9","","71","","","","33","","21","","24.1","","89.08","","","","","","Cloudy"
"-114.01","51.12","CALGARY INTL A","3031092","2025-06-22 00:00","2025","06","22","00:00","","7.4","","3.0","","73","","","","34","","18","","24.1","","89.13","","","","","","NA"
"-114.01","51.12","CALGARY INTL A","3031092","2025-06-22 01:00","2025","06","22","01:00","","6.8","","2.5","","74","","","","33","","20","","24.1","","89.13","","","","","","NA"
"-114.01","51.12","CALGARY INTL A","3031092","2025-06-22 02:00","2025","06","22","02:00","","6.0","","2.2","","76","","","","33","","19","","24.1","","89.07","","","","","","Mainly Clear"
"-114.01","51.12","CALGARY INTL A","3031092","2025-06-22 03:00","2025","06","22","03:00","","5.0","","2.0","","81","","","","33","","19","","24.1","","89.08","","","","","","NA"
"-114.01","51.12","CALGARY INTL A","3031092","2025-06-22 04:00","2025","06","22","04:00","","4.9","","1.9","","81","","","","33","","17","","16.1","","89.12","","","","","","NA"
"-114.01","51.12","CALGARY INTL A","3031092","2025-06-22 05:00","2025","06","22","05:00","","4.7","","1.7","","81","","","","36","","12","","24.1","","89.17","","","","","","Mainly Clear"
"-114.01","51.12","CALGARY INTL A","3031092","2025-06-22 06:00","2025","06","22","06:00","","6.3","","2.1","","74","","","","1","","9","","24.1","","89.22","","","","","","NA"
"-114.01","51.12","CALGARY INTL A","3031092","2025-06-22 07:00","2025","06","22","07:00","","8.3","","2.8","","68","","","","2","","12","","32.2","","89.24","","","","","","NA"
"-114.01","51.12","CALGARY INTL A","3031092","2025-06-22 08:00","2025","06","22","08:00","","9.4","","2.8","","63","","","","4","","11","","32.2","","89.23","","","","","","Mainly Clear"
"-114.01","51.12","CALGARY INTL A","3031092","2025-06-22 09:00","2025","06","22","09:00","","10.9","","3.6","","60","","","","3","","8","","64.4","","89.19","","","","","","NA"
"-114.01","51.12","CALGARY INTL A","3031092","2025-06-22 10:00","2025","06","22","10:00","","11.9","","0.6","","46","","","","33","","11","","64.4","","89.15","","","","","","NA"
"-114.01","51.12","CALGARY INTL A","3031092","2025-06-22 11:00","2025","06","22","11:00","","12.3","","0.4","","44","","","","36","","13","","48.3","","89.14","","","","","","Mostly Cloudy"
"-114.01","51.12","CALGARY INTL A","3031092","2025-06-22 12:00","2025","06","22","12:00","","13.1","","0.2","","41","","","","4","","20","","24.1","","89.14","","","","","","NA"
"-114.01","51.12","CALGARY INTL A","3031092","2025-06-22 13:00","2025","06","22","13:00","","12.3","","1.4","","47","","","","1","","12","","32.2","","89.13","","","","","","NA"
"-114.01","51.12","CALGARY INTL A","3031092","2025-06-22 14:00","2025","06","22","14:00","","13.0","","0.6","","43","","","","35","","7","","24.1","","89.12","","","","","","Mostly Cloudy"
"-114.01","51.12","CALGARY INTL A","3031092","2025-06-22 15:00","2025","06","22","15:00","","13.1","","0.3","","41","","","","5","","9","","32.2","","89.11","","","","","","NA"
"-114.01","51.12","CALGARY INTL A","3031092","2025-06-22 16:00","2025","06","22","16:00","","13.0","","0.1","","41","","","","10","","4","","24.1","","89.10","","","","","","NA"
"-114.01","51.12","CALGARY INTL A","3031092","2025-06-22 17:00","2025","06","22","17:00","","13.3","","0.0","","40","","","","","","0","","24.1","","89.09","","","","","","Mostly Cloudy"
"-114.01","51.12","CALGARY INTL A","3031092","2025-06-22 18:00","2025","06","22","18:00","","14.1","","0.1","","38","","","","19","","5","","24.1","","89.04","","","","","","NA"
"-114.01","51.12","CALGARY INTL A","3031092","2025-06-22 19:00","2025","06","22","19:00","","13.5","","0.2","","40","","","","17","","10","","24.1","","89.07","","","","","","NA"
"-114.01","51.12","CALGARY INTL A","3031092","2025-06-22 20:00","2025","06","22","20:00","","12.2","","0.4","","44","","","","19","","13","","24.1","","89.05","","","","","","Mainly Clear"
"-114.01","51.12","CALGARY INTL A","3031092","2025-06-22 21:00","2025","06","22","21:00","","10.1","","1.9","","57","","","","18","","13","","24.1","","89.07","","","","","","NA"
"-114.01","51.12","CALGARY INTL A","3031092","2025-06-22 22:00","2025","06","22","22:00","","9.0","","2.3","","63","","","","19","","12","","24.1","","89.07","","","","","","NA"
"-114.01","51.12","CALGARY INTL A","3031092","2025-06-22 23:00","2025","06","22","23:00","","9.3","","3.5","","67","","","","2","","14","","24.1","","89.08","","","","","","Mainly Clear"
"-114.01","51.12","CALGARY INTL A","3031092","2025-06-23 00:00","2025","06","23","00:00","","7.0","","5.1","","88","","","","34","","9","","24.1","","89.06","","","","","","NA"
"-114.01","51.12","CALGARY INTL A","3031092","2025-06-23 01:00","2025","06","23","01:00","","7.5","","5.1","","84","","","","28","","6","","24.1","","89.02","","","","","","NA"
"-114.01","51.12","CALGARY INTL A","3031092","2025-06-23 02:00","2025","06","23","02:00","","6.7","","3.5","","80","","","","24","","4","","24.1","","89.01","","","","","","Clear"
"-114.01","51.12","CALGARY INTL A","3031092","2025-06-23 03:00","2025","06","23","03:00","","6.6","","3.0","","78","","","","","","0","","24.1","","88.99","","","","","","NA"
"-114.01","51.12","CALGARY INTL A","3031092","2025-06-23 04:00","2025","06","23","04:00","","5.3","","2.3","","81","","","","20","","3","","24.1","","88.99","","","","","","NA"
"-114.01","51.12","CALGARY INTL A","3031092","2025-06-23 05:00","2025","06","23","05:00","","6.0","","2.1","","76","","","","","","0","","32.2","","88.99","","","","","","Clear"
"-114.01","51.12","CALGARY INTL A","3031092","2025-06-23 06:00","2025","06","23","06:00","","6.9","","3.6","","80","","","","15","","4","","48.3","","88.98","","","","","","NA"
"-114.01","51.12","CALGARY INTL A","3031092","2025-06-23 07:00","2025","06","23","07:00","","10.8","","2.4","","56","","","","23","","6","","48.3","","88.98","","","","","","NA"
"-114.01","51.12","CALGARY INTL A","3031092","2025-06-23 08:00","2025","06","23","08:00","","13.0","","2.4","","48","","","","25","","15","","64.4","","88.96","","","","","","Clear"
"-114.01","51.12","CALGARY INTL A","3031092","2025-06-23 09:00","2025","06","23","09:00","","14.9","","2.6","","43","","","","28","","16","","64.4","","88.93","","","","","","NA"
"-114.01","51.12","CALGARY INTL A","3031092","2025-06-23 10:00","2025","06","23","10:00","","16.5","","0.5","","33","","","","28","","16","","64.4","","88.91","","","","","","NA"
"-114.01","51.12","CALGARY INTL A","3031092","2025-06-23 11:00","2025","06","23","11:00","","12.9","","3.6","","53","","","","36","","35","","48.3","","89.00","","","","","","Rain Showers"
"-114.01","51.12","CALGARY INTL A","3031092","2025-06-23 12:00","2025","06","23","12:00","","15.9","","1.4","","37","","","","26","","4","","48.3","","88.95","","","","","","NA"
"-114.01","51.12","CALGARY INTL A","3031092","2025-06-23 13:00","2025","06","23","13:00","","16.8","","2.0","","37","","","","3","","17","","48.3","","88.93","","","","","","NA"
"-114.01","51.12","CALGARY INTL A","3031092","2025-06-23 14:00","2025","06","23","14:00","","15.6","","2.3","","40","","","","5","","10","","48.3","","88.90","","","","","","Mostly Cloudy"
"-114.01","51.12","CALGARY INTL A","3031092","2025-06-23 15:00","2025","06","23","15:00","","12.4","","4.6","","59","","","","36","","38","","64.4","","89.01","","","","","","NA"
"-114.01","51.12","CALGARY INTL A","3031092","2025-06-23 16:00","2025","06","23","16:00","","13.3","","5.6","","59","","","","1","","23","","32.2","","89.05","","","","","","NA"
"-114.01","51.12","CALGARY INTL A","3031092","2025-06-23 17:00","2025","06","23","17:00","","16.7","","3.8","","42","","","","2","","18","","24.1","","89.03","","","","","","Mostly Cloudy"
"-114.01","51.12","CALGARY INTL A","3031092","2025-06-23 18:00","2025","06","23","18:00","","14.5","","3.7","","48","","","","1","","15","","24.1","","89.05","","","","","","NA"
"-114.01","51.12","CALGARY INTL A","3031092","2025-06-23 19:00","2025","06","23","19:00","","13.9","","4.8","","54","","","","2","","14","","24.1","","89.09","","","","","","NA"
"-114.01","51.12","CALGARY INTL A","3031092","2025-06-23 20:00","2025","06","23","20:00","","12.9","","5.6","","61","","","","2","","22","","24.1","","89.15","","","","","","Rain Showers"
"-114.01","51.12","CALGARY INTL A","3031092","2025-06-23 21:00","2025","06","23","21:00","","10.9","","7.2","","78","","","","1","","11","","16.1","","89.23","","","","","","Rain Showers"
"-114.01","51.12","CALGARY INTL A","3031092","2025-06-23 22:00","2025","06","23","22:00","","10.1","","8.2","","88","","","","15","","6","","9.7","","89.23","","","","","","Moderate Rain Showers"
"-114.01","51.12","CALGARY INTL A","3031092","2025-06-23 23:00","2025","06","23","23:00","","10.2","","8.0","","86","","","","10","","6","","24.1","","89.26","","","","","","Mainly Clear"
"-114.01","51.12","CALGARY INTL A","3031092","2025-06-24 00:00","2025","06","24","00:00","","8.8","","6.7","","87","","","","6","","7","","24.1","","89.28","","","","","","NA"
"-114.01","51.12","CALGARY INTL A","3031092","2025-06-24 01:00","2025","06","24","01:00","","9.1","","5.8","","80","","","","20","","4","","24.1","","89.24","","","","","","NA"
"-114.01","51.12","CALGARY INTL A","3031092","2025-06-24 02:00","2025","06","24","02:00","","7.8","","6.7","","93","","","","18","","8","","24.1","","89.23","","","","","","Mainly Clear"
"-114.01","51.12","CALGARY INTL A","3031092","2025-06-24 03:00","2025","06","24","03:00","","7.5","","5.7","","89","","","","16","","8","","24.1","","89.25","","","","","","NA"
"-114.01","51.12","CALGARY INTL A","3031092","2025-06-24 04:00","2025","06","24","04:00","","7.1","","5.5","","90","","","","14","","9","","24.1","","89.25","","","","","","NA"
"-114.01","51.12","CALGARY INTL A","3031092","2025-06-24 05:00","2025","06","24","05:00","","6.5","","5.5","","93","","","","17","","10","","16.1","","89.25","","","","","","Clear"
"-114.01","51.12","CALGARY INTL A","3031092","2025-06-24 06:00","2025","06","24","06:00","","7.7","","5.7","","87","","","","18","","16","","32.2","","89.25","","","","","","NA"
"-114.01","51.12","CALGARY INTL A","3031092","2025-06-24 07:00","2025","06","24","07:00","","8.9","","6.5","","85","","","","17","","18","","12.9","","89.25","","","","","","NA"
"-114.01","51.12","CALGARY INTL A","3031092","2025-06-24 08:00","2025","06","24","08:00","","10.6","","7.0","","78","","","","18","","19","","24.1","","89.25","","","","","","Mainly Clear"
"-114.01","51.12","CALGARY INTL A","3031092","2025-06-24 09:00","2025","06","24","09:00","","12.2","","8.0","","75","","","","17","","14","","32.2","","89.25","","","","","","NA"
"-114.01","51.12","CALGARY INTL A","3031092","2025-06-24 10:00","2025","06","24","10:00","","13.6","","7.7","","67","","","","15","","16","","32.2","","89.23","","","","","","NA"
"-114.01","51.12","CALGARY INTL A","3031092","2025-06-24 11:00","2025","06","24","11:00","","16.3","","8.6","","60","","","","16","","19","","32.2","","89.24","","","","","","Mostly Cloudy"
"-114.01","51.12","CALGARY INTL A","3031092","2025-06-24 12:00","2025","06","24","12:00","","18.3","","6.7","","46","","","","17","","23","","32.2","","89.19","","","","","","NA"
"-114.01","51.12","CALGARY INTL A","3031092","2025-06-24 13:00","2025","06","24","13:00","","19.5","","5.4","","39","","","","14","","17","","32.2","","89.16","","","","","","NA"
"-114.01","51.12","CALGARY INTL A","3031092","2025-06-24 14:00","2025","06","24","14:00","","20.6","","6.2","","39","","","","16","","14","","32.2","","89.11","","","","","","Mostly Cloudy"
"-114.01","51.12","CALGARY INTL A","3031092","2025-06-24 15:00","2025","06","24","15:00","","20.1","","6.3","","40","","","","15","","15","","32.2","","89.09","","","","","","NA"
"-114.01","51.12","CALGARY INTL A","3031092","2025-06-24 16:00","2025","06","24","16:00","","21.5","","7.5","","40","","","","14","","18","","32.2","","89.06","","","","","","NA"
"-114.01","51.12","CALGARY INTL A","3031092","2025-06-24 17:00","2025","06","24","17:00","","21.2","","7.7","","41","","","","13","","18","","32.2","","89.02","","","","","","Mostly Cloudy"
"-114.01","51.12","CALGARY INTL A","3031092","2025-06-24 18:00","2025","06","24","18:00","","20.8","","8.4","","44","","","","13","","23","","32.2","","88.97","","","","","","NA"
"-114.01","51.12","CALGARY INTL A","3031092","2025-06-24 19:00","2025","06","24","19:00","","19.8","","8.2","","47","","","","13","","25","","32.2","","88.95","","","","","","NA"
"-114.01","51.12","CALGARY INTL A","3031092","2025-06-24 20:00","2025","06","24","20:00","","18.6","","9.0","","53","","","","13","","20","","24.1","","88.97","","","","","","Mostly Cloudy"
"-114.01","51.12","CALGARY INTL A","3031092","2025-06-24 21:00","2025","06","24","21:00","","17.6","","9.4","","58","","","","14","","17","","24.1","","88.96","","","","","","NA"
"-114.01","51.12","CALGARY INTL A","3031092","2025-06-24 22:00","2025","06","24","22:00","","16.1","","10.1","","67","","","","19","","10","","24.1","","88.98","","","","","","NA"
"-114.01","51.12","CALGARY INTL A","3031092","2025-06-24 23:00","2025","06","24","23:00","","15.7","","9.8","","68","","","","9","","4","","24.1","","88.91","","","","","","Mostly Cloudy"
"-114.01","51.12","CALGARY INTL A","3031092","2025-06-25 00:00","2025","06","25","00:00","","14.6","","9.0","","69","","","","21","","8","","24.1","","88.89","","","","","","NA"
"-114.01","51.12","CALGARY INTL A","3031092","2025-06-25 01:00","2025","06","25","01:00","","13.6","","8.1","","69","","","","28","","9","","24.1","","88.86","","","","","","NA"
"-114.01","51.12","CALGARY INTL A","3031092","2025-06-25 02:00","2025","06","25","02:00","","13.4","","6.2","","61","","","","22","","5","","24.1","","88.85","","","","","","Mainly Clear"
"-114.01","51.12","CALGARY INTL A","3031092","2025-06-25 03:00","2025","06","25","03:00","","12.7","","5.9","","63","","","","22","","10","","24.1","","88.79","","","","","","NA"
"-114.01","51.12","CALGARY INTL A","3031092","2025-06-25 04:00","2025","06","25","04:00","","11.7","","6.0","","68","","","","22","","10","","24.1","","88.77","","","","","","NA"
"-114.01","51.12","CALGARY INTL A","3031092","2025-06-25 05:00","2025","06","25","05:00","","11.3","","6.4","","72","","","","21","","8","","24.1","","88.77","","","","","","Mostly Cloudy"
"-114.01","51.12","CALGARY INTL A","3031092","2025-06-25 06:00","2025","06","25","06:00","","12.7","","7.5","","70","","","","17","","7","","14.5","","88.80","","","","","","NA"
"-114.01","51.12","CALGARY INTL A","3031092","2025-06-25 07:00","2025","06","25","07:00","","16.4","","7.2","","54","","","","19","","7","","32.2","","88.79","","","","","","NA"
"-114.01","51.12","CALGARY INTL A","3031092","2025-06-25 08:00","2025","06","25","08:00","","18.2","","5.8","","44","","","","27","","13","","48.3","","88.78","","","","","","Cloudy"
"-114.01","51.12","CALGARY INTL A","3031092","2025-06-25 09:00","2025","06","25","09:00","","18.8","","6.7","","45","","","","26","","3","","48.3","","88.78","","","","","","NA"
"-114.01","51.12","CALGARY INTL A","3031092","2025-06-25 10:00","2025","06","25","10:00","","20.4","","5.3","","37","","","","28","","14","","48.3","","88.77","","","","","","NA"
"-114.01","51.12","CALGARY INTL A","3031092","2025-06-25 11:00","2025","06","25","11:00","","21.0","","5.1","","35","","","","30","","14","","64.4","","88.77","","","","","","Mostly Cloudy"
"-114.01","51.12","CALGARY INTL A","3031092","2025-06-25 12:00","2025","06","25","12:00","","21.2","","4.7","","33","","","","30","","15","","64.4","","88.76","","","","","","NA"
"-114.01","51.12","CALGARY INTL A","3031092","2025-06-25 13:00","2025","06","25","13:00","","22.2","","5.1","","32","","","","14","","8","","48.3","","88.71","","","","","","NA"
"-114.01","51.12","CALGARY INTL A","3031092","2025-06-25 14:00","2025","06","25","14:00","","22.4","","5.5","","33","","","","4","","7","","24.1","","88.66","","","","","","Mostly Cloudy"
"-114.01","51.12","CALGARY INTL A","3031092","2025-06-25 15:00","2025","06","25","15:00","","22.2","","5.2","","33","","","","12","","9","","24.1","","88.60","","","","","","NA"
"-114.01","51.12","CALGARY INTL A","3031092","2025-06-25 16:00","2025","06","25","16:00","","14.1","","11.0","","82","","","","32","","24","","32.2","","88.71","","","","","","Thunderstorms,Rain Showers"
"-114.01","51.12","CALGARY INTL A","3031092","2025-06-25 17:00","2025","06","25","17:00","","15.8","","10.4","","70","","","","2","","13","","32.2","","88.68","","","","","","Mostly Cloudy"
"-114.01","51.12","CALGARY INTL A","3031092","2025-06-25 18:00","2025","06","25","18:00","","17.7","","10.0","","60","","","","31","","13","","48.3","","88.67","","","","","","NA"
"-114.01","51.12","CALGARY INTL A","3031092","2025-06-25 19:00","2025","06","25","19:00","","16.7","","7.6","","55","","","","28","","17","","64.4","","88.64","","","","","","NA"
"-114.01","51.12","CALGARY INTL A","3031092","2025-06-25 20:00","2025","06","25","20:00","","16.9","","8.0","","56","","","","22","","13","","48.3","","88.63","","","","","","Mostly Cloudy"
"-114.01","51.12","CALGARY INTL A","3031092","2025-06-25 21:00","2025","06","25","21:00","","16.3","","7.6","","56","","","","22","","13","","32.2","","88.64","","","","","","NA"
"-114.01","51.12","CALGARY INTL A","3031092","2025-06-25 22:00","2025","06","25","22:00","","14.9","","7.4","","61","","","","22","","3","","24.1","","88.64","","","","","","NA"
"-114.01","51.12","CALGARY INTL A","3031092","2025-06-25 23:00","2025","06","25","23:00","","13.5","","6.7","","63","","","","22","","9","","24.1","","88.63","","","","","","Clear"
"-114.01","51.12","CALGARY INTL A","3031092","2025-06-26 00:00","2025","06","26","00:00","","14.5","","5.7","","55","","","","26","","3","","24.1","","88.61","","","","","","NA"
"-114.01","51.12","CALGARY INTL A","3031092","2025-06-26 01:00","2025","06","26","01:00","","12.4","","6.2","","66","","","","18","","10","","24.1","","88.60","","","","","","NA"
"-114.01","51.12","CALGARY INTL A","3031092","2025-06-26 02:00","2025","06","26","02:00","","12.8","","5.1","","59","","","","31","","3","","24.1","","88.62","","","","","","Mainly Clear"
"-114.01","51.12","CALGARY INTL A","3031092","2025-06-26 03:00","2025","06","26","03:00","","12.7","","5.5","","61","","","","1","","11","","24.1","","88.63","","","","","","NA"
"-114.01","51.12","CALGARY INTL A","3031092","2025-06-26 04:00","2025","06","26","04:00","","13.5","","5.5","","58","","","","27","","7","","24.1","","88.64","","","","","","NA"
"-114.01","51.12","CALGARY INTL A","3031092","2025-06-26 05:00","2025","06","26","05:00","","13.9","","6.3","","60","","","","27","","11","","48.3","","88.66","","","","","","Mainly Clear"
"-114.01","51.12","CALGARY INTL A","3031092","2025-06-26 06:00","2025","06","26","06:00","","13.3","","8.2","","71","","","","5","","5","","48.3","","88.66","","","","","","NA"
"-114.01","51.12","CALGARY INTL A","3031092","2025-06-26 07:00","2025","06","26","07:00","","16.3","","8.1","","58","","","","16","","4","","64.4","","88.65","","","","","","NA"
"-114.01","51.12","CALGARY INTL A","3031092","2025-06-26 08:00","2025","06","26","08:00","","18.6","","5.2","","41","","","","32","","8","","64.4","","88.64","","","","","","Mostly Cloudy"
"-114.01","51.12","CALGARY INTL A","3031092","2025-06-26 09:00","2025","06","26","09:00","","19.2","","4.2","","37","","","","31","","17","","64.4","","88.64","","","","","","NA"
"-114.01","51.12","CALGARY INTL A","3031092","2025-06-26 10:00","2025","06","26","10:00","","20.8","","4.4","","34","","","","31","","18","","64.4","","88.62","","","","","","NA"
"-114.01","51.12","CALGARY INTL A","3031092","2025-06-26 11:00","2025","06","26","11:00","","20.2","","4.4","","35","","","","32","","14","","64.4","","88.59","","","","","","Mostly Cloudy"
"-114.01","51.12","CALGARY INTL A","3031092","2025-06-26 12:00","2025","06","26","12:00","","19.5","","6.6","","43","","","","6","","13","","64.4","","88.58","","","","","","NA"
"-114.01","51.12","CALGARY INTL A","3031092","2025-06-26 13:00","2025","06","26","13:00","","19.6","","7.5","","45","","","","9","","15","","64.4","","88.57","","","","","","NA"
"-114.01","51.12","CALGARY INTL A","3031092","2025-06-26 14:00","2025","06","26","14:00","","21.4","","7.9","","41","","","","11","","19","","48.3","","88.51","","","","","","Mostly Cloudy"
"-114.01","51.12","CALGARY INTL A","3031092","2025-06-26 15:00","2025","06","26","15:00","","22.5","","8.0","","39","","","","16","","18","","48.3","","88.47","","","","","","NA"
"-114.01","51.12","CALGARY INTL A","3031092","2025-06-26 16:00","2025","06","26","16:00","","21.7","","8.1","","41","","","","18","","18","","32.2","","88.46","","","","","","NA"
"-114.01","51.12","CALGARY INTL A","3031092","2025-06-26 17:00","2025","06","26","17:00","","21.3","","6.6","","38","","","","19","","13","","48.3","","88.42","","","","","","Mostly Cloudy"
"-114.01","51.12","CALGARY INTL A","3031092","2025-06-26 18:00","2025","06","26","18:00","","22.2","","4.8","","32","","","","23","","8","","32.2","","88.42","","","","","","NA"
"-114.01","51.12","CALGARY INTL A","3031092","2025-06-26 19:00","2025","06","26","19:00","","20.9","","4.4","","33","","","","28","","28","","32.2","","88.45","","","","","","NA"
"-114.01","51.12","CALGARY INTL A","3031092","2025-06-26 20:00","2025","06","26","20:00","","19.8","","4.7","","37","","","","28","","18","","32.2","","88.46","","","","","","Mostly Cloudy"
"-114.01","51.12","CALGARY INTL A","3031092","2025-06-26 21:00","2025","06","26","21:00","","19.5","","3.0","","33","","","","27","","12","","24.1","","88.48","","","","","","NA"
"-114.01","51.12","CALGARY INTL A","3031092","2025-06-26 22:00","2025","06","26","22:00","","17.8","","4.5","","41","","","","24","","6","","24.1","","88.49","","","","","","NA"
"-114.01","51.12","CALGARY INTL A","3031092","2025-06-26 23:00","2025","06","26","23:00","","14.7","","7.5","","62","","","","34","","13","","24.1","","88.53","","","","","","Clear"
"-114.01","51.12","CALGARY INTL A","3031092","2025-06-27 00:00","2025","06","27","00:00","","13.7","","8.2","","69","","","","34","","11","","24.1","","88.52","","","","","","NA"
"-114.01","51.12","CALGARY INTL A","3031092","2025-06-27 01:00","2025","06","27","01:00","","13.1","","8.1","","71","","","","32","","9","","24.1","","88.52","","","","","","NA"
"-114.01","51.12","CALGARY INTL A","3031092","2025-06-27 02:00","2025","06","27","02:00","","12.9","","7.8","","71","","","","34","","13","","24.1","","88.50","","","","","","Mostly Cloudy"
"-114.01","51.12","CALGARY INTL A","3031092","2025-06-27 03:00","2025","06","27","03:00","","12.4","","7.7","","73","","","","33","","13","","24.1","","88.46","","","","","","NA"
"-114.01","51.12","CALGARY INTL A","3031092","2025-06-27 04:00","2025","06","27","04:00","","11.7","","8.0","","78","","","","35","","10","","24.1","","88.47","","","","","","NA"
"-114.01","51.12","CALGARY INTL A","3031092","2025-06-27 05:00","2025","06","27","05:00","","12.8","","8.1","","73","","","","26","","7","","32.2","","88.46","","","","","","Mostly Cloudy"
"-114.01","51.12","CALGARY INTL A","3031092","2025-06-27 06:00","2025","06","27","06:00","","12.2","","8.4","","77","","","","33","","3","","32.2","","88.49","","","","","","NA"
"-114.01","51.12","CALGARY INTL A","3031092","2025-06-27 07:00","2025","06","27","07:00","","14.5","","8.3","","66","","","","","","0","","24.1","","88.49","","","","","","NA"
"-114.01","51.12","CALGARY INTL A","3031092","2025-06-27 08:00","2025","06","27","08:00","","15.9","","7.7","","58","","","","","","0","","24.1","","88.48","","","","","","Cloudy"
"-114.01","51.12","CALGARY INTL A","3031092","2025-06-27 09:00","2025","06","27","09:00","","17.0","","7.2","","52","","","","29","","13","","48.3","","88.47","","","","","","NA"
"-114.01","51.12","CALGARY INTL A","3031092","2025-06-27 10:00","2025","06","27","10:00","","17.7","","6.4","","47","","","","31","","17","","48.3","","88.43","","","","","","NA"
"-114.01","51.12","CALGARY INTL A","3031092","2025-06-27 11:00","2025","06","27","11:00","","18.1","","6.8","","48","","","","30","","17","","64.4","","88.44","","","","","","Mostly Cloudy"
"-114.01","51.12","CALGARY INTL A","3031092","2025-06-27 12:00","2025","06","27","12:00","","18.6","","6.0","","43","","","","28","","11","","64.4","","88.45","","","","","","NA"
"-114.01","51.12","CALGARY INTL A","3031092","2025-06-27 13:00","2025","06","27","13:00","","20.0","","4.8","","36","","","","27","","16","","64.4","","88.40","","","","","","NA"
"-114.01","51.12","CALGARY INTL A","3031092","2025-06-27 14:00","2025","06","27","14:00","","19.8","","6.3","","41","","","","23","","15","","32.2","","88.36","","","","","","Mostly Cloudy"
"-114.01","51.12","CALGARY INTL A","3031092","2025-06-27 15:00","2025","06","27","15:00","","20.8","","6.4","","39","","","","21","","8","","64.4","","88.32","","","","","","NA"
"-114.01","51.12","CALGARY INTL A","3031092","2025-06-27 16:00","2025","06","27","16:00","","22.6","","3.9","","29","","","","29","","20","","64.4","","88.33","","","","","","NA"
"-114.01","51.12","CALGARY INTL A","3031092","2025-06-27 17:00","2025","06","27","17:00","","22.4","","6.5","","35","","","","33","","13","","64.4","","88.34","","","","","","Mostly Cloudy"
"-114.01","51.12","CALGARY INTL A","3031092","2025-06-27 18:00","2025","06","27","18:00","","19.8","","7.9","","46","","","","36","","20","","48.3","","88.39","","","","","","NA"
"-114.01","51.12","CALGARY INTL A","3031092","2025-06-27 19:00","2025","06","27","19:00","","17.3","","9.8","","61","","","","3","","20","","16.1","","88.50","","","","","","NA"
"-114.01","51.12","CALGARY INTL A","3031092","2025-06-27 20:00","2025","06","27","20:00","","16.2","","11.7","","74","","","","4","","12","","16.1","","88.56","","","","","","Rain Showers"
"-114.01","51.12","CALGARY INTL A","3031092","2025-06-27 21:00","2025","06","27","21:00","","15.2","","8.1","","62","","","","34","","7","","24.1","","88.57","","","","","","NA"
"-114.01","51.12","CALGARY INTL A","3031092","2025-06-27 22:00","2025","06","27","22:00","","14.4","","8.4","","67","","","","1","","4","","24.1","","88.62","","","","","","NA"
"-114.01","51.12","CALGARY INTL A","3031092","2025-06-27 23:00","2025","06","27","23:00","","13.2","","8.4","","72","","","","34","","9","","24.1","","88.67","","","","","","Mostly Cloudy"
"-114.01","51.12","CALGARY INTL A","3031092","2025-06-28 00:00","2025","06","28","00:00","","12.2","","7.4","","72","","","","33","","16","","24.1","","88.70","","","","","","NA"
"-114.01","51.12","CALGARY INTL A","3031092","2025-06-28 01:00","2025","06","28","01:00","","12.1","","7.3","","72","","","","33","","10","","24.1","","88.72","","","","","","NA"
"-114.01","51.12","CALGARY INTL A","3031092","2025-06-28 02:00","2025","06","28","02:00","","12.1","","7.1","","71","","","","","","0","","24.1","","88.74","","","","","","Mostly Cloudy"
"-114.01","51.12","CALGARY INTL A","3031092","2025-06-28 03:00","2025","06","28","03:00","","11.7","","7.3","","74","","","","35","","8","","24.1","","88.78","","","","","","NA"
"-114.01","51.12","CALGARY INTL A","3031092","2025-06-28 04:00","2025","06","28","04:00","","9.9","","6.8","","81","","","","36","","11","","16.1","","88.83","","","","","","NA"
"-114.01","51.12","CALGARY INTL A","3031092","2025-06-28 05:00","2025","06","28","05:00","","11.9","","7.3","","73","","","","34","","7","","64.4","","88.85","","","","","","Mostly Cloudy"
"-114.01","51.12","CALGARY INTL A","3031092","2025-06-28 06:00","2025","06","28","06:00","","11.6","","6.8","","72","","","","","","0","","64.4","","88.89","","","","","","NA"
"-114.01","51.12","CALGARY INTL A","3031092","2025-06-28 07:00","2025","06","28","07:00","","14.9","","6.5","","57","","","","34","","13","","64.4","","88.90","","","","","","NA"
"-114.01","51.12","CALGARY INTL A","3031092","2025-06-28 08:00","2025","06","28","08:00","","15.6","","7.6","","59","","","","1","","17","","64.4","","88.94","","","","","","Mainly Clear"
"-114.01","51.12","CALGARY INTL A","3031092","2025-06-28 09:00","2025","06","28","09:00","","16.3","","8.1","","58","","","","1","","17","","64.4","","88.99","","","","","","NA"
"-114.01","51.12","CALGARY INTL A","3031092","2025-06-28 10:00","2025","06","28","10:00","","16.6","","7.2","","53","","","","36","","16","","64.4","","89.00","","","","","","NA"
"-114.01","51.12","CALGARY INTL A","3031092","2025-06-28 11:00","2025","06","28","11:00","","17.4","","7.2","","51","","","","3","","13","","64.4","","88.97","","","","","","Mostly Cloudy"
"-114.01","51.12","CALGARY INTL A","3031092","2025-06-28 12:00","2025","06","28","12:00","","18.0","","7.8","","51","","","","2","","15","","64.4","","88.96","","","","","","NA"
"-114.01","51.12","CALGARY INTL A","3031092","2025-06-28 13:00","2025","06","28","13:00","","15.0","","6.8","","58","","","","35","","18","","32.2","","89.00","","","","","","Thunderstorms,Rain Showers"
"-114.01","51.12","CALGARY INTL A","3031092","2025-06-28 14:00","2025","06","28","14:00","","14.4","","9.6","","72","","","","9","","15","","48.3","","89.03","","","","","","Mostly Cloudy"
"-114.01","51.12","CALGARY INTL A","3031092","2025-06-28 15:00","2025","06","28","15:00","","14.6","","6.9","","60","","","","1","","37","","48.3","","89.06","","","","","","Rain Showers"
"-114.01","51.12","CALGARY INTL A","3031092","2025-06-28 16:00","2025","06","28","16:00","","13.6","","7.5","","67","","","","5","","13","","48.3","","89.13","","","","","","Rain Showers"
"-114.01","51.12","CALGARY INTL A","3031092","2025-06-28 17:00","2025","06","28","17:00","","16.8","","7.8","","55","","","","23","","14","","64.4","","89.13","","","","","","Mostly Cloudy"
"-114.01","51.12","CALGARY INTL A","3031092","2025-06-28 18:00","2025","06","28","18:00","","17.3","","7.6","","53","","","","21","","10","","48.3","","89.09","","","","","","NA"
"-114.01","51.12","CALGARY INTL A","3031092","2025-06-28 19:00","2025","06","28","19:00","","17.8","","6.2","","46","","","","36","","10","","48.3","","89.14","","","","","","NA"
"-114.01","51.12","CALGARY INTL A","3031092","2025-06-28 20:00","2025","06","28","20:00","","17.0","","5.7","","47","","","","33","","5","","48.3","","89.17","","","","","","Mainly Clear"
"-114.01","51.12","CALGARY INTL A","3031092","2025-06-28 21:00","2025","06","28","21:00","","16.3","","6.1","","51","","","","23","","8","","48.3","","89.22","","","","","","NA"
"-114.01","51.12","CALGARY INTL A","3031092","2025-06-28 22:00","2025","06","28","22:00","","14.8","","6.3","","56","","","","23","","4","","24.1","","89.25","","","","","","NA"
"-114.01","51.12","CALGARY INTL A","3031092","2025-06-28 23:00","2025","06","28","23:00","","13.5","","7.0","","65","","","","1","","12","","24.1","","89.34","","","","","","Mostly Cloudy"
"-114.01","51.12","CALGARY INTL A","3031092","2025-06-29 00:00","2025","06","29","00:00","","14.2","","6.0","","58","","","","33","","18","","12.9","","89.34","","","","","","Rain"
"-114.01","51.12","CALGARY INTL A","3031092","2025-06-29 01:00","2025","06","29","01:00","","15.4","","4.0","","46","","","","30","","20","","24.1","","89.33","","","","","","NA"
"-114.01","51.12","CALGARY INTL A","3031092","2025-06-29 02:00","2025","06","29","02:00","","15.8","","4.0","","45","","","","35","","25","","16.1","","89.36","","","","","","Mostly Cloudy"
"-114.01","51.12","CALGARY INTL A","3031092","2025-06-29 03:00","2025","06","29","03:00","","13.8","","4.9","","55","","","","33","","12","","16.1","","89.40","","","","","","Rain Showers"
"-114.01","51.12","CALGARY INTL A","3031092","2025-06-29 04:00","2025","06","29","04:00","","12.0","","6.0","","66","","","","31","","7","","32.2","","89.46","","","","","","NA"
"-114.01","51.12","CALGARY INTL A","3031092","2025-06-29 05:00","2025","06","29","05:00","","10.5","","5.5","","71","","","","23","","7","","64.4","","89.52","","","","","","Mainly Clear"
"-114.01","51.12","CALGARY INTL A","3031092","2025-06-29 06:00","2025","06","29","06:00","","11.8","","5.6","","65","","","","33","","9","","64.4","","89.59","","","","","","NA"
"-114.01","51.12","CALGARY INTL A","3031092","2025-06-29 07:00","2025","06","29","07:00","","15.3","","5.0","","50","","","","33","","13","","64.4","","89.63","","","","","","NA"
"-114.01","51.12","CALGARY INTL A","3031092","2025-06-29 08:00","2025","06","29","08:00","","16.1","","4.1","","45","","","","35","","13","","64.4","","89.66","","","","","","Clear"
"-114.01","51.12","CALGARY INTL A","3031092","2025-06-29 09:00","2025","06","29","09:00","","17.2","","4.5","","43","","","","36","","9","","64.4","","89.65","","","","","","NA"
"-114.01","51.12","CALGARY INTL A","3031092","2025-06-29 10:00","2025","06","29","10:00","","18.1","","4.7","","41","","","","2","","9","","64.4","","89.62","","","","","","NA"
"-114.01","51.12","CALGARY INTL A","3031092","2025-06-29 11:00","2025","06","29","11:00","","18.7","","5.7","","42","","","","11","","7","","64.4","","89.60","","","","","","Mainly Clear"
"-114.01","51.12","CALGARY INTL A","3031092","2025-06-29 12:00","2025","06","29","12:00","","20.1","","4.0","","34","","","","31","","9","","64.4","","89.58","","","","","","NA"
"-114.01","51.12","CALGARY INTL A","3031092","2025-06-29 13:00","2025","06","29","13:00","","20.7","","4.2","","34","","","","","","0","","64.4","","89.56","","","","","","NA"
"-114.01","51.12","CALGARY INTL A","3031092","2025-06-29 14:00","2025","06","29","14:00","","22.5","","2.0","","25","","","","32","","18","","64.4","","89.52","","","","","","Mainly Clear"
"-114.01","51.12","CALGARY INTL A","3031092","2025-06-29 15:00","2025","06","29","15:00","","23.1","","5.2","","31","","","","13","","4","","64.4","","89.49","","","","","","NA"
"-114.01","51.12","CALGARY INTL A","3031092","2025-06-29 16:00","2025","06","29","16:00","","22.4","","6.2","","35","","","","11","","21","","64.4","","89.47","","","","","","NA"
"-114.01","51.12","CALGARY INTL A","3031092","2025-06-29 17:00","2025","06","29","17:00","","22.2","","7.0","","37","","","","11","","20","","64.4","","89.45","","","","","","Mainly Clear"
"-114.01","51.12","CALGARY INTL A","3031092","2025-06-29 18:00","2025","06","29","18:00","","21.9","","7.9","","40","","","","14","","20","","64.4","","89.42","","","","","","NA"
"-114.01","51.12","CALGARY INTL A","3031092","2025-06-29 19:00","2025","06","29","19:00","","21.4","","7.5","","40","","","","16","","17","","64.4","","89.46","","","","","","NA"
"-114.01","51.12","CALGARY INTL A","3031092","2025-06-29 20:00","2025","06","29","20:00","","19.9","","8.0","","46","","","","18","","17","","64.4","","89.45","","","","","","Clear"
"-114.01","51.12","CALGARY INTL A","3031092","2025-06-29 21:00","2025","06","29","21:00","","18.8","","7.5","","47","","","","17","","12","","24.1","","89.50","","","","","","NA"
"-114.01","51.12","CALGARY INTL A","3031092","2025-06-29 22:00","2025","06","29","22:00","","17.8","","8.7","","55","","","","15","","13","","24.1","","89.53","","","","","","NA"
"-114.01","51.12","CALGARY INTL A","3031092","2025-06-29 23:00","2025","06","29","23:00","","17.1","","8.8","","58","","","","18","","10","","24.1","","89.53","","","","","","Mainly Clear"
"-114.01","51.12","CALGARY INTL A","3031092","2025-06-30 00:00","2025","06","30","00:00","","16.1","","9.7","","65","","","","17","","5","","24.1","","89.54","","","","","","NA"
"-114.01","51.12","CALGARY INTL A","3031092","2025-06-30 01:00","2025","06","30","01:00","","14.8","","9.7","","71","","","","18","","9","","24.1","","89.54","","","","","","NA"
"-114.01","51.12","CALGARY INTL A","3031092","2025-06-30 02:00","2025","06","30","02:00","","14.1","","10.2","","77","","","","19","","5","","24.1","","89.53","","","","","","Clear"
"-114.01","51.12","CALGARY INTL A","3031092","2025-06-30 03:00","2025","06","30","03:00","","13.4","","9.7","","78","","","","19","","4","","24.1","","89.53","","","","","","NA"
"-114.01","51.12","CALGARY INTL A","3031092","2025-06-30 04:00","2025","06","30","04:00","","12.8","","8.6","","75","","","","23","","10","","24.1","","89.55","","","","","","NA"
"-114.01","51.12","CALGARY INTL A","3031092","2025-06-30 05:00","2025","06","30","05:00","","11.8","","8.0","","77","","","","23","","7","","64.4","","89.56","","","","","","Mainly Clear"
"-114.01","51.12","CALGARY INTL A","3031092","2025-06-30 06:00","2025","06","30","06:00","","12.7","","8.1","","73","","","","19","","4","","64.4","","89.57","","","","","","NA"
"-114.01","51.12","CALGARY INTL A","3031092","2025-06-30 07:00","2025","06","30","07:00","","15.1","","7.8","","61","","","","22","","7","","64.4","","89.57","","","","","","NA"
"-114.01","51.12","CALGARY INTL A","3031092","2025-06-30 08:00","2025","06","30","08:00","","18.3","","7.9","","50","","","","","","0","","64.4","","89.56","","","","","","Mainly Clear"
"-114.01","51.12","CALGARY INTL A","3031092","2025-06-30 09:00","2025","06","30","09:00","","20.4","","7.2","","42","","","","2","","11","","64.4","","89.52","","","","","","NA"
"-114.01","51.12","CALGARY INTL A","3031092","2025-06-30 10:00","2025","06","30","10:00","","21.3","","8.9","","45","","","","31","","5","","64.4","","89.49","","","","","","NA"
"-114.01","51.12","CALGARY INTL A","3031092","2025-06-30 11:00","2025","06","30","11:00","","22.4","","8.9","","42","","","","2","","16","","64.4","","89.46","","","","","","Mainly Clear"
"-114.01","51.12","CALGARY INTL A","3031092","2025-06-30 12:00","2025","06","30","12:00","","22.6","","7.4","","37","","","","1","","10","","64.4","","89.41","","","","","","NA"
"-114.01","51.12","CALGARY INTL A","3031092","2025-06-30 13:00","2025","06","30","13:00","","23.5","","8.1","","37","","","","36","","15","","64.4","","89.36","","","","","","NA"
"-114.01","51.12","CALGARY INTL A","3031092","2025-06-30 14:00","2025","06","30","14:00","","23.8","","7.2","","34","","","","2","","14","","64.4","","89.33","","","","","","Mainly Clear"
"-114.01","51.12","CALGARY INTL A","3031092","2025-06-30 15:00","2025","06","30","15:00","","24.7","","6.0","","30","","","","36","","9","","64.4","","89.29","","","","","","NA"
"-114.01","51.12","CALGARY INTL A","3031092","2025-06-30 16:00","2025","06","30","16:00","","24.6","","7.9","","34","","","","3","","8","","64.4","","89.27","","25","","","","NA"
"-114.01","51.12","CALGARY INTL A","3031092","2025-06-30 17:00","2025","06","30","17:00","","24.0","","9.7","","40","","","","5","","13","","64.4","","89.25","","25","","","","Mostly Cloudy"
"-114.01","51.12","CALGARY INTL A","3031092","2025-06-30 18:00","2025","06","30","18:00","","23.9","","11.0","","44","","","","13","","14","","64.4","","89.23","","26","","","","NA"
"-114.01","51.12","CALGARY INTL A","3031092","2025-06-30 19:00","2025","06","30","19:00","","23.4","","10.6","","44","","","","9","","12","","48.3","","89.21","","25","","","","NA"
"-114.01","51.12","CALGARY INTL A","3031092","2025-06-30 20:00","2025","06","30","20:00","","21.9","","11.5","","51","","","","9","","12","","48.3","","89.19","","","","","","Mainly Clear"
"-114.01","51.12","CALGARY INTL A","3031092","2025-06-30 21:00","2025","06","30","21:00","","19.8","","11.5","","58","","","","9","","11","","32.2","","89.22","","","","","","NA"
"-114.01","51.12","CALGARY INTL A","3031092","2025-06-30 22:00","2025","06","30","22:00","","18.1","","11.2","","63","","","","9","","10","","24.1","","89.22","","","","","","NA"
"-114.01","51.12","CALGARY INTL A","3031092","2025-06-30 23:00","2025","06","30","23:00","","17.5","","11.3","","67","","","","","","0","","24.1","","89.19","","","","","","Clear"
