"Longitude (x)","Latitude (y)","Station Name","Climate ID","Date/Time (LST)","Year","Month","Day","Time (LST)","Flag","Temp (°C)","Temp Flag","Dew Point Temp (°C)","Dew Point Temp Flag","Rel Hum (%)","Rel Hum Flag","Precip. Amount (mm)","Precip. Amount Flag","Wind Dir (10s deg)","Wind Dir Flag","Wind Spd (km/h)","Wind Spd Flag","Visibility (km)","Visibility Flag","Stn Press (kPa)","Stn Press Flag","Hmdx","Hmdx Flag","Wind Chill","Wind Chill Flag","Weather"
"-114.01","51.12","CALGARY INTL A","3031092","2025-07-01 00:00","2025","07","01","00:00","","16.5","","11.3","","71","","","","35","","9","","24.1","","89.23","","","","","","NA"
"-114.01","51.12","CALGARY INTL A","3031092","2025-07-01 01:00","2025","07","01","01:00","","15.4","","10.6","","73","","","","35","","9","","24.1","","89.24","","","","","","NA"
"-114.01","51.12","CALGARY INTL A","3031092","2025-07-01 02:00","2025","07","01","02:00","","13.9","","10.3","","79","","","","33","","8","","24.1","","89.27","","","","","","Mainly Clear"
"-114.01","51.12","CALGARY INTL A","3031092","2025-07-01 03:00","2025","07","01","03:00","","14.1","","10.0","","76","","","","34","","7","","24.1","","89.25","","","","","","NA"
"-114.01","51.12","CALGARY INTL A","3031092","2025-07-01 04:00","2025","07","01","04:00","","14.4","","10.3","","76","","","","","","0","","24.1","","89.24","","","","","","NA"
"-114.01","51.12","CALGARY INTL A","3031092","2025-07-01 05:00","2025","07","01","05:00","","13.6","","10.1","","79","","","","23","","7","","32.2","","89.26","","","","","","Clear"
"-114.01","51.12","CALGARY INTL A","3031092","2025-07-01 06:00","2025","07","01","06:00","","15.4","","10.2","","71","","","","22","","7","","32.2","","89.24","","","","","","NA"
"-114.01","51.12","CALGARY INTL A","3031092","2025-07-01 07:00","2025","07","01","07:00","","17.6","","10.4","","62","","","","23","","9","","64.4","","89.23","","","","","","NA"
"-114.01","51.12","CALGARY INTL A","3031092","2025-07-01 08:00","2025","07","01","08:00","","19.4","","10.6","","56","","","","22","","10","","64.4","","89.24","","","","","","Clear"
"-114.01","51.12","CALGARY INTL A","3031092","2025-07-01 09:00","2025","07","01","09:00","","21.8","","10.1","","47","","","","21","","13","","64.4","","89.21","","","","","","NA"
"-114.01","51.12","CALGARY INTL A","3031092","2025-07-01 10:00","2025","07","01","10:00","","23.1","","10.9","","46","","","","20","","16","","64.4","","89.16","","25","","","","NA"
"-114.01","51.12","CALGARY INTL A","3031092","2025-07-01 11:00","2025","07","01","11:00","","24.3","","10.6","","42","","","","17","","20","","64.4","","89.10","","26","","","","Mainly Clear"
"-114.01","51.12","CALGARY INTL A","3031092","2025-07-01 12:00","2025","07","01","12:00","","25.5","","11.5","","41","","","","16","","17","","64.4","","89.06","","28","","","","NA"
"-114.01","51.12","CALGARY INTL A","3031092","2025-07-01 13:00","2025","07","01","13:00","","26.2","","11.2","","39","","","","13","","14","","64.4","","89.02","","28","","","","NA"
"-114.01","51.12","CALGARY INTL A","3031092","2025-07-01 14:00","2025","07","01","14:00","","26.7","","10.1","","35","","","","11","","22","","64.4","","88.97","","28","","","","Mainly Clear"
"-114.01","51.12","CALGARY INTL A","3031092","2025-07-01 15:00","2025","07","01","15:00","","26.9","","9.7","","33","","","","14","","17","","64.4","","88.94","","28","","","","NA"
"-114.01","51.12","CALGARY INTL A","3031092","2025-07-01 16:00","2025","07","01","16:00","","27.2","","12.3","","39","","","","14","","18","","64.4","","88.90","","30","","","","NA"
"-114.01","51.12","CALGARY INTL A","3031092","2025-07-01 17:00","2025","07","01","17:00","","26.8","","11.3","","37","","","","16","","21","","64.4","","88.84","","29","","","","Mainly Clear"
"-114.01","51.12","CALGARY INTL A","3031092","2025-07-01 18:00","2025","07","01","18:00","","25.5","","10.0","","37","","","","14","","26","","64.4","","88.81","","27","","","","NA"
"-114.01","51.12","CALGARY INTL A","3031092","2025-07-01 19:00","2025","07","01","19:00","","25.4","","12.8","","45","","","","15","","26","","32.2","","88.80","","28","","","","NA"
"-114.01","51.12","CALGARY INTL A","3031092","2025-07-01 20:00","2025","07","01","20:00","","24.2","","12.9","","49","","","","16","","18","","32.2","","88.79","","27","","","","Mainly Clear"
"-114.01","51.12","CALGARY INTL A","3031092","2025-07-01 21:00","2025","07","01","21:00","","22.6","","13.1","","55","","","","16","","16","","32.2","","88.78","","25","","","","NA"
"-114.01","51.12","CALGARY INTL A","3031092","2025-07-01 22:00","2025","07","01","22:00","","21.3","","13.2","","59","","","","12","","9","","24.1","","88.78","","","","","","NA"
"-114.01","51.12","CALGARY INTL A","3031092","2025-07-01 23:00","2025","07","01","23:00","","20.1","","12.8","","63","","","","15","","13","","24.1","","88.78","","","","","","Clear"
"-114.01","51.12","CALGARY INTL A","3031092","2025-07-02 00:00","2025","07","02","00:00","","18.5","","12.2","","66","","","","19","","12","","24.1","","88.74","","","","","","NA"
"-114.01","51.12","CALGARY INTL A","3031092","2025-07-02 01:00","2025","07","02","01:00","","17.7","","11.9","","68","","","","18","","13","","24.1","","88.71","","","","","","NA"
"-114.01","51.12","CALGARY INTL A","3031092","2025-07-02 02:00","2025","07","02","02:00","","17.1","","12.4","","73","","","","18","","10","","24.1","","88.68","","","","","","Clear"
"-114.01","51.12","CALGARY INTL A","3031092","2025-07-02 03:00","2025","07","02","03:00","","16.3","","12.4","","77","","","","19","","9","","24.1","","88.62","","","","","","NA"
"-114.01","51.12","CALGARY INTL A","3031092","2025-07-02 04:00","2025","07","02","04:00","","15.2","","12.2","","82","","","","17","","8","","24.1","","88.58","","","","","","NA"
"-114.01","51.12","CALGARY INTL A","3031092","2025-07-02 05:00","2025","07","02","05:00","","16.6","","12.4","","76","","","","23","","9","","32.2","","88.56","","","","","","Mainly Clear"
"-114.01","51.12","CALGARY INTL A","3031092","2025-07-02 06:00","2025","07","02","06:00","","16.2","","12.2","","77","","","","22","","9","","32.2","","88.54","","","","","","NA"
"-114.01","51.12","CALGARY INTL A","3031092","2025-07-02 07:00","2025","07","02","07:00","","19.1","","11.6","","61","","","","17","","6","","48.3","","88.51","","","","","","NA"
"-114.01","51.12","CALGARY INTL A","3031092","2025-07-02 08:00","2025","07","02","08:00","","22.3","","11.3","","49","","","","23","","13","","48.3","","88.46","","","","","","Mostly Cloudy"
"-114.01","51.12","CALGARY INTL A","3031092","2025-07-02 09:00","2025","07","02","09:00","","23.3","","12.4","","50","","","","17","","8","","48.3","","88.44","","26","","","","NA"
"-114.01","51.12","CALGARY INTL A","3031092","2025-07-02 10:00","2025","07","02","10:00","","25.4","","12.2","","43","","","","15","","10","","32.2","","88.40","","28","","","","NA"
"-114.01","51.12","CALGARY INTL A","3031092","2025-07-02 11:00","2025","07","02","11:00","","27.9","","12.5","","38","","","","16","","9","","32.2","","88.34","","30","","","","Mostly Cloudy"
"-114.01","51.12","CALGARY INTL A","3031092","2025-07-02 12:00","2025","07","02","12:00","","28.6","","13.6","","39","","","","16","","17","","32.2","","88.29","","32","","","","NA"
"-114.01","51.12","CALGARY INTL A","3031092","2025-07-02 13:00","2025","07","02","13:00","","29.7","","11.9","","33","","","","12","","17","","32.2","","88.21","","32","","","","NA"
"-114.01","51.12","CALGARY INTL A","3031092","2025-07-02 14:00","2025","07","02","14:00","","30.3","","6.6","","22","","","","18","","21","","32.2","","88.13","","30","","","","Mostly Cloudy"
"-114.01","51.12","CALGARY INTL A","3031092","2025-07-02 15:00","2025","07","02","15:00","","30.9","","9.9","","27","","","","14","","23","","32.2","","88.05","","32","","","","NA"
"-114.01","51.12","CALGARY INTL A","3031092","2025-07-02 16:00","2025","07","02","16:00","","29.8","","4.7","","20","","","","26","","26","","24.1","","88.04","","29","","","","Thunderstorms"
"-114.01","51.12","CALGARY INTL A","3031092","2025-07-02 17:00","2025","07","02","17:00","","28.0","","6.5","","25","","","","1","","10","","24.1","","87.99","","28","","","","Mostly Cloudy"
"-114.01","51.12","CALGARY INTL A","3031092","2025-07-02 18:00","2025","07","02","18:00","","28.8","","3.9","","20","","","","29","","24","","32.2","","87.99","","28","","","","NA"
"-114.01","51.12","CALGARY INTL A","3031092","2025-07-02 19:00","2025","07","02","19:00","","24.1","","5.8","","30","","","","29","","25","","24.1","","88.07","","","","","","NA"
"-114.01","51.12","CALGARY INTL A","3031092","2025-07-02 20:00","2025","07","02","20:00","","22.9","","5.9","","33","","","","34","","13","","24.1","","88.12","","","","","","Mostly Cloudy"
"-114.01","51.12","CALGARY INTL A","3031092","2025-07-02 21:00","2025","07","02","21:00","","22.7","","5.1","","31","","","","26","","19","","24.1","","88.19","","","","","","NA"
"-114.01","51.12","CALGARY INTL A","3031092","2025-07-02 22:00","2025","07","02","22:00","","23.0","","4.2","","29","","","","25","","18","","24.1","","88.15","","","","","","NA"
"-114.01","51.12","CALGARY INTL A","3031092","2025-07-02 23:00","2025","07","02","23:00","","20.9","","4.8","","35","","","","23","","17","","24.1","","88.11","","","","","","Mostly Cloudy"
"-114.01","51.12","CALGARY INTL A","3031092","2025-07-03 00:00","2025","07","03","00:00","","20.7","","4.3","","34","","","","27","","16","","24.1","","88.06","","","","","","NA"
"-114.01","51.12","CALGARY INTL A","3031092","2025-07-03 01:00","2025","07","03","01:00","","21.1","","4.2","","33","","","","27","","17","","24.1","","88.08","","","","","","NA"
"-114.01","51.12","CALGARY INTL A","3031092","2025-07-03 02:00","2025","07","03","02:00","","21.4","","4.2","","32","","","","30","","19","","24.1","","88.15","","","","","","Mostly Cloudy"
"-114.01","51.12","CALGARY INTL A","3031092","2025-07-03 03:00","2025","07","03","03:00","","15.6","","9.7","","68","","","","36","","27","","24.1","","88.24","","","","","","NA"
"-114.01","51.12","CALGARY INTL A","3031092","2025-07-03 04:00","2025","07","03","04:00","","13.7","","9.0","","73","","","","36","","31","","24.1","","88.29","","","","","","NA"
"-114.01","51.12","CALGARY INTL A","3031092","2025-07-03 05:00","2025","07","03","05:00","","13.2","","8.7","","74","","","","34","","32","","32.2","","88.33","","","","","","Mainly Clear"
"-114.01","51.12","CALGARY INTL A","3031092","2025-07-03 06:00","2025","07","03","06:00","","13.5","","7.3","","66","","","","33","","30","","32.2","","88.38","","","","","","NA"
"-114.01","51.12","CALGARY INTL A","3031092","2025-07-03 07:00","2025","07","03","07:00","","14.8","","7.0","","60","","","","33","","18","","48.3","","88.38","","","","","","NA"
"-114.01","51.12","CALGARY INTL A","3031092","2025-07-03 08:00","2025","07","03","08:00","","15.9","","7.4","","57","","","","33","","23","","48.3","","88.39","","","","","","Clear"
"-114.01","51.12","CALGARY INTL A","3031092","2025-07-03 09:00","2025","07","03","09:00","","17.5","","7.0","","50","","","","35","","18","","48.3","","88.36","","","","","","NA"
"-114.01","51.12","CALGARY INTL A","3031092","2025-07-03 10:00","2025","07","03","10:00","","18.2","","7.6","","49","","","","2","","11","","48.3","","88.31","","","","","","NA"
"-114.01","51.12","CALGARY INTL A","3031092","2025-07-03 11:00","2025","07","03","11:00","","19.2","","7.7","","47","","","","8","","7","","48.3","","88.28","","","","","","Clear"
"-114.01","51.12","CALGARY INTL A","3031092","2025-07-03 12:00","2025","07","03","12:00","","20.4","","9.8","","50","","","","5","","10","","48.3","","88.24","","","","","","NA"
"-114.01","51.12","CALGARY INTL A","3031092","2025-07-03 13:00","2025","07","03","13:00","","20.7","","9.7","","49","","","","9","","10","","48.3","","88.26","","","","","","NA"
"-114.01","51.12","CALGARY INTL A","3031092","2025-07-03 14:00","2025","07","03","14:00","","20.9","","9.7","","48","","","","7","","21","","32.2","","88.24","","","","","","Mostly Cloudy"
"-114.01","51.12","CALGARY INTL A","3031092","2025-07-03 15:00","2025","07","03","15:00","","21.0","","10.8","","52","","","","7","","13","","32.2","","88.28","","","","","","NA"
"-114.01","51.12","CALGARY INTL A","3031092","2025-07-03 16:00","2025","07","03","16:00","","17.2","","11.5","","69","","","","2","","33","","32.2","","88.35","","","","","","Rain Showers"
"-114.01","51.12","CALGARY INTL A","3031092","2025-07-03 17:00","2025","07","03","17:00","","16.6","","10.1","","65","","","","36","","32","","24.1","","88.42","","","","","","Rain Showers"
"-114.01","51.12","CALGARY INTL A","3031092","2025-07-03 18:00","2025","07","03","18:00","","14.8","","8.3","","65","","","","36","","32","","32.2","","88.53","","","","","","NA"
"-114.01","51.12","CALGARY INTL A","3031092","2025-07-03 19:00","2025","07","03","19:00","","14.5","","8.0","","65","","","","1","","26","","24.1","","88.59","","","","","","NA"
"-114.01","51.12","CALGARY INTL A","3031092","2025-07-03 20:00","2025","07","03","20:00","","14.4","","8.6","","68","","","","1","","23","","32.2","","88.66","","","","","","Mostly Cloudy"
"-114.01","51.12","CALGARY INTL A","3031092","2025-07-03 21:00","2025","07","03","21:00","","13.3","","8.5","","73","","","","36","","19","","24.1","","88.74","","","","","","NA"
"-114.01","51.12","CALGARY INTL A","3031092","2025-07-03 22:00","2025","07","03","22:00","","13.0","","8.5","","74","","","","34","","9","","24.1","","88.83","","","","","","NA"
"-114.01","51.12","CALGARY INTL A","3031092","2025-07-03 23:00","2025","07","03","23:00","","12.2","","8.6","","78","","","","33","","6","","16.1","","88.88","","","","","","Mostly Cloudy"
"-114.01","51.12","CALGARY INTL A","3031092","2025-07-04 00:00","2025","07","04","00:00","","12.4","","8.0","","75","","","","23","","7","","24.1","","88.91","","","","","","NA"
"-114.01","51.12","CALGARY INTL A","3031092","2025-07-04 01:00","2025","07","04","01:00","","12.2","","8.1","","76","","","","28","","7","","24.1","","88.92","","","","","","NA"
"-114.01","51.12","CALGARY INTL A","3031092","2025-07-04 02:00","2025","07","04","02:00","","11.9","","8.2","","78","","","","23","","8","","24.1","","88.93","","","","","","Mostly Cloudy"
"-114.01","51.12","CALGARY INTL A","3031092","2025-07-04 03:00","2025","07","04","03:00","","11.5","","7.8","","78","","","","22","","7","","24.1","","88.95","","","","","","NA"
"-114.01","51.12","CALGARY INTL A","3031092","2025-07-04 04:00","2025","07","04","04:00","","11.4","","8.0","","80","","","","27","","4","","16.1","","89.01","","","","","","NA"
"-114.01","51.12","CALGARY INTL A","3031092","2025-07-04 05:00","2025","07","04","05:00","","10.2","","7.5","","83","","","","34","","7","","64.4","","89.06","","","","","","Mostly Cloudy"
"-114.01","51.12","CALGARY INTL A","3031092","2025-07-04 06:00","2025","07","04","06:00","","11.3","","8.0","","80","","","","","","0","","64.4","","89.07","","","","","","NA"
"-114.01","51.12","CALGARY INTL A","3031092","2025-07-04 07:00","2025","07","04","07:00","","13.5","","7.6","","67","","","","23","","8","","64.4","","89.13","","","","","","NA"
"-114.01","51.12","CALGARY INTL A","3031092","2025-07-04 08:00","2025","07","04","08:00","","15.6","","7.4","","58","","","","29","","4","","48.3","","89.16","","","","","","Mostly Cloudy"
"-114.01","51.12","CALGARY INTL A","3031092","2025-07-04 09:00","2025","07","04","09:00","","16.8","","7.7","","55","","","","15","","5","","48.3","","89.19","","","","","","NA"
"-114.01","51.12","CALGARY INTL A","3031092","2025-07-04 10:00","2025","07","04","10:00","","15.4","","6.0","","53","","","","3","","20","","48.3","","89.23","","","","","","NA"
"-114.01","51.12","CALGARY INTL A","3031092","2025-07-04 11:00","2025","07","04","11:00","","16.8","","7.0","","52","","","","8","","14","","48.3","","89.23","","","","","","Mostly Cloudy"
"-114.01","51.12","CALGARY INTL A","3031092","2025-07-04 12:00","2025","07","04","12:00","","17.2","","6.5","","49","","","","11","","10","","48.3","","89.23","","","","","","NA"
"-114.01","51.12","CALGARY INTL A","3031092","2025-07-04 13:00","2025","07","04","13:00","","17.4","","5.9","","46","","","","","","0","","32.2","","89.20","","","","","","NA"
"-114.01","51.12","CALGARY INTL A","3031092","2025-07-04 14:00","2025","07","04","14:00","","17.8","","5.9","","45","","","","9","","19","","32.2","","89.21","","","","","","Mostly Cloudy"
"-114.01","51.12","CALGARY INTL A","3031092","2025-07-04 15:00","2025","07","04","15:00","","17.6","","7.0","","49","","","","11","","12","","32.2","","89.23","","","","","","NA"
"-114.01","51.12","CALGARY INTL A","3031092","2025-07-04 16:00","2025","07","04","16:00","","18.4","","7.4","","48","","","","11","","15","","32.2","","89.22","","","","","","NA"
"-114.01","51.12","CALGARY INTL A","3031092","2025-07-04 17:00","2025","07","04","17:00","","17.9","","7.7","","51","","","","13","","20","","32.2","","89.20","","","","","","Cloudy"
"-114.01","51.12","CALGARY INTL A","3031092","2025-07-04 18:00","2025","07","04","18:00","","18.4","","8.3","","51","","","","14","","14","","32.2","","89.22","","","","","","NA"
"-114.01","51.12","CALGARY INTL A","3031092","2025-07-04 19:00","2025","07","04","19:00","","17.9","","8.1","","53","","","","12","","15","","32.2","","89.27","","","","","","NA"
"-114.01","51.12","CALGARY INTL A","3031092","2025-07-04 20:00","2025","07","04","20:00","","17.5","","7.8","","52","","","","11","","15","","24.1","","89.28","","","","","","Cloudy"
"-114.01","51.12","CALGARY INTL A","3031092","2025-07-04 21:00","2025","07","04","21:00","","16.7","","8.8","","59","","","","11","","14","","24.1","","89.31","","","","","","NA"
"-114.01","51.12","CALGARY INTL A","3031092","2025-07-04 22:00","2025","07","04","22:00","","16.0","","9.4","","64","","","","10","","11","","16.1","","89.35","","","","","","NA"
"-114.01","51.12","CALGARY INTL A","3031092","2025-07-04 23:00","2025","07","04","23:00","","15.2","","7.1","","58","","","","11","","14","","24.1","","89.37","","","","","","Mostly Cloudy"
"-114.01","51.12","CALGARY INTL A","3031092","2025-07-05 00:00","2025","07","05","00:00","","14.8","","6.8","","58","","","","11","","14","","24.1","","89.41","","","","","","NA"
"-114.01","51.12","CALGARY INTL A","3031092","2025-07-05 01:00","2025","07","05","01:00","","14.6","","7.7","","63","","","","15","","13","","24.1","","89.41","","","","","","NA"
"-114.01","51.12","CALGARY INTL A","3031092","2025-07-05 02:00","2025","07","05","02:00","","15.0","","7.4","","60","","","","16","","19","","24.1","","89.42","","","","","","Mostly Cloudy"
"-114.01","51.12","CALGARY INTL A","3031092","2025-07-05 03:00","2025","07","05","03:00","","14.4","","6.5","","59","","","","17","","18","","16.1","","89.43","","","","","","NA"
"-114.01","51.12","CALGARY INTL A","3031092","2025-07-05 04:00","2025","07","05","04:00","","14.2","","7.1","","62","","","","17","","14","","16.1","","89.42","","","","","","NA"
"-114.01","51.12","CALGARY INTL A","3031092","2025-07-05 05:00","2025","07","05","05:00","","13.6","","8.7","","72","","","","18","","15","","64.4","","89.42","","","","","","Cloudy"
"-114.01","51.12","CALGARY INTL A","3031092","2025-07-05 06:00","2025","07","05","06:00","","13.6","","8.6","","72","","","","19","","19","","64.4","","89.42","","","","","","NA"
"-114.01","51.12","CALGARY INTL A","3031092","2025-07-05 07:00","2025","07","05","07:00","","14.1","","8.8","","71","","","","18","","22","","64.4","","89.44","","","","","","NA"
"-114.01","51.12","CALGARY INTL A","3031092","2025-07-05 08:00","2025","07","05","08:00","","14.8","","9.1","","69","","","","18","","21","","64.4","","89.45","","","","","","Mostly Cloudy"
"-114.01","51.12","CALGARY INTL A","3031092","2025-07-05 09:00","2025","07","05","09:00","","15.1","","9.8","","71","","","","18","","26","","64.4","","89.48","","","","","","NA"
"-114.01","51.12","CALGARY INTL A","3031092","2025-07-05 10:00","2025","07","05","10:00","","16.3","","9.4","","63","","","","19","","25","","64.4","","89.48","","","","","","NA"
"-114.01","51.12","CALGARY INTL A","3031092","2025-07-05 11:00","2025","07","05","11:00","","17.2","","9.2","","59","","","","19","","25","","64.4","","89.50","","","","","","Mostly Cloudy"
"-114.01","51.12","CALGARY INTL A","3031092","2025-07-05 12:00","2025","07","05","12:00","","18.6","","8.4","","51","","","","18","","28","","64.4","","89.48","","","","","","NA"
"-114.01","51.12","CALGARY INTL A","3031092","2025-07-05 13:00","2025","07","05","13:00","","17.8","","7.5","","51","","","","18","","28","","64.4","","89.46","","","","","","NA"
"-114.01","51.12","CALGARY INTL A","3031092","2025-07-05 14:00","2025","07","05","14:00","","18.5","","8.2","","51","","","","17","","33","","64.4","","89.43","","","","","","Mostly Cloudy"
"-114.01","51.12","CALGARY INTL A","3031092","2025-07-05 15:00","2025","07","05","15:00","","18.5","","8.7","","52","","","","17","","31","","48.3","","89.38","","","","","","NA"
"-114.01","51.12","CALGARY INTL A","3031092","2025-07-05 16:00","2025","07","05","16:00","","19.1","","9.4","","53","","","","15","","26","","48.3","","89.35","","","","","","NA"
"-114.01","51.12","CALGARY INTL A","3031092","2025-07-05 17:00","2025","07","05","17:00","","18.7","","9.2","","54","","","","16","","29","","48.3","","89.30","","","","","","Mostly Cloudy"
"-114.01","51.12","CALGARY INTL A","3031092","2025-07-05 18:00","2025","07","05","18:00","","18.2","","9.0","","55","","","","15","","32","","32.2","","89.28","","","","","","NA"
"-114.01","51.12","CALGARY INTL A","3031092","2025-07-05 19:00","2025","07","05","19:00","","16.6","","9.6","","63","","","","16","","30","","32.2","","89.28","","","","","","NA"
"-114.01","51.12","CALGARY INTL A","3031092","2025-07-05 20:00","2025","07","05","20:00","","15.8","","9.7","","67","","","","16","","25","","24.1","","89.27","","","","","","Mostly Cloudy"
"-114.01","51.12","CALGARY INTL A","3031092","2025-07-05 21:00","2025","07","05","21:00","","14.7","","9.8","","72","","","","16","","22","","24.1","","89.30","","","","","","NA"
"-114.01","51.12","CALGARY INTL A","3031092","2025-07-05 22:00","2025","07","05","22:00","","14.0","","9.6","","75","","","","17","","21","","16.1","","89.34","","","","","","NA"
"-114.01","51.12","CALGARY INTL A","3031092","2025-07-05 23:00","2025","07","05","23:00","","13.5","","10.1","","79","","","","18","","19","","16.1","","89.31","","","","","","Mostly Cloudy"
"-114.01","51.12","CALGARY INTL A","3031092","2025-07-06 00:00","2025","07","06","00:00","","13.2","","9.6","","78","","","","18","","23","","16.1","","89.26","","","","","","Rain"
"-114.01","51.12","CALGARY INTL A","3031092","2025-07-06 01:00","2025","07","06","01:00","","12.8","","10.0","","83","","","","15","","7","","24.1","","89.29","","","","","","NA"
"-114.01","51.12","CALGARY INTL A","3031092","2025-07-06 02:00","2025","07","06","02:00","","12.6","","9.9","","83","","","","16","","7","","24.1","","89.26","","","","","","Mostly Cloudy"
"-114.01","51.12","CALGARY INTL A","3031092","2025-07-06 03:00","2025","07","06","03:00","","12.8","","9.9","","82","","","","30","","7","","24.1","","89.29","","","","","","NA"
"-114.01","51.12","CALGARY INTL A","3031092","2025-07-06 04:00","2025","07","06","04:00","","12.8","","9.5","","80","","","","33","","23","","16.1","","89.37","","","","","","NA"
"-114.01","51.12","CALGARY INTL A","3031092","2025-07-06 05:00","2025","07","06","05:00","","12.0","","9.3","","84","","","","34","","14","","16.1","","89.39","","","","","","Rain"
"-114.01","51.12","CALGARY INTL A","3031092","2025-07-06 06:00","2025","07","06","06:00","","11.8","","10.1","","90","","","","34","","16","","16.1","","89.39","","","","","","Rain"
"-114.01","51.12","CALGARY INTL A","3031092","2025-07-06 07:00","2025","07","06","07:00","","11.7","","9.7","","87","","","","34","","18","","24.1","","89.38","","","","","","NA"
"-114.01","51.12","CALGARY INTL A","3031092","2025-07-06 08:00","2025","07","06","08:00","","13.9","","9.0","","72","","","","34","","25","","24.1","","89.43","","","","","","Mostly Cloudy"
"-114.01","51.12","CALGARY INTL A","3031092","2025-07-06 09:00","2025","07","06","09:00","","14.7","","8.8","","67","","","","33","","30","","32.2","","89.45","","","","","","NA"
"-114.01","51.12","CALGARY INTL A","3031092","2025-07-06 10:00","2025","07","06","10:00","","15.7","","7.3","","57","","","","36","","26","","32.2","","89.46","","","","","","NA"
"-114.01","51.12","CALGARY INTL A","3031092","2025-07-06 11:00","2025","07","06","11:00","","16.6","","7.2","","53","","","","33","","30","","32.2","","89.45","","","","","","Mostly Cloudy"
"-114.01","51.12","CALGARY INTL A","3031092","2025-07-06 12:00","2025","07","06","12:00","","17.9","","7.5","","50","","","","36","","26","","32.2","","89.44","","","","","","NA"
"-114.01","51.12","CALGARY INTL A","3031092","2025-07-06 13:00","2025","07","06","13:00","","18.6","","7.5","","48","","","","1","","23","","32.2","","89.44","","","","","","NA"
"-114.01","51.12","CALGARY INTL A","3031092","2025-07-06 14:00","2025","07","06","14:00","","18.8","","8.7","","52","","","","36","","14","","32.2","","89.39","","","","","","Mostly Cloudy"
"-114.01","51.12","CALGARY INTL A","3031092","2025-07-06 15:00","2025","07","06","15:00","","18.9","","6.6","","44","","","","36","","17","","32.2","","89.38","","","","","","NA"
"-114.01","51.12","CALGARY INTL A","3031092","2025-07-06 16:00","2025","07","06","16:00","","19.7","","6.2","","41","","","","1","","15","","32.2","","89.38","","","","","","NA"
"-114.01","51.12","CALGARY INTL A","3031092","2025-07-06 17:00","2025","07","06","17:00","","17.8","","6.2","","46","","","","36","","24","","14.5","","89.36","","","","","","Mostly Cloudy"
"-114.01","51.12","CALGARY INTL A","3031092","2025-07-06 18:00","2025","07","06","18:00","","16.3","","11.2","","71","","","","23","","7","","24.1","","89.38","","","","","","NA"
"-114.01","51.12","CALGARY INTL A","3031092","2025-07-06 19:00","2025","07","06","19:00","","17.5","","7.8","","53","","","","33","","4","","48.3","","89.39","","","","","","NA"
"-114.01","51.12","CALGARY INTL A","3031092","2025-07-06 20:00","2025","07","06","20:00","","17.3","","6.8","","49","","","","","","0","","24.1","","89.43","","","","","","Mainly Clear"
"-114.01","51.12","CALGARY INTL A","3031092","2025-07-06 21:00","2025","07","06","21:00","","16.1","","9.6","","65","","","","22","","11","","24.1","","89.45","","","","","","NA"
"-114.01","51.12","CALGARY INTL A","3031092","2025-07-06 22:00","2025","07","06","22:00","","15.2","","10.2","","72","","","","23","","5","","24.1","","89.48","","","","","","NA"
"-114.01","51.12","CALGARY INTL A","3031092","2025-07-06 23:00","2025","07","06","23:00","","14.9","","9.7","","71","","","","29","","5","","24.1","","89.48","","","","","","Mainly Clear"
"-114.01","51.12","CALGARY INTL A","3031092","2025-07-07 00:00","2025","07","07","00:00","","13.7","","9.9","","77","","","","20","","4","","24.1","","89.46","","","","","","NA"
"-114.01","51.12","CALGARY INTL A","3031092","2025-07-07 01:00","2025","07","07","01:00","","12.4","","9.2","","81","","","","1","","4","","24.1","","89.45","","","","","","NA"
"-114.01","51.12","CALGARY INTL A","3031092","2025-07-07 02:00","2025","07","07","02:00","","11.6","","9.8","","89","","","","17","","4","","24.1","","89.43","","","","","","Clear"
"-114.01","51.12","CALGARY INTL A","3031092","2025-07-07 03:00","2025","07","07","03:00","","10.9","","9.1","","88","","","","21","","7","","24.1","","89.41","","","","","","NA"
"-114.01","51.12","CALGARY INTL A","3031092","2025-07-07 04:00","2025","07","07","04:00","","10.4","","8.4","","88","","","","21","","7","","24.1","","89.39","","","","","","NA"
"-114.01","51.12","CALGARY INTL A","3031092","2025-07-07 05:00","2025","07","07","05:00","","10.6","","8.4","","86","","","","21","","7","","48.3","","89.38","","","","","","Mainly Clear"
"-114.01","51.12","CALGARY INTL A","3031092","2025-07-07 06:00","2025","07","07","06:00","","11.6","","8.5","","81","","","","20","","6","","64.4","","89.37","","","","","","NA"
"-114.01","51.12","CALGARY INTL A","3031092","2025-07-07 07:00","2025","07","07","07:00","","13.2","","8.5","","73","","","","23","","9","","64.4","","89.37","","","","","","NA"
"-114.01","51.12","CALGARY INTL A","3031092","2025-07-07 08:00","2025","07","07","08:00","","15.4","","9.8","","69","","","","20","","7","","64.4","","89.36","","","","","","Mostly Cloudy"
"-114.01","51.12","CALGARY INTL A","3031092","2025-07-07 09:00","2025","07","07","09:00","","17.2","","10.1","","62","","","","19","","17","","64.4","","89.33","","","","","","NA"
"-114.01","51.12","CALGARY INTL A","3031092","2025-07-07 10:00","2025","07","07","10:00","","18.9","","10.9","","59","","","","19","","20","","64.4","","89.29","","","","","","NA"
"-114.01","51.12","CALGARY INTL A","3031092","2025-07-07 11:00","2025","07","07","11:00","","19.8","","11.4","","58","","","","18","","10","","64.4","","89.26","","","","","","Mainly Clear"
"-114.01","51.12","CALGARY INTL A","3031092","2025-07-07 12:00","2025","07","07","12:00","","21.2","","11.6","","54","","","","18","","22","","64.4","","89.19","","","","","","NA"
"-114.01","51.12","CALGARY INTL A","3031092","2025-07-07 13:00","2025","07","07","13:00","","22.1","","9.6","","44","","","","14","","20","","64.4","","89.15","","","","","","NA"
"-114.01","51.12","CALGARY INTL A","3031092","2025-07-07 14:00","2025","07","07","14:00","","22.8","","11.0","","47","","","","16","","14","","64.4","","89.11","","25","","","","Mainly Clear"
"-114.01","51.12","CALGARY INTL A","3031092","2025-07-07 15:00","2025","07","07","15:00","","23.3","","9.9","","42","","","","16","","12","","64.4","","89.11","","25","","","","NA"
"-114.01","51.12","CALGARY INTL A","3031092","2025-07-07 16:00","2025","07","07","16:00","","23.6","","9.9","","41","","","","15","","26","","64.4","","89.07","","25","","","","NA"
"-114.01","51.12","CALGARY INTL A","3031092","2025-07-07 17:00","2025","07","07","17:00","","23.0","","10.3","","44","","","","13","","16","","64.4","","89.03","","","","","","Mainly Clear"
"-114.01","51.12","CALGARY INTL A","3031092","2025-07-07 18:00","2025","07","07","18:00","","23.7","","11.1","","45","","","","15","","22","","64.4","","88.99","","26","","","","NA"
"-114.01","51.12","CALGARY INTL A","3031092","2025-07-07 19:00","2025","07","07","19:00","","22.3","","11.0","","48","","","","16","","19","","64.4","","88.98","","","","","","NA"
"-114.01","51.12","CALGARY INTL A","3031092","2025-07-07 20:00","2025","07","07","20:00","","21.6","","11.2","","51","","","","14","","18","","64.4","","88.95","","","","","","Mostly Cloudy"
"-114.01","51.12","CALGARY INTL A","3031092","2025-07-07 21:00","2025","07","07","21:00","","20.8","","11.0","","53","","","","15","","14","","64.4","","88.98","","","","","","NA"
"-114.01","51.12","CALGARY INTL A","3031092","2025-07-07 22:00","2025","07","07","22:00","","19.4","","11.6","","60","","","","17","","10","","24.1","","88.99","","","","","","NA"
"-114.01","51.12","CALGARY INTL A","3031092","2025-07-07 23:00","2025","07","07","23:00","","18.4","","11.7","","65","","","","17","","10","","24.1","","88.97","","","","","","Mainly Clear"
"-114.01","51.12","CALGARY INTL A","3031092","2025-07-08 00:00","2025","07","08","00:00","","17.8","","12.2","","69","","","","19","","7","","24.1","","88.93","","","","","","NA"
"-114.01","51.12","CALGARY INTL A","3031092","2025-07-08 01:00","2025","07","08","01:00","","17.9","","12.4","","70","","","","19","","6","","24.1","","88.91","","","","","","NA"
"-114.01","51.12","CALGARY INTL A","3031092","2025-07-08 02:00","2025","07","08","02:00","","16.9","","12.3","","74","","","","21","","7","","24.1","","88.88","","","","","","Mainly Clear"
"-114.01","51.12","CALGARY INTL A","3031092","2025-07-08 03:00","2025","07","08","03:00","","17.2","","12.2","","72","","","","20","","5","","24.1","","88.84","","","","","","NA"
"-114.01","51.12","CALGARY INTL A","3031092","2025-07-08 04:00","2025","07","08","04:00","","17.9","","11.8","","67","","","","23","","10","","24.1","","88.83","","","","","","NA"
"-114.01","51.12","CALGARY INTL A","3031092","2025-07-08 05:00","2025","07","08","05:00","","16.2","","12.1","","76","","","","20","","8","","48.3","","88.83","","","","","","Mainly Clear"
"-114.01","51.12","CALGARY INTL A","3031092","2025-07-08 06:00","2025","07","08","06:00","","16.9","","12.0","","72","","","","32","","4","","64.4","","88.84","","","","","","NA"
"-114.01","51.12","CALGARY INTL A","3031092","2025-07-08 07:00","2025","07","08","07:00","","20.0","","10.2","","53","","","","22","","8","","64.4","","88.82","","","","","","NA"
"-114.01","51.12","CALGARY INTL A","3031092","2025-07-08 08:00","2025","07","08","08:00","","22.5","","8.9","","42","","","","23","","12","","64.4","","88.84","","","","","","Mostly Cloudy"
"-114.01","51.12","CALGARY INTL A","3031092","2025-07-08 09:00","2025","07","08","09:00","","25.7","","9.3","","35","","","","22","","10","","64.4","","88.82","","27","","","","NA"
"-114.01","51.12","CALGARY INTL A","3031092","2025-07-08 10:00","2025","07","08","10:00","","27.1","","6.7","","27","","","","21","","9","","64.4","","88.78","","27","","","","NA"
"-114.01","51.12","CALGARY INTL A","3031092","2025-07-08 11:00","2025","07","08","11:00","","28.9","","7.8","","26","","","","","","0","","64.4","","88.73","","29","","","","Mainly Clear"
"-114.01","51.12","CALGARY INTL A","3031092","2025-07-08 12:00","2025","07","08","12:00","","29.0","","5.5","","22","","","","20","","10","","64.4","","88.68","","28","","","","NA"
"-114.01","51.12","CALGARY INTL A","3031092","2025-07-08 13:00","2025","07","08","13:00","","29.4","","8.5","","27","","","","12","","16","","64.4","","88.62","","30","","","","NA"
"-114.01","51.12","CALGARY INTL A","3031092","2025-07-08 14:00","2025","07","08","14:00","","30.3","","8.0","","24","","","","17","","21","","64.4","","88.55","","31","","","","Mainly Clear"
"-114.01","51.12","CALGARY INTL A","3031092","2025-07-08 15:00","2025","07","08","15:00","","30.6","","7.3","","23","","","","17","","12","","64.4","","88.47","","31","","","","NA"
"-114.01","51.12","CALGARY INTL A","3031092","2025-07-08 16:00","2025","07","08","16:00","","31.9","","5.1","","18","","","","21","","26","","64.4","","88.39","","31","","","","NA"
"-114.01","51.12","CALGARY INTL A","3031092","2025-07-08 17:00","2025","07","08","17:00","","32.1","","4.0","","17","","","","23","","15","","64.4","","88.32","","31","","","","Mainly Clear"
"-114.01","51.12","CALGARY INTL A","3031092","2025-07-08 18:00","2025","07","08","18:00","","31.6","","3.2","","16","","","","24","","16","","64.4","","88.28","","30","","","","NA"
"-114.01","51.12","CALGARY INTL A","3031092","2025-07-08 19:00","2025","07","08","19:00","","30.9","","3.7","","17","","","","23","","24","","32.2","","88.26","","30","","","","NA"
"-114.01","51.12","CALGARY INTL A","3031092","2025-07-08 20:00","2025","07","08","20:00","","29.4","","5.2","","21","","","","22","","15","","32.2","","88.24","","29","","","","Mainly Clear"
"-114.01","51.12","CALGARY INTL A","3031092","2025-07-08 21:00","2025","07","08","21:00","","27.4","","5.2","","24","","","","27","","8","","24.1","","88.31","","27","","","","NA"
"-114.01","51.12","CALGARY INTL A","3031092","2025-07-08 22:00","2025","07","08","22:00","","26.3","","3.1","","22","","","","25","","13","","24.1","","88.33","","25","","","","NA"
"-114.01","51.12","CALGARY INTL A","3031092","2025-07-08 23:00","2025","07","08","23:00","","24.5","","3.1","","25","","","","23","","9","","24.1","","88.34","","","","","","Mainly Clear"
"-114.01","51.12","CALGARY INTL A","3031092","2025-07-09 00:00","2025","07","09","00:00","","22.6","","5.1","","32","","","","19","","7","","24.1","","88.33","","","","","","NA"
"-114.01","51.12","CALGARY INTL A","3031092","2025-07-09 01:00","2025","07","09","01:00","","23.1","","4.0","","28","","","","23","","11","","24.1","","88.36","","","","","","NA"
"-114.01","51.12","CALGARY INTL A","3031092","2025-07-09 02:00","2025","07","09","02:00","","22.0","","3.8","","30","","","","24","","8","","24.1","","88.40","","","","","","Mostly Cloudy"
"-114.01","51.12","CALGARY INTL A","3031092","2025-07-09 03:00","2025","07","09","03:00","","23.9","","2.6","","24","","","","27","","14","","24.1","","88.43","","","","","","NA"
"-114.01","51.12","CALGARY INTL A","3031092","2025-07-09 04:00","2025","07","09","04:00","","21.1","","4.7","","34","","","","35","","10","","24.1","","88.49","","","","","","NA"
"-114.01","51.12","CALGARY INTL A","3031092","2025-07-09 05:00","2025","07","09","05:00","","19.0","","7.6","","47","","","","4","","16","","24.1","","88.58","","","","","","Mostly Cloudy"
"-114.01","51.12","CALGARY INTL A","3031092","2025-07-09 06:00","2025","07","09","06:00","","18.8","","8.4","","50","","","","2","","6","","48.3","","88.63","","","","","","NA"
"-114.01","51.12","CALGARY INTL A","3031092","2025-07-09 07:00","2025","07","09","07:00","","18.8","","9.0","","53","","","","6","","12","","64.4","","88.68","","","","","","NA"
"-114.01","51.12","CALGARY INTL A","3031092","2025-07-09 08:00","2025","07","09","08:00","","19.0","","9.6","","54","","","","6","","8","","64.4","","88.70","","","","","","Mostly Cloudy"
"-114.01","51.12","CALGARY INTL A","3031092","2025-07-09 09:00","2025","07","09","09:00","","19.7","","10.0","","53","","","","11","","14","","64.4","","88.66","","","","","","NA"
"-114.01","51.12","CALGARY INTL A","3031092","2025-07-09 10:00","2025","07","09","10:00","","19.6","","11.5","","59","","","","9","","14","","64.4","","88.66","","","","","","NA"
"-114.01","51.12","CALGARY INTL A","3031092","2025-07-09 11:00","2025","07","09","11:00","","20.8","","11.2","","54","","","","11","","14","","64.4","","88.61","","","","","","Mostly Cloudy"
"-114.01","51.12","CALGARY INTL A","3031092","2025-07-09 12:00","2025","07","09","12:00","","22.0","","11.4","","51","","","","13","","7","","64.4","","88.55","","","","","","NA"
"-114.01","51.12","CALGARY INTL A","3031092","2025-07-09 13:00","2025","07","09","13:00","","21.9","","11.8","","52","","","","10","","16","","48.3","","88.54","","","","","","Rain Showers"
"-114.01","51.12","CALGARY INTL A","3031092","2025-07-09 14:00","2025","07","09","14:00","","22.9","","12.8","","52","","","","13","","10","","48.3","","88.53","","26","","","","Mostly Cloudy"
"-114.01","51.12","CALGARY INTL A","3031092","2025-07-09 15:00","2025","07","09","15:00","","23.3","","11.7","","47","","","","5","","9","","32.2","","88.54","","25","","","","NA"
"-114.01","51.12","CALGARY INTL A","3031092","2025-07-09 16:00","2025","07","09","16:00","","22.9","","14.8","","60","","","","18","","9","","32.2","","88.55","","27","","","","NA"
"-114.01","51.12","CALGARY INTL A","3031092","2025-07-09 17:00","2025","07","09","17:00","","23.6","","11.4","","46","","","","24","","5","","48.3","","88.52","","26","","","","Cloudy"
"-114.01","51.12","CALGARY INTL A","3031092","2025-07-09 18:00","2025","07","09","18:00","","22.2","","12.5","","54","","","","1","","27","","64.4","","88.59","","25","","","","NA"
"-114.01","51.12","CALGARY INTL A","3031092","2025-07-09 19:00","2025","07","09","19:00","","19.2","","12.4","","64","","","","1","","21","","32.2","","88.69","","","","","","NA"
"-114.01","51.12","CALGARY INTL A","3031092","2025-07-09 20:00","2025","07","09","20:00","","16.8","","12.2","","74","","","","7","","14","","32.2","","88.71","","","","","","Mostly Cloudy"
"-114.01","51.12","CALGARY INTL A","3031092","2025-07-09 21:00","2025","07","09","21:00","","16.1","","12.2","","77","","","","","","0","","32.2","","88.75","","","","","","NA"
"-114.01","51.12","CALGARY INTL A","3031092","2025-07-09 22:00","2025","07","09","22:00","","15.7","","12.7","","82","","","","20","","11","","24.1","","88.79","","","","","","NA"
"-114.01","51.12","CALGARY INTL A","3031092","2025-07-09 23:00","2025","07","09","23:00","","16.4","","13.1","","81","","","","23","","14","","24.1","","88.80","","","","","","Mainly Clear"
"-114.01","51.12","CALGARY INTL A","3031092","2025-07-10 00:00","2025","07","10","00:00","","16.3","","12.3","","77","","","","22","","13","","24.1","","88.80","","","","","","NA"
"-114.01","51.12","CALGARY INTL A","3031092","2025-07-10 01:00","2025","07","10","01:00","","15.8","","11.5","","76","","","","22","","8","","24.1","","88.81","","","","","","NA"
"-114.01","51.12","CALGARY INTL A","3031092","2025-07-10 02:00","2025","07","10","02:00","","15.8","","11.3","","75","","","","29","","5","","24.1","","88.79","","","","","","Mostly Cloudy"
"-114.01","51.12","CALGARY INTL A","3031092","2025-07-10 03:00","2025","07","10","03:00","","15.6","","11.4","","76","","","","15","","8","","24.1","","88.80","","","","","","NA"
"-114.01","51.12","CALGARY INTL A","3031092","2025-07-10 04:00","2025","07","10","04:00","","16.4","","8.4","","59","","","","31","","8","","24.1","","88.78","","","","","","NA"
"-114.01","51.12","CALGARY INTL A","3031092","2025-07-10 05:00","2025","07","10","05:00","","14.0","","7.2","","63","","","","36","","21","","16.1","","88.84","","","","","","Rain"
"-114.01","51.12","CALGARY INTL A","3031092","2025-07-10 06:00","2025","07","10","06:00","","12.6","","7.0","","68","","","","35","","22","","19.3","","88.89","","","","","","Rain"
"-114.01","51.12","CALGARY INTL A","3031092","2025-07-10 07:00","2025","07","10","07:00","","13.6","","5.7","","59","","","","35","","27","","32.2","","88.94","","","","","","NA"
"-114.01","51.12","CALGARY INTL A","3031092","2025-07-10 08:00","2025","07","10","08:00","","12.6","","6.5","","66","","","","34","","24","","32.2","","89.04","","","","","","Rain"
"-114.01","51.12","CALGARY INTL A","3031092","2025-07-10 09:00","2025","07","10","09:00","","12.2","","5.8","","64","","","","33","","33","","24.1","","89.14","","","","","","NA"
"-114.01","51.12","CALGARY INTL A","3031092","2025-07-10 10:00","2025","07","10","10:00","","11.0","","6.0","","71","","","","35","","36","","24.1","","89.19","","","","","","NA"
"-114.01","51.12","CALGARY INTL A","3031092","2025-07-10 11:00","2025","07","10","11:00","","9.2","","6.1","","81","","","","33","","34","","24.1","","89.32","","","","","","Rain"
"-114.01","51.12","CALGARY INTL A","3031092","2025-07-10 12:00","2025","07","10","12:00","","8.7","","6.3","","85","","","","32","","26","","9.7","","89.39","","","","","","Rain,Fog"
"-114.01","51.12","CALGARY INTL A","3031092","2025-07-10 13:00","2025","07","10","13:00","","8.8","","6.7","","87","","","","32","","20","","24.1","","89.44","","","","","","Rain"
"-114.01","51.12","CALGARY INTL A","3031092","2025-07-10 14:00","2025","07","10","14:00","","10.5","","6.3","","75","","","","28","","11","","32.2","","89.43","","","","","","Mostly Cloudy"
"-114.01","51.12","CALGARY INTL A","3031092","2025-07-10 15:00","2025","07","10","15:00","","12.7","","6.6","","66","","","","28","","16","","48.3","","89.41","","","","","","NA"
"-114.01","51.12","CALGARY INTL A","3031092","2025-07-10 16:00","2025","07","10","16:00","","15.3","","6.0","","53","","","","30","","19","","48.3","","89.42","","","","","","NA"
"-114.01","51.12","CALGARY INTL A","3031092","2025-07-10 17:00","2025","07","10","17:00","","16.9","","4.4","","43","","","","30","","12","","48.3","","89.41","","","","","","Mainly Clear"
"-114.01","51.12","CALGARY INTL A","3031092","2025-07-10 18:00","2025","07","10","18:00","","15.1","","5.5","","52","","","","33","","24","","48.3","","89.51","","","","","","Rain Showers"
"-114.01","51.12","CALGARY INTL A","3031092","2025-07-10 19:00","2025","07","10","19:00","","15.0","","5.2","","52","","","","29","","8","","32.2","","89.49","","","","","","NA"
"-114.01","51.12","CALGARY INTL A","3031092","2025-07-10 20:00","2025","07","10","20:00","","14.2","","6.8","","61","","","","23","","4","","48.3","","89.52","","","","","","Mostly Cloudy"
"-114.01","51.12","CALGARY INTL A","3031092","2025-07-10 21:00","2025","07","10","21:00","","13.8","","7.0","","63","","","","26","","13","","32.2","","89.55","","","","","","NA"
"-114.01","51.12","CALGARY INTL A","3031092","2025-07-10 22:00","2025","07","10","22:00","","13.3","","6.3","","62","","","","26","","10","","24.1","","89.59","","","","","","NA"
"-114.01","51.12","CALGARY INTL A","3031092","2025-07-10 23:00","2025","07","10","23:00","","12.7","","6.2","","64","","","","23","","6","","24.1","","89.59","","","","","","Clear"
"-114.01","51.12","CALGARY INTL A","3031092","2025-07-11 00:00","2025","07","11","00:00","","12.2","","5.6","","64","","","","22","","8","","24.1","","89.58","","","","","","NA"
"-114.01","51.12","CALGARY INTL A","3031092","2025-07-11 01:00","2025","07","11","01:00","","11.2","","6.2","","71","","","","","","0","","24.1","","89.57","","","","","","NA"
"-114.01","51.12","CALGARY INTL A","3031092","2025-07-11 02:00","2025","07","11","02:00","","11.4","","6.2","","70","","","","26","","5","","24.1","","89.58","","","","","","Clear"
"-114.01","51.12","CALGARY INTL A","3031092","2025-07-11 03:00","2025","07","11","03:00","","9.5","","6.4","","81","","","","20","","3","","24.1","","89.60","","","","","","NA"
"-114.01","51.12","CALGARY INTL A","3031092","2025-07-11 04:00","2025","07","11","04:00","","8.3","","6.1","","86","","","","20","","5","","24.1","","89.60","","","","","","NA"
"-114.01","51.12","CALGARY INTL A","3031092","2025-07-11 05:00","2025","07","11","05:00","","7.5","","5.4","","87","","","","21","","8","","24.1","","89.59","","","","","","Clear"
"-114.01","51.12","CALGARY INTL A","3031092","2025-07-11 06:00","2025","07","11","06:00","","9.6","","6.0","","78","","","","22","","7","","32.2","","89.57","","","","","","NA"
"-114.01","51.12","CALGARY INTL A","3031092","2025-07-11 07:00","2025","07","11","07:00","","11.7","","6.4","","70","","","","15","","4","","48.3","","89.57","","","","","","NA"
"-114.01","51.12","CALGARY INTL A","3031092","2025-07-11 08:00","2025","07","11","08:00","","14.4","","6.8","","60","","","","23","","12","","32.2","","89.54","","","","","","Mainly Clear"
"-114.01","51.12","CALGARY INTL A","3031092","2025-07-11 09:00","2025","07","11","09:00","","16.7","","6.5","","50","","","","21","","8","","32.2","","89.49","","","","","","NA"
"-114.01","51.12","CALGARY INTL A","3031092","2025-07-11 10:00","2025","07","11","10:00","","19.9","","6.6","","42","","","","18","","13","","32.2","","89.43","","","","","","NA"
"-114.01","51.12","CALGARY INTL A","3031092","2025-07-11 11:00","2025","07","11","11:00","","21.3","","2.2","","28","","","","20","","23","","24.1","","89.39","","","","","","Mostly Cloudy"
"-114.01","51.12","CALGARY INTL A","3031092","2025-07-11 12:00","2025","07","11","12:00","","22.6","","3.9","","29","","","","19","","16","","24.1","","89.31","","","","","","NA"
"-114.01","51.12","CALGARY INTL A","3031092","2025-07-11 13:00","2025","07","11","13:00","","23.3","","3.4","","27","","","","22","","11","","24.1","","89.24","","","","","","NA"
"-114.01","51.12","CALGARY INTL A","3031092","2025-07-11 14:00","2025","07","11","14:00","","24.8","","2.5","","23","","","","22","","17","","24.1","","89.19","","","","","","Mostly Cloudy"
"-114.01","51.12","CALGARY INTL A","3031092","2025-07-11 15:00","2025","07","11","15:00","","24.9","","3.8","","25","","","","16","","15","","24.1","","89.13","","","","","","NA"
"-114.01","51.12","CALGARY INTL A","3031092","2025-07-11 16:00","2025","07","11","16:00","","25.4","","4.6","","26","","","","18","","18","","24.1","","89.06","","25","","","","NA"
"-114.01","51.12","CALGARY INTL A","3031092","2025-07-11 17:00","2025","07","11","17:00","","24.7","","6.8","","31","","","","19","","22","","32.2","","88.96","","25","","","","Mostly Cloudy"
"-114.01","51.12","CALGARY INTL A","3031092","2025-07-11 18:00","2025","07","11","18:00","","23.6","","8.2","","37","","","","17","","22","","32.2","","88.89","","","","","","NA"
"-114.01","51.12","CALGARY INTL A","3031092","2025-07-11 19:00","2025","07","11","19:00","","23.8","","9.0","","38","","","","18","","18","","64.4","","88.86","","25","","","","NA"
"-114.01","51.12","CALGARY INTL A","3031092","2025-07-11 20:00","2025","07","11","20:00","","22.0","","8.1","","40","","","","18","","10","","64.4","","88.84","","","","","","Mostly Cloudy"
"-114.01","51.12","CALGARY INTL A","3031092","2025-07-11 21:00","2025","07","11","21:00","","22.8","","0.7","","23","","","","27","","19","","64.4","","88.83","","","","","","NA"
"-114.01","51.12","CALGARY INTL A","3031092","2025-07-11 22:00","2025","07","11","22:00","","22.6","","0.7","","23","","","","28","","23","","24.1","","88.84","","","","","","NA"
"-114.01","51.12","CALGARY INTL A","3031092","2025-07-11 23:00","2025","07","11","23:00","","21.9","","1.3","","25","","","","29","","28","","24.1","","88.83","","","","","","Mostly Cloudy"
"-114.01","51.12","CALGARY INTL A","3031092","2025-07-12 00:00","2025","07","12","00:00","","21.6","","1.7","","27","","","","29","","23","","24.1","","88.81","","","","","","NA"
"-114.01","51.12","CALGARY INTL A","3031092","2025-07-12 01:00","2025","07","12","01:00","","21.8","","2.5","","28","","","","29","","18","","24.1","","88.80","","","","","","NA"
"-114.01","51.12","CALGARY INTL A","3031092","2025-07-12 02:00","2025","07","12","02:00","","21.0","","3.1","","30","","","","28","","14","","24.1","","88.78","","","","","","Cloudy"
"-114.01","51.12","CALGARY INTL A","3031092","2025-07-12 03:00","2025","07","12","03:00","","21.7","","3.5","","30","","","","28","","24","","24.1","","88.81","","","","","","NA"
"-114.01","51.12","CALGARY INTL A","3031092","2025-07-12 04:00","2025","07","12","04:00","","19.6","","3.9","","35","","","","27","","8","","24.1","","88.83","","","","","","NA"
"-114.01","51.12","CALGARY INTL A","3031092","2025-07-12 05:00","2025","07","12","05:00","","15.1","","5.3","","52","","","","36","","10","","64.4","","88.88","","","","","","Mainly Clear"
"-114.01","51.12","CALGARY INTL A","3031092","2025-07-12 06:00","2025","07","12","06:00","","16.2","","6.5","","53","","","","31","","7","","64.4","","88.91","","","","","","NA"
"-114.01","51.12","CALGARY INTL A","3031092","2025-07-12 07:00","2025","07","12","07:00","","19.3","","6.5","","43","","","","33","","9","","64.4","","88.93","","","","","","NA"
"-114.01","51.12","CALGARY INTL A","3031092","2025-07-12 08:00","2025","07","12","08:00","","21.6","","5.9","","36","","","","2","","7","","64.4","","88.94","","","","","","Mostly Cloudy"
"-114.01","51.12","CALGARY INTL A","3031092","2025-07-12 09:00","2025","07","12","09:00","","23.1","","6.3","","33","","","","3","","3","","64.4","","88.95","","","","","","NA"
"-114.01","51.12","CALGARY INTL A","3031092","2025-07-12 10:00","2025","07","12","10:00","","23.3","","8.7","","39","","","","7","","6","","64.4","","88.93","","","","","","NA"
"-114.01","51.12","CALGARY INTL A","3031092","2025-07-12 11:00","2025","07","12","11:00","","23.0","","8.5","","39","","","","7","","12","","64.4","","88.88","","","","","","Mostly Cloudy"
"-114.01","51.12","CALGARY INTL A","3031092","2025-07-12 12:00","2025","07","12","12:00","","23.3","","10.7","","44","","","","5","","5","","64.4","","88.86","","25","","","","NA"
"-114.01","51.12","CALGARY INTL A","3031092","2025-07-12 13:00","2025","07","12","13:00","","25.2","","10.3","","38","","","","19","","12","","64.4","","88.82","","27","","","","NA"
"-114.01","51.12","CALGARY INTL A","3031092","2025-07-12 14:00","2025","07","12","14:00","","27.5","","4.7","","23","","","","28","","26","","64.4","","88.82","","27","","","","Mainly Clear"
"-114.01","51.12","CALGARY INTL A","3031092","2025-07-12 15:00","2025","07","12","15:00","","28.1","","4.8","","22","","","","28","","25","","64.4","","88.81","","27","","","","NA"
"-114.01","51.12","CALGARY INTL A","3031092","2025-07-12 16:00","2025","07","12","16:00","","28.2","","5.1","","22","","","","28","","17","","64.4","","88.79","","28","","","","NA"
"-114.01","51.12","CALGARY INTL A","3031092","2025-07-12 17:00","2025","07","12","17:00","","28.8","","5.2","","22","","","","29","","30","","64.4","","88.79","","28","","","","Mainly Clear"
"-114.01","51.12","CALGARY INTL A","3031092","2025-07-12 18:00","2025","07","12","18:00","","28.2","","4.3","","21","","","","28","","29","","64.4","","88.82","","27","","","","NA"
"-114.01","51.12","CALGARY INTL A","3031092","2025-07-12 19:00","2025","07","12","19:00","","27.3","","5.0","","24","","","","28","","31","","48.3","","88.85","","27","","","","NA"
"-114.01","51.12","CALGARY INTL A","3031092","2025-07-12 20:00","2025","07","12","20:00","","25.9","","5.4","","26","","","","28","","26","","48.3","","88.89","","25","","","","Mainly Clear"
"-114.01","51.12","CALGARY INTL A","3031092","2025-07-12 21:00","2025","07","12","21:00","","24.0","","5.2","","29","","","","30","","29","","64.4","","88.96","","","","","","NA"
"-114.01","51.12","CALGARY INTL A","3031092","2025-07-12 22:00","2025","07","12","22:00","","23.3","","5.0","","30","","","","29","","21","","24.1","","89.01","","","","","","NA"
"-114.01","51.12","CALGARY INTL A","3031092","2025-07-12 23:00","2025","07","12","23:00","","20.2","","5.6","","38","","","","34","","13","","24.1","","89.07","","","","","","Clear"
"-114.01","51.12","CALGARY INTL A","3031092","2025-07-13 00:00","2025","07","13","00:00","","18.9","","7.2","","46","","","","32","","15","","24.1","","89.10","","","","","","NA"
"-114.01","51.12","CALGARY INTL A","3031092","2025-07-13 01:00","2025","07","13","01:00","","18.6","","5.6","","42","","","","34","","11","","24.1","","89.13","","","","","","NA"
"-114.01","51.12","CALGARY INTL A","3031092","2025-07-13 02:00","2025","07","13","02:00","","17.0","","6.8","","51","","","","34","","16","","24.1","","89.14","","","","","","Clear"
"-114.01","51.12","CALGARY INTL A","3031092","2025-07-13 03:00","2025","07","13","03:00","","16.3","","7.6","","56","","","","34","","16","","24.1","","89.17","","","","","","NA"
"-114.01","51.12","CALGARY INTL A","3031092","2025-07-13 04:00","2025","07","13","04:00","","15.5","","7.8","","60","","","","35","","14","","24.1","","89.21","","","","","","NA"
"-114.01","51.12","CALGARY INTL A","3031092","2025-07-13 05:00","2025","07","13","05:00","","14.5","","8.1","","65","","","","36","","8","","64.4","","89.21","","","","","","Mostly Cloudy"
"-114.01","51.12","CALGARY INTL A","3031092","2025-07-13 06:00","2025","07","13","06:00","","16.1","","8.8","","62","","","","35","","10","","64.4","","89.21","","","","","","NA"
"-114.01","51.12","CALGARY INTL A","3031092","2025-07-13 07:00","2025","07","13","07:00","","17.6","","9.6","","59","","","","36","","17","","64.4","","89.27","","","","","","NA"
"-114.01","51.12","CALGARY INTL A","3031092","2025-07-13 08:00","2025","07","13","08:00","","19.1","","8.2","","49","","","","2","","16","","64.4","","89.34","","","","","","Mainly Clear"
"-114.01","51.12","CALGARY INTL A","3031092","2025-07-13 09:00","2025","07","13","09:00","","19.6","","7.5","","45","","","","4","","26","","64.4","","89.38","","","","","","NA"
"-114.01","51.12","CALGARY INTL A","3031092","2025-07-13 10:00","2025","07","13","10:00","","19.7","","8.8","","49","","","","5","","16","","64.4","","89.37","","","","","","NA"
"-114.01","51.12","CALGARY INTL A","3031092","2025-07-13 11:00","2025","07","13","11:00","","20.2","","8.1","","45","","","","14","","12","","64.4","","89.34","","","","","","Mainly Clear"
"-114.01","51.12","CALGARY INTL A","3031092","2025-07-13 12:00","2025","07","13","12:00","","21.2","","9.5","","46","","","","9","","14","","64.4","","89.31","","","","","","NA"
"-114.01","51.12","CALGARY INTL A","3031092","2025-07-13 13:00","2025","07","13","13:00","","22.0","","10.2","","46","","","","14","","16","","64.4","","89.27","","","","","","NA"
"-114.01","51.12","CALGARY INTL A","3031092","2025-07-13 14:00","2025","07","13","14:00","","22.2","","10.9","","48","","","","13","","14","","64.4","","89.23","","","","","","Mostly Cloudy"
"-114.01","51.12","CALGARY INTL A","3031092","2025-07-13 15:00","2025","07","13","15:00","","23.7","","11.5","","46","","","","12","","21","","64.4","","89.18","","26","","","","NA"
"-114.01","51.12","CALGARY INTL A","3031092","2025-07-13 16:00","2025","07","13","16:00","","24.0","","12.0","","46","","","","11","","18","","48.3","","89.14","","26","","","","NA"
"-114.01","51.12","CALGARY INTL A","3031092","2025-07-13 17:00","2025","07","13","17:00","","23.6","","11.9","","47","","","","11","","18","","48.3","","89.09","","26","","","","Mostly Cloudy"
"-114.01","51.12","CALGARY INTL A","3031092","2025-07-13 18:00","2025","07","13","18:00","","22.9","","12.4","","51","","","","10","","19","","48.3","","89.05","","25","","","","NA"
"-114.01","51.12","CALGARY INTL A","3031092","2025-07-13 19:00","2025","07","13","19:00","","14.8","","13.1","","90","","","","1","","44","","1.6","","89.30","","","","","","Thunderstorms,Heavy Rain Showers,Snow Pellets"
"-114.01","51.12","CALGARY INTL A","3031092","2025-07-13 20:00","2025","07","13","20:00","","15.9","","13.9","","87","","","","5","","30","","24.1","","89.23","","","","","","Mostly Cloudy"
"-114.01","51.12","CALGARY INTL A","3031092","2025-07-13 21:00","2025","07","13","21:00","","14.8","","13.3","","91","","","","5","","19","","24.1","","89.27","","","","","","NA"
"-114.01","51.12","CALGARY INTL A","3031092","2025-07-13 22:00","2025","07","13","22:00","","14.7","","12.9","","89","","","","5","","12","","24.1","","89.30","","","","","","NA"
"-114.01","51.12","CALGARY INTL A","3031092","2025-07-13 23:00","2025","07","13","23:00","","14.7","","13.3","","92","","","","5","","12","","16.1","","89.32","","","","","","Rain Showers"
"-114.01","51.12","CALGARY INTL A","3031092","2025-07-14 00:00","2025","07","14","00:00","","14.3","","12.4","","89","","","","4","","15","","9.7","","89.30","","","","","","Rain"
"-114.01","51.12","CALGARY INTL A","3031092","2025-07-14 01:00","2025","07","14","01:00","","13.5","","12.2","","92","","","","9","","10","","9.7","","89.30","","","","","","Rain"
"-114.01","51.12","CALGARY INTL A","3031092","2025-07-14 02:00","2025","07","14","02:00","","13.3","","12.6","","96","","","","6","","12","","9.7","","89.33","","","","","","Moderate Rain"
"-114.01","51.12","CALGARY INTL A","3031092","2025-07-14 03:00","2025","07","14","03:00","","12.4","","11.5","","94","","","","10","","12","","9.7","","89.33","","","","","","Moderate Rain"
"-114.01","51.12","CALGARY INTL A","3031092","2025-07-14 04:00","2025","07","14","04:00","","12.4","","11.8","","96","","","","10","","9","","9.7","","89.30","","","","","","Rain"
"-114.01","51.12","CALGARY INTL A","3031092","2025-07-14 05:00","2025","07","14","05:00","","12.1","","11.5","","96","","","","8","","13","","9.7","","89.31","","","","","","Rain"
"-114.01","51.12","CALGARY INTL A","3031092","2025-07-14 06:00","2025","07","14","06:00","","12.1","","11.5","","96","","","","6","","12","","9.7","","89.32","","","","","","Rain"
"-114.01","51.12","CALGARY INTL A","3031092","2025-07-14 07:00","2025","07","14","07:00","","12.2","","11.4","","95","","","","6","","9","","6.4","","89.33","","","","","","Rain,Fog"
"-114.01","51.12","CALGARY INTL A","3031092","2025-07-14 08:00","2025","07","14","08:00","","12.5","","11.5","","94","","","","7","","13","","9.7","","89.32","","","","","","Rain,Fog"
"-114.01","51.12","CALGARY INTL A","3031092","2025-07-14 09:00","2025","07","14","09:00","","12.5","","11.2","","91","","","","9","","12","","8.1","","89.33","","","","","","Rain,Fog"
"-114.01","51.12","CALGARY INTL A","3031092","2025-07-14 10:00","2025","07","14","10:00","","12.5","","11.0","","90","","","","10","","12","","8.1","","89.34","","","","","","Rain,Fog"
"-114.01","51.12","CALGARY INTL A","3031092","2025-07-14 11:00","2025","07","14","11:00","","12.5","","11.0","","91","","","","5","","14","","6.4","","89.39","","","","","","Rain,Fog"
"-114.01","51.12","CALGARY INTL A","3031092","2025-07-14 12:00","2025","07","14","12:00","","12.2","","10.9","","92","","","","2","","29","","8.1","","89.45","","","","","","Rain,Fog"
"-114.01","51.12","CALGARY INTL A","3031092","2025-07-14 13:00","2025","07","14","13:00","","12.5","","11.3","","92","","","","1","","22","","16.1","","89.52","","","","","","Rain"
"-114.01","51.12","CALGARY INTL A","3031092","2025-07-14 14:00","2025","07","14","14:00","","12.5","","11.4","","93","","","","1","","22","","12.9","","89.58","","","","","","Rain"
"-114.01","51.12","CALGARY INTL A","3031092","2025-07-14 15:00","2025","07","14","15:00","","12.2","","11.0","","92","","","","3","","20","","12.9","","89.68","","","","","","Rain"
"-114.01","51.12","CALGARY INTL A","3031092","2025-07-14 16:00","2025","07","14","16:00","","12.0","","10.8","","92","","","","4","","23","","9.7","","89.73","","","","","","Rain,Fog"
"-114.01","51.12","CALGARY INTL A","3031092","2025-07-14 17:00","2025","07","14","17:00","","11.8","","10.0","","89","","","","1","","22","","14.5","","89.78","","","","","","Rain"
"-114.01","51.12","CALGARY INTL A","3031092","2025-07-14 18:00","2025","07","14","18:00","","12.0","","10.0","","87","","","","2","","19","","16.1","","89.82","","","","","","Rain"
"-114.01","51.12","CALGARY INTL A","3031092","2025-07-14 19:00","2025","07","14","19:00","","11.9","","10.0","","88","","","","34","","16","","14.5","","89.89","","","","","","Rain"
"-114.01","51.12","CALGARY INTL A","3031092","2025-07-14 20:00","2025","07","14","20:00","","11.1","","9.9","","92","","","","35","","14","","12.9","","89.89","","","","","","Rain"
"-114.01","51.12","CALGARY INTL A","3031092","2025-07-14 21:00","2025","07","14","21:00","","11.3","","10.2","","93","","","","33","","9","","16.1","","89.99","","","","","","NA"
"-114.01","51.12","CALGARY INTL A","3031092","2025-07-14 22:00","2025","07","14","22:00","","10.9","","9.7","","92","","","","34","","16","","19.3","","89.99","","","","","","NA"
"-114.01","51.12","CALGARY INTL A","3031092","2025-07-14 23:00","2025","07","14","23:00","","10.5","","9.1","","91","","","","33","","12","","19.3","","90.02","","","","","","Mostly Cloudy"
"-114.01","51.12","CALGARY INTL A","3031092","2025-07-15 00:00","2025","07","15","00:00","","10.0","","8.7","","91","","","","33","","14","","24.1","","90.07","","","","","","NA"
"-114.01","51.12","CALGARY INTL A","3031092","2025-07-15 01:00","2025","07","15","01:00","","10.3","","8.7","","90","","","","34","","12","","20.9","","90.06","","","","","","NA"
"-114.01","51.12","CALGARY INTL A","3031092","2025-07-15 02:00","2025","07","15","02:00","","10.5","","8.7","","89","","","","34","","12","","24.1","","90.08","","","","","","Mostly Cloudy"
"-114.01","51.12","CALGARY INTL A","3031092","2025-07-15 03:00","2025","07","15","03:00","","10.4","","8.8","","90","","","","35","","16","","16.1","","90.04","","","","","","Rain"
"-114.01","51.12","CALGARY INTL A","3031092","2025-07-15 04:00","2025","07","15","04:00","","10.3","","8.8","","91","","","","33","","10","","19.3","","90.07","","","","","","Rain"
"-114.01","51.12","CALGARY INTL A","3031092","2025-07-15 05:00","2025","07","15","05:00","","10.3","","8.5","","89","","","","32","","8","","24.1","","90.07","","","","","","Mostly Cloudy"
"-114.01","51.12","CALGARY INTL A","3031092","2025-07-15 06:00","2025","07","15","06:00","","10.3","","8.3","","87","","","","34","","12","","24.1","","90.10","","","","","","NA"
"-114.01","51.12","CALGARY INTL A","3031092","2025-07-15 07:00","2025","07","15","07:00","","10.7","","8.9","","88","","","","35","","11","","24.1","","90.11","","","","","","NA"
"-114.01","51.12","CALGARY INTL A","3031092","2025-07-15 08:00","2025","07","15","08:00","","12.8","","9.9","","82","","","","36","","12","","24.1","","90.10","","","","","","Mostly Cloudy"
"-114.01","51.12","CALGARY INTL A","3031092","2025-07-15 09:00","2025","07","15","09:00","","14.1","","8.8","","70","","","","2","","5","","24.1","","90.11","","","","","","NA"
"-114.01","51.12","CALGARY INTL A","3031092","2025-07-15 10:00","2025","07","15","10:00","","13.7","","6.9","","63","","","","8","","8","","24.1","","90.08","","","","","","NA"
"-114.01","51.12","CALGARY INTL A","3031092","2025-07-15 11:00","2025","07","15","11:00","","14.7","","2.9","","45","","","","4","","9","","24.1","","90.06","","","","","","Mostly Cloudy"
"-114.01","51.12","CALGARY INTL A","3031092","2025-07-15 12:00","2025","07","15","12:00","","14.9","","4.5","","49","","","","6","","7","","32.2","","90.03","","","","","","NA"
"-114.01","51.12","CALGARY INTL A","3031092","2025-07-15 13:00","2025","07","15","13:00","","15.1","","4.7","","50","","","","15","","3","","32.2","","90.02","","","","","","NA"
"-114.01","51.12","CALGARY INTL A","3031092","2025-07-15 14:00","2025","07","15","14:00","","16.8","","5.5","","47","","","","13","","13","","24.1","","89.99","","","","","","Mostly Cloudy"
"-114.01","51.12","CALGARY INTL A","3031092","2025-07-15 15:00","2025","07","15","15:00","","17.4","","7.2","","51","","","","16","","14","","24.1","","89.94","","","","","","NA"
"-114.01","51.12","CALGARY INTL A","3031092","2025-07-15 16:00","2025","07","15","16:00","","15.9","","6.4","","53","","","","18","","19","","32.2","","89.89","","","","","","NA"
"-114.01","51.12","CALGARY INTL A","3031092","2025-07-15 17:00","2025","07","15","17:00","","16.9","","5.8","","48","","","","20","","13","","24.1","","89.82","","","","","","Mostly Cloudy"
"-114.01","51.12","CALGARY INTL A","3031092","2025-07-15 18:00","2025","07","15","18:00","","16.5","","6.9","","53","","","","14","","20","","24.1","","89.79","","","","","","NA"
"-114.01","51.12","CALGARY INTL A","3031092","2025-07-15 19:00","2025","07","15","19:00","","15.7","","6.0","","52","","","","17","","21","","32.2","","89.76","","","","","","NA"
"-114.01","51.12","CALGARY INTL A","3031092","2025-07-15 20:00","2025","07","15","20:00","","14.4","","6.4","","58","","","","18","","17","","32.2","","89.74","","","","","","Clear"
"-114.01","51.12","CALGARY INTL A","3031092","2025-07-15 21:00","2025","07","15","21:00","","12.7","","6.4","","65","","","","17","","14","","32.2","","89.72","","","","","","NA"
"-114.01","51.12","CALGARY INTL A","3031092","2025-07-15 22:00","2025","07","15","22:00","","11.6","","6.9","","72","","","","18","","11","","24.1","","89.71","","","","","","NA"
"-114.01","51.12","CALGARY INTL A","3031092","2025-07-15 23:00","2025","07","15","23:00","","10.8","","7.0","","77","","","","19","","13","","24.1","","89.67","","","","","","Clear"
"-114.01","51.12","CALGARY INTL A","3031092","2025-07-16 00:00","2025","07","16","00:00","","9.8","","6.0","","77","","","","19","","12","","24.1","","89.63","","","","","","NA"
"-114.01","51.12","CALGARY INTL A","3031092","2025-07-16 01:00","2025","07","16","01:00","","9.3","","5.5","","77","","","","19","","12","","24.1","","89.57","","","","","","NA"
"-114.01","51.12","CALGARY INTL A","3031092","2025-07-16 02:00","2025","07","16","02:00","","8.5","","5.0","","78","","","","18","","11","","24.1","","89.52","","","","","","Mainly Clear"
"-114.01","51.12","CALGARY INTL A","3031092","2025-07-16 03:00","2025","07","16","03:00","","8.2","","5.0","","80","","","","17","","9","","24.1","","89.46","","","","","","NA"
"-114.01","51.12","CALGARY INTL A","3031092","2025-07-16 04:00","2025","07","16","04:00","","7.2","","4.6","","83","","","","17","","11","","32.2","","89.41","","","","","","NA"
"-114.01","51.12","CALGARY INTL A","3031092","2025-07-16 05:00","2025","07","16","05:00","","7.6","","4.6","","81","","","","17","","14","","24.1","","89.37","","","","","","Mostly Cloudy"
"-114.01","51.12","CALGARY INTL A","3031092","2025-07-16 06:00","2025","07","16","06:00","","8.0","","4.1","","77","","","","18","","15","","48.3","","89.36","","","","","","NA"
"-114.01","51.12","CALGARY INTL A","3031092","2025-07-16 07:00","2025","07","16","07:00","","9.3","","4.8","","73","","","","17","","13","","48.3","","89.32","","","","","","NA"
"-114.01","51.12","CALGARY INTL A","3031092","2025-07-16 08:00","2025","07","16","08:00","","10.9","","5.4","","69","","","","18","","24","","32.2","","89.28","","","","","","Mostly Cloudy"
"-114.01","51.12","CALGARY INTL A","3031092","2025-07-16 09:00","2025","07","16","09:00","","13.5","","6.3","","62","","","","18","","26","","24.1","","89.24","","","","","","NA"
"-114.01","51.12","CALGARY INTL A","3031092","2025-07-16 10:00","2025","07","16","10:00","","15.7","","6.7","","55","","","","16","","31","","14.5","","89.19","","","","","","NA"
"-114.01","51.12","CALGARY INTL A","3031092","2025-07-16 11:00","2025","07","16","11:00","","16.1","","7.3","","55","","","","16","","22","","14.5","","89.15","","","","","","Cloudy"
"-114.01","51.12","CALGARY INTL A","3031092","2025-07-16 12:00","2025","07","16","12:00","","17.1","","8.7","","57","","","","15","","28","","24.1","","89.10","","","","","","NA"
"-114.01","51.12","CALGARY INTL A","3031092","2025-07-16 13:00","2025","07","16","13:00","","18.2","","8.2","","52","","","","16","","26","","24.1","","89.05","","","","","","NA"
"-114.01","51.12","CALGARY INTL A","3031092","2025-07-16 14:00","2025","07","16","14:00","","19.8","","8.3","","47","","","","15","","30","","24.1","","89.00","","","","","","Cloudy"
"-114.01","51.12","CALGARY INTL A","3031092","2025-07-16 15:00","2025","07","16","15:00","","19.9","","7.8","","45","","","","14","","23","","24.1","","88.98","","","","","","NA"
"-114.01","51.12","CALGARY INTL A","3031092","2025-07-16 16:00","2025","07","16","16:00","","20.2","","7.2","","43","","","","16","","27","","24.1","","88.91","","","","","","NA"
"-114.01","51.12","CALGARY INTL A","3031092","2025-07-16 17:00","2025","07","16","17:00","","19.9","","8.4","","47","","","","15","","25","","24.1","","88.88","","","","","","Cloudy"
"-114.01","51.12","CALGARY INTL A","3031092","2025-07-16 18:00","2025","07","16","18:00","","18.7","","9.7","","55","","","","13","","25","","24.1","","88.85","","","","","","NA"
"-114.01","51.12","CALGARY INTL A","3031092","2025-07-16 19:00","2025","07","16","19:00","","17.8","","10.2","","61","","","","14","","32","","24.1","","88.86","","","","","","NA"
"-114.01","51.12","CALGARY INTL A","3031092","2025-07-16 20:00","2025","07","16","20:00","","16.8","","10.0","","64","","","","13","","27","","24.1","","88.89","","","","","","Mostly Cloudy"
"-114.01","51.12","CALGARY INTL A","3031092","2025-07-16 21:00","2025","07","16","21:00","","16.2","","9.9","","66","","","","13","","17","","24.1","","88.88","","","","","","NA"
"-114.01","51.12","CALGARY INTL A","3031092","2025-07-16 22:00","2025","07","16","22:00","","15.1","","10.1","","72","","","","10","","13","","24.1","","88.89","","","","","","NA"
"-114.01","51.12","CALGARY INTL A","3031092","2025-07-16 23:00","2025","07","16","23:00","","14.3","","10.3","","77","","","","7","","19","","16.1","","88.84","","","","","","Thunderstorms,Rain Showers"
"-114.01","51.12","CALGARY INTL A","3031092","2025-07-17 00:00","2025","07","17","00:00","","12.9","","11.1","","88","","","","35","","14","","4.8","","88.94","","","","","","Thunderstorms,Heavy Rain Showers,Fog"
"-114.01","51.12","CALGARY INTL A","3031092","2025-07-17 01:00","2025","07","17","01:00","","11.9","","11.0","","94","","","","5","","18","","6.4","","88.90","","","","","","Thunderstorms,Rain Showers,Fog"
"-114.01","51.12","CALGARY INTL A","3031092","2025-07-17 02:00","2025","07","17","02:00","","11.9","","10.4","","91","","","","33","","7","","16.1","","88.84","","","","","","Rain Showers"
"-114.01","51.12","CALGARY INTL A","3031092","2025-07-17 03:00","2025","07","17","03:00","","11.2","","10.3","","94","","","","33","","13","","24.1","","88.87","","","","","","NA"
"-114.01","51.12","CALGARY INTL A","3031092","2025-07-17 04:00","2025","07","17","04:00","","10.6","","9.9","","95","","","","35","","11","","24.1","","88.89","","","","","","NA"
"-114.01","51.12","CALGARY INTL A","3031092","2025-07-17 05:00","2025","07","17","05:00","","11.6","","10.9","","96","","","","35","","16","","8.1","","88.90","","","","","","Fog"
"-114.01","51.12","CALGARY INTL A","3031092","2025-07-17 06:00","2025","07","17","06:00","","11.8","","10.9","","94","","","","36","","19","","9.7","","88.88","","","","","","Fog"
"-114.01","51.12","CALGARY INTL A","3031092","2025-07-17 07:00","2025","07","17","07:00","","12.0","","10.7","","92","","","","35","","18","","14.5","","88.90","","","","","","NA"
"-114.01","51.12","CALGARY INTL A","3031092","2025-07-17 08:00","2025","07","17","08:00","","11.6","","10.9","","95","","","","36","","19","","4.0","","88.94","","","","","","Moderate Rain,Fog"
"-114.01","51.12","CALGARY INTL A","3031092","2025-07-17 09:00","2025","07","17","09:00","","11.3","","10.5","","95","","","","2","","26","","4.0","","88.95","","","","","","Moderate Rain,Fog"
"-114.01","51.12","CALGARY INTL A","3031092","2025-07-17 10:00","2025","07","17","10:00","","11.5","","10.5","","94","","","","2","","23","","6.4","","88.97","","","","","","Rain,Fog"
"-114.01","51.12","CALGARY INTL A","3031092","2025-07-17 11:00","2025","07","17","11:00","","12.1","","11.0","","93","","","","3","","18","","8.1","","89.02","","","","","","Rain,Fog"
"-114.01","51.12","CALGARY INTL A","3031092","2025-07-17 12:00","2025","07","17","12:00","","12.7","","11.3","","91","","","","2","","14","","8.1","","89.05","","","","","","Rain,Fog"
"-114.01","51.12","CALGARY INTL A","3031092","2025-07-17 13:00","2025","07","17","13:00","","13.7","","11.6","","87","","","","36","","18","","24.1","","89.06","","","","","","Rain"
"-114.01","51.12","CALGARY INTL A","3031092","2025-07-17 14:00","2025","07","17","14:00","","15.4","","12.0","","80","","","","35","","22","","24.1","","89.10","","","","","","Rain"
"-114.01","51.12","CALGARY INTL A","3031092","2025-07-17 15:00","2025","07","17","15:00","","16.2","","10.2","","67","","","","36","","20","","24.1","","89.12","","","","","","NA"
"-114.01","51.12","CALGARY INTL A","3031092","2025-07-17 16:00","2025","07","17","16:00","","16.8","","9.0","","60","","","","34","","25","","24.1","","89.11","","","","","","NA"
"-114.01","51.12","CALGARY INTL A","3031092","2025-07-17 17:00","2025","07","17","17:00","","15.1","","9.2","","67","","","","3","","22","","24.1","","89.15","","","","","","Rain Showers"
"-114.01","51.12","CALGARY INTL A","3031092","2025-07-17 18:00","2025","07","17","18:00","","14.0","","11.0","","82","","","","1","","12","","24.1","","89.15","","","","","","Rain Showers"
"-114.01","51.12","CALGARY INTL A","3031092","2025-07-17 19:00","2025","07","17","19:00","","14.8","","10.5","","75","","","","34","","9","","24.1","","89.15","","","","","","NA"
"-114.01","51.12","CALGARY INTL A","3031092","2025-07-17 20:00","2025","07","17","20:00","","14.5","","9.7","","73","","","","1","","10","","16.1","","89.17","","","","","","Mostly Cloudy"
"-114.01","51.12","CALGARY INTL A","3031092","2025-07-17 21:00","2025","07","17","21:00","","13.5","","9.6","","77","","","","36","","8","","16.1","","89.20","","","","","","NA"
"-114.01","51.12","CALGARY INTL A","3031092","2025-07-17 22:00","2025","07","17","22:00","","12.7","","9.1","","78","","","","35","","6","","16.1","","89.22","","","","","","NA"
"-114.01","51.12","CALGARY INTL A","3031092","2025-07-17 23:00","2025","07","17","23:00","","11.7","","9.6","","87","","","","3","","8","","16.1","","89.22","","","","","","Mainly Clear"
"-114.01","51.12","CALGARY INTL A","3031092","2025-07-18 00:00","2025","07","18","00:00","","10.8","","9.5","","92","","","","35","","5","","16.1","","89.21","","","","","","NA"
"-114.01","51.12","CALGARY INTL A","3031092","2025-07-18 01:00","2025","07","18","01:00","","10.3","","8.9","","91","","","","","","0","","24.1","","89.18","","","","","","NA"
"-114.01","51.12","CALGARY INTL A","3031092","2025-07-18 02:00","2025","07","18","02:00","","9.6","","8.6","","93","","","","","","0","","24.1","","89.17","","","","","","Clear"
"-114.01","51.12","CALGARY INTL A","3031092","2025-07-18 03:00","2025","07","18","03:00","","9.1","","8.3","","95","","","","","","0","","24.1","","89.14","","","","","","NA"
"-114.01","51.12","CALGARY INTL A","3031092","2025-07-18 04:00","2025","07","18","04:00","","8.8","","8.1","","96","","","","19","","6","","24.1","","89.12","","","","","","NA"
"-114.01","51.12","CALGARY INTL A","3031092","2025-07-18 05:00","2025","07","18","05:00","","9.0","","7.9","","93","","","","","","0","","14.5","","89.10","","","","","","Mostly Cloudy"
"-114.01","51.12","CALGARY INTL A","3031092","2025-07-18 06:00","2025","07","18","06:00","","9.3","","8.0","","92","","","","20","","5","","14.5","","89.10","","","","","","NA"
"-114.01","51.12","CALGARY INTL A","3031092","2025-07-18 07:00","2025","07","18","07:00","","11.8","","8.7","","81","","","","19","","7","","24.1","","89.10","","","","","","NA"
"-114.01","51.12","CALGARY INTL A","3031092","2025-07-18 08:00","2025","07","18","08:00","","14.2","","10.2","","77","","","","19","","7","","32.2","","89.10","","","","","","Mostly Cloudy"
"-114.01","51.12","CALGARY INTL A","3031092","2025-07-18 09:00","2025","07","18","09:00","","15.7","","10.3","","70","","","","18","","18","","24.1","","89.06","","","","","","NA"
"-114.01","51.12","CALGARY INTL A","3031092","2025-07-18 10:00","2025","07","18","10:00","","16.9","","9.8","","63","","","","15","","24","","32.2","","89.03","","","","","","NA"
"-114.01","51.12","CALGARY INTL A","3031092","2025-07-18 11:00","2025","07","18","11:00","","17.7","","10.3","","62","","","","14","","21","","32.2","","89.01","","","","","","Cloudy"
"-114.01","51.12","CALGARY INTL A","3031092","2025-07-18 12:00","2025","07","18","12:00","","18.3","","10.0","","58","","","","16","","22","","32.2","","88.96","","","","","","NA"
"-114.01","51.12","CALGARY INTL A","3031092","2025-07-18 13:00","2025","07","18","13:00","","19.0","","10.8","","58","","","","16","","19","","32.2","","88.94","","","","","","NA"
"-114.01","51.12","CALGARY INTL A","3031092","2025-07-18 14:00","2025","07","18","14:00","","19.5","","11.1","","58","","","","15","","26","","32.2","","88.91","","","","","","Cloudy"
"-114.01","51.12","CALGARY INTL A","3031092","2025-07-18 15:00","2025","07","18","15:00","","19.9","","11.2","","57","","","","15","","23","","24.1","","88.84","","","","","","NA"
"-114.01","51.12","CALGARY INTL A","3031092","2025-07-18 16:00","2025","07","18","16:00","","19.7","","11.6","","59","","","","15","","23","","24.1","","88.81","","","","","","NA"
"-114.01","51.12","CALGARY INTL A","3031092","2025-07-18 17:00","2025","07","18","17:00","","19.7","","11.7","","60","","","","14","","27","","24.1","","88.78","","","","","","Cloudy"
"-114.01","51.12","CALGARY INTL A","3031092","2025-07-18 18:00","2025","07","18","18:00","","19.1","","11.6","","61","","","","14","","27","","24.1","","88.74","","","","","","NA"
"-114.01","51.12","CALGARY INTL A","3031092","2025-07-18 19:00","2025","07","18","19:00","","18.6","","11.8","","64","","","","13","","19","","14.5","","88.68","","","","","","NA"
"-114.01","51.12","CALGARY INTL A","3031092","2025-07-18 20:00","2025","07","18","20:00","","17.6","","12.5","","72","","","","11","","21","","12.9","","88.58","","","","","","Mostly Cloudy"
"-114.01","51.12","CALGARY INTL A","3031092","2025-07-18 21:00","2025","07","18","21:00","","12.8","","11.9","","94","","","","17","","16","","2.0","","88.64","","","","","","Thunderstorms,Heavy Rain Showers"
"-114.01","51.12","CALGARY INTL A","3031092","2025-07-18 22:00","2025","07","18","22:00","","12.9","","12.1","","95","","","","21","","11","","11.3","","88.70","","","","","","Thunderstorms,Rain Showers"
"-114.01","51.12","CALGARY INTL A","3031092","2025-07-18 23:00","2025","07","18","23:00","","13.4","","12.2","","93","","","","26","","11","","16.1","","88.66","","","","","","Rain Showers"
"-114.01","51.12","CALGARY INTL A","3031092","2025-07-19 00:00","2025","07","19","00:00","","13.1","","12.4","","96","","","","19","","10","","12.9","","88.67","","","","","","Thunderstorms,Moderate Rain Showers"
"-114.01","51.12","CALGARY INTL A","3031092","2025-07-19 01:00","2025","07","19","01:00","","12.9","","12.4","","97","","","","18","","13","","2.0","","88.63","","","","","","Drizzle,Fog"
"-114.01","51.12","CALGARY INTL A","3031092","2025-07-19 02:00","2025","07","19","02:00","","12.9","","12.4","","96","","","","28","","7","","11.3","","88.55","","","","","","Drizzle"
"-114.01","51.12","CALGARY INTL A","3031092","2025-07-19 03:00","2025","07","19","03:00","","12.0","","11.1","","94","","","","31","","9","","12.9","","88.54","","","","","","NA"
"-114.01","51.12","CALGARY INTL A","3031092","2025-07-19 04:00","2025","07","19","04:00","","10.9","","10.3","","96","","","","36","","13","","16.1","","88.54","","","","","","NA"
"-114.01","51.12","CALGARY INTL A","3031092","2025-07-19 05:00","2025","07","19","05:00","","10.9","","10.2","","95","","","","33","","14","","9.7","","88.58","","","","","","Fog"
"-114.01","51.12","CALGARY INTL A","3031092","2025-07-19 06:00","2025","07","19","06:00","","12.4","","11.9","","96","","","","32","","16","","9.7","","88.62","","","","","","Fog"
"-114.01","51.12","CALGARY INTL A","3031092","2025-07-19 07:00","2025","07","19","07:00","","13.6","","11.9","","89","","","","30","","17","","64.4","","88.67","","","","","","NA"
"-114.01","51.12","CALGARY INTL A","3031092","2025-07-19 08:00","2025","07","19","08:00","","14.6","","11.5","","82","","","","33","","24","","64.4","","88.71","","","","","","Mostly Cloudy"
"-114.01","51.12","CALGARY INTL A","3031092","2025-07-19 09:00","2025","07","19","09:00","","16.6","","11.2","","70","","","","35","","25","","64.4","","88.71","","","","","","NA"
"-114.01","51.12","CALGARY INTL A","3031092","2025-07-19 10:00","2025","07","19","10:00","","17.7","","10.3","","62","","","","33","","26","","64.4","","88.70","","","","","","NA"
"-114.01","51.12","CALGARY INTL A","3031092","2025-07-19 11:00","2025","07","19","11:00","","18.4","","11.5","","64","","","","35","","27","","64.4","","88.73","","","","","","Mostly Cloudy"
"-114.01","51.12","CALGARY INTL A","3031092","2025-07-19 12:00","2025","07","19","12:00","","19.3","","9.3","","52","","","","35","","28","","64.4","","88.72","","","","","","NA"
"-114.01","51.12","CALGARY INTL A","3031092","2025-07-19 13:00","2025","07","19","13:00","","19.9","","9.9","","52","","","","36","","20","","48.3","","88.73","","","","","","NA"
"-114.01","51.12","CALGARY INTL A","3031092","2025-07-19 14:00","2025","07","19","14:00","","19.9","","9.9","","52","","","","1","","31","","32.2","","88.70","","","","","","Mostly Cloudy"
"-114.01","51.12","CALGARY INTL A","3031092","2025-07-19 15:00","2025","07","19","15:00","","20.1","","11.1","","56","","","","36","","20","","32.2","","88.73","","","","","","NA"
"-114.01","51.12","CALGARY INTL A","3031092","2025-07-19 16:00","2025","07","19","16:00","","20.9","","10.7","","52","","","","36","","22","","24.1","","88.73","","","","","","NA"
"-114.01","51.12","CALGARY INTL A","3031092","2025-07-19 17:00","2025","07","19","17:00","","19.6","","11.1","","57","","","","1","","18","","24.1","","88.75","","","","","","Mostly Cloudy"
"-114.01","51.12","CALGARY INTL A","3031092","2025-07-19 18:00","2025","07","19","18:00","","20.1","","10.7","","54","","","","36","","23","","24.1","","88.77","","","","","","NA"
"-114.01","51.12","CALGARY INTL A","3031092","2025-07-19 19:00","2025","07","19","19:00","","17.8","","11.3","","65","","","","3","","17","","12.9","","88.81","","","","","","NA"
"-114.01","51.12","CALGARY INTL A","3031092","2025-07-19 20:00","2025","07","19","20:00","","17.2","","10.9","","66","","","","1","","7","","12.9","","88.85","","","","","","Mostly Cloudy"
"-114.01","51.12","CALGARY INTL A","3031092","2025-07-19 21:00","2025","07","19","21:00","","14.9","","12.4","","85","","","","23","","19","","9.7","","88.92","","","","","","Moderate Rain Showers,Fog"
"-114.01","51.12","CALGARY INTL A","3031092","2025-07-19 22:00","2025","07","19","22:00","","14.1","","12.8","","92","","","","23","","13","","12.9","","88.93","","","","","","Rain"
"-114.01","51.12","CALGARY INTL A","3031092","2025-07-19 23:00","2025","07","19","23:00","","14.0","","12.4","","90","","","","31","","12","","16.1","","88.93","","","","","","Rain"
"-114.01","51.12","CALGARY INTL A","3031092","2025-07-20 00:00","2025","07","20","00:00","","14.0","","12.0","","88","","","","31","","8","","12.9","","88.94","","","","","","Rain"
"-114.01","51.12","CALGARY INTL A","3031092","2025-07-20 01:00","2025","07","20","01:00","","13.8","","11.7","","87","","","","31","","10","","16.1","","88.90","","","","","","Rain"
"-114.01","51.12","CALGARY INTL A","3031092","2025-07-20 02:00","2025","07","20","02:00","","13.6","","11.5","","87","","","","28","","4","","16.1","","88.90","","","","","","Mostly Cloudy"
"-114.01","51.12","CALGARY INTL A","3031092","2025-07-20 03:00","2025","07","20","03:00","","13.1","","10.9","","87","","","","32","","7","","16.1","","88.88","","","","","","NA"
"-114.01","51.12","CALGARY INTL A","3031092","2025-07-20 04:00","2025","07","20","04:00","","12.9","","10.4","","85","","","","34","","11","","16.1","","88.89","","","","","","NA"
"-114.01","51.12","CALGARY INTL A","3031092","2025-07-20 05:00","2025","07","20","05:00","","12.6","","10.3","","86","","","","33","","14","","14.5","","88.89","","","","","","Rain"
"-114.01","51.12","CALGARY INTL A","3031092","2025-07-20 06:00","2025","07","20","06:00","","12.5","","10.4","","87","","","","33","","14","","14.5","","88.91","","","","","","Rain"
"-114.01","51.12","CALGARY INTL A","3031092","2025-07-20 07:00","2025","07","20","07:00","","12.8","","10.3","","84","","","","34","","18","","24.1","","88.94","","","","","","NA"
"-114.01","51.12","CALGARY INTL A","3031092","2025-07-20 08:00","2025","07","20","08:00","","13.3","","10.5","","83","","","","34","","17","","24.1","","88.94","","","","","","Mostly Cloudy"
"-114.01","51.12","CALGARY INTL A","3031092","2025-07-20 09:00","2025","07","20","09:00","","13.6","","10.7","","82","","","","32","","14","","24.1","","88.95","","","","","","Rain"
"-114.01","51.12","CALGARY INTL A","3031092","2025-07-20 10:00","2025","07","20","10:00","","14.0","","10.6","","80","","","","32","","12","","24.1","","88.94","","","","","","Rain"
"-114.01","51.12","CALGARY INTL A","3031092","2025-07-20 11:00","2025","07","20","11:00","","14.4","","10.6","","78","","","","34","","23","","24.1","","88.95","","","","","","Rain"
"-114.01","51.12","CALGARY INTL A","3031092","2025-07-20 12:00","2025","07","20","12:00","","15.1","","10.9","","76","","","","33","","23","","24.1","","88.93","","","","","","NA"
"-114.01","51.12","CALGARY INTL A","3031092","2025-07-20 13:00","2025","07","20","13:00","","17.5","","11.2","","66","","","","35","","23","","24.1","","88.91","","","","","","NA"
"-114.01","51.12","CALGARY INTL A","3031092","2025-07-20 14:00","2025","07","20","14:00","","17.1","","10.7","","66","","","","1","","18","","32.2","","88.91","","","","","","Mostly Cloudy"
"-114.01","51.12","CALGARY INTL A","3031092","2025-07-20 15:00","2025","07","20","15:00","","16.8","","10.8","","68","","","","36","","27","","24.1","","88.91","","","","","","NA"
"-114.01","51.12","CALGARY INTL A","3031092","2025-07-20 16:00","2025","07","20","16:00","","16.4","","11.1","","71","","","","32","","31","","24.1","","88.93","","","","","","NA"
"-114.01","51.12","CALGARY INTL A","3031092","2025-07-20 17:00","2025","07","20","17:00","","14.3","","12.7","","90","","","","33","","24","","24.1","","88.96","","","","","","Mostly Cloudy"
"-114.01","51.12","CALGARY INTL A","3031092","2025-07-20 18:00","2025","07","20","18:00","","13.8","","12.6","","93","","","","34","","16","","6.4","","88.99","","","","","","Rain Showers,Fog"
"-114.01","51.12","CALGARY INTL A","3031092","2025-07-20 19:00","2025","07","20","19:00","","14.1","","11.9","","87","","","","35","","18","","24.1","","89.03","","","","","","NA"
"-114.01","51.12","CALGARY INTL A","3031092","2025-07-20 20:00","2025","07","20","20:00","","13.8","","10.8","","82","","","","34","","21","","24.1","","89.04","","","","","","Mostly Cloudy"
"-114.01","51.12","CALGARY INTL A","3031092","2025-07-20 21:00","2025","07","20","21:00","","13.3","","10.8","","84","","","","35","","16","","24.1","","89.10","","","","","","NA"
"-114.01","51.12","CALGARY INTL A","3031092","2025-07-20 22:00","2025","07","20","22:00","","13.1","","10.6","","84","","","","34","","18","","24.1","","89.10","","","","","","NA"
"-114.01","51.12","CALGARY INTL A","3031092","2025-07-20 23:00","2025","07","20","23:00","","13.1","","10.1","","82","","","","33","","13","","24.1","","89.11","","","","","","Cloudy"
"-114.01","51.12","CALGARY INTL A","3031092","2025-07-21 00:00","2025","07","21","00:00","","13.1","","9.9","","80","","","","33","","15","","24.1","","89.11","","","","","","NA"
"-114.01","51.12","CALGARY INTL A","3031092","2025-07-21 01:00","2025","07","21","01:00","","13.0","","9.8","","81","","","","33","","10","","24.1","","89.10","","","","","","NA"
"-114.01","51.12","CALGARY INTL A","3031092","2025-07-21 02:00","2025","07","21","02:00","","12.8","","9.5","","80","","","","35","","12","","24.1","","89.08","","","","","","Mostly Cloudy"
"-114.01","51.12","CALGARY INTL A","3031092","2025-07-21 03:00","2025","07","21","03:00","","13.1","","9.2","","77","","","","33","","10","","24.1","","89.08","","","","","","NA"
"-114.01","51.12","CALGARY INTL A","3031092","2025-07-21 04:00","2025","07","21","04:00","","13.0","","8.8","","75","","","","31","","7","","24.1","","89.08","","","","","","NA"
"-114.01","51.12","CALGARY INTL A","3031092","2025-07-21 05:00","2025","07","21","05:00","","12.7","","9.1","","78","","","","33","","9","","9.7","","89.10","","","","","","Smoke"
"-114.01","51.12","CALGARY INTL A","3031092","2025-07-21 06:00","2025","07","21","06:00","","13.3","","8.8","","74","","","","34","","13","","9.7","","89.12","","","","","","Smoke"
"-114.01","51.12","CALGARY INTL A","3031092","2025-07-21 07:00","2025","07","21","07:00","","13.7","","8.7","","72","","","","34","","17","","12.9","","89.12","","","","","","NA"
"-114.01","51.12","CALGARY INTL A","3031092","2025-07-21 08:00","2025","07","21","08:00","","14.2","","9.0","","71","","","","34","","16","","12.9","","89.14","","","","","","Cloudy"
"-114.01","51.12","CALGARY INTL A","3031092","2025-07-21 09:00","2025","07","21","09:00","","15.6","","9.5","","67","","","","36","","19","","12.9","","89.13","","","","","","NA"
"-114.01","51.12","CALGARY INTL A","3031092","2025-07-21 10:00","2025","07","21","10:00","","15.8","","10.5","","70","","","","36","","19","","14.5","","89.12","","","","","","NA"
"-114.01","51.12","CALGARY INTL A","3031092","2025-07-21 11:00","2025","07","21","11:00","","16.5","","11.2","","71","","","","1","","15","","12.9","","89.12","","","","","","Cloudy"
"-114.01","51.12","CALGARY INTL A","3031092","2025-07-21 12:00","2025","07","21","12:00","","17.9","","11.0","","64","","","","36","","21","","12.9","","89.10","","","","","","NA"
"-114.01","51.12","CALGARY INTL A","3031092","2025-07-21 13:00","2025","07","21","13:00","","17.6","","10.8","","64","","","","36","","16","","12.9","","89.07","","","","","","NA"
"-114.01","51.12","CALGARY INTL A","3031092","2025-07-21 14:00","2025","07","21","14:00","","18.5","","10.8","","60","","","","1","","21","","11.3","","89.04","","","","","","Cloudy"
"-114.01","51.12","CALGARY INTL A","3031092","2025-07-21 15:00","2025","07","21","15:00","","18.0","","10.6","","62","","","","3","","24","","14.5","","89.01","","","","","","NA"
"-114.01","51.12","CALGARY INTL A","3031092","2025-07-21 16:00","2025","07","21","16:00","","17.9","","11.4","","65","","","","4","","22","","11.3","","89.00","","","","","","NA"
"-114.01","51.12","CALGARY INTL A","3031092","2025-07-21 17:00","2025","07","21","17:00","","17.2","","11.2","","67","","","","2","","23","","11.3","","89.00","","","","","","Cloudy"
"-114.01","51.12","CALGARY INTL A","3031092","2025-07-21 18:00","2025","07","21","18:00","","13.8","","11.4","","86","","","","3","","33","","12.9","","89.05","","","","","","Rain Showers"
"-114.01","51.12","CALGARY INTL A","3031092","2025-07-21 19:00","2025","07","21","19:00","","13.1","","11.6","","90","","","","2","","23","","12.9","","89.09","","","","","","Rain Showers"
"-114.01","51.12","CALGARY INTL A","3031092","2025-07-21 20:00","2025","07","21","20:00","","12.4","","11.3","","93","","","","2","","27","","9.7","","89.13","","","","","","Rain Showers"
"-114.01","51.12","CALGARY INTL A","3031092","2025-07-21 21:00","2025","07","21","21:00","","12.0","","11.0","","94","","","","3","","21","","6.4","","89.16","","","","","","Rain Showers,Fog"
"-114.01","51.12","CALGARY INTL A","3031092","2025-07-21 22:00","2025","07","21","22:00","","10.5","","9.9","","96","","","","2","","29","","6.4","","89.17","","","","","","Rain Showers,Fog"
"-114.01","51.12","CALGARY INTL A","3031092","2025-07-21 23:00","2025","07","21","23:00","","9.6","","9.0","","96","","","","2","","32","","6.4","","89.17","","","","","","Rain Showers,Fog"
"-114.01","51.12","CALGARY INTL A","3031092","2025-07-22 00:00","2025","07","22","00:00","","8.8","","7.9","","94","","","","1","","25","","6.4","","89.18","","","","","","Rain Showers,Fog"
"-114.01","51.12","CALGARY INTL A","3031092","2025-07-22 01:00","2025","07","22","01:00","","8.4","","7.1","","92","","","","3","","22","","9.7","","89.20","","","","","","Rain Showers,Fog"
"-114.01","51.12","CALGARY INTL A","3031092","2025-07-22 02:00","2025","07","22","02:00","","7.9","","6.8","","93","","","","1","","27","","9.7","","89.17","","","","","","Moderate Rain Showers,Fog"
"-114.01","51.12","CALGARY INTL A","3031092","2025-07-22 03:00","2025","07","22","03:00","","7.8","","7.1","","95","","","","36","","21","","9.7","","89.16","","","","","","Rain Showers,Fog"
"-114.01","51.12","CALGARY INTL A","3031092","2025-07-22 04:00","2025","07","22","04:00","","7.7","","6.8","","94","","","","36","","19","","9.7","","89.18","","","","","","Rain Showers,Fog"
"-114.01","51.12","CALGARY INTL A","3031092","2025-07-22 05:00","2025","07","22","05:00","","7.8","","7.0","","95","","","","35","","18","","9.7","","89.17","","","","","","Rain Showers,Fog"
"-114.01","51.12","CALGARY INTL A","3031092","2025-07-22 06:00","2025","07","22","06:00","","7.5","","6.7","","95","","","","35","","23","","9.7","","89.17","","","","","","Rain Showers,Fog"
"-114.01","51.12","CALGARY INTL A","3031092","2025-07-22 07:00","2025","07","22","07:00","","7.7","","7.0","","95","","","","35","","18","","12.9","","89.18","","","","","","Rain"
"-114.01","51.12","CALGARY INTL A","3031092","2025-07-22 08:00","2025","07","22","08:00","","7.8","","7.0","","95","","","","36","","18","","16.1","","89.21","","","","","","Rain"
"-114.01","51.12","CALGARY INTL A","3031092","2025-07-22 09:00","2025","07","22","09:00","","8.2","","7.3","","94","","","","36","","19","","19.3","","89.22","","","","","","Rain"
"-114.01","51.12","CALGARY INTL A","3031092","2025-07-22 10:00","2025","07","22","10:00","","8.4","","7.2","","92","","","","36","","22","","16.1","","89.24","","","","","","Rain"
"-114.01","51.12","CALGARY INTL A","3031092","2025-07-22 11:00","2025","07","22","11:00","","8.4","","7.0","","91","","","","36","","25","","16.1","","89.24","","","","","","Rain"
"-114.01","51.12","CALGARY INTL A","3031092","2025-07-22 12:00","2025","07","22","12:00","","8.4","","7.4","","93","","","","36","","18","","9.7","","89.28","","","","","","Rain,Fog"
"-114.01","51.12","CALGARY INTL A","3031092","2025-07-22 13:00","2025","07","22","13:00","","8.5","","7.5","","93","","","","36","","18","","9.7","","89.29","","","","","","Rain,Fog"
"-114.01","51.12","CALGARY INTL A","3031092","2025-07-22 14:00","2025","07","22","14:00","","9.0","","7.6","","91","","","","36","","13","","19.3","","89.30","","","","","","Rain"
"-114.01","51.12","CALGARY INTL A","3031092","2025-07-22 15:00","2025","07","22","15:00","","9.3","","7.8","","90","","","","36","","13","","24.1","","89.30","","","","","","Rain"
"-114.01","51.12","CALGARY INTL A","3031092","2025-07-22 16:00","2025","07","22","16:00","","10.2","","7.7","","85","","","","35","","6","","24.1","","89.28","","","","","","NA"
"-114.01","51.12","CALGARY INTL A","3031092","2025-07-22 17:00","2025","07","22","17:00","","10.2","","8.0","","86","","","","33","","5","","24.1","","89.28","","","","","","Cloudy"
"-114.01","51.12","CALGARY INTL A","3031092","2025-07-22 18:00","2025","07","22","18:00","","10.4","","7.8","","84","","","","3","","5","","24.1","","89.28","","","","","","NA"
"-114.01","51.12","CALGARY INTL A","3031092","2025-07-22 19:00","2025","07","22","19:00","","10.5","","7.1","","80","","","","9","","3","","19.3","","89.29","","","","","","NA"
"-114.01","51.12","CALGARY INTL A","3031092","2025-07-22 20:00","2025","07","22","20:00","","10.5","","7.6","","82","","","","18","","3","","24.1","","89.29","","","","","","Cloudy"
"-114.01","51.12","CALGARY INTL A","3031092","2025-07-22 21:00","2025","07","22","21:00","","10.1","","8.0","","87","","","","18","","8","","24.1","","89.30","","","","","","NA"
"-114.01","51.12","CALGARY INTL A","3031092","2025-07-22 22:00","2025","07","22","22:00","","9.5","","7.9","","90","","","","17","","9","","24.1","","89.29","","","","","","NA"
"-114.01","51.12","CALGARY INTL A","3031092","2025-07-22 23:00","2025","07","22","23:00","","9.4","","8.2","","92","","","","18","","11","","24.1","","89.28","","","","","","Mostly Cloudy"
"-114.01","51.12","CALGARY INTL A","3031092","2025-07-23 00:00","2025","07","23","00:00","","8.7","","7.7","","93","","","","17","","15","","16.1","","89.25","","","","","","NA"
"-114.01","51.12","CALGARY INTL A","3031092","2025-07-23 01:00","2025","07","23","01:00","","8.6","","7.7","","94","","","","18","","13","","16.1","","89.23","","","","","","NA"
"-114.01","51.12","CALGARY INTL A","3031092","2025-07-23 02:00","2025","07","23","02:00","","8.7","","7.8","","94","","","","19","","10","","16.1","","89.18","","","","","","Mostly Cloudy"
"-114.01","51.12","CALGARY INTL A","3031092","2025-07-23 03:00","2025","07","23","03:00","","8.9","","7.5","","91","","","","19","","13","","12.9","","89.14","","","","","","NA"
"-114.01","51.12","CALGARY INTL A","3031092","2025-07-23 04:00","2025","07","23","04:00","","8.7","","7.5","","92","","","","19","","17","","20.9","","89.12","","","","","","NA"
"-114.01","51.12","CALGARY INTL A","3031092","2025-07-23 05:00","2025","07","23","05:00","","8.8","","7.7","","93","","","","19","","12","","12.9","","89.11","","","","","","Cloudy"
"-114.01","51.12","CALGARY INTL A","3031092","2025-07-23 06:00","2025","07","23","06:00","","9.2","","7.4","","89","","","","20","","14","","16.1","","89.10","","","","","","NA"
"-114.01","51.12","CALGARY INTL A","3031092","2025-07-23 07:00","2025","07","23","07:00","","9.3","","7.5","","88","","","","17","","11","","24.1","","89.11","","","","","","NA"
"-114.01","51.12","CALGARY INTL A","3031092","2025-07-23 08:00","2025","07","23","08:00","","10.4","","8.3","","87","","","","18","","12","","24.1","","89.11","","","","","","Mostly Cloudy"
"-114.01","51.12","CALGARY INTL A","3031092","2025-07-23 09:00","2025","07","23","09:00","","11.4","","8.7","","84","","","","17","","11","","64.4","","89.10","","","","","","NA"
"-114.01","51.12","CALGARY INTL A","3031092","2025-07-23 10:00","2025","07","23","10:00","","13.7","","9.1","","73","","","","16","","11","","64.4","","89.06","","","","","","NA"
"-114.01","51.12","CALGARY INTL A","3031092","2025-07-23 11:00","2025","07","23","11:00","","15.7","","9.7","","67","","","","16","","14","","64.4","","89.05","","","","","","Mainly Clear"
"-114.01","51.12","CALGARY INTL A","3031092","2025-07-23 12:00","2025","07","23","12:00","","18.0","","9.2","","56","","","","16","","12","","64.4","","89.04","","","","","","NA"
"-114.01","51.12","CALGARY INTL A","3031092","2025-07-23 13:00","2025","07","23","13:00","","20.3","","11.2","","55","","","","18","","13","","64.4","","89.01","","","","","","NA"
"-114.01","51.12","CALGARY INTL A","3031092","2025-07-23 14:00","2025","07","23","14:00","","21.6","","8.9","","44","","","","16","","15","","64.4","","88.97","","","","","","Mostly Cloudy"
"-114.01","51.12","CALGARY INTL A","3031092","2025-07-23 15:00","2025","07","23","15:00","","21.4","","9.4","","46","","","","17","","7","","64.4","","88.96","","","","","","NA"
"-114.01","51.12","CALGARY INTL A","3031092","2025-07-23 16:00","2025","07","23","16:00","","21.5","","8.9","","44","","","","16","","22","","64.4","","88.94","","","","","","NA"
"-114.01","51.12","CALGARY INTL A","3031092","2025-07-23 17:00","2025","07","23","17:00","","22.4","","8.9","","42","","","","19","","22","","64.4","","88.91","","","","","","Mostly Cloudy"
"-114.01","51.12","CALGARY INTL A","3031092","2025-07-23 18:00","2025","07","23","18:00","","20.5","","8.9","","47","","","","17","","17","","64.4","","88.93","","","","","","NA"
"-114.01","51.12","CALGARY INTL A","3031092","2025-07-23 19:00","2025","07","23","19:00","","19.7","","7.9","","46","","","","18","","17","","64.4","","88.94","","","","","","NA"
"-114.01","51.12","CALGARY INTL A","3031092","2025-07-23 20:00","2025","07","23","20:00","","18.2","","8.3","","52","","","","18","","16","","64.4","","88.93","","","","","","Mostly Cloudy"
"-114.01","51.12","CALGARY INTL A","3031092","2025-07-23 21:00","2025","07","23","21:00","","16.4","","9.0","","61","","","","18","","12","","32.2","","88.95","","","","","","NA"
"-114.01","51.12","CALGARY INTL A","3031092","2025-07-23 22:00","2025","07","23","22:00","","16.9","","8.9","","59","","","","19","","11","","24.1","","88.96","","","","","","NA"
"-114.01","51.12","CALGARY INTL A","3031092","2025-07-23 23:00","2025","07","23","23:00","","15.5","","9.3","","67","","","","18","","10","","24.1","","88.93","","","","","","Mostly Cloudy"
"-114.01","51.12","CALGARY INTL A","3031092","2025-07-24 00:00","2025","07","24","00:00","","14.3","","8.5","","68","","","","20","","9","","24.1","","88.92","","","","","","NA"
"-114.01","51.12","CALGARY INTL A","3031092","2025-07-24 01:00","2025","07","24","01:00","","14.0","","9.1","","72","","","","21","","8","","24.1","","88.89","","","","","","NA"
"-114.01","51.12","CALGARY INTL A","3031092","2025-07-24 02:00","2025","07","24","02:00","","15.8","","9.5","","66","","","","24","","8","","24.1","","88.84","","","","","","Mostly Cloudy"
"-114.01","51.12","CALGARY INTL A","3031092","2025-07-24 03:00","2025","07","24","03:00","","16.3","","8.4","","59","","","","22","","9","","24.1","","88.81","","","","","","NA"
"-114.01","51.12","CALGARY INTL A","3031092","2025-07-24 04:00","2025","07","24","04:00","","14.1","","9.8","","76","","","","17","","8","","24.1","","88.79","","","","","","NA"
"-114.01","51.12","CALGARY INTL A","3031092","2025-07-24 05:00","2025","07","24","05:00","","13.9","","8.7","","71","","","","19","","9","","16.1","","88.78","","","","","","Mostly Cloudy"
"-114.01","51.12","CALGARY INTL A","3031092","2025-07-24 06:00","2025","07","24","06:00","","15.6","","8.7","","63","","","","20","","7","","24.1","","88.78","","","","","","NA"
"-114.01","51.12","CALGARY INTL A","3031092","2025-07-24 07:00","2025","07","24","07:00","","15.0","","9.9","","71","","","","17","","10","","24.1","","88.79","","","","","","NA"
"-114.01","51.12","CALGARY INTL A","3031092","2025-07-24 08:00","2025","07","24","08:00","","19.1","","9.9","","55","","","","22","","14","","32.2","","88.79","","","","","","Mostly Cloudy"
"-114.01","51.12","CALGARY INTL A","3031092","2025-07-24 09:00","2025","07","24","09:00","","22.9","","9.6","","42","","","","23","","13","","32.2","","88.76","","","","","","NA"
"-114.01","51.12","CALGARY INTL A","3031092","2025-07-24 10:00","2025","07","24","10:00","","23.6","","10.0","","42","","","","20","","13","","32.2","","88.74","","25","","","","NA"
"-114.01","51.12","CALGARY INTL A","3031092","2025-07-24 11:00","2025","07","24","11:00","","24.2","","9.8","","40","","","","23","","16","","32.2","","88.70","","25","","","","Mostly Cloudy"
"-114.01","51.12","CALGARY INTL A","3031092","2025-07-24 12:00","2025","07","24","12:00","","25.1","","7.3","","32","","","","26","","11","","32.2","","88.67","","25","","","","NA"
"-114.01","51.12","CALGARY INTL A","3031092","2025-07-24 13:00","2025","07","24","13:00","","26.0","","8.8","","33","","","","21","","9","","24.1","","88.63","","27","","","","NA"
"-114.01","51.12","CALGARY INTL A","3031092","2025-07-24 14:00","2025","07","24","14:00","","25.7","","8.4","","33","","","","30","","22","","48.3","","88.62","","26","","","","Mostly Cloudy"
"-114.01","51.12","CALGARY INTL A","3031092","2025-07-24 15:00","2025","07","24","15:00","","26.1","","7.2","","30","","","","29","","20","","48.3","","88.61","","26","","","","NA"
"-114.01","51.12","CALGARY INTL A","3031092","2025-07-24 16:00","2025","07","24","16:00","","26.5","","9.4","","34","","","","22","","7","","32.2","","88.54","","28","","","","NA"
"-114.01","51.12","CALGARY INTL A","3031092","2025-07-24 17:00","2025","07","24","17:00","","27.0","","9.6","","33","","","","21","","10","","24.1","","88.50","","28","","","","Mainly Clear"
"-114.01","51.12","CALGARY INTL A","3031092","2025-07-24 18:00","2025","07","24","18:00","","26.2","","8.5","","32","","","","15","","5","","24.1","","88.45","","27","","","","NA"
"-114.01","51.12","CALGARY INTL A","3031092","2025-07-24 19:00","2025","07","24","19:00","","24.8","","10.8","","41","","","","18","","13","","24.1","","88.41","","26","","","","NA"
"-114.01","51.12","CALGARY INTL A","3031092","2025-07-24 20:00","2025","07","24","20:00","","22.6","","12.7","","53","","","","17","","16","","24.1","","88.41","","25","","","","Mainly Clear"
"-114.01","51.12","CALGARY INTL A","3031092","2025-07-24 21:00","2025","07","24","21:00","","21.4","","13.8","","62","","","","18","","5","","16.1","","88.43","","25","","","","NA"
"-114.01","51.12","CALGARY INTL A","3031092","2025-07-24 22:00","2025","07","24","22:00","","21.0","","13.9","","64","","","","22","","3","","16.1","","88.40","","","","","","NA"
"-114.01","51.12","CALGARY INTL A","3031092","2025-07-24 23:00","2025","07","24","23:00","","19.3","","14.2","","72","","","","20","","5","","24.1","","88.37","","","","","","Mostly Cloudy"
"-114.01","51.12","CALGARY INTL A","3031092","2025-07-25 00:00","2025","07","25","00:00","","17.2","","13.0","","76","","","","35","","3","","24.1","","88.36","","","","","","NA"
"-114.01","51.12","CALGARY INTL A","3031092","2025-07-25 01:00","2025","07","25","01:00","","16.6","","9.2","","61","","","","35","","16","","24.1","","88.46","","","","","","NA"
"-114.01","51.12","CALGARY INTL A","3031092","2025-07-25 02:00","2025","07","25","02:00","","16.1","","8.7","","61","","","","36","","19","","24.1","","88.48","","","","","","Mostly Cloudy"
"-114.01","51.12","CALGARY INTL A","3031092","2025-07-25 03:00","2025","07","25","03:00","","15.3","","8.4","","63","","","","35","","19","","24.1","","88.50","","","","","","NA"
"-114.01","51.12","CALGARY INTL A","3031092","2025-07-25 04:00","2025","07","25","04:00","","13.9","","8.5","","70","","","","35","","13","","24.1","","88.51","","","","","","NA"
"-114.01","51.12","CALGARY INTL A","3031092","2025-07-25 05:00","2025","07","25","05:00","","13.4","","8.8","","73","","","","36","","14","","24.1","","88.54","","","","","","Mostly Cloudy"
"-114.01","51.12","CALGARY INTL A","3031092","2025-07-25 06:00","2025","07","25","06:00","","12.8","","8.8","","76","","","","35","","10","","64.4","","88.60","","","","","","NA"
"-114.01","51.12","CALGARY INTL A","3031092","2025-07-25 07:00","2025","07","25","07:00","","13.3","","9.3","","77","","","","34","","14","","32.2","","88.63","","","","","","NA"
"-114.01","51.12","CALGARY INTL A","3031092","2025-07-25 08:00","2025","07","25","08:00","","15.6","","10.2","","70","","","","36","","19","","48.3","","88.64","","","","","","Mainly Clear"
"-114.01","51.12","CALGARY INTL A","3031092","2025-07-25 09:00","2025","07","25","09:00","","16.1","","9.9","","66","","","","1","","18","","32.2","","88.67","","","","","","NA"
"-114.01","51.12","CALGARY INTL A","3031092","2025-07-25 10:00","2025","07","25","10:00","","17.5","","10.4","","63","","","","6","","10","","48.3","","88.66","","","","","","NA"
"-114.01","51.12","CALGARY INTL A","3031092","2025-07-25 11:00","2025","07","25","11:00","","17.4","","11.4","","67","","","","1","","13","","24.1","","88.63","","","","","","Mostly Cloudy"
"-114.01","51.12","CALGARY INTL A","3031092","2025-07-25 12:00","2025","07","25","12:00","","18.8","","10.6","","59","","","","1","","15","","32.2","","88.61","","","","","","NA"
"-114.01","51.12","CALGARY INTL A","3031092","2025-07-25 13:00","2025","07","25","13:00","","16.9","","10.5","","65","","","","36","","26","","24.1","","88.64","","","","","","NA"
"-114.01","51.12","CALGARY INTL A","3031092","2025-07-25 14:00","2025","07","25","14:00","","16.2","","9.4","","63","","","","36","","29","","14.5","","88.70","","","","","","Cloudy"
"-114.01","51.12","CALGARY INTL A","3031092","2025-07-25 15:00","2025","07","25","15:00","","15.0","","8.2","","64","","","","36","","29","","19.3","","88.73","","","","","","NA"
"-114.01","51.12","CALGARY INTL A","3031092","2025-07-25 16:00","2025","07","25","16:00","","14.7","","6.8","","59","","","","36","","20","","16.1","","88.76","","","","","","NA"
"-114.01","51.12","CALGARY INTL A","3031092","2025-07-25 17:00","2025","07","25","17:00","","15.7","","6.8","","55","","","","35","","22","","16.1","","88.73","","","","","","Mostly Cloudy"
"-114.01","51.12","CALGARY INTL A","3031092","2025-07-25 18:00","2025","07","25","18:00","","15.4","","7.1","","57","","","","35","","13","","32.2","","88.73","","","","","","NA"
"-114.01","51.12","CALGARY INTL A","3031092","2025-07-25 19:00","2025","07","25","19:00","","15.3","","6.7","","56","","","","33","","15","","12.9","","88.75","","","","","","Rain"
"-114.01","51.12","CALGARY INTL A","3031092","2025-07-25 20:00","2025","07","25","20:00","","13.7","","8.6","","71","","","","26","","4","","16.1","","88.79","","","","","","Rain Showers"
"-114.01","51.12","CALGARY INTL A","3031092","2025-07-25 21:00","2025","07","25","21:00","","13.2","","9.6","","78","","","","24","","7","","16.1","","88.85","","","","","","Rain Showers"
"-114.01","51.12","CALGARY INTL A","3031092","2025-07-25 22:00","2025","07","25","22:00","","12.6","","10.9","","89","","","","25","","9","","12.9","","88.88","","","","","","Rain"
"-114.01","51.12","CALGARY INTL A","3031092","2025-07-25 23:00","2025","07","25","23:00","","12.9","","10.0","","82","","","","29","","12","","16.1","","88.84","","","","","","Cloudy"
"-114.01","51.12","CALGARY INTL A","3031092","2025-07-26 00:00","2025","07","26","00:00","","12.3","","10.2","","87","","","","31","","8","","12.9","","88.88","","","","","","Rain"
"-114.01","51.12","CALGARY INTL A","3031092","2025-07-26 01:00","2025","07","26","01:00","","12.2","","10.5","","89","","","","24","","5","","16.1","","88.94","","","","","","Rain"
"-114.01","51.12","CALGARY INTL A","3031092","2025-07-26 02:00","2025","07","26","02:00","","12.1","","10.3","","89","","","","28","","6","","12.9","","88.98","","","","","","Rain"
"-114.01","51.12","CALGARY INTL A","3031092","2025-07-26 03:00","2025","07","26","03:00","","11.5","","10.3","","92","","","","34","","10","","12.9","","89.00","","","","","","Rain"
"-114.01","51.12","CALGARY INTL A","3031092","2025-07-26 04:00","2025","07","26","04:00","","11.3","","9.9","","91","","","","35","","14","","9.7","","89.00","","","","","","Rain,Fog"
"-114.01","51.12","CALGARY INTL A","3031092","2025-07-26 05:00","2025","07","26","05:00","","10.6","","9.5","","93","","","","1","","7","","11.3","","89.01","","","","","","Rain"
"-114.01","51.12","CALGARY INTL A","3031092","2025-07-26 06:00","2025","07","26","06:00","","10.8","","9.3","","90","","","","32","","3","","16.1","","89.01","","","","","","NA"
"-114.01","51.12","CALGARY INTL A","3031092","2025-07-26 07:00","2025","07","26","07:00","","11.3","","9.3","","87","","","","","","0","","24.1","","89.01","","","","","","NA"
"-114.01","51.12","CALGARY INTL A","3031092","2025-07-26 08:00","2025","07","26","08:00","","12.1","","9.7","","85","","","","","","0","","24.1","","89.00","","","","","","Cloudy"
"-114.01","51.12","CALGARY INTL A","3031092","2025-07-26 09:00","2025","07","26","09:00","","12.2","","8.9","","80","","","","","","0","","24.1","","88.99","","","","","","NA"
"-114.01","51.12","CALGARY INTL A","3031092","2025-07-26 10:00","2025","07","26","10:00","","12.7","","9.6","","81","","","","9","","10","","24.1","","88.98","","","","","","NA"
"-114.01","51.12","CALGARY INTL A","3031092","2025-07-26 11:00","2025","07","26","11:00","","13.0","","9.2","","77","","","","11","","8","","24.1","","89.00","","","","","","Cloudy"
"-114.01","51.12","CALGARY INTL A","3031092","2025-07-26 12:00","2025","07","26","12:00","","13.3","","10.4","","82","","","","9","","12","","24.1","","88.98","","","","","","NA"
"-114.01","51.12","CALGARY INTL A","3031092","2025-07-26 13:00","2025","07","26","13:00","","13.6","","10.1","","79","","","","9","","11","","24.1","","88.96","","","","","","NA"
"-114.01","51.12","CALGARY INTL A","3031092","2025-07-26 14:00","2025","07","26","14:00","","14.0","","10.2","","78","","","","7","","12","","24.1","","88.96","","","","","","Cloudy"
"-114.01","51.12","CALGARY INTL A","3031092","2025-07-26 15:00","2025","07","26","15:00","","14.2","","10.4","","78","","","","7","","13","","24.1","","88.94","","","","","","NA"
"-114.01","51.12","CALGARY INTL A","3031092","2025-07-26 16:00","2025","07","26","16:00","","13.8","","10.8","","82","","","","4","","18","","24.1","","88.93","","","","","","NA"
"-114.01","51.12","CALGARY INTL A","3031092","2025-07-26 17:00","2025","07","26","17:00","","13.7","","10.6","","81","","","","6","","13","","19.3","","88.90","","","","","","Cloudy"
"-114.01","51.12","CALGARY INTL A","3031092","2025-07-26 18:00","2025","07","26","18:00","","13.0","","11.2","","89","","","","13","","8","","9.7","","88.90","","","","","","Thunderstorms,Moderate Rain Showers,Fog"
"-114.01","51.12","CALGARY INTL A","3031092","2025-07-26 19:00","2025","07","26","19:00","","13.2","","11.7","","90","","","","12","","14","","12.9","","88.83","","","","","","NA"
"-114.01","51.12","CALGARY INTL A","3031092","2025-07-26 20:00","2025","07","26","20:00","","12.9","","11.6","","91","","","","3","","8","","9.7","","88.90","","","","","","Fog"
"-114.01","51.12","CALGARY INTL A","3031092","2025-07-26 21:00","2025","07","26","21:00","","12.8","","11.8","","93","","","","3","","10","","9.7","","88.97","","","","","","Fog"
"-114.01","51.12","CALGARY INTL A","3031092","2025-07-26 22:00","2025","07","26","22:00","","12.4","","11.4","","94","","","","3","","4","","9.7","","89.01","","","","","","Rain,Fog"
"-114.01","51.12","CALGARY INTL A","3031092","2025-07-26 23:00","2025","07","26","23:00","","12.6","","11.7","","94","","","","36","","7","","12.9","","89.01","","","","","","Rain"
"-114.01","51.12","CALGARY INTL A","3031092","2025-07-27 00:00","2025","07","27","00:00","","12.7","","12.0","","95","","","","33","","6","","16.1","","89.03","","","","","","Rain"
"-114.01","51.12","CALGARY INTL A","3031092","2025-07-27 01:00","2025","07","27","01:00","","12.6","","11.9","","95","","","","3","","10","","12.9","","89.03","","","","","","Rain"
"-114.01","51.12","CALGARY INTL A","3031092","2025-07-27 02:00","2025","07","27","02:00","","12.9","","12.0","","94","","","","","","0","","12.9","","89.06","","","","","","Rain"
"-114.01","51.12","CALGARY INTL A","3031092","2025-07-27 03:00","2025","07","27","03:00","","13.0","","11.8","","92","","","","","","0","","12.9","","89.10","","","","","","Rain"
"-114.01","51.12","CALGARY INTL A","3031092","2025-07-27 04:00","2025","07","27","04:00","","13.0","","11.7","","92","","","","","","0","","12.9","","89.13","","","","","","Rain"
"-114.01","51.12","CALGARY INTL A","3031092","2025-07-27 05:00","2025","07","27","05:00","","12.9","","12.1","","95","","","","10","","5","","1.6","","89.18","","","","","","Drizzle,Fog"
"-114.01","51.12","CALGARY INTL A","3031092","2025-07-27 06:00","2025","07","27","06:00","","12.2","","11.3","","94","","","","7","","10","","3.6","","89.21","","","","","","Rain,Fog"
"-114.01","51.12","CALGARY INTL A","3031092","2025-07-27 07:00","2025","07","27","07:00","","12.0","","11.2","","95","","","","7","","11","","4.8","","89.24","","","","","","Rain,Fog"
"-114.01","51.12","CALGARY INTL A","3031092","2025-07-27 08:00","2025","07","27","08:00","","11.8","","11.2","","96","","","","1","","12","","4.8","","89.30","","","","","","Rain,Fog"
"-114.01","51.12","CALGARY INTL A","3031092","2025-07-27 09:00","2025","07","27","09:00","","12.8","","11.7","","93","","","","35","","16","","9.7","","89.33","","","","","","Rain,Fog"
"-114.01","51.12","CALGARY INTL A","3031092","2025-07-27 10:00","2025","07","27","10:00","","13.1","","11.5","","90","","","","1","","14","","16.1","","89.38","","","","","","NA"
"-114.01","51.12","CALGARY INTL A","3031092","2025-07-27 11:00","2025","07","27","11:00","","12.9","","11.3","","90","","","","1","","16","","24.1","","89.43","","","","","","Cloudy"
"-114.01","51.12","CALGARY INTL A","3031092","2025-07-27 12:00","2025","07","27","12:00","","13.5","","11.0","","84","","","","1","","14","","16.1","","89.44","","","","","","NA"
"-114.01","51.12","CALGARY INTL A","3031092","2025-07-27 13:00","2025","07","27","13:00","","14.2","","11.1","","82","","","","1","","12","","19.3","","89.45","","","","","","Rain Showers"
"-114.01","51.12","CALGARY INTL A","3031092","2025-07-27 14:00","2025","07","27","14:00","","14.3","","10.8","","79","","","","2","","8","","24.1","","89.47","","","","","","Rain Showers"
"-114.01","51.12","CALGARY INTL A","3031092","2025-07-27 15:00","2025","07","27","15:00","","15.4","","10.5","","72","","","","6","","7","","24.1","","89.47","","","","","","NA"
"-114.01","51.12","CALGARY INTL A","3031092","2025-07-27 16:00","2025","07","27","16:00","","15.8","","10.7","","72","","","","11","","4","","24.1","","89.49","","","","","","NA"
"-114.01","51.12","CALGARY INTL A","3031092","2025-07-27 17:00","2025","07","27","17:00","","15.6","","9.8","","68","","","","","","0","","19.3","","89.49","","","","","","Rain Showers"
"-114.01","51.12","CALGARY INTL A","3031092","2025-07-27 18:00","2025","07","27","18:00","","15.6","","10.5","","71","","","","33","","5","","24.1","","89.50","","","","","","NA"
"-114.01","51.12","CALGARY INTL A","3031092","2025-07-27 19:00","2025","07","27","19:00","","15.6","","10.6","","72","","","","2","","6","","24.1","","89.54","","","","","","NA"
"-114.01","51.12","CALGARY INTL A","3031092","2025-07-27 20:00","2025","07","27","20:00","","15.1","","11.2","","78","","","","8","","7","","24.1","","89.57","","","","","","Cloudy"
"-114.01","51.12","CALGARY INTL A","3031092","2025-07-27 21:00","2025","07","27","21:00","","14.2","","11.7","","85","","","","26","","4","","9.7","","89.67","","","","","","Rain Showers,Fog"
"-114.01","51.12","CALGARY INTL A","3031092","2025-07-27 22:00","2025","07","27","22:00","","13.3","","12.4","","94","","","","31","","4","","24.1","","89.68","","","","","","NA"
"-114.01","51.12","CALGARY INTL A","3031092","2025-07-27 23:00","2025","07","27","23:00","","13.2","","12.3","","94","","","","18","","4","","24.1","","89.67","","","","","","Cloudy"
"-114.01","51.12","CALGARY INTL A","3031092","2025-07-28 00:00","2025","07","28","00:00","","13.0","","12.2","","95","","","","34","","5","","9.7","","89.69","","","","","","Rain"
"-114.01","51.12","CALGARY INTL A","3031092","2025-07-28 01:00","2025","07","28","01:00","","12.9","","12.1","","95","","","","35","","15","","9.7","","89.74","","","","","","Moderate Rain,Fog"
"-114.01","51.12","CALGARY INTL A","3031092","2025-07-28 02:00","2025","07","28","02:00","","12.3","","11.8","","96","","","","3","","9","","9.7","","89.72","","","","","","Moderate Rain,Fog"
"-114.01","51.12","CALGARY INTL A","3031092","2025-07-28 03:00","2025","07","28","03:00","","11.9","","11.4","","97","","","","36","","9","","24.1","","89.76","","","","","","NA"
"-114.01","51.12","CALGARY INTL A","3031092","2025-07-28 04:00","2025","07","28","04:00","","12.0","","11.5","","97","","","","34","","8","","24.1","","89.78","","","","","","NA"
"-114.01","51.12","CALGARY INTL A","3031092","2025-07-28 05:00","2025","07","28","05:00","","11.6","","11.0","","96","","","","8","","8","","16.1","","89.78","","","","","","Mostly Cloudy"
"-114.01","51.12","CALGARY INTL A","3031092","2025-07-28 06:00","2025","07","28","06:00","","11.5","","11.1","","97","","","","8","","7","","1.6","","89.83","","","","","","Fog"
"-114.01","51.12","CALGARY INTL A","3031092","2025-07-28 07:00","2025","07","28","07:00","","11.5","","11.2","","98","","","","6","","11","","2.4","","89.85","","","","","","Heavy Rain Showers,Fog"
"-114.01","51.12","CALGARY INTL A","3031092","2025-07-28 08:00","2025","07","28","08:00","","11.8","","11.3","","97","","","","","","0","","8.1","","89.83","","","","","","Thunderstorms,Rain Showers,Fog"
"-114.01","51.12","CALGARY INTL A","3031092","2025-07-28 09:00","2025","07","28","09:00","","13.0","","11.5","","90","","","","13","","9","","14.5","","89.87","","","","","","NA"
"-114.01","51.12","CALGARY INTL A","3031092","2025-07-28 10:00","2025","07","28","10:00","","12.6","","11.4","","92","","","","14","","7","","8.1","","89.86","","","","","","Rain Showers,Fog"
"-114.01","51.12","CALGARY INTL A","3031092","2025-07-28 11:00","2025","07","28","11:00","","12.9","","12.1","","94","","","","10","","8","","4.0","","89.87","","","","","","Drizzle,Fog"
"-114.01","51.12","CALGARY INTL A","3031092","2025-07-28 12:00","2025","07","28","12:00","","14.3","","12.2","","87","","","","14","","17","","12.9","","89.85","","","","","","NA"
"-114.01","51.12","CALGARY INTL A","3031092","2025-07-28 13:00","2025","07","28","13:00","","15.2","","12.4","","83","","","","15","","16","","16.1","","89.85","","","","","","NA"
"-114.01","51.12","CALGARY INTL A","3031092","2025-07-28 14:00","2025","07","28","14:00","","16.1","","12.9","","81","","","","15","","18","","19.3","","89.84","","","","","","Cloudy"
"-114.01","51.12","CALGARY INTL A","3031092","2025-07-28 15:00","2025","07","28","15:00","","16.6","","13.2","","80","","","","13","","21","","24.1","","89.80","","","","","","NA"
"-114.01","51.12","CALGARY INTL A","3031092","2025-07-28 16:00","2025","07","28","16:00","","16.5","","13.4","","82","","","","11","","17","","24.1","","89.80","","","","","","NA"
"-114.01","51.12","CALGARY INTL A","3031092","2025-07-28 17:00","2025","07","28","17:00","","17.4","","13.9","","80","","","","11","","17","","19.3","","89.78","","","","","","Mostly Cloudy"
"-114.01","51.12","CALGARY INTL A","3031092","2025-07-28 18:00","2025","07","28","18:00","","16.4","","13.8","","84","","","","10","","16","","19.3","","89.79","","","","","","NA"
"-114.01","51.12","CALGARY INTL A","3031092","2025-07-28 19:00","2025","07","28","19:00","","15.4","","14.3","","93","","","","19","","10","","9.7","","89.88","","","","","","Thunderstorms,Rain Showers,Fog"
"-114.01","51.12","CALGARY INTL A","3031092","2025-07-28 20:00","2025","07","28","20:00","","14.6","","12.1","","85","","","","27","","14","","16.1","","89.81","","","","","","Mostly Cloudy"
"-114.01","51.12","CALGARY INTL A","3031092","2025-07-28 21:00","2025","07","28","21:00","","14.5","","12.9","","90","","","","14","","3","","16.1","","89.89","","","","","","NA"
"-114.01","51.12","CALGARY INTL A","3031092","2025-07-28 22:00","2025","07","28","22:00","","14.0","","13.1","","94","","","","26","","3","","19.3","","89.93","","","","","","NA"
"-114.01","51.12","CALGARY INTL A","3031092","2025-07-28 23:00","2025","07","28","23:00","","13.7","","13.2","","97","","","","5","","3","","24.1","","89.89","","","","","","Mostly Cloudy"
"-114.01","51.12","CALGARY INTL A","3031092","2025-07-29 00:00","2025","07","29","00:00","","13.0","","12.5","","97","","","","15","","4","","24.1","","89.88","","","","","","NA"
"-114.01","51.12","CALGARY INTL A","3031092","2025-07-29 01:00","2025","07","29","01:00","","12.3","","11.9","","98","","","","32","","3","","24.1","","89.90","","","","","","NA"
"-114.01","51.12","CALGARY INTL A","3031092","2025-07-29 02:00","2025","07","29","02:00","","11.0","","10.7","","98","","","","3","","5","","16.1","","89.93","","","","","","Mainly Clear"
"-114.01","51.12","CALGARY INTL A","3031092","2025-07-29 03:00","2025","07","29","03:00","","9.6","","9.3","","98","","","","36","","6","","1.6","","89.95","","","","","","Fog"
"-114.01","51.12","CALGARY INTL A","3031092","2025-07-29 04:00","2025","07","29","04:00","","9.7","","9.3","","98","","","","32","","5","","4.0","","89.96","","","","","","Fog"
"-114.01","51.12","CALGARY INTL A","3031092","2025-07-29 05:00","2025","07","29","05:00","","10.2","","9.9","","98","","","","22","","5","","0.2","","89.99","","","","","","Fog"
"-114.01","51.12","CALGARY INTL A","3031092","2025-07-29 06:00","2025","07","29","06:00","","9.7","","9.3","","97","","","","21","","7","","32.2","","90.01","","","","","","NA"
"-114.01","51.12","CALGARY INTL A","3031092","2025-07-29 07:00","2025","07","29","07:00","","12.0","","10.2","","89","","","","22","","8","","32.2","","90.02","","","","","","NA"
"-114.01","51.12","CALGARY INTL A","3031092","2025-07-29 08:00","2025","07","29","08:00","","13.6","","10.7","","83","","","","23","","10","","64.4","","90.04","","","","","","Clear"
"-114.01","51.12","CALGARY INTL A","3031092","2025-07-29 09:00","2025","07","29","09:00","","16.4","","11.5","","72","","","","24","","4","","64.4","","90.05","","","","","","NA"
"-114.01","51.12","CALGARY INTL A","3031092","2025-07-29 10:00","2025","07","29","10:00","","18.6","","10.8","","60","","","","16","","8","","64.4","","90.04","","","","","","NA"
"-114.01","51.12","CALGARY INTL A","3031092","2025-07-29 11:00","2025","07","29","11:00","","19.8","","10.2","","53","","","","20","","12","","48.3","","90.03","","","","","","Mainly Clear"
"-114.01","51.12","CALGARY INTL A","3031092","2025-07-29 12:00","2025","07","29","12:00","","20.4","","12.8","","61","","","","16","","11","","48.3","","90.02","","","","","","NA"
"-114.01","51.12","CALGARY INTL A","3031092","2025-07-29 13:00","2025","07","29","13:00","","20.9","","12.8","","59","","","","14","","16","","48.3","","90.01","","","","","","NA"
"-114.01","51.12","CALGARY INTL A","3031092","2025-07-29 14:00","2025","07","29","14:00","","21.6","","13.4","","59","","","","15","","8","","64.4","","90.01","","25","","","","Mainly Clear"
"-114.01","51.12","CALGARY INTL A","3031092","2025-07-29 15:00","2025","07","29","15:00","","21.9","","12.8","","56","","","","12","","9","","48.3","","89.99","","25","","","","NA"
"-114.01","51.12","CALGARY INTL A","3031092","2025-07-29 16:00","2025","07","29","16:00","","22.4","","12.7","","54","","","","12","","18","","40.2","","89.96","","25","","","","NA"
"-114.01","51.12","CALGARY INTL A","3031092","2025-07-29 17:00","2025","07","29","17:00","","22.3","","14.0","","59","","","","16","","18","","32.2","","89.97","","26","","","","Mainly Clear"
"-114.01","51.12","CALGARY INTL A","3031092","2025-07-29 18:00","2025","07","29","18:00","","21.8","","14.7","","63","","","","14","","14","","32.2","","89.95","","26","","","","NA"
"-114.01","51.12","CALGARY INTL A","3031092","2025-07-29 19:00","2025","07","29","19:00","","20.5","","14.5","","68","","","","13","","16","","32.2","","89.95","","","","","","NA"
"-114.01","51.12","CALGARY INTL A","3031092","2025-07-29 20:00","2025","07","29","20:00","","19.7","","14.7","","73","","","","14","","21","","32.2","","89.92","","","","","","Mainly Clear"
"-114.01","51.12","CALGARY INTL A","3031092","2025-07-29 21:00","2025","07","29","21:00","","18.4","","14.7","","79","","","","15","","14","","24.1","","89.94","","","","","","NA"
"-114.01","51.12","CALGARY INTL A","3031092","2025-07-29 22:00","2025","07","29","22:00","","16.9","","14.2","","84","","","","17","","12","","24.1","","89.96","","","","","","NA"
"-114.01","51.12","CALGARY INTL A","3031092","2025-07-29 23:00","2025","07","29","23:00","","16.3","","13.3","","82","","","","17","","10","","24.1","","89.98","","","","","","Clear"
"-114.01","51.12","CALGARY INTL A","3031092","2025-07-30 00:00","2025","07","30","00:00","","15.6","","12.9","","83","","","","18","","13","","24.1","","89.98","","","","","","NA"
"-114.01","51.12","CALGARY INTL A","3031092","2025-07-30 01:00","2025","07","30","01:00","","15.2","","12.8","","85","","","","18","","9","","24.1","","89.94","","","","","","NA"
"-114.01","51.12","CALGARY INTL A","3031092","2025-07-30 02:00","2025","07","30","02:00","","14.6","","12.6","","87","","","","17","","9","","24.1","","89.92","","","","","","Clear"
"-114.01","51.12","CALGARY INTL A","3031092","2025-07-30 03:00","2025","07","30","03:00","","14.3","","12.4","","88","","","","17","","6","","24.1","","89.90","","","","","","NA"
"-114.01","51.12","CALGARY INTL A","3031092","2025-07-30 04:00","2025","07","30","04:00","","13.7","","12.2","","91","","","","16","","7","","24.1","","89.90","","","","","","NA"
"-114.01","51.12","CALGARY INTL A","3031092","2025-07-30 05:00","2025","07","30","05:00","","12.9","","11.8","","93","","","","18","","9","","16.1","","89.89","","","","","","Clear"
"-114.01","51.12","CALGARY INTL A","3031092","2025-07-30 06:00","2025","07","30","06:00","","13.4","","12.4","","93","","","","20","","7","","16.1","","89.89","","","","","","NA"
"-114.01","51.12","CALGARY INTL A","3031092","2025-07-30 07:00","2025","07","30","07:00","","15.2","","13.2","","88","","","","20","","6","","32.2","","89.90","","","","","","NA"
"-114.01","51.12","CALGARY INTL A","3031092","2025-07-30 08:00","2025","07","30","08:00","","17.0","","13.1","","77","","","","17","","14","","32.2","","89.92","","","","","","Clear"
"-114.01","51.12","CALGARY INTL A","3031092","2025-07-30 09:00","2025","07","30","09:00","","18.8","","14.6","","76","","","","18","","15","","32.2","","89.90","","","","","","NA"
"-114.01","51.12","CALGARY INTL A","3031092","2025-07-30 10:00","2025","07","30","10:00","","20.5","","14.2","","67","","","","15","","19","","32.2","","89.87","","","","","","NA"
"-114.01","51.12","CALGARY INTL A","3031092","2025-07-30 11:00","2025","07","30","11:00","","22.2","","14.7","","62","","","","17","","22","","32.2","","89.83","","26","","","","Mainly Clear"
"-114.01","51.12","CALGARY INTL A","3031092","2025-07-30 12:00","2025","07","30","12:00","","23.3","","14.3","","56","","","","17","","29","","32.2","","89.80","","27","","","","NA"
"-114.01","51.12","CALGARY INTL A","3031092","2025-07-30 13:00","2025","07","30","13:00","","23.8","","13.9","","53","","","","15","","30","","32.2","","89.78","","27","","","","NA"
"-114.01","51.12","CALGARY INTL A","3031092","2025-07-30 14:00","2025","07","30","14:00","","24.0","","14.4","","55","","","","13","","26","","32.2","","89.76","","28","","","","Mainly Clear"
"-114.01","51.12","CALGARY INTL A","3031092","2025-07-30 15:00","2025","07","30","15:00","","24.5","","14.4","","53","","","","15","","25","","24.1","","89.74","","28","","","","NA"
"-114.01","51.12","CALGARY INTL A","3031092","2025-07-30 16:00","2025","07","30","16:00","","24.6","","14.3","","52","","","","14","","23","","24.1","","89.71","","28","","","","NA"
"-114.01","51.12","CALGARY INTL A","3031092","2025-07-30 17:00","2025","07","30","17:00","","24.6","","13.8","","51","","","","14","","27","","24.1","","89.70","","28","","","","Mainly Clear"
"-114.01","51.12","CALGARY INTL A","3031092","2025-07-30 18:00","2025","07","30","18:00","","23.4","","14.0","","55","","","","15","","21","","24.1","","89.64","","27","","","","NA"
"-114.01","51.12","CALGARY INTL A","3031092","2025-07-30 19:00","2025","07","30","19:00","","22.7","","14.7","","60","","","","15","","17","","24.1","","89.69","","26","","","","NA"
"-114.01","51.12","CALGARY INTL A","3031092","2025-07-30 20:00","2025","07","30","20:00","","21.7","","13.8","","61","","","","15","","16","","24.1","","89.68","","25","","","","Mostly Cloudy"
"-114.01","51.12","CALGARY INTL A","3031092","2025-07-30 21:00","2025","07","30","21:00","","20.3","","15.3","","72","","","","13","","16","","24.1","","89.69","","","","","","NA"
"-114.01","51.12","CALGARY INTL A","3031092","2025-07-30 22:00","2025","07","30","22:00","","19.6","","14.3","","71","","","","16","","17","","24.1","","89.70","","","","","","NA"
"-114.01","51.12","CALGARY INTL A","3031092","2025-07-30 23:00","2025","07","30","23:00","","17.6","","13.7","","78","","","","18","","13","","24.1","","89.70","","","","","","Mainly Clear"
"-114.01","51.12","CALGARY INTL A","3031092","2025-07-31 00:00","2025","07","31","00:00","","17.0","","13.4","","79","","","","16","","10","","24.1","","89.70","","","","","","NA"
"-114.01","51.12","CALGARY INTL A","3031092","2025-07-31 01:00","2025","07","31","01:00","","16.2","","12.9","","80","","","","16","","8","","24.1","","89.67","","","","","","NA"
"-114.01","51.12","CALGARY INTL A","3031092","2025-07-31 02:00","2025","07","31","02:00","","15.8","","12.6","","81","","","","16","","10","","24.1","","89.66","","","","","","Clear"
"-114.01","51.12","CALGARY INTL A","3031092","2025-07-31 03:00","2025","07","31","03:00","","15.0","","12.6","","85","","","","17","","5","","16.1","","89.64","","","","","","NA"
"-114.01","51.12","CALGARY INTL A","3031092","2025-07-31 04:00","2025","07","31","04:00","","13.9","","11.8","","87","","","","11","","5","","24.1","","89.62","","","","","","NA"
"-114.01","51.12","CALGARY INTL A","3031092","2025-07-31 05:00","2025","07","31","05:00","","14.6","","12.1","","85","","","","19","","3","","32.2","","89.61","","","","","","Mainly Clear"
"-114.01","51.12","CALGARY INTL A","3031092","2025-07-31 06:00","2025","07","31","06:00","","14.9","","12.1","","84","","","","21","","5","","32.2","","89.64","","","","","","NA"
"-114.01","51.12","CALGARY INTL A","3031092","2025-07-31 07:00","2025","07","31","07:00","","16.0","","12.4","","79","","","","19","","10","","32.2","","89.65","","","","","","NA"
"-114.01","51.12","CALGARY INTL A","3031092","2025-07-31 08:00","2025","07","31","08:00","","18.0","","12.3","","69","","","","19","","11","","32.2","","89.67","","","","","","Mainly Clear"
"-114.01","51.12","CALGARY INTL A","3031092","2025-07-31 09:00","2025","07","31","09:00","","19.7","","12.7","","63","","","","18","","15","","32.2","","89.64","","","","","","NA"
"-114.01","51.12","CALGARY INTL A","3031092","2025-07-31 10:00","2025","07","31","10:00","","21.6","","14.1","","62","","","","16","","19","","24.1","","89.61","","25","","","","NA"
"-114.01","51.12","CALGARY INTL A","3031092","2025-07-31 11:00","2025","07","31","11:00","","23.6","","14.2","","55","","","","15","","26","","32.2","","89.61","","27","","","","Mainly Clear"
"-114.01","51.12","CALGARY INTL A","3031092","2025-07-31 12:00","2025","07","31","12:00","","24.5","","14.8","","54","","","","16","","22","","32.2","","89.59","","28","","","","NA"
"-114.01","51.12","CALGARY INTL A","3031092","2025-07-31 13:00","2025","07","31","13:00","","24.8","","13.4","","49","","","","14","","27","","32.2","","89.58","","28","","","","NA"
"-114.01","51.12","CALGARY INTL A","3031092","2025-07-31 14:00","2025","07","31","14:00","","25.3","","14.2","","50","","","","15","","23","","32.2","","89.54","","29","","","","Mainly Clear"
"-114.01","51.12","CALGARY INTL A","3031092","2025-07-31 15:00","2025","07","31","15:00","","25.2","","13.9","","49","","","","14","","30","","32.2","","89.52","","29","","","","NA"
"-114.01","51.12","CALGARY INTL A","3031092","2025-07-31 16:00","2025","07","31","16:00","","25.3","","12.8","","45","","","","16","","30","","32.2","","89.49","","28","","","","NA"
"-114.01","51.12","CALGARY INTL A","3031092","2025-07-31 17:00","2025","07","31","17:00","","24.8","","13.6","","49","","","","16","","27","","32.2","","89.45","","28","","","","Mainly Clear"
"-114.01","51.12","CALGARY INTL A","3031092","2025-07-31 18:00","2025","07","31","18:00","","24.2","","12.8","","48","","","","14","","26","","32.2","","89.43","","27","","","","NA"
"-114.01","51.12","CALGARY INTL A","3031092","2025-07-31 19:00","2025","07","31","19:00","","23.4","","11.3","","46","","","","14","","23","","24.1","","89.44","","25","","","","NA"
"-114.01","51.12","CALGARY INTL A","3031092","2025-07-31 20:00","2025","07","31","20:00","","21.9","","12.8","","56","","","","13","","18","","24.1","","89.46","","25","","","","Mainly Clear"
"-114.01","51.12","CALGARY INTL A","3031092","2025-07-31 21:00","2025","07","31","21:00","","20.9","","12.6","","59","","","","14","","22","","24.1","","89.52","","","","","","NA"
"-114.01","51.12","CALGARY INTL A","3031092","2025-07-31 22:00","2025","07","31","22:00","","20.2","","12.1","","59","","","","15","","19","","24.1","","89.55","","","","","","NA"
"-114.01","51.12","CALGARY INTL A","3031092","2025-07-31 23:00","2025","07","31","23:00","","17.6","","12.3","","71","","","","17","","11","","24.1","","89.55","","","","","","Mainly Clear"
